transaction_id,account_id,transaction_time,amount,transaction_type,merchant,location,z_score,account_frequency,risk_score,risk
1,82,2026-02-07 07:36:00,991.04,DEBIT,Shell,Delhi,-0.4054192628880692,107,0,NORMAL
2,76,2026-03-21 14:29:00,1949.82,DEBIT,Netflix,Ludhiana,-0.2819233917364334,74,0,NORMAL
3,78,2026-03-22 06:14:00,690.3,DEBIT,Myntra,Ludhiana,-0.7583232382410311,102,0,NORMAL
4,36,2026-02-28 03:07:00,5565.96,DEBIT,Swiggy,Bangalore,0.2757498590335531,85,0,NORMAL
5,36,2026-02-05 05:07:00,1461.6,DEBIT,Flipkart,Hyderabad,-0.27987081276450926,85,0,NORMAL
6,45,2026-06-17 06:30:00,3023.25,CREDIT,Shell,Delhi,-0.05620772588642287,97,0,NORMAL
7,49,2026-05-12 16:00:00,774.01,CREDIT,Local Store,Mumbai,-1.1734242322512813,95,0,NORMAL
8,91,2026-04-16 08:42:00,1088.62,DEBIT,Walmart,Hyderabad,-0.3664201040363418,100,0,NORMAL
9,30,2026-03-01 05:17:00,3517.32,CREDIT,Flipkart,Bangalore,0.10209868264792395,92,0,NORMAL
10,27,2026-01-26 23:55:00,4176.56,DEBIT,Local Store,Pune,1.00802616234116,90,0,NORMAL
11,22,2026-07-22 18:42:00,2929.99,DEBIT,Netflix,Pune,-0.11654354682975035,108,0,NORMAL
12,42,2026-03-25 09:27:00,5487.64,CREDIT,Amazon,Hyderabad,0.46901855176870466,104,0,NORMAL
13,41,2026-04-25 13:41:00,3470.65,DEBIT,Netflix,Pune,0.037758148230411744,100,0,NORMAL
14,64,2026-06-17 01:30:00,2789.47,CREDIT,Uber,Bangalore,0.06870549063198336,110,0,NORMAL
15,18,2026-05-26 10:00:00,1318.66,DEBIT,Flipkart,Mumbai,-1.158714368057711,96,0,NORMAL
16,18,2026-01-18 03:42:00,2587.83,DEBIT,Walmart,Mumbai,-0.3033280201468538,96,0,NORMAL
17,81,2026-06-20 09:52:00,1046.12,DEBIT,Shell,Bangalore,-0.3924052311561743,105,0,NORMAL
18,71,2026-02-11 16:58:00,3038.9,DEBIT,Shell,Hyderabad,0.2979256083435153,99,0,NORMAL
19,35,2026-01-02 04:21:00,3515.88,DEBIT,Apple,Ludhiana,0.49016560101867335,103,0,NORMAL
20,98,2026-04-19 15:51:00,1533.21,CREDIT,Shell,Ludhiana,-0.9042625725837454,114,0,NORMAL
21,26,2026-07-13 02:18:00,1216.81,CREDIT,Amazon,Ludhiana,-0.9417349836141804,98,0,NORMAL
22,42,2026-05-13 03:46:00,1861.25,DEBIT,Apple,Mumbai,-0.2932636041322655,104,0,NORMAL
23,8,2026-01-26 04:47:00,1437.68,DEBIT,Shell,Hyderabad,-0.3039727078301173,91,0,NORMAL
24,17,2026-07-20 04:15:00,1032.94,DEBIT,Uber,Bangalore,-0.3156371746518364,97,0,NORMAL
25,68,2026-03-15 05:41:00,3749.86,DEBIT,Apple,Chandigarh,0.13717929054864603,100,0,NORMAL
26,86,2026-07-08 10:38:00,3698.74,DEBIT,Myntra,Delhi,0.5804424334323396,76,0,NORMAL
27,32,2026-03-22 04:17:00,1246.58,DEBIT,Amazon,Delhi,-0.5320391864625215,107,0,NORMAL
28,91,2026-01-12 10:29:00,4286.33,DEBIT,Flipkart,Delhi,0.017548651289796022,100,0,NORMAL
29,66,2026-07-27 21:51:00,1438.1,DEBIT,Local Store,Chandigarh,-0.9461400120443331,95,0,NORMAL
30,32,2026-03-11 07:49:00,3419.77,CREDIT,Walmart,Delhi,0.15780134208223842,107,0,NORMAL
31,85,2026-02-05 19:59:00,1832.85,DEBIT,Amazon,Chandigarh,-0.6552708450552855,89,0,NORMAL
32,94,2026-04-01 12:47:00,2289.45,CREDIT,Netflix,Mumbai,-0.23828132374513739,103,0,NORMAL
33,69,2026-01-28 10:43:00,2070.0,DEBIT,Myntra,Hyderabad,-0.23376477183293642,112,0,NORMAL
34,71,2026-07-16 19:43:00,1030.15,DEBIT,Amazon,Delhi,-1.0547125081301991,99,0,NORMAL
35,97,2026-05-27 00:20:00,4944.09,DEBIT,Amazon,Mumbai,1.396764000193371,96,0,NORMAL
36,49,2026-06-15 15:55:00,636.78,DEBIT,Apple,Chandigarh,-1.2785653182831573,95,0,NORMAL
37,90,2026-02-26 08:38:00,6338.5,DEBIT,Netflix,Bangalore,0.12687714648255569,93,0,NORMAL
38,28,2026-07-17 09:46:00,4814.69,DEBIT,Amazon,Pune,1.319826875668043,98,0,NORMAL
39,41,2026-02-27 07:40:00,564.01,CREDIT,Amazon,Ludhiana,-0.5550255860779769,100,0,NORMAL
40,11,2026-01-25 17:51:00,3685.12,DEBIT,Netflix,Chandigarh,0.002671314890568985,118,0,NORMAL
41,16,2026-01-30 20:22:00,3326.44,DEBIT,Swiggy,Pune,0.13409232751472133,95,0,NORMAL
42,75,2026-04-05 22:36:00,2619.27,DEBIT,Netflix,Pune,-0.19176880991837295,89,0,NORMAL
43,92,2026-06-16 11:17:00,1889.0,DEBIT,Flipkart,Hyderabad,-0.3178778088993258,119,0,NORMAL
44,10,2026-07-24 23:30:00,613.33,DEBIT,Walmart,Delhi,-0.4340488263931772,91,0,NORMAL
45,69,2026-03-30 22:35:00,1378.25,CREDIT,Flipkart,Bangalore,-0.2993735283658736,112,0,NORMAL
46,21,2026-04-21 03:26:00,3903.13,DEBIT,Local Store,Hyderabad,0.04811094270460421,122,10,NORMAL
47,84,2026-02-07 17:09:00,2428.31,CREDIT,Uber,Bangalore,-0.17153080289430928,95,0,NORMAL
48,15,2026-02-26 14:19:00,3258.21,DEBIT,Apple,Bangalore,0.035802035006857545,91,0,NORMAL
49,78,2026-07-04 00:19:00,1143.64,CREDIT,Myntra,Bangalore,-0.6254632138689095,102,0,NORMAL
50,7,2026-04-11 17:40:00,1206.6,DEBIT,Amazon,Delhi,-0.3614034883637615,93,0,NORMAL
51,43,2026-07-20 20:39:00,3466.21,DEBIT,Swiggy,Ludhiana,0.07590721105543745,97,0,NORMAL
52,2,2026-02-24 06:27:00,855.06,CREDIT,Shell,Delhi,-1.4208399820834268,117,0,NORMAL
53,48,2026-01-15 12:36:00,3364.72,DEBIT,Flipkart,Mumbai,-0.09531799930331562,102,0,NORMAL
54,88,2026-07-23 20:20:00,1792.77,DEBIT,Swiggy,Ludhiana,-0.2472821397645074,104,0,NORMAL
55,96,2026-03-06 11:06:00,1736.1,CREDIT,Swiggy,Delhi,-0.6915399071350716,96,0,NORMAL
56,23,2026-05-30 21:36:00,3001.26,DEBIT,Netflix,Bangalore,0.2255144775918153,96,0,NORMAL
57,21,2026-03-22 23:39:00,5638.42,CREDIT,Netflix,Hyderabad,0.32699401915393816,122,10,NORMAL
58,59,2026-03-24 20:45:00,2733.91,CREDIT,Netflix,Delhi,-0.13325557783430425,92,0,NORMAL
59,85,2026-04-12 15:01:00,1046.06,CREDIT,Flipkart,Pune,-1.1310764453387605,89,0,NORMAL
60,66,2026-07-15 05:31:00,3311.07,CREDIT,Flipkart,Delhi,0.31517076869739286,95,0,NORMAL
61,15,2026-01-14 22:17:00,4343.49,CREDIT,Walmart,Ludhiana,0.2806038031395257,91,0,NORMAL
62,56,2026-06-08 21:16:00,2731.36,CREDIT,Local Store,Ludhiana,-0.08331171410688305,101,0,NORMAL
63,15,2026-01-01 14:46:00,1853.86,DEBIT,Shell,Hyderabad,-0.2809709296447648,91,0,NORMAL
64,69,2026-03-13 17:43:00,3272.24,CREDIT,Flipkart,Chandigarh,-0.11973879213773102,112,0,NORMAL
65,9,2026-02-15 08:59:00,6233.73,DEBIT,Apple,Ludhiana,0.8618457790333798,84,0,NORMAL
66,40,2026-04-18 15:28:00,2917.12,DEBIT,Shell,Mumbai,-0.05251288548985094,109,0,NORMAL
67,25,2026-07-27 04:55:00,3229.03,CREDIT,Apple,Chandigarh,0.31771383394169755,97,0,NORMAL
68,71,2026-03-18 12:36:00,3666.63,DEBIT,Swiggy,Hyderabad,0.7206220737344523,99,0,NORMAL
69,75,2026-07-06 02:42:00,2847.6,DEBIT,Myntra,Hyderabad,-0.15406753289627156,89,0,NORMAL
70,95,2026-07-07 16:05:00,1570.18,DEBIT,Local Store,Bangalore,-0.6964477107730291,113,0,NORMAL
71,12,2026-03-14 12:01:00,4194.08,DEBIT,Uber,Delhi,0.019218311168917535,99,0,NORMAL
72,6,2026-01-27 12:22:00,1003.23,DEBIT,Myntra,Chandigarh,-1.0962626750370348,117,0,NORMAL
73,81,2026-02-23 17:29:00,2940.25,DEBIT,Amazon,Hyderabad,-0.1321041631540081,105,0,NORMAL
74,99,2026-03-21 16:15:00,3402.75,CREDIT,Uber,Hyderabad,0.14929613795703883,103,0,NORMAL
75,90,2026-06-16 04:37:00,3340.17,CREDIT,Uber,Hyderabad,-0.12209368159580515,93,0,NORMAL
76,60,2026-04-26 12:35:00,3709.92,CREDIT,Myntra,Ludhiana,0.09072604751385707,106,0,NORMAL
77,93,2026-02-27 22:44:00,2311.18,DEBIT,Myntra,Chandigarh,-0.39192968081631635,100,0,NORMAL
78,34,2026-04-11 23:11:00,4822.55,CREDIT,Shell,Chandigarh,1.397704726188316,118,0,NORMAL
79,81,2026-05-03 06:40:00,997.31,DEBIT,Flipkart,Ludhiana,-0.39911295191936674,105,0,NORMAL
80,11,2026-02-25 15:13:00,1286.39,DEBIT,Netflix,Delhi,-0.33356556844053287,118,0,NORMAL
81,54,2026-06-02 23:16:00,1750.73,DEBIT,Swiggy,Hyderabad,-0.31538396223039333,89,0,NORMAL
82,75,2026-05-19 11:49:00,4431.07,DEBIT,Myntra,Delhi,0.1073910626723654,89,0,NORMAL
83,46,2026-07-15 23:02:00,1095.05,CREDIT,Shell,Hyderabad,-0.3600723593806112,94,0,NORMAL
84,78,2026-04-10 08:56:00,6065.61,DEBIT,Swiggy,Chandigarh,0.8170149573907445,102,0,NORMAL
85,4,2026-06-20 04:07:00,1758.88,DEBIT,Uber,Ludhiana,-0.6960230618527201,105,0,NORMAL
86,69,2026-07-25 11:43:00,378.78,DEBIT,Amazon,Delhi,-0.39416786720501307,112,0,NORMAL
87,83,2026-04-30 04:27:00,2686.41,DEBIT,Netflix,Chandigarh,-0.07101000575182972,101,0,NORMAL
88,42,2026-04-12 07:26:00,1781.46,CREDIT,Swiggy,Bangalore,-0.3100357916849938,104,0,NORMAL
89,11,2026-03-23 15:16:00,2615.07,CREDIT,Walmart,Hyderabad,-0.14732067128896997,118,0,NORMAL
90,84,2026-04-01 00:47:00,625.46,DEBIT,Netflix,Hyderabad,-0.39316406544962584,95,0,NORMAL
91,3,2026-03-21 08:36:00,3363.14,DEBIT,Myntra,Pune,-0.06653553226709076,94,0,NORMAL
92,33,2026-02-11 16:48:00,5067.08,DEBIT,Uber,Bangalore,0.09600294145728218,91,0,NORMAL
93,14,2026-05-17 15:28:00,4020.6,CREDIT,Swiggy,Pune,0.05110970218410226,112,0,NORMAL
94,26,2026-03-30 10:03:00,722.87,DEBIT,Walmart,Pune,-1.259079034176125,98,0,NORMAL
95,99,2026-07-26 01:11:00,1519.85,CREDIT,Amazon,Bangalore,-0.43616670149848585,103,0,NORMAL
96,69,2026-07-04 05:09:00,1421.74,DEBIT,Flipkart,Delhi,-0.29524873643003346,112,0,NORMAL
97,54,2026-06-17 09:15:00,6306.75,DEBIT,Uber,Chandigarh,0.26217815652319976,89,0,NORMAL
98,23,2026-04-09 08:00:00,5291.27,CREDIT,Local Store,Hyderabad,1.7625531046017897,96,0,NORMAL
99,69,2026-04-28 08:20:00,2168.35,DEBIT,Netflix,Hyderabad,-0.22443680478557199,112,0,NORMAL
100,12,2026-06-19 04:41:00,1934.74,DEBIT,Local Store,Ludhiana,-0.256237420814419,99,0,NORMAL
101,86,2026-03-19 05:31:00,3263.8,DEBIT,Flipkart,Hyderabad,0.29650633833201834,76,0,NORMAL
102,34,2026-04-11 14:04:00,2209.25,CREDIT,Shell,Delhi,-0.46143477660428045,118,0,NORMAL
103,67,2026-03-29 11:58:00,6399.21,DEBIT,Myntra,Pune,0.3778313850248365,98,0,NORMAL
104,92,2026-02-03 21:06:00,3262.35,CREDIT,Apple,Mumbai,-0.030914712644886034,119,0,NORMAL
105,52,2026-07-13 07:15:00,3200.67,DEBIT,Flipkart,Chandigarh,0.03920358060910272,116,0,NORMAL
106,96,2026-06-15 04:53:00,3898.46,DEBIT,Apple,Bangalore,0.655309265146944,96,0,NORMAL
107,33,2026-03-09 09:51:00,1477.36,DEBIT,Netflix,Mumbai,-0.28118789145927314,91,0,NORMAL
108,95,2026-07-11 00:20:00,2105.17,DEBIT,Local Store,Bangalore,-0.3558826149242799,113,0,NORMAL
109,13,2026-07-14 11:20:00,3959.0,DEBIT,Uber,Bangalore,0.8189681945912858,101,0,NORMAL
110,6,2026-02-15 23:26:00,5991.3,DEBIT,Myntra,Delhi,2.084411543343421,117,40,REVIEW
111,2,2026-01-19 16:56:00,2267.93,DEBIT,Apple,Hyderabad,-0.4063832638937277,117,0,NORMAL
112,62,2026-06-29 00:56:00,1065.57,DEBIT,Walmart,Ludhiana,-1.0958328817138085,102,0,NORMAL
113,81,2026-02-01 00:19:00,4537.51,CREDIT,Netflix,Delhi,0.08739950548391011,105,0,NORMAL
114,72,2026-03-24 04:05:00,5406.32,DEBIT,Shell,Chandigarh,1.5594473638693984,98,0,NORMAL
115,58,2026-07-27 00:45:00,4140.13,DEBIT,Local Store,Delhi,0.13496648894763563,99,0,NORMAL
116,79,2026-03-17 15:40:00,6355.96,DEBIT,Netflix,Bangalore,2.5125476560850246,122,50,REVIEW
117,85,2026-05-29 17:40:00,882.79,DEBIT,Myntra,Pune,-1.22981280492427,89,0,NORMAL
118,77,2026-04-15 21:29:00,3441.26,DEBIT,Apple,Pune,0.5592224508766804,84,0,NORMAL
119,59,2026-03-14 00:34:00,837.02,CREDIT,Swiggy,Delhi,-0.40219681342985725,92,0,NORMAL
120,70,2026-04-07 17:07:00,1806.3,DEBIT,Uber,Delhi,-0.7674528329658442,90,0,NORMAL
121,8,2026-04-16 01:55:00,1063.15,DEBIT,Myntra,Delhi,-0.347016145404428,91,0,NORMAL
122,60,2026-04-10 02:55:00,4998.06,DEBIT,Shell,Ludhiana,0.3820011714673242,106,0,NORMAL
123,64,2026-04-02 03:44:00,1412.25,DEBIT,Amazon,Delhi,-0.8428736311555511,110,0,NORMAL
124,30,2026-01-08 13:16:00,3364.95,CREDIT,Apple,Ludhiana,0.06837352739019166,92,0,NORMAL
125,6,2026-04-12 06:34:00,4472.9,DEBIT,Uber,Ludhiana,1.1161942301964753,117,0,NORMAL
126,56,2026-02-03 05:17:00,4261.62,DEBIT,Myntra,Bangalore,0.31515656220990007,101,0,NORMAL
127,53,2026-06-30 09:28:00,1524.94,DEBIT,Apple,Pune,-0.37762029341687536,105,0,NORMAL
128,52,2026-06-15 14:19:00,2359.95,DEBIT,Walmart,Bangalore,-0.13444350241781214,116,0,NORMAL
129,33,2026-01-01 10:03:00,2443.34,DEBIT,Shell,Chandigarh,-0.17968727280914604,91,0,NORMAL
130,53,2026-07-01 11:53:00,708.67,DEBIT,Myntra,Hyderabad,-0.5545966938672299,105,0,NORMAL
131,7,2026-06-26 11:28:00,643.14,DEBIT,Walmart,Delhi,-0.4590827950964672,93,0,NORMAL
132,81,2026-02-27 15:55:00,2674.91,DEBIT,Apple,Ludhiana,-0.16856854806090193,105,0,NORMAL
133,2,2026-06-18 00:11:00,4924.27,CREDIT,Walmart,Pune,1.5008990471441075,117,0,NORMAL
134,20,2026-07-05 06:35:00,3924.41,DEBIT,Apple,Chandigarh,-0.022122209107659024,98,0,NORMAL
135,62,2026-07-05 01:04:00,4972.31,DEBIT,Uber,Hyderabad,1.6760019030065056,102,0,NORMAL
136,9,2026-06-01 01:49:00,2294.36,CREDIT,Flipkart,Hyderabad,-0.2320003232854714,84,0,NORMAL
137,65,2026-06-28 06:32:00,2387.03,CREDIT,Uber,Chandigarh,-0.15000816600417224,112,0,NORMAL
138,69,2026-07-17 20:33:00,2696.91,DEBIT,Swiggy,Chandigarh,-0.17430573958419973,112,0,NORMAL
139,42,2026-05-30 13:24:00,5222.32,DEBIT,Amazon,Bangalore,0.41324719193050585,104,0,NORMAL
140,96,2026-05-19 19:14:00,2569.9,CREDIT,Swiggy,Pune,-0.17219861343340084,96,0,NORMAL
141,84,2026-05-01 21:00:00,4576.41,DEBIT,Walmart,Hyderabad,0.09254574884048591,95,0,NORMAL
142,57,2026-01-06 14:06:00,950.61,CREDIT,Uber,Chandigarh,-0.39328564838731883,107,0,NORMAL
143,84,2026-05-25 17:15:00,6755.91,DEBIT,Walmart,Hyderabad,0.3604824577953698,95,0,NORMAL
144,43,2026-05-19 08:34:00,5191.98,CREDIT,Flipkart,Pune,0.42297607502649814,97,0,NORMAL
145,92,2026-03-27 11:27:00,3095.54,DEBIT,Apple,Mumbai,-0.06576985815491851,119,0,NORMAL
146,96,2026-02-06 14:14:00,928.11,CREDIT,Myntra,Mumbai,-1.1948051648683564,96,0,NORMAL
147,89,2026-05-11 12:18:00,2249.89,DEBIT,Flipkart,Chandigarh,-0.20463346049751058,103,0,NORMAL
148,19,2026-03-07 13:21:00,1662.92,DEBIT,Uber,Mumbai,-0.8026330018477856,98,0,NORMAL
149,11,2026-02-22 02:34:00,2333.43,DEBIT,Netflix,Chandigarh,-0.1867989601423931,118,0,NORMAL
150,82,2026-01-04 10:06:00,2061.85,DEBIT,Myntra,Bangalore,-0.22664262556823708,107,0,NORMAL
151,87,2026-04-19 22:02:00,4554.48,CREDIT,Swiggy,Pune,0.876973728878788,85,0,NORMAL
152,33,2026-05-21 01:30:00,3245.09,DEBIT,Myntra,Delhi,-0.09544316733828809,91,0,NORMAL
153,31,2026-01-08 23:42:00,1922.68,DEBIT,Swiggy,Bangalore,-0.21704619056432808,104,0,NORMAL
154,2,2026-01-18 20:33:00,3540.9,DEBIT,Local Store,Pune,0.507623664241162,117,0,NORMAL
155,64,2026-05-09 06:37:00,5752.98,DEBIT,Netflix,Pune,2.0302467427257493,110,40,REVIEW
156,25,2026-02-19 19:11:00,2478.42,DEBIT,Walmart,Pune,-0.17070917540560293,97,0,NORMAL
157,83,2026-02-17 20:17:00,688.0,DEBIT,Walmart,Bangalore,-0.3823063184231615,101,0,NORMAL
158,42,2026-02-18 02:49:00,3619.4,DEBIT,Shell,Bangalore,0.07630678746855259,104,0,NORMAL
159,68,2026-06-25 10:27:00,2699.75,CREDIT,Apple,Pune,-0.11501895840461734,100,0,NORMAL
160,44,2026-01-28 09:58:00,4730.35,DEBIT,Uber,Hyderabad,0.06530046381048932,99,0,NORMAL
161,29,2026-07-22 21:52:00,3877.85,CREDIT,Flipkart,Delhi,0.8255403884325863,99,0,NORMAL
162,51,2026-06-15 13:58:00,174.49,DEBIT,Flipkart,Pune,-0.5365023235175154,108,0,NORMAL
163,96,2026-02-09 10:44:00,2112.76,CREDIT,Netflix,Chandigarh,-0.4569331768812081,96,0,NORMAL
164,4,2026-04-30 10:09:00,2513.66,CREDIT,Local Store,Mumbai,-0.09179085075129591,105,0,NORMAL
165,83,2026-05-29 15:44:00,976.83,DEBIT,Walmart,Mumbai,-0.3373146930865885,101,0,NORMAL
166,6,2026-06-29 08:37:00,2427.06,DEBIT,Walmart,Delhi,-0.18834851738554945,117,0,NORMAL
167,31,2026-07-16 16:16:00,5305.49,DEBIT,Swiggy,Ludhiana,0.2541946427418706,104,0,NORMAL
168,96,2026-02-06 01:15:00,4549.83,CREDIT,Myntra,Ludhiana,1.0610220721491714,96,0,NORMAL
169,53,2026-06-11 21:48:00,4389.69,DEBIT,Netflix,Hyderabad,0.2434893188317104,105,0,NORMAL
170,47,2026-07-18 05:36:00,1303.3,DEBIT,Flipkart,Delhi,-0.38538089700612777,103,0,NORMAL
171,51,2026-02-03 09:03:00,2782.52,CREDIT,Netflix,Pune,-0.13228132873651144,108,0,NORMAL
172,82,2026-05-02 10:14:00,2801.41,DEBIT,Netflix,Mumbai,-0.1031696939592168,107,0,NORMAL
173,73,2026-03-26 19:58:00,1640.89,DEBIT,Flipkart,Hyderabad,-0.490696511847241,111,0,NORMAL
174,19,2026-04-11 22:51:00,2920.66,DEBIT,Uber,Mumbai,0.03188371483674675,98,0,NORMAL
175,70,2026-01-06 09:51:00,1901.42,DEBIT,Flipkart,Hyderabad,-0.6939300048631353,90,0,NORMAL
176,31,2026-04-07 14:49:00,4180.27,DEBIT,Amazon,Mumbai,0.09744637415664097,104,0,NORMAL
177,95,2026-05-12 19:32:00,2558.25,DEBIT,Shell,Ludhiana,-0.06745996473053559,113,0,NORMAL
178,14,2026-01-16 18:55:00,2684.38,DEBIT,Shell,Bangalore,-0.13699678328446072,112,0,NORMAL
179,59,2026-06-05 04:50:00,6411.1,CREDIT,Walmart,Chandigarh,0.38809675262218596,92,0,NORMAL
180,92,2026-01-30 09:57:00,5402.74,DEBIT,Flipkart,Ludhiana,0.41632229291963896,119,0,NORMAL
181,19,2026-04-29 09:30:00,751.48,DEBIT,Swiggy,Ludhiana,-1.4073779541073546,98,0,NORMAL
182,68,2026-06-06 15:08:00,2465.86,DEBIT,Walmart,Hyderabad,-0.17119083415828004,100,0,NORMAL
183,90,2026-03-20 06:54:00,721.73,DEBIT,Swiggy,Chandigarh,-0.3395197738116397,93,0,NORMAL
184,30,2026-05-26 04:09:00,1362.1,CREDIT,Swiggy,Pune,-0.37493176372977255,92,0,NORMAL
185,13,2026-06-22 16:12:00,1766.5,CREDIT,Walmart,Delhi,-0.6923801409469776,101,0,NORMAL
186,11,2026-05-16 16:14:00,1082.45,DEBIT,Uber,Ludhiana,-0.36215242481309046,118,0,NORMAL
187,8,2026-05-09 17:47:00,2489.11,DEBIT,Swiggy,Hyderabad,-0.18313549433918877,91,0,NORMAL
188,93,2026-04-24 18:13:00,669.78,DEBIT,Flipkart,Delhi,-1.4800422652150065,100,0,NORMAL
189,74,2026-05-08 16:58:00,46965.62,DEBIT,Shell,Bangalore,4.844617231589179,119,90,HIGH
190,15,2026-06-06 05:38:00,4863.36,DEBIT,Shell,Hyderabad,0.3978685598835275,91,0,NORMAL
191,80,2026-04-08 08:59:00,3143.68,CREDIT,Amazon,Mumbai,-0.07411150515727775,84,0,NORMAL
192,35,2026-05-04 17:25:00,3497.16,DEBIT,Flipkart,Delhi,0.47672182378404565,103,0,NORMAL
193,24,2026-01-12 03:53:00,3393.05,DEBIT,Walmart,Pune,0.38779043923036577,95,0,NORMAL
194,68,2026-05-05 02:47:00,1317.75,DEBIT,Uber,Bangalore,-0.4469251206670565,100,0,NORMAL
195,40,2026-01-20 03:42:00,3950.75,DEBIT,Uber,Mumbai,0.12322998130026724,109,0,NORMAL
196,97,2026-04-10 01:40:00,2233.42,DEBIT,Myntra,Pune,-0.5313554770597475,96,0,NORMAL
197,55,2026-02-11 10:33:00,2184.34,CREDIT,Flipkart,Chandigarh,-0.2492757788629025,118,0,NORMAL
198,15,2026-06-27 04:15:00,1900.83,DEBIT,Shell,Pune,-0.27037611627937386,91,0,NORMAL
199,40,2026-04-20 17:50:00,515.95,DEBIT,Netflix,Hyderabad,-0.46077164292764594,109,0,NORMAL
200,18,2026-02-13 16:26:00,4753.23,DEBIT,Amazon,Chandigarh,1.1560931746230905,96,0,NORMAL
201,96,2026-07-23 10:12:00,2955.31,DEBIT,Flipkart,Delhi,0.0678581483866529,96,0,NORMAL
202,51,2026-01-07 19:45:00,5357.19,DEBIT,Myntra,Delhi,0.26676916862464134,108,0,NORMAL
203,41,2026-02-11 22:24:00,2002.85,DEBIT,Swiggy,Delhi,-0.2615867879219336,100,0,NORMAL
204,42,2026-06-17 12:23:00,1050.67,CREDIT,Flipkart,Delhi,-0.46365086803113137,104,0,NORMAL
205,56,2026-05-25 02:15:00,4360.35,DEBIT,Apple,Pune,0.34086511691351656,101,0,NORMAL
206,44,2026-01-28 19:24:00,1995.65,CREDIT,Shell,Pune,-0.246885382320884,99,0,NORMAL
207,15,2026-02-23 18:32:00,3318.97,DEBIT,Netflix,Delhi,0.04950739715463587,91,0,NORMAL
208,19,2026-02-25 15:47:00,2322.52,DEBIT,Walmart,Mumbai,-0.3649851363707255,98,0,NORMAL
209,99,2026-07-25 12:36:00,2282.2,DEBIT,Local Store,Bangalore,-0.1991240568232938,103,0,NORMAL
210,81,2026-06-20 17:29:00,2061.65,DEBIT,Myntra,Pune,-0.25284588539414116,105,0,NORMAL
211,39,2026-06-18 02:46:00,3285.22,DEBIT,Myntra,Delhi,0.057955345334012705,101,0,NORMAL
212,8,2026-02-02 21:01:00,1886.12,DEBIT,Local Store,Ludhiana,-0.25243504957624213,91,0,NORMAL
213,65,2026-01-15 22:27:00,1018.12,DEBIT,Myntra,Hyderabad,-0.33188321331185,112,0,NORMAL
214,74,2026-06-23 04:06:00,2402.44,DEBIT,Shell,Mumbai,-0.21255693620082644,119,0,NORMAL
215,8,2026-01-31 16:52:00,2977.46,CREDIT,Shell,Pune,-0.12701111781550678,91,0,NORMAL
216,23,2026-06-09 23:43:00,377.32,DEBIT,Shell,Ludhiana,-1.5356556198997031,96,0,NORMAL
217,79,2026-05-04 04:41:00,1041.67,DEBIT,Local Store,Delhi,-1.135880872393059,122,10,NORMAL
218,81,2026-02-04 09:48:00,3911.48,DEBIT,Shell,Pune,0.0013672491966456935,105,0,NORMAL
219,50,2026-02-24 17:58:00,1671.86,CREDIT,Flipkart,Delhi,-0.26529108432790804,118,0,NORMAL
220,75,2026-04-23 22:50:00,2229.32,CREDIT,Swiggy,Mumbai,-0.25615637604971103,89,0,NORMAL
221,77,2026-04-30 14:16:00,4706.69,DEBIT,Uber,Pune,1.4094271705634271,84,0,NORMAL
222,90,2026-07-11 15:41:00,4917.07,DEBIT,Walmart,Pune,0.008846574745814052,93,0,NORMAL
223,86,2026-03-19 23:38:00,2036.53,DEBIT,Flipkart,Hyderabad,-0.5046760119548527,76,0,NORMAL
224,63,2026-02-26 09:55:00,1611.0,CREDIT,Walmart,Bangalore,-0.5983250742965167,88,0,NORMAL
225,13,2026-05-03 14:41:00,1679.58,DEBIT,Local Store,Mumbai,-0.7522963997040978,101,0,NORMAL
226,77,2026-03-02 06:30:00,1972.9,DEBIT,Myntra,Delhi,-0.42732489050074235,84,0,NORMAL
227,53,2026-06-13 10:47:00,1870.85,DEBIT,Netflix,Ludhiana,-0.3026231641829428,105,0,NORMAL
228,31,2026-06-20 18:19:00,664.79,CREDIT,Netflix,Bangalore,-0.39227599413223,104,0,NORMAL
229,87,2026-05-20 00:51:00,6080.72,DEBIT,Shell,Ludhiana,1.751645930107839,85,0,NORMAL
230,54,2026-02-20 09:20:00,4716.54,CREDIT,Apple,Delhi,0.060588818271139544,89,0,NORMAL
231,83,2026-07-07 20:05:00,1590.75,DEBIT,Walmart,Bangalore,-0.24168314987214104,101,0,NORMAL
232,11,2026-07-06 21:44:00,5594.99,DEBIT,Uber,Hyderabad,0.270383285961749,118,0,NORMAL
233,56,2026-01-10 17:02:00,1268.32,CREDIT,Swiggy,Delhi,-0.4642764044095156,101,0,NORMAL
234,51,2026-01-30 17:04:00,2081.62,DEBIT,Flipkart,Mumbai,-0.24091447146953432,108,0,NORMAL
235,4,2026-02-23 04:11:00,2556.21,DEBIT,Uber,Delhi,-0.057727838241205934,105,0,NORMAL
236,37,2026-02-20 12:47:00,5696.89,DEBIT,Myntra,Chandigarh,2.034445633564056,87,40,REVIEW
237,79,2026-07-19 19:31:00,612.07,CREDIT,Local Store,Ludhiana,-1.4308148891354995,122,10,NORMAL
238,55,2026-04-20 15:29:00,1092.16,DEBIT,Walmart,Delhi,-1.084824587834311,118,0,NORMAL
239,31,2026-07-01 23:34:00,2569.02,DEBIT,Local Store,Ludhiana,-0.12700808608931222,104,0,NORMAL
240,3,2026-02-22 06:35:00,2454.74,DEBIT,Apple,Chandigarh,-0.1777761787963625,94,0,NORMAL
241,1,2026-02-01 04:06:00,3316.88,DEBIT,Shell,Bangalore,-0.09060699902122044,112,0,NORMAL
242,9,2026-07-04 19:40:00,6031.34,DEBIT,Shell,Delhi,0.8056480843135866,84,0,NORMAL
243,50,2026-01-06 21:55:00,5484.73,DEBIT,Flipkart,Hyderabad,0.21041166443040787,118,0,NORMAL
244,9,2026-02-07 17:49:00,2188.66,DEBIT,Local Store,Pune,-0.26135007540702965,84,0,NORMAL
245,97,2026-03-05 17:57:00,2599.37,CREDIT,Myntra,Pune,-0.2710525546454446,96,0,NORMAL
246,62,2026-01-23 23:22:00,3631.61,CREDIT,Myntra,Delhi,0.7247743076521883,102,0,NORMAL
247,38,2026-04-23 21:29:00,1594.35,DEBIT,Shell,Chandigarh,-0.7485238145224037,95,0,NORMAL
248,70,2026-03-11 13:53:00,1305.93,DEBIT,Apple,Bangalore,-1.1542128991743432,90,0,NORMAL
249,100,2026-06-09 02:08:00,635.38,CREDIT,Swiggy,Pune,-1.4437578792240477,87,0,NORMAL
250,57,2026-03-10 00:26:00,3775.91,DEBIT,Myntra,Pune,0.02964160787250425,107,0,NORMAL
251,64,2026-06-04 13:20:00,2277.2,DEBIT,Walmart,Chandigarh,-0.27036498229035316,110,0,NORMAL
252,78,2026-04-17 22:58:00,4040.63,DEBIT,Flipkart,Delhi,0.2235555402798369,102,0,NORMAL
253,11,2026-03-02 16:09:00,1823.83,DEBIT,Myntra,Bangalore,-0.2582310578547365,118,0,NORMAL
254,58,2026-05-09 08:42:00,870.55,CREDIT,Local Store,Chandigarh,-0.42973365921566264,99,0,NORMAL
255,36,2026-05-28 21:31:00,3452.4,DEBIT,Flipkart,Ludhiana,-0.010369688736504285,85,0,NORMAL
256,96,2026-02-21 23:37:00,3261.99,CREDIT,Local Store,Pune,0.2588770833260008,96,0,NORMAL
257,57,2026-05-20 09:25:00,916.55,DEBIT,Local Store,Delhi,-0.39838418742678705,107,0,NORMAL
258,78,2026-05-16 01:32:00,1402.34,DEBIT,Flipkart,Chandigarh,-0.5496461928580394,102,0,NORMAL
259,98,2026-04-12 11:13:00,977.14,DEBIT,Netflix,Delhi,-1.314364979906319,114,0,NORMAL
260,4,2026-05-21 21:32:00,4503.96,DEBIT,Shell,Delhi,1.501525572252977,105,0,NORMAL
261,34,2026-06-28 20:10:00,3790.03,DEBIT,Netflix,Delhi,0.6631550306220162,118,0,NORMAL
262,18,2026-06-12 01:26:00,3615.23,DEBIT,Walmart,Hyderabad,0.38911186879128284,96,0,NORMAL
263,88,2026-07-20 05:56:00,6649.29,DEBIT,Shell,Bangalore,0.25556227895191985,104,0,NORMAL
264,39,2026-03-05 09:13:00,4195.68,DEBIT,Flipkart,Ludhiana,0.2750565739545776,101,0,NORMAL
265,29,2026-01-10 13:40:00,1089.49,CREDIT,Flipkart,Ludhiana,-0.9721161972394589,99,0,NORMAL
266,74,2026-07-20 20:21:00,2441.51,CREDIT,Uber,Ludhiana,-0.2081231459117233,119,0,NORMAL
267,12,2026-05-30 13:34:00,542.29,DEBIT,Swiggy,Hyderabad,-0.4260030753861953,99,0,NORMAL
268,74,2026-01-28 00:03:00,1029.17,CREDIT,Myntra,Chandigarh,-0.36840006879147597,119,0,NORMAL
269,88,2026-03-08 06:01:00,3747.91,DEBIT,Uber,Chandigarh,-0.04484680812596056,104,0,NORMAL
270,65,2026-02-15 04:56:00,6157.7,DEBIT,Shell,Mumbai,0.3509676356421311,112,0,NORMAL
271,39,2026-07-08 22:11:00,1025.96,DEBIT,Apple,Hyderabad,-0.4807702678431693,101,0,NORMAL
272,11,2026-07-20 13:19:00,2201.9,DEBIT,Apple,Mumbai,-0.20523589854919158,118,0,NORMAL
273,81,2026-02-26 03:22:00,1324.51,DEBIT,Uber,Pune,-0.35414744825789224,105,0,NORMAL
274,80,2026-07-25 04:58:00,3511.95,DEBIT,Amazon,Hyderabad,-0.018892741591519442,84,0,NORMAL
275,4,2026-03-18 18:04:00,1217.78,DEBIT,Local Store,Chandigarh,-1.1291957074275643,105,0,NORMAL
276,80,2026-07-18 15:19:00,2915.14,DEBIT,Apple,Pune,-0.10837901601973846,84,0,NORMAL
277,39,2026-01-27 13:38:00,3015.47,DEBIT,Amazon,Mumbai,-0.00636714705488669,101,0,NORMAL
278,57,2026-05-04 20:38:00,1522.25,DEBIT,Local Store,Mumbai,-0.3077152180725327,107,0,NORMAL
279,41,2026-05-26 04:02:00,3003.45,DEBIT,Uber,Hyderabad,-0.05752319403037025,100,0,NORMAL
280,48,2026-03-30 00:20:00,4717.13,DEBIT,Myntra,Delhi,0.06433209586657772,102,0,NORMAL
281,35,2026-06-02 05:43:00,2651.9,CREDIT,Netflix,Hyderabad,-0.1303020621850374,103,0,NORMAL
282,21,2026-04-24 20:32:00,4420.12,CREDIT,Netflix,Hyderabad,0.13119778219168768,122,10,NORMAL
283,21,2026-01-09 10:31:00,1939.91,DEBIT,Walmart,Chandigarh,-0.26740337095297545,122,10,NORMAL
284,65,2026-05-09 11:38:00,2488.11,DEBIT,Amazon,Delhi,-0.13657855428253968,112,0,NORMAL
285,37,2026-07-15 09:40:00,3461.26,DEBIT,Amazon,Hyderabad,0.5315397094775449,87,0,NORMAL
286,14,2026-05-14 04:12:00,1840.38,CREDIT,Swiggy,Bangalore,-0.2558109559023434,112,0,NORMAL
287,6,2026-01-27 18:31:00,1960.17,DEBIT,Swiggy,Ludhiana,-0.4860638633649865,117,0,NORMAL
288,58,2026-02-13 06:11:00,3662.83,DEBIT,Uber,Delhi,0.05253040213576918,99,0,NORMAL
289,51,2026-02-22 12:37:00,2873.07,DEBIT,Netflix,Ludhiana,-0.11824690003844432,108,0,NORMAL
290,66,2026-01-15 04:02:00,2245.16,DEBIT,Uber,Pune,-0.40264306403907024,95,0,NORMAL
291,43,2026-02-20 21:25:00,3537.49,CREDIT,Flipkart,Ludhiana,0.0902423012608861,97,0,NORMAL
292,41,2026-04-19 22:44:00,1210.08,CREDIT,Local Store,Bangalore,-0.4232652761584064,100,0,NORMAL
293,65,2026-07-24 10:14:00,73271.02,DEBIT,Myntra,Hyderabad,9.267724946185055,112,90,HIGH
294,87,2026-04-23 00:31:00,914.52,DEBIT,Amazon,Ludhiana,-1.209049324891061,85,0,NORMAL
295,61,2026-03-24 20:18:00,1061.3,DEBIT,Amazon,Ludhiana,-0.5787083134667115,81,0,NORMAL
296,62,2026-05-19 10:09:00,564.6,DEBIT,Uber,Hyderabad,-1.45127144995775,102,0,NORMAL
297,88,2026-06-10 13:51:00,1035.72,DEBIT,Flipkart,Chandigarh,-0.32566714944000985,104,0,NORMAL
298,20,2026-07-02 16:57:00,1955.17,DEBIT,Local Store,Chandigarh,-0.23024000493144017,98,0,NORMAL
299,95,2026-06-24 04:04:00,3460.38,DEBIT,Shell,Chandigarh,0.5068199095064262,113,0,NORMAL
300,41,2026-07-14 02:32:00,3408.09,DEBIT,Flipkart,Ludhiana,0.024999584934533074,100,0,NORMAL
301,46,2026-04-07 06:01:00,4442.78,CREDIT,Local Store,Chandigarh,0.18906130559891335,94,0,NORMAL
302,25,2026-04-19 16:19:00,3465.74,DEBIT,Netflix,Bangalore,0.47174137226732504,97,0,NORMAL
303,99,2026-05-07 23:53:00,1987.06,DEBIT,Shell,Hyderabad,-0.2908939343722361,103,0,NORMAL
304,93,2026-07-17 18:28:00,2382.36,DEBIT,Swiggy,Chandigarh,-0.34474322184379347,100,0,NORMAL
305,45,2026-01-29 18:34:00,5129.92,DEBIT,Flipkart,Chandigarh,0.25650969884894037,97,0,NORMAL
306,84,2026-03-15 13:41:00,1331.42,DEBIT,Shell,Bangalore,-0.3063769128670198,95,0,NORMAL
307,72,2026-03-30 06:37:00,4449.83,DEBIT,Amazon,Pune,0.9660854153899404,98,0,NORMAL
308,68,2026-02-06 11:32:00,1913.47,DEBIT,Swiggy,Bangalore,-0.3038548319673602,100,0,NORMAL
309,92,2026-02-27 12:06:00,2476.23,CREDIT,Swiggy,Pune,-0.1951754103749186,119,0,NORMAL
310,61,2026-04-15 13:59:00,2321.56,DEBIT,Flipkart,Bangalore,-0.24193254293781513,81,0,NORMAL
311,83,2026-01-14 13:55:00,798.92,DEBIT,Uber,Chandigarh,-0.3650280887298032,101,0,NORMAL
312,23,2026-05-25 12:59:00,3005.57,DEBIT,Myntra,Mumbai,0.22840731931845096,96,0,NORMAL
313,96,2026-07-26 18:55:00,7038.18,DEBIT,Local Store,Delhi,2.6109176204611795,96,40,REVIEW
314,43,2026-07-17 19:25:00,1372.33,CREDIT,Shell,Chandigarh,-0.3451920970167418,97,0,NORMAL
315,18,2026-03-01 03:53:00,3635.54,DEBIT,Myntra,Pune,0.4028002609893883,96,0,NORMAL
316,33,2026-05-03 17:43:00,3855.63,DEBIT,Apple,Ludhiana,-0.03129050609204224,91,0,NORMAL
317,87,2026-06-05 17:19:00,4775.84,CREDIT,Shell,Bangalore,1.0038328326003936,85,0,NORMAL
318,12,2026-02-21 04:41:00,3315.89,DEBIT,Myntra,Bangalore,-0.08784944723417645,99,0,NORMAL
319,32,2026-05-01 00:18:00,423.3,DEBIT,Apple,Ludhiana,-0.7933747854392929,107,0,NORMAL
320,93,2026-05-11 21:48:00,3637.22,DEBIT,Netflix,Delhi,0.4871252792275726,100,0,NORMAL
321,86,2026-04-24 05:22:00,940.09,DEBIT,Walmart,Pune,-1.2204503535003453,76,0,NORMAL
322,38,2026-02-18 15:08:00,2668.44,DEBIT,Myntra,Mumbai,0.033990147173456386,95,0,NORMAL
323,59,2026-06-21 10:09:00,3076.04,DEBIT,Shell,Hyderabad,-0.08474835552077707,92,0,NORMAL
324,86,2026-01-30 19:23:00,3541.49,CREDIT,Shell,Chandigarh,0.47778700750111797,76,0,NORMAL
325,68,2026-07-19 09:25:00,4709.01,DEBIT,Shell,Mumbai,0.36753225403201684,100,0,NORMAL
326,74,2026-07-09 10:48:00,3357.59,DEBIT,Myntra,Delhi,-0.10416341701380649,119,0,NORMAL
327,88,2026-01-21 06:09:00,1289.56,DEBIT,Myntra,Mumbai,-0.29938453817783495,104,0,NORMAL
328,66,2026-07-23 10:50:00,2240.34,DEBIT,Myntra,Pune,-0.4058889878729676,95,0,NORMAL
329,40,2026-01-27 14:08:00,2382.72,DEBIT,Amazon,Chandigarh,-0.1433742072516411,109,0,NORMAL
330,45,2026-01-22 22:31:00,4674.11,DEBIT,Walmart,Chandigarh,0.18884854196692938,97,0,NORMAL
331,5,2026-06-03 01:10:00,1894.83,DEBIT,Flipkart,Chandigarh,-0.36249541033384297,87,0,NORMAL
332,58,2026-05-17 18:26:00,4951.84,CREDIT,Walmart,Pune,0.2751596505358613,99,0,NORMAL
333,85,2026-07-15 14:38:00,5911.12,DEBIT,Swiggy,Ludhiana,1.8110336395824043,89,0,NORMAL
334,17,2026-01-02 06:21:00,5164.26,DEBIT,Amazon,Bangalore,0.16068361012140178,97,0,NORMAL
335,60,2026-04-01 02:47:00,2485.25,CREDIT,Myntra,Bangalore,-0.186197195341805,106,0,NORMAL
336,20,2026-02-11 02:03:00,1592.64,CREDIT,Amazon,Hyderabad,-0.2685537424748556,98,0,NORMAL
337,85,2026-03-17 00:46:00,2511.23,DEBIT,Walmart,Delhi,-0.24502541346578405,89,0,NORMAL
338,77,2026-01-18 17:20:00,315.11,DEBIT,Netflix,Pune,-1.5411446057354787,84,0,NORMAL
339,6,2026-01-21 13:12:00,2349.91,CREDIT,Uber,Ludhiana,-0.23754370028154978,117,0,NORMAL
340,38,2026-04-27 02:37:00,1824.3,CREDIT,Local Store,Ludhiana,-0.580996805154508,95,0,NORMAL
341,99,2026-07-09 18:45:00,3205.42,DEBIT,Netflix,Chandigarh,0.08793898563362355,103,0,NORMAL
342,39,2026-03-05 18:20:00,2070.8,DEBIT,Swiggy,Ludhiana,-0.2316258268881455,101,0,NORMAL
343,64,2026-07-10 22:49:00,568.3,DEBIT,Flipkart,Pune,-1.4014824226577005,110,0,NORMAL
344,54,2026-03-08 22:45:00,3032.8,DEBIT,Shell,Chandigarh,-0.15285722494863885,89,0,NORMAL
345,31,2026-07-05 17:51:00,37277.51,DEBIT,Uber,Ludhiana,4.708042581964722,104,90,HIGH
346,54,2026-03-30 10:07:00,4127.55,DEBIT,Apple,Mumbai,-0.014076857543426385,89,0,NORMAL
347,43,2026-03-11 08:27:00,4869.13,DEBIT,Amazon,Bangalore,0.35804785009904155,97,0,NORMAL
348,49,2026-01-27 11:59:00,2728.23,DEBIT,Netflix,Hyderabad,0.3238344804588587,95,0,NORMAL
349,98,2026-05-02 05:29:00,2883.65,DEBIT,Apple,Delhi,0.09168882732039631,114,0,NORMAL
350,28,2026-02-12 17:07:00,3990.75,CREDIT,Myntra,Mumbai,0.7577698641389473,98,0,NORMAL
351,90,2026-04-14 01:24:00,3723.85,DEBIT,Swiggy,Chandigarh,-0.09023423739950073,93,0,NORMAL
352,69,2026-05-11 22:37:00,5240.83,DEBIT,Shell,Chandigarh,0.06697135173386243,112,0,NORMAL
353,60,2026-03-15 22:57:00,1207.57,CREDIT,Flipkart,Bangalore,-0.4751070967289724,106,0,NORMAL
354,53,2026-02-23 03:05:00,682.45,CREDIT,Amazon,Bangalore,-0.5602814810330063,105,0,NORMAL
355,71,2026-05-01 02:24:00,3631.18,DEBIT,Netflix,Chandigarh,0.6967509990716055,99,0,NORMAL
356,73,2026-05-03 21:40:00,3723.12,DEBIT,Apple,Hyderabad,0.9169671044934267,111,0,NORMAL
357,63,2026-05-09 05:21:00,3963.34,DEBIT,Uber,Mumbai,1.3031712211577338,88,0,NORMAL
358,93,2026-07-17 09:15:00,2291.54,DEBIT,Amazon,Ludhiana,-0.40494937812202497,100,0,NORMAL
359,5,2026-01-03 07:46:00,6037.7,DEBIT,Swiggy,Mumbai,2.3964855319272393,87,40,REVIEW
360,81,2026-01-04 07:52:00,1861.73,DEBIT,Netflix,Ludhiana,-0.2803199180714088,105,0,NORMAL
361,59,2026-06-25 22:18:00,1583.13,DEBIT,Myntra,Delhi,-0.2964132702142791,92,0,NORMAL
362,1,2026-01-07 02:09:00,2171.19,DEBIT,Shell,Pune,-0.21337705790621034,112,0,NORMAL
363,36,2026-06-06 18:24:00,2714.43,DEBIT,Uber,Delhi,-0.1102711075123466,85,0,NORMAL
364,13,2026-07-11 16:14:00,3681.86,DEBIT,Apple,Hyderabad,0.6279282503673067,101,0,NORMAL
365,46,2026-07-25 17:03:00,1374.91,DEBIT,Netflix,Pune,-0.31416646270400655,94,0,NORMAL
366,29,2026-01-30 08:26:00,2119.57,CREDIT,Amazon,Delhi,-0.30802329109783416,99,0,NORMAL
367,52,2026-03-04 09:34:00,2029.38,DEBIT,Walmart,Chandigarh,-0.20272130743756567,116,0,NORMAL
368,56,2026-02-04 17:17:00,3308.11,DEBIT,Shell,Delhi,0.06686967883660674,101,0,NORMAL
369,30,2026-01-17 22:51:00,1964.07,DEBIT,Walmart,Pune,-0.2416933853711911,92,0,NORMAL
370,36,2026-01-12 23:30:00,2795.43,DEBIT,Uber,Hyderabad,-0.09930587190542055,85,0,NORMAL
371,41,2026-05-26 00:21:00,591.63,CREDIT,Walmart,Bangalore,-0.5493927293287415,100,0,NORMAL
372,21,2026-05-22 16:30:00,3446.36,DEBIT,Shell,Bangalore,-0.025297780234940333,122,10,NORMAL
373,50,2026-07-02 07:59:00,5757.94,DEBIT,Flipkart,Delhi,0.24449799519653928,118,0,NORMAL
374,13,2026-05-05 00:08:00,3886.32,CREDIT,Local Store,Hyderabad,0.7688679450921201,101,0,NORMAL
375,79,2026-04-10 12:22:00,3150.26,DEBIT,Myntra,Chandigarh,0.311732997166864,122,10,NORMAL
376,30,2026-06-07 05:32:00,2648.35,CREDIT,Uber,Pune,-0.09023673878878645,92,0,NORMAL
377,75,2026-01-27 18:18:00,4508.02,CREDIT,Walmart,Bangalore,0.12009685370661727,89,0,NORMAL
378,20,2026-02-26 04:05:00,2603.38,CREDIT,Swiggy,Bangalore,-0.16173437005152042,98,0,NORMAL
379,47,2026-04-09 05:15:00,1189.6,DEBIT,Walmart,Mumbai,-0.4103664463476101,103,0,NORMAL
380,12,2026-07-21 23:23:00,1352.67,DEBIT,Shell,Chandigarh,-0.32720262211902157,99,0,NORMAL
381,14,2026-04-29 02:54:00,576.68,DEBIT,Swiggy,Delhi,-0.4337084321312751,112,0,NORMAL
382,38,2026-07-23 17:18:00,2569.48,CREDIT,Netflix,Ludhiana,-0.03810584259408854,95,0,NORMAL
383,67,2026-06-29 12:58:00,1136.72,DEBIT,Uber,Delhi,-0.38343613135601845,98,0,NORMAL
384,22,2026-06-26 07:16:00,2684.73,DEBIT,Walmart,Bangalore,-0.15722704198136275,108,0,NORMAL
385,33,2026-06-16 16:51:00,4496.37,DEBIT,Walmart,Mumbai,0.03603542860006566,91,0,NORMAL
386,39,2026-05-19 07:31:00,377.84,DEBIT,Flipkart,Chandigarh,-0.6353159351910598,101,0,NORMAL
387,43,2026-04-20 09:14:00,2831.99,DEBIT,Flipkart,Ludhiana,-0.05164050092688133,97,0,NORMAL
388,89,2026-05-25 23:52:00,947.97,DEBIT,Flipkart,Bangalore,-0.4509975855997892,103,0,NORMAL
389,95,2026-05-17 22:01:00,2441.48,DEBIT,Apple,Hyderabad,-0.14179366487868497,113,0,NORMAL
390,51,2026-03-14 17:52:00,2182.19,CREDIT,Local Store,Ludhiana,-0.22532703365435366,108,0,NORMAL
391,24,2026-03-18 07:56:00,1470.41,DEBIT,Myntra,Hyderabad,-0.837926055847709,95,0,NORMAL
392,38,2026-05-29 23:08:00,3429.04,DEBIT,Myntra,Mumbai,0.5881151453261912,95,0,NORMAL
393,82,2026-05-18 06:11:00,1858.21,DEBIT,Walmart,Chandigarh,-0.26064125690695317,107,0,NORMAL
394,77,2026-07-04 10:50:00,3040.79,DEBIT,Swiggy,Ludhiana,0.29015858792657506,84,0,NORMAL
395,5,2026-01-31 22:35:00,2688.68,DEBIT,Walmart,Hyderabad,0.16617602299956116,87,0,NORMAL
396,32,2026-01-17 03:04:00,4878.88,DEBIT,Local Store,Pune,0.6209698701929626,107,0,NORMAL
397,87,2026-02-08 13:45:00,4159.07,CREDIT,Amazon,Delhi,0.6503683882456119,85,0,NORMAL
398,34,2026-07-23 03:49:00,1429.37,DEBIT,Local Store,Pune,-1.016252713862877,118,0,NORMAL
399,74,2026-07-02 05:08:00,1201.61,DEBIT,Uber,Bangalore,-0.34883101843434916,119,0,NORMAL
400,4,2026-02-01 06:12:00,3202.25,DEBIT,Walmart,Hyderabad,0.4594535625112838,105,0,NORMAL
401,94,2026-06-25 19:52:00,1018.68,DEBIT,Flipkart,Chandigarh,-0.4516767081785949,103,0,NORMAL
402,13,2026-04-27 02:40:00,3102.07,DEBIT,Walmart,Bangalore,0.22826364308715633,101,0,NORMAL
403,6,2026-03-01 20:08:00,5657.34,DEBIT,Netflix,Ludhiana,1.8714598482047529,117,0,NORMAL
404,23,2026-06-05 05:40:00,3943.63,DEBIT,Myntra,Mumbai,0.858026602401484,96,0,NORMAL
405,52,2026-03-13 20:14:00,3808.59,DEBIT,Myntra,Ludhiana,0.16476682962628095,116,0,NORMAL
406,55,2026-03-16 22:10:00,3008.02,DEBIT,Apple,Hyderabad,0.38086288232258847,118,0,NORMAL
407,91,2026-03-10 01:40:00,4582.12,CREDIT,Flipkart,Bangalore,0.053065980296465885,100,0,NORMAL
408,26,2026-06-28 05:10:00,2672.5,DEBIT,Shell,Pune,-0.006490700983663953,98,0,NORMAL
409,41,2026-06-16 16:50:00,2375.67,DEBIT,Local Store,Mumbai,-0.18555341886871285,100,0,NORMAL
410,87,2026-01-31 20:34:00,2889.98,DEBIT,Uber,Bangalore,-0.07693383411638588,85,0,NORMAL
411,16,2026-05-22 10:26:00,1855.75,DEBIT,Swiggy,Ludhiana,-0.2892595028167248,95,0,NORMAL
412,18,2026-06-27 04:35:00,3586.78,DEBIT,Shell,Pune,0.3699373361454878,96,0,NORMAL
413,83,2026-03-10 02:53:00,5016.62,DEBIT,Flipkart,Hyderabad,0.29197145488430803,101,0,NORMAL
414,58,2026-01-04 11:44:00,3727.29,CREDIT,Myntra,Mumbai,0.06366350533269546,99,0,NORMAL
415,25,2026-06-29 00:45:00,5373.31,DEBIT,Swiggy,Pune,1.7129999219011298,97,0,NORMAL
416,57,2026-01-12 05:39:00,2518.73,DEBIT,Netflix,Bangalore,-0.15854927027308183,107,0,NORMAL
417,5,2026-06-30 08:06:00,1480.63,DEBIT,Shell,Ludhiana,-0.6383355661399726,87,0,NORMAL
418,15,2026-07-17 17:44:00,2967.91,DEBIT,Flipkart,Ludhiana,-0.029679640955948033,91,0,NORMAL
419,97,2026-02-07 06:55:00,645.41,CREDIT,Netflix,Bangalore,-1.6609186518736219,96,0,NORMAL
420,5,2026-02-01 16:04:00,1745.51,DEBIT,Myntra,Hyderabad,-0.461936385864918,87,0,NORMAL
421,16,2026-05-08 15:51:00,4139.46,DEBIT,Local Store,Pune,0.36812771573118597,95,0,NORMAL
422,55,2026-03-17 05:28:00,1813.76,DEBIT,Netflix,Hyderabad,-0.5327800342316372,118,0,NORMAL
423,8,2026-04-17 13:04:00,2053.54,DEBIT,Apple,Ludhiana,-0.23319404800442922,91,0,NORMAL
424,35,2026-02-04 16:05:00,4460.92,DEBIT,Uber,Hyderabad,1.168846543209505,103,0,NORMAL
425,53,2026-02-18 07:28:00,6959.36,DEBIT,Netflix,Mumbai,0.8006223102993162,105,0,NORMAL
426,92,2026-05-23 23:28:00,1903.23,DEBIT,Myntra,Mumbai,-0.3149044336783693,119,0,NORMAL
427,74,2026-02-03 21:28:00,2782.42,DEBIT,Swiggy,Ludhiana,-0.16943557367066486,119,0,NORMAL
428,96,2026-05-15 08:59:00,1446.38,CREDIT,Myntra,Chandigarh,-0.8719951237472663,96,0,NORMAL
429,42,2026-06-16 21:59:00,4145.74,DEBIT,Flipkart,Hyderabad,0.18694562938487055,104,0,NORMAL
430,9,2026-06-06 10:16:00,2629.92,DEBIT,Netflix,Chandigarh,-0.13882527293627503,84,0,NORMAL
431,35,2026-06-26 16:56:00,1824.11,DEBIT,Flipkart,Pune,-0.7247798590361217,103,0,NORMAL
432,98,2026-06-17 07:53:00,938.77,DEBIT,Amazon,Delhi,-1.3426629088882225,114,0,NORMAL
433,21,2026-02-18 00:40:00,4050.74,DEBIT,Apple,Mumbai,0.07183373884512602,122,10,NORMAL
434,36,2026-01-31 00:12:00,922.49,DEBIT,Flipkart,Pune,-0.3528519012589526,85,0,NORMAL
435,84,2026-03-27 05:58:00,1033.51,DEBIT,Swiggy,Pune,-0.3430004618299698,95,0,NORMAL
436,12,2026-06-23 14:24:00,4141.16,DEBIT,Walmart,Mumbai,0.012766375056354489,99,0,NORMAL
437,76,2026-02-13 21:45:00,1495.78,DEBIT,Swiggy,Pune,-0.3756421572806094,74,0,NORMAL
438,17,2026-02-02 12:35:00,2567.78,DEBIT,Walmart,Delhi,-0.13867770569243432,97,0,NORMAL
439,41,2026-02-18 11:26:00,1992.92,CREDIT,Uber,Delhi,-0.26361192432743347,100,0,NORMAL
440,68,2026-03-01 18:04:00,3744.66,DEBIT,Myntra,Bangalore,0.1359304395763126,100,0,NORMAL
441,93,2026-06-11 01:36:00,1449.84,DEBIT,Netflix,Delhi,-0.9629269352612828,100,0,NORMAL
442,13,2026-05-20 19:43:00,495.3,DEBIT,Flipkart,Chandigarh,-1.5686519786373951,101,0,NORMAL
443,41,2026-04-14 17:40:00,4080.15,DEBIT,Amazon,Hyderabad,0.16206032739981796,100,0,NORMAL
444,85,2026-07-05 12:16:00,6038.19,DEBIT,Netflix,Pune,1.8878783092249023,89,0,NORMAL
445,51,2026-06-30 04:23:00,2750.39,CREDIT,Swiggy,Delhi,-0.13726118731264503,108,0,NORMAL
446,31,2026-07-12 08:14:00,3241.55,DEBIT,Amazon,Bangalore,-0.03332159538382834,104,0,NORMAL
447,41,2026-03-04 21:41:00,1321.29,DEBIT,Myntra,Hyderabad,-0.40058497206418214,100,0,NORMAL
448,10,2026-04-06 11:00:00,432.11,DEBIT,Netflix,Delhi,-0.4560397416043778,91,0,NORMAL
449,8,2026-06-01 06:06:00,3983.92,DEBIT,Swiggy,Pune,-0.011342150894190176,91,0,NORMAL
450,52,2026-02-25 14:08:00,977.91,DEBIT,Apple,Delhi,-0.4198978922580887,116,0,NORMAL
451,40,2026-04-29 23:11:00,1364.46,DEBIT,Swiggy,Ludhiana,-0.3165037908915371,109,0,NORMAL
452,82,2026-01-25 01:43:00,2665.7,DEBIT,Apple,Pune,-0.12582710045586365,107,0,NORMAL
453,56,2026-06-08 04:34:00,3971.0,DEBIT,Walmart,Chandigarh,0.23948128450337733,101,0,NORMAL
454,79,2026-03-05 22:49:00,3009.83,DEBIT,Walmart,Delhi,0.21532335105154501,122,10,NORMAL
455,91,2026-07-08 07:33:00,1443.85,DEBIT,Apple,Mumbai,-0.32376544774965416,100,0,NORMAL
456,48,2026-04-08 20:29:00,1093.54,CREDIT,Walmart,Hyderabad,-0.36342759857273704,102,0,NORMAL
457,4,2026-01-29 01:26:00,1455.44,DEBIT,Myntra,Chandigarh,-0.9389391726884818,105,0,NORMAL
458,66,2026-07-26 09:31:00,2398.01,DEBIT,Uber,Bangalore,-0.2997095665263641,95,0,NORMAL
459,21,2026-03-25 03:49:00,2077.57,DEBIT,Shell,Delhi,-0.24527966580627641,122,10,NORMAL
460,6,2026-01-17 17:47:00,5222.67,DEBIT,Myntra,Bangalore,1.5942897879402753,117,0,NORMAL
461,50,2026-06-02 16:30:00,5913.52,DEBIT,Netflix,Bangalore,0.2639085268044407,118,0,NORMAL
462,32,2026-04-09 18:17:00,3732.82,DEBIT,Walmart,Ludhiana,0.257173498893625,107,0,NORMAL
463,48,2026-07-07 18:54:00,997.78,DEBIT,Amazon,Chandigarh,-0.37473193166216184,102,0,NORMAL
464,9,2026-04-24 02:55:00,4122.4,CREDIT,Flipkart,Delhi,0.2755921163388727,84,0,NORMAL
465,71,2026-03-30 07:43:00,2194.87,CREDIT,Myntra,Bangalore,-0.2704214480085989,99,0,NORMAL
466,76,2026-03-13 03:37:00,5615.5,CREDIT,Shell,Hyderabad,0.4747125973393646,74,0,NORMAL
467,32,2026-01-04 11:50:00,1236.56,DEBIT,Flipkart,Delhi,-0.5352198573178164,107,0,NORMAL
468,98,2026-04-22 23:04:00,3379.49,CREDIT,Walmart,Mumbai,0.4573715249067158,114,0,NORMAL
469,68,2026-02-21 20:04:00,2175.96,CREDIT,Apple,Delhi,-0.24081427586586407,100,0,NORMAL
470,6,2026-07-09 05:43:00,6075.02,CREDIT,Swiggy,Pune,2.137796128075154,117,40,REVIEW
471,48,2026-05-24 13:53:00,2551.91,DEBIT,Walmart,Ludhiana,-0.19126907468359303,102,0,NORMAL
472,73,2026-02-17 14:08:00,523.08,DEBIT,Netflix,Bangalore,-1.2463769443555432,111,0,NORMAL
473,34,2026-04-29 18:49:00,5295.8,CREDIT,Flipkart,Chandigarh,1.734381636491992,118,0,NORMAL
474,35,2026-02-19 13:21:00,1377.6,CREDIT,Local Store,Delhi,-1.045441235800733,103,0,NORMAL
475,20,2026-05-11 10:45:00,774.27,DEBIT,Netflix,Chandigarh,-0.35504262172182793,98,0,NORMAL
476,40,2026-02-02 22:06:00,2759.91,CREDIT,Uber,Hyderabad,-0.07924250449091949,109,0,NORMAL
477,88,2026-04-30 08:18:00,1690.57,DEBIT,Uber,Delhi,-0.2578639348755785,104,0,NORMAL
478,92,2026-07-06 22:40:00,1089.39,DEBIT,Amazon,Pune,-0.48495725798077816,119,0,NORMAL
479,39,2026-06-14 15:23:00,1775.53,DEBIT,Shell,Pune,-0.3020336205032348,101,0,NORMAL
480,71,2026-02-20 21:31:00,1618.36,DEBIT,Walmart,Delhi,-0.658627745720241,99,0,NORMAL
481,8,2026-05-16 12:40:00,4793.94,CREDIT,Walmart,Ludhiana,0.08175064622204378,91,0,NORMAL
482,76,2026-01-08 22:29:00,1640.61,CREDIT,Walmart,Mumbai,-0.34574767923073935,74,0,NORMAL
483,83,2026-05-01 17:07:00,3429.68,CREDIT,Walmart,Delhi,0.04477064502514835,101,0,NORMAL
484,60,2026-06-07 16:58:00,1013.67,CREDIT,Swiggy,Chandigarh,-0.5189519012801681,106,0,NORMAL
485,4,2026-04-11 02:49:00,1757.13,CREDIT,Apple,Chandigarh,-0.6974240083131821,105,0,NORMAL
486,20,2026-03-31 11:42:00,724.08,DEBIT,Apple,Chandigarh,-0.36034691788298434,98,0,NORMAL
487,53,2026-06-02 15:19:00,3997.53,DEBIT,Netflix,Pune,0.15846467600444622,105,0,NORMAL
488,68,2026-07-17 22:32:00,1643.98,CREDIT,Amazon,Chandigarh,-0.3685765336085358,100,0,NORMAL
489,92,2026-07-02 21:58:00,1530.54,CREDIT,Flipkart,Chandigarh,-0.39277844710762416,119,0,NORMAL
490,35,2026-03-21 17:49:00,1205.12,DEBIT,Amazon,Hyderabad,-1.1693078328855915,103,0,NORMAL
491,100,2026-03-26 17:54:00,1943.68,DEBIT,Uber,Delhi,-0.5234888174229756,87,0,NORMAL
492,32,2026-01-21 08:32:00,2545.43,DEBIT,Netflix,Ludhiana,-0.11974234610325178,107,0,NORMAL
493,50,2026-04-26 18:45:00,2634.97,DEBIT,Flipkart,Ludhiana,-0.14513118526063806,118,0,NORMAL
494,4,2026-07-26 16:12:00,2166.3,DEBIT,Local Store,Mumbai,-0.3698667150404803,105,0,NORMAL
495,73,2026-07-17 09:09:00,5894.01,CREDIT,Apple,Mumbai,2.3845681226699935,111,40,REVIEW
496,63,2026-03-21 15:58:00,409.26,DEBIT,Amazon,Ludhiana,-1.5697425386508153,88,0,NORMAL
497,62,2026-03-06 14:40:00,576.46,DEBIT,Flipkart,Delhi,-1.4428567715950273,102,0,NORMAL
498,3,2026-02-21 13:46:00,1068.36,DEBIT,Walmart,Hyderabad,-0.34754919457713274,94,0,NORMAL
499,68,2026-05-25 00:46:00,5398.12,CREDIT,Local Store,Delhi,0.5330314258675228,100,0,NORMAL
500,44,2026-02-27 08:17:00,1747.75,DEBIT,Swiggy,Hyderabad,-0.2751849659154163,99,0,NORMAL
501,82,2026-05-10 21:59:00,4381.38,CREDIT,Netflix,Pune,0.16061353898240233,107,0,NORMAL
502,76,2026-04-18 05:31:00,3645.79,DEBIT,Uber,Mumbai,0.06814315482324482,74,0,NORMAL
503,94,2026-07-26 14:44:00,458.89,CREDIT,Amazon,Mumbai,-0.5456800307719872,103,0,NORMAL
504,78,2026-03-22 10:12:00,1330.44,CREDIT,Local Store,Delhi,-0.5707178736105774,102,0,NORMAL
505,64,2026-03-03 03:01:00,1126.79,CREDIT,Walmart,Hyderabad,-1.0318190255772628,110,0,NORMAL
506,91,2026-05-03 05:49:00,2867.47,DEBIT,Myntra,Delhi,-0.15282261695593108,100,0,NORMAL
507,34,2026-01-01 11:11:00,1326.4,CREDIT,Amazon,Chandigarh,-1.089507064531592,118,0,NORMAL
508,57,2026-05-31 17:45:00,2970.47,CREDIT,Myntra,Chandigarh,-0.09092701467445075,107,0,NORMAL
509,45,2026-03-24 03:10:00,3636.09,CREDIT,Uber,Chandigarh,0.034763212407102,97,0,NORMAL
510,10,2026-01-08 07:26:00,4792.72,DEBIT,Flipkart,Bangalore,0.07311711072491049,91,0,NORMAL
511,14,2026-07-19 04:09:00,931.24,DEBIT,Walmart,Bangalore,-0.3837952176248811,112,0,NORMAL
512,77,2026-01-12 06:49:00,5982.88,CREDIT,Swiggy,Pune,2.2668612137084687,84,40,REVIEW
513,22,2026-03-11 04:06:00,2987.36,DEBIT,Swiggy,Pune,-0.10702706588361963,108,0,NORMAL
514,71,2026-04-07 13:55:00,3874.11,DEBIT,Apple,Bangalore,0.860333514384591,99,0,NORMAL
515,31,2026-01-20 20:16:00,701.56,DEBIT,Flipkart,Delhi,-0.38715376573611293,104,0,NORMAL
516,55,2026-06-24 21:10:00,1070.35,CREDIT,Netflix,Delhi,-1.1015098590566978,118,0,NORMAL
517,4,2026-02-12 01:19:00,796.02,DEBIT,Apple,Hyderabad,-1.4668318098072466,105,0,NORMAL
518,51,2026-04-07 11:38:00,1246.08,CREDIT,Walmart,Pune,-0.37041559299778365,108,0,NORMAL
519,70,2026-01-17 05:52:00,1864.91,DEBIT,Apple,Chandigarh,-0.7221503418483108,90,0,NORMAL
520,60,2026-07-25 10:27:00,1984.53,CREDIT,Amazon,Mumbai,-0.29942035436642966,106,0,NORMAL
521,97,2026-05-31 17:28:00,4742.03,CREDIT,Local Store,Mumbai,1.2530372383323678,96,0,NORMAL
522,71,2026-07-10 06:23:00,938.6,DEBIT,Swiggy,Ludhiana,-1.1163598109618948,99,0,NORMAL
523,88,2026-01-29 17:55:00,2156.29,DEBIT,Swiggy,Hyderabad,-0.20964325367080336,104,0,NORMAL
524,92,2026-07-08 04:01:00,709.67,DEBIT,Local Store,Pune,-0.5643001981706322,119,0,NORMAL
525,80,2026-03-02 20:42:00,1465.11,CREDIT,Netflix,Hyderabad,-0.32579793076505176,84,0,NORMAL
526,25,2026-06-08 12:31:00,976.47,DEBIT,Netflix,Hyderabad,-1.1480302061528322,97,0,NORMAL
527,81,2026-01-25 09:33:00,953.95,DEBIT,Walmart,Chandigarh,-0.4050717057053127,105,0,NORMAL
528,72,2026-04-11 13:28:00,2005.73,DEBIT,Shell,Chandigarh,-0.5501206487389512,98,0,NORMAL
529,2,2026-05-31 21:27:00,3160.62,DEBIT,Uber,Mumbai,0.23457830211076144,117,0,NORMAL
530,73,2026-02-06 11:35:00,2477.81,CREDIT,Walmart,Ludhiana,0.07509200997207365,111,0,NORMAL
531,100,2026-05-30 14:24:00,888.01,DEBIT,Apple,Chandigarh,-1.266055843694884,87,0,NORMAL
532,84,2026-01-14 15:22:00,3495.3,DEBIT,Uber,Bangalore,-0.040360447726715036,95,0,NORMAL
533,52,2026-05-01 16:38:00,805.01,DEBIT,Netflix,Delhi,-0.45560964011154004,116,0,NORMAL
534,96,2026-05-16 14:26:00,1998.35,DEBIT,Amazon,Bangalore,-0.5281946753369628,96,0,NORMAL
535,39,2026-03-24 23:55:00,2416.26,DEBIT,Uber,Bangalore,-0.14925011522672127,101,0,NORMAL
536,96,2026-04-09 02:13:00,1465.39,CREDIT,Swiggy,Ludhiana,-0.8601545408817485,96,0,NORMAL
537,83,2026-06-26 09:16:00,436.13,DEBIT,Shell,Hyderabad,-0.4215406108218826,101,0,NORMAL
538,48,2026-02-27 21:07:00,5025.23,DEBIT,Walmart,Bangalore,0.10070286680279086,102,0,NORMAL
539,91,2026-01-11 12:57:00,3673.91,CREDIT,Uber,Mumbai,-0.05598839401350958,100,0,NORMAL
540,26,2026-06-16 04:30:00,5834.0,DEBIT,Amazon,Bangalore,2.0246936854834945,98,40,REVIEW
541,91,2026-02-15 02:25:00,1132.05,DEBIT,Amazon,Mumbai,-0.36120519616670566,100,0,NORMAL
542,48,2026-06-22 18:57:00,3254.47,DEBIT,Local Store,Ludhiana,-0.10833285647864022,102,0,NORMAL
543,45,2026-02-02 21:51:00,2256.54,CREDIT,Apple,Delhi,-0.17001937019656652,97,0,NORMAL
544,50,2026-03-20 00:44:00,604.19,CREDIT,Netflix,Pune,-0.39849613820249363,118,0,NORMAL
545,29,2026-01-04 05:45:00,3440.67,DEBIT,Myntra,Mumbai,0.5436903023159785,99,0,NORMAL
546,83,2026-03-23 11:19:00,1605.36,CREDIT,Apple,Ludhiana,-0.2394073210241428,101,0,NORMAL
547,40,2026-05-07 23:04:00,3519.47,CREDIT,Myntra,Bangalore,0.049901630159876385,109,0,NORMAL
548,28,2026-05-25 14:22:00,2095.31,DEBIT,Local Store,Delhi,-0.535219117986826,98,0,NORMAL
549,1,2026-04-13 22:04:00,2096.15,DEBIT,Apple,Pune,-0.2214182079718735,112,0,NORMAL
550,14,2026-04-11 15:56:00,1573.59,DEBIT,Flipkart,Hyderabad,-0.29336834110699384,112,0,NORMAL
551,36,2026-02-24 14:06:00,1461.15,DEBIT,Shell,Hyderabad,-0.2799317307401033,85,0,NORMAL
552,31,2026-05-28 03:03:00,2218.96,CREDIT,Flipkart,Pune,-0.17577303774405129,104,0,NORMAL
553,18,2026-06-02 09:28:00,1932.33,DEBIT,Swiggy,Chandigarh,-0.7451173399823108,96,0,NORMAL
554,95,2026-07-28 06:34:00,186.97,DEBIT,Netflix,Bangalore,-1.5769745360014418,113,0,NORMAL
555,93,2026-05-11 12:35:00,3194.88,DEBIT,Shell,Bangalore,0.1938904062027667,100,0,NORMAL
556,22,2026-03-07 22:47:00,2876.47,CREDIT,Apple,Delhi,-0.12542139344360625,108,0,NORMAL
557,61,2026-03-08 15:40:00,1049.19,CREDIT,Flipkart,Pune,-0.5819444350456753,81,0,NORMAL
558,12,2026-04-22 19:21:00,2180.84,DEBIT,Swiggy,Hyderabad,-0.2262332356802209,99,0,NORMAL
559,43,2026-01-20 13:02:00,1651.76,DEBIT,Local Store,Ludhiana,-0.28899604965270514,97,0,NORMAL
560,80,2026-07-02 05:14:00,703.2,CREDIT,Walmart,Hyderabad,-0.4400394604807139,84,0,NORMAL
561,88,2026-02-20 00:18:00,2162.21,CREDIT,Netflix,Bangalore,-0.20903029645889004,104,0,NORMAL
562,53,2026-06-16 14:19:00,5335.44,CREDIT,Uber,Bangalore,0.4485384211212994,105,0,NORMAL
563,92,2026-04-25 02:39:00,1569.3,CREDIT,Amazon,Delhi,-0.38467949956269964,119,0,NORMAL
564,58,2026-03-03 09:17:00,1920.09,CREDIT,Local Store,Hyderabad,-0.24846407917684782,99,0,NORMAL
565,21,2026-06-06 08:14:00,2727.8,DEBIT,Swiggy,Chandigarh,-0.14077947114160919,122,10,NORMAL
566,62,2026-03-14 14:30:00,1986.99,DEBIT,Flipkart,Delhi,-0.4420847420021841,102,0,NORMAL
567,42,2026-04-01 14:14:00,3723.66,DEBIT,Netflix,Pune,0.09822267008852312,104,0,NORMAL
568,45,2026-07-03 06:13:00,1886.87,DEBIT,Local Store,Bangalore,-0.22489376932026495,97,0,NORMAL
569,22,2026-07-09 10:20:00,1257.28,DEBIT,Local Store,Ludhiana,-0.39401108811268953,108,0,NORMAL
570,44,2026-02-18 17:04:00,2874.37,DEBIT,Flipkart,Chandigarh,-0.1465731189235972,99,0,NORMAL
571,46,2026-01-07 23:06:00,4951.53,CREDIT,Netflix,Mumbai,0.27251240591415177,94,0,NORMAL
572,94,2026-01-08 23:28:00,7243.5,DEBIT,Local Store,Ludhiana,0.5936327159729627,103,0,NORMAL
573,22,2026-04-04 03:07:00,941.21,DEBIT,Shell,Ludhiana,-0.44644047860673725,108,0,NORMAL
574,7,2026-02-09 08:42:00,1808.56,DEBIT,Amazon,Delhi,-0.25704996640866357,93,0,NORMAL
575,89,2026-02-25 18:02:00,897.88,DEBIT,Netflix,Pune,-0.4604761856876387,103,0,NORMAL
576,88,2026-02-06 18:22:00,3483.27,DEBIT,Shell,Bangalore,-0.07224765213959898,104,0,NORMAL
577,80,2026-02-12 20:46:00,4214.7,DEBIT,Apple,Delhi,0.08647827993028971,84,0,NORMAL
578,14,2026-04-06 18:04:00,3719.62,DEBIT,Shell,Mumbai,0.008739216787739316,112,0,NORMAL
579,46,2026-03-17 14:51:00,3592.42,DEBIT,Myntra,Bangalore,0.04957535441647378,94,0,NORMAL
580,31,2026-02-10 04:57:00,547.17,DEBIT,Local Store,Pune,-0.4086609955994939,104,0,NORMAL
581,64,2026-02-06 21:05:00,1467.05,DEBIT,Apple,Pune,-0.8066016224176902,110,0,NORMAL
582,30,2026-03-30 00:39:00,43666.58,DEBIT,Swiggy,Mumbai,8.988625078808962,92,90,HIGH
583,13,2026-04-24 20:28:00,5589.42,DEBIT,Swiggy,Pune,1.9428598950374867,101,0,NORMAL
584,15,2026-01-17 16:59:00,605.12,CREDIT,Amazon,Hyderabad,-0.5626436407773648,91,0,NORMAL
585,18,2026-04-08 16:31:00,3877.62,DEBIT,Walmart,Bangalore,0.5659556516007802,96,0,NORMAL
586,44,2026-06-16 05:17:00,1596.02,DEBIT,Apple,Hyderabad,-0.292506046265551,99,0,NORMAL
587,50,2026-03-02 17:20:00,2670.19,CREDIT,Walmart,Mumbai,-0.14073705411762297,118,0,NORMAL
588,90,2026-02-28 00:49:00,3903.23,CREDIT,Walmart,Chandigarh,-0.0753391500873315,93,0,NORMAL
589,76,2026-05-11 13:29:00,2020.97,DEBIT,Local Store,Delhi,-0.2672372623899702,74,0,NORMAL
590,88,2026-02-17 13:41:00,3957.22,DEBIT,Myntra,Chandigarh,-0.023174836162180867,104,0,NORMAL
591,15,2026-01-05 12:00:00,4115.63,DEBIT,Shell,Hyderabad,0.22920643942996718,91,0,NORMAL
592,96,2026-05-04 04:06:00,3196.83,DEBIT,Shell,Ludhiana,0.21829147682851846,96,0,NORMAL
593,89,2026-05-06 21:12:00,4763.43,DEBIT,Swiggy,Mumbai,0.2710071956177511,103,0,NORMAL
594,72,2026-01-05 05:45:00,5450.33,DEBIT,Uber,Ludhiana,1.586749122750914,98,0,NORMAL
595,61,2026-03-29 16:56:00,4624.84,DEBIT,Flipkart,Bangalore,0.3735665578380537,81,0,NORMAL
596,7,2026-05-18 20:35:00,2580.54,DEBIT,Swiggy,Hyderabad,-0.12322241660652297,93,0,NORMAL
597,31,2026-07-01 11:34:00,592.92,DEBIT,Myntra,Bangalore,-0.4022878123217578,104,0,NORMAL
598,16,2026-01-07 11:16:00,5463.5,DEBIT,Walmart,Chandigarh,0.749264976086562,95,0,NORMAL
599,53,2026-04-21 21:37:00,366.73,CREDIT,Shell,Ludhiana,-0.6287330830154213,105,0,NORMAL
600,27,2026-05-05 02:25:00,2956.62,DEBIT,Flipkart,Hyderabad,0.14174968478017286,90,0,NORMAL
601,7,2026-06-22 06:18:00,4698.25,CREDIT,Flipkart,Pune,0.2438958254353578,93,0,NORMAL
602,58,2026-03-22 17:39:00,824.39,CREDIT,Amazon,Bangalore,-0.4377061079213734,99,0,NORMAL
603,46,2026-02-08 17:03:00,5092.32,DEBIT,Amazon,Mumbai,0.2956064214687118,94,0,NORMAL
604,64,2026-05-29 23:44:00,1079.9,DEBIT,Walmart,Bangalore,-1.0628554213750419,110,0,NORMAL
605,79,2026-03-11 09:18:00,1871.84,DEBIT,Flipkart,Delhi,-0.565942854052575,122,10,NORMAL
606,97,2026-02-14 20:42:00,3160.54,CREDIT,Myntra,Chandigarh,0.12811178739919107,96,0,NORMAL
607,85,2026-01-18 16:25:00,1122.08,DEBIT,Shell,Chandigarh,-1.085103896458437,89,0,NORMAL
608,75,2026-03-06 12:25:00,2627.78,DEBIT,Local Store,Mumbai,-0.1903636600587045,89,0,NORMAL
609,94,2026-04-28 04:18:00,5382.53,DEBIT,Shell,Chandigarh,0.2811273778164659,103,0,NORMAL
610,54,2026-04-01 09:08:00,5995.69,CREDIT,Apple,Chandigarh,0.22274539006047725,89,0,NORMAL
611,44,2026-07-06 12:29:00,4244.52,DEBIT,Apple,Hyderabad,0.009839444456993479,99,0,NORMAL
612,90,2026-07-21 13:16:00,3080.93,DEBIT,Netflix,Mumbai,-0.14362006377222813,93,0,NORMAL
613,27,2026-03-06 17:45:00,3116.73,DEBIT,Shell,Ludhiana,0.2554434130145858,90,0,NORMAL
614,89,2026-05-09 05:54:00,4115.41,DEBIT,Shell,Chandigarh,0.14838147333928647,103,0,NORMAL
615,75,2026-07-14 09:18:00,2671.33,DEBIT,Apple,Hyderabad,-0.18317279326803967,89,0,NORMAL
616,55,2026-01-10 04:49:00,3204.48,DEBIT,Swiggy,Mumbai,0.5311603781662433,118,0,NORMAL
617,7,2026-04-15 08:29:00,3969.42,DEBIT,Apple,Mumbai,0.1175485973694829,93,0,NORMAL
618,8,2026-07-17 00:50:00,5036.06,DEBIT,Amazon,Bangalore,0.10957666044117745,91,0,NORMAL
619,58,2026-07-24 08:27:00,1227.39,CREDIT,Swiggy,Mumbai,-0.3681026237705622,99,0,NORMAL
620,66,2026-04-15 17:25:00,2811.08,CREDIT,Amazon,Chandigarh,-0.02153658767406838,95,0,NORMAL
621,50,2026-01-20 14:07:00,2588.6,CREDIT,Amazon,Pune,-0.15091641697845773,118,0,NORMAL
622,33,2026-06-11 07:33:00,891.84,CREDIT,Netflix,Pune,-0.34271156920831797,91,0,NORMAL
623,91,2026-03-13 12:46:00,2863.68,DEBIT,Netflix,Bangalore,-0.15327770562334808,100,0,NORMAL
624,58,2026-03-10 01:49:00,1617.87,DEBIT,Uber,Pune,-0.30066151088915094,99,0,NORMAL
625,66,2026-02-28 14:13:00,1240.05,DEBIT,Local Store,Hyderabad,-1.079512463352095,95,0,NORMAL
626,33,2026-02-26 08:42:00,552.24,DEBIT,Amazon,Mumbai,-0.37839513418231663,91,0,NORMAL
627,42,2026-04-20 15:31:00,3351.28,CREDIT,Myntra,Hyderabad,0.01994685606565107,104,0,NORMAL
628,74,2026-04-26 17:29:00,1944.76,DEBIT,Shell,Mumbai,-0.2644959466824422,119,0,NORMAL
629,24,2026-05-27 21:06:00,2937.31,DEBIT,Walmart,Bangalore,0.09724824960210358,95,0,NORMAL
630,29,2026-05-01 12:54:00,3833.06,DEBIT,Flipkart,Bangalore,0.7966642610773484,99,0,NORMAL
631,28,2026-01-04 04:55:00,3778.47,DEBIT,Walmart,Pune,0.6129614285642736,98,0,NORMAL
632,45,2026-03-30 18:35:00,2024.47,CREDIT,Amazon,Pune,-0.20446820782103345,97,0,NORMAL
633,42,2026-04-13 23:23:00,2293.98,DEBIT,Amazon,Ludhiana,-0.20230197084874474,104,0,NORMAL
634,99,2026-06-12 05:20:00,1930.28,CREDIT,Myntra,Delhi,-0.3085489240287684,103,0,NORMAL
635,38,2026-03-02 22:43:00,5024.29,CREDIT,Shell,Ludhiana,1.7503132827218664,95,0,NORMAL
636,1,2026-03-19 14:45:00,4254.13,DEBIT,Swiggy,Hyderabad,0.009827008162185891,112,0,NORMAL
637,14,2026-06-08 11:09:00,1772.56,DEBIT,Walmart,Pune,-0.26535832223758604,112,0,NORMAL
638,88,2026-05-01 18:34:00,653.32,DEBIT,Amazon,Delhi,-0.36526087204738344,104,0,NORMAL
639,10,2026-03-24 21:11:00,809.42,DEBIT,Apple,Chandigarh,-0.4102534474959013,91,0,NORMAL
640,50,2026-04-26 04:46:00,1752.71,DEBIT,Amazon,Chandigarh,-0.25520404563078225,118,0,NORMAL
641,87,2026-01-17 13:43:00,1444.07,DEBIT,Walmart,Bangalore,-0.9055697514551377,85,0,NORMAL
642,65,2026-04-20 17:14:00,992.07,CREDIT,Local Store,Delhi,-0.3353442479908026,112,0,NORMAL
643,37,2026-06-22 13:46:00,3029.96,DEBIT,Uber,Ludhiana,0.24159757904517798,87,0,NORMAL
644,29,2026-07-18 16:36:00,1220.27,DEBIT,Apple,Pune,-0.8878022893243438,99,0,NORMAL
645,19,2026-05-16 20:27:00,2746.47,CREDIT,Amazon,Ludhiana,-0.08369221252445569,98,0,NORMAL
646,72,2026-05-24 11:32:00,655.93,DEBIT,Shell,Ludhiana,-1.3874738443369947,98,0,NORMAL
647,11,2026-05-31 05:49:00,1860.28,DEBIT,Shell,Mumbai,-0.2531217565171876,118,0,NORMAL
648,21,2026-04-03 00:29:00,610.0,DEBIT,Netflix,Delhi,-0.48113674819870017,122,10,NORMAL
649,24,2026-07-19 19:56:00,3251.06,CREDIT,Myntra,Pune,0.29726934056595844,95,0,NORMAL
650,71,2026-04-02 06:32:00,800.71,DEBIT,Walmart,Mumbai,-1.2092112209833312,99,0,NORMAL
651,93,2026-03-27 09:22:00,3810.53,DEBIT,Walmart,Bangalore,0.602015490024537,100,0,NORMAL
652,80,2026-06-26 21:31:00,756.78,DEBIT,Myntra,Bangalore,-0.4320056229380052,84,0,NORMAL
653,79,2026-04-26 04:09:00,3294.01,DEBIT,Swiggy,Mumbai,0.4104219285139911,122,10,NORMAL
654,1,2026-06-08 18:54:00,1652.1,CREDIT,Apple,Hyderabad,-0.2690017992119819,112,0,NORMAL
655,47,2026-05-11 14:43:00,1043.92,DEBIT,Apple,Chandigarh,-0.4423795934722112,103,0,NORMAL
656,71,2026-01-30 20:17:00,485.22,DEBIT,Apple,Hyderabad,-1.4216536848868992,99,0,NORMAL
657,18,2026-01-28 10:51:00,5116.56,DEBIT,Amazon,Hyderabad,1.400967794876053,96,0,NORMAL
658,65,2026-05-28 12:07:00,4625.03,CREDIT,Local Store,Mumbai,0.14733523558876133,112,0,NORMAL
659,5,2026-02-24 02:46:00,360.62,DEBIT,Flipkart,Chandigarh,-1.3842161380965716,87,0,NORMAL
660,29,2026-04-16 22:47:00,3400.51,DEBIT,Uber,Chandigarh,0.5177991374446602,99,0,NORMAL
661,65,2026-03-02 09:09:00,2138.68,DEBIT,Shell,Mumbai,-0.18300424901829432,112,0,NORMAL
662,58,2026-07-26 00:08:00,1433.46,DEBIT,Uber,Pune,-0.3325115816391536,99,0,NORMAL
663,94,2026-01-23 21:17:00,2378.85,DEBIT,Apple,Bangalore,-0.22326873502463634,103,0,NORMAL
664,30,2026-05-12 12:39:00,786.99,DEBIT,Swiggy,Chandigarh,-0.5022250238221422,92,0,NORMAL
665,59,2026-07-09 19:49:00,6031.42,DEBIT,Apple,Hyderabad,0.3342656879157878,92,0,NORMAL
666,95,2026-03-05 07:07:00,1836.06,DEBIT,Swiggy,Pune,-0.5271932430553795,113,0,NORMAL
667,49,2026-05-18 00:24:00,1562.74,DEBIT,Netflix,Ludhiana,-0.5691253997370973,95,0,NORMAL
668,52,2026-06-27 06:15:00,1273.68,CREDIT,Myntra,Ludhiana,-0.3588078768583473,116,0,NORMAL
669,1,2026-04-13 05:45:00,3024.83,DEBIT,Netflix,Mumbai,-0.12190254641830107,112,0,NORMAL
670,24,2026-02-13 01:59:00,1347.39,DEBIT,Netflix,Chandigarh,-0.9163534490281819,95,0,NORMAL
671,43,2026-02-28 16:59:00,2680.6,DEBIT,Swiggy,Delhi,-0.08208647884779711,97,0,NORMAL
672,32,2026-02-28 15:58:00,717.11,DEBIT,Uber,Pune,-0.7001100245616264,107,0,NORMAL
673,66,2026-03-07 13:11:00,624.81,DEBIT,Shell,Chandigarh,-1.4938324176191358,95,0,NORMAL
674,77,2026-04-14 04:51:00,4680.75,DEBIT,Walmart,Mumbai,1.391998857319175,84,0,NORMAL
675,58,2026-05-30 13:20:00,2318.7,DEBIT,Local Store,Mumbai,-0.17961880667720803,99,0,NORMAL
676,75,2026-07-05 23:28:00,4406.68,DEBIT,Apple,Mumbai,0.1033638470346085,89,0,NORMAL
677,93,2026-05-18 16:51:00,4651.88,DEBIT,Swiggy,Mumbai,1.1597610260814628,100,0,NORMAL
678,14,2026-07-03 15:09:00,483.82,DEBIT,Swiggy,Hyderabad,-0.4467808066209629,112,0,NORMAL
679,20,2026-07-13 11:42:00,3989.37,DEBIT,Shell,Hyderabad,-0.01525695549879833,98,0,NORMAL
680,16,2026-07-16 08:21:00,1363.74,DEBIT,Amazon,Hyderabad,-0.43088916919194653,95,0,NORMAL
681,87,2026-07-12 21:36:00,2606.62,DEBIT,Swiggy,Mumbai,-0.23932449019948152,85,0,NORMAL
682,62,2026-02-05 13:51:00,3918.43,DEBIT,Swiggy,Mumbai,0.9282732998946922,102,0,NORMAL
683,33,2026-07-17 23:11:00,2790.79,DEBIT,Swiggy,Bangalore,-0.14317886688978268,91,0,NORMAL
684,25,2026-01-03 14:09:00,782.68,DEBIT,Local Store,Ludhiana,-1.2741296385896683,97,0,NORMAL
685,16,2026-05-29 20:32:00,2498.53,CREDIT,Flipkart,Delhi,-0.10422928604742128,95,0,NORMAL
686,20,2026-04-06 03:17:00,2707.06,DEBIT,Shell,Chandigarh,-0.15077701946397923,98,0,NORMAL
687,73,2026-05-31 10:50:00,2015.81,CREDIT,Shell,Hyderabad,-0.23723688296933462,111,0,NORMAL
688,72,2026-07-22 00:53:00,3667.03,DEBIT,Myntra,Bangalore,0.4804726716396454,98,0,NORMAL
689,40,2026-02-13 08:35:00,3217.67,DEBIT,Netflix,Chandigarh,-0.0014118932452662773,109,0,NORMAL
690,90,2026-07-05 01:58:00,3583.4,DEBIT,Swiggy,Hyderabad,-0.10189671377922069,93,0,NORMAL
691,44,2026-05-22 16:02:00,2928.49,DEBIT,Amazon,Hyderabad,-0.14039492826552505,99,0,NORMAL
692,12,2026-06-08 12:23:00,3156.02,DEBIT,Walmart,Delhi,-0.10734058529758257,99,0,NORMAL
693,34,2026-05-26 20:53:00,1589.0,DEBIT,Local Store,Pune,-0.9026896178422201,118,0,NORMAL
694,67,2026-01-21 22:07:00,1848.92,CREDIT,Uber,Pune,-0.2804098595405005,98,0,NORMAL
695,64,2026-04-15 03:09:00,2745.83,CREDIT,Netflix,Delhi,0.039820263235628456,110,0,NORMAL
696,77,2026-03-03 16:57:00,3773.67,DEBIT,Amazon,Bangalore,0.7825588273424442,84,0,NORMAL
697,31,2026-05-26 10:18:00,3810.68,DEBIT,Flipkart,Pune,0.045960804591209194,104,0,NORMAL
698,51,2026-01-06 14:16:00,2286.77,DEBIT,Walmart,Delhi,-0.2091180822104679,108,0,NORMAL
699,71,2026-04-11 16:09:00,2255.02,DEBIT,Netflix,Ludhiana,-0.22991805898264048,99,0,NORMAL
700,25,2026-01-02 16:38:00,1306.71,DEBIT,Apple,Mumbai,-0.9331425619609717,97,0,NORMAL
701,53,2026-02-12 14:26:00,2011.71,DEBIT,Shell,Bangalore,-0.2720831519719869,105,0,NORMAL
702,69,2026-06-11 04:58:00,3716.28,DEBIT,Swiggy,Ludhiana,-0.07762399307609684,112,0,NORMAL
703,62,2026-06-17 17:50:00,4083.48,DEBIT,Local Store,Hyderabad,1.04537639127474,102,0,NORMAL
704,4,2026-05-20 07:50:00,969.58,DEBIT,Netflix,Pune,-1.3278899425628004,105,0,NORMAL
705,90,2026-01-04 12:57:00,1150.57,DEBIT,Apple,Mumbai,-0.30391040128989455,93,0,NORMAL
706,37,2026-05-05 12:22:00,1443.19,DEBIT,Walmart,Ludhiana,-0.8251111487687954,87,0,NORMAL
707,23,2026-03-11 05:42:00,1795.65,DEBIT,Myntra,Pune,-0.5836824862247162,96,0,NORMAL
708,26,2026-04-07 15:08:00,2213.5,DEBIT,Netflix,Mumbai,-0.301386678648831,98,0,NORMAL
709,26,2026-02-13 15:30:00,4772.71,CREDIT,Walmart,Pune,1.3428415021800844,98,0,NORMAL
710,85,2026-07-17 03:28:00,2171.21,DEBIT,Amazon,Hyderabad,-0.4506500657979021,89,0,NORMAL
711,62,2026-04-11 00:39:00,1707.03,CREDIT,Myntra,Mumbai,-0.6407165594075653,102,0,NORMAL
712,98,2026-03-22 20:40:00,6885.97,DEBIT,Local Store,Mumbai,3.043405458095806,114,70,HIGH
713,7,2026-05-07 10:39:00,1362.03,DEBIT,Swiggy,Hyderabad,-0.3344587280516463,93,0,NORMAL
714,88,2026-02-13 19:47:00,5089.18,DEBIT,Shell,Chandigarh,0.09402838099954136,104,0,NORMAL
715,41,2026-04-29 11:42:00,4219.19,DEBIT,Flipkart,Ludhiana,0.1904163159013999,100,0,NORMAL
716,34,2026-04-09 02:07:00,1359.32,DEBIT,Myntra,Ludhiana,-1.0660872993182864,118,0,NORMAL
717,44,2026-05-16 13:17:00,1777.66,DEBIT,Flipkart,Hyderabad,-0.27177052240871014,99,0,NORMAL
718,52,2026-02-17 17:54:00,1760.67,DEBIT,Local Store,Pune,-0.2582221967707114,116,0,NORMAL
719,30,2026-05-19 16:12:00,3821.13,DEBIT,Netflix,Mumbai,0.16934314953019486,92,0,NORMAL
720,95,2026-03-06 07:13:00,652.37,CREDIT,Swiggy,Chandigarh,-1.2807091934567065,113,0,NORMAL
721,18,2026-06-27 04:09:00,5858.23,DEBIT,Apple,Bangalore,1.9008333705318319,96,0,NORMAL
722,72,2026-02-06 00:51:00,3295.63,DEBIT,Uber,Delhi,0.2500733703764113,98,0,NORMAL
723,28,2026-05-02 20:16:00,2711.05,DEBIT,Apple,Bangalore,-0.11518733863526437,98,0,NORMAL
724,47,2026-04-04 19:56:00,3178.0,CREDIT,Flipkart,Delhi,0.026584004932983157,103,0,NORMAL
725,53,2026-07-16 00:56:00,1497.11,DEBIT,Uber,Hyderabad,-0.38365414646125207,105,0,NORMAL
726,37,2026-06-27 11:47:00,1100.62,DEBIT,Myntra,Delhi,-1.055404391574768,87,0,NORMAL
727,49,2026-05-03 20:08:00,1271.84,CREDIT,Swiggy,Pune,-0.7920033559177627,95,0,NORMAL
728,79,2026-01-26 23:24:00,3506.78,CREDIT,Walmart,Mumbai,0.556495277541666,122,10,NORMAL
729,44,2026-05-24 23:32:00,1397.73,DEBIT,Apple,Chandigarh,-0.3151422884235171,99,0,NORMAL
730,100,2026-07-09 16:00:00,5212.85,DEBIT,Myntra,Chandigarh,1.7760724519863427,87,0,NORMAL
731,22,2026-01-30 03:36:00,1857.22,DEBIT,Netflix,Mumbai,-0.29449361244907385,108,0,NORMAL
732,51,2026-06-22 06:45:00,1019.75,DEBIT,Shell,Delhi,-0.405494690151108,108,0,NORMAL
733,4,2026-02-26 12:48:00,708.05,DEBIT,Walmart,Pune,-1.537255387022584,105,0,NORMAL
734,50,2026-04-14 11:09:00,1656.11,DEBIT,Myntra,Pune,-0.26725609186630916,118,0,NORMAL
735,17,2026-04-29 09:39:00,1125.41,DEBIT,Myntra,Chandigarh,-0.30497584050972654,97,0,NORMAL
736,70,2026-02-19 04:39:00,4466.23,DEBIT,Shell,Mumbai,1.2885351417528097,90,0,NORMAL
737,76,2026-07-10 14:03:00,2418.81,DEBIT,Shell,Bangalore,-0.18511878453758934,74,0,NORMAL
738,45,2026-02-02 14:32:00,1972.21,DEBIT,Myntra,Bangalore,-0.21222576482648284,97,0,NORMAL
739,47,2026-02-19 15:00:00,2402.81,DEBIT,Flipkart,Bangalore,-0.14376382263098944,103,0,NORMAL
740,61,2026-06-29 02:33:00,2995.81,DEBIT,Myntra,Bangalore,-0.061754592928207314,81,0,NORMAL
741,2,2026-07-19 14:21:00,4341.24,CREDIT,Flipkart,Mumbai,1.0822768806276262,117,0,NORMAL
742,53,2026-04-01 23:37:00,3031.1,DEBIT,Uber,Pune,-0.05106807993076662,105,0,NORMAL
743,95,2026-03-29 05:19:00,3691.43,DEBIT,Shell,Hyderabad,0.6539022201960717,113,0,NORMAL
744,79,2026-04-14 15:32:00,3491.23,DEBIT,Shell,Hyderabad,0.5458197096637678,122,10,NORMAL
745,35,2026-06-15 18:50:00,2584.55,DEBIT,Local Store,Chandigarh,-0.1786694979089776,103,0,NORMAL
746,35,2026-04-27 17:49:00,3190.9,DEBIT,Amazon,Mumbai,0.2567810537051453,103,0,NORMAL
747,7,2026-02-15 12:36:00,8089.3,DEBIT,Myntra,Pune,0.8317555015364858,93,0,NORMAL
748,2,2026-06-29 16:57:00,1691.3,DEBIT,Netflix,Bangalore,-0.8204101576700313,117,0,NORMAL
749,54,2026-01-12 13:19:00,2414.01,DEBIT,Flipkart,Delhi,-0.23130061708992353,89,0,NORMAL
750,97,2026-05-23 21:02:00,775.08,DEBIT,Walmart,Ludhiana,-1.5686834286205473,96,0,NORMAL
751,61,2026-01-05 14:14:00,1515.29,DEBIT,Walmart,Hyderabad,-0.45738982992965277,81,0,NORMAL
752,92,2026-06-11 06:39:00,1433.04,CREDIT,Netflix,Pune,-0.41315118667496525,119,0,NORMAL
753,5,2026-03-17 21:26:00,1382.03,DEBIT,Myntra,Chandigarh,-0.7039991087823781,87,0,NORMAL
754,88,2026-02-27 17:58:00,4291.83,CREDIT,Amazon,Pune,0.011470706519966801,104,0,NORMAL
755,71,2026-01-19 23:08:00,2823.06,DEBIT,Netflix,Delhi,0.15258476898586168,99,0,NORMAL
756,31,2026-03-02 22:25:00,4541.9,DEBIT,Apple,Ludhiana,0.14782307948402273,104,0,NORMAL
757,16,2026-06-23 00:58:00,2346.34,DEBIT,Local Store,Mumbai,-0.14803859668266242,95,0,NORMAL
758,48,2026-07-02 00:21:00,6579.24,DEBIT,Walmart,Pune,0.2841515579504206,102,0,NORMAL
759,80,2026-05-10 10:33:00,2861.27,DEBIT,Uber,Pune,-0.11645633644575033,84,0,NORMAL
760,69,2026-03-26 17:08:00,3736.67,DEBIT,Flipkart,Ludhiana,-0.07569011154995794,112,0,NORMAL
761,83,2026-05-18 12:59:00,4263.82,DEBIT,Flipkart,Pune,0.17470629699429616,101,0,NORMAL
762,18,2026-06-09 06:56:00,1217.03,DEBIT,Shell,Bangalore,-1.2272102468904762,96,0,NORMAL
763,70,2026-06-20 12:53:00,3852.56,DEBIT,Apple,Hyderabad,0.8142000500603233,90,0,NORMAL
764,77,2026-01-26 01:51:00,5304.27,DEBIT,Shell,Mumbai,1.8109233705827146,84,0,NORMAL
765,58,2026-07-04 05:07:00,1793.85,DEBIT,Swiggy,Pune,-0.27026741376542945,99,0,NORMAL
766,24,2026-05-13 13:20:00,5539.11,DEBIT,Local Store,Mumbai,1.7559410765973467,95,0,NORMAL
767,42,2026-07-10 19:23:00,3109.79,DEBIT,Myntra,Hyderabad,-0.030815339348666045,104,0,NORMAL
768,71,2026-05-30 04:55:00,882.23,DEBIT,Flipkart,Delhi,-1.154317849854551,99,0,NORMAL
769,13,2026-01-12 09:16:00,4092.29,DEBIT,Netflix,Delhi,0.9108485228211125,101,0,NORMAL
770,63,2026-05-22 11:37:00,1625.37,DEBIT,Myntra,Ludhiana,-0.5867091931884807,88,0,NORMAL
771,80,2026-01-26 19:18:00,3623.34,DEBIT,Amazon,Mumbai,-0.0021908161737828973,84,0,NORMAL
772,84,2026-01-30 02:40:00,3358.38,CREDIT,Myntra,Hyderabad,-0.057192700165394884,95,0,NORMAL
773,82,2026-05-15 08:58:00,346.99,DEBIT,Amazon,Hyderabad,-0.5129463622482151,107,0,NORMAL
774,79,2026-01-26 15:03:00,1339.39,DEBIT,Apple,Delhi,-0.9314866557623339,122,10,NORMAL
775,28,2026-03-10 23:31:00,6410.7,DEBIT,Netflix,Ludhiana,2.408557379067019,98,40,REVIEW
776,85,2026-03-07 03:14:00,1992.32,DEBIT,Shell,Pune,-0.5588325081709762,89,0,NORMAL
777,72,2026-06-17 00:21:00,3034.15,DEBIT,Swiggy,Delhi,0.08786332919625393,98,0,NORMAL
778,22,2026-07-03 18:04:00,4958.7,DEBIT,Flipkart,Pune,0.21997693530768625,108,0,NORMAL
779,21,2026-07-20 06:41:00,1535.1,CREDIT,Flipkart,Hyderabad,-0.33246146393884807,122,10,NORMAL
780,48,2026-04-28 18:21:00,1550.16,DEBIT,Local Store,Mumbai,-0.3095242508775287,102,0,NORMAL
781,73,2026-05-12 01:48:00,2294.62,DEBIT,Myntra,Chandigarh,-0.04875112833514843,111,0,NORMAL
782,51,2026-04-14 13:50:00,612.77,DEBIT,Local Store,Delhi,-0.4685728987821333,108,0,NORMAL
783,67,2026-03-20 05:09:00,1132.43,CREDIT,Flipkart,Delhi,-0.38405671926122564,98,0,NORMAL
784,99,2026-04-11 11:21:00,4122.1,DEBIT,Shell,Ludhiana,0.3729685016313348,103,0,NORMAL
785,72,2026-02-26 20:05:00,2760.63,DEBIT,Uber,Bangalore,-0.08181576849227534,98,0,NORMAL
786,47,2026-04-04 07:05:00,4285.4,DEBIT,Apple,Delhi,0.2699349050275963,103,0,NORMAL
787,74,2026-06-25 16:26:00,3113.03,DEBIT,Uber,Chandigarh,-0.13191687882857653,119,0,NORMAL
788,89,2026-02-04 17:18:00,2927.29,CREDIT,Local Store,Pune,-0.07644812012000385,103,0,NORMAL
789,39,2026-05-02 17:56:00,726.87,CREDIT,Flipkart,Hyderabad,-0.5520889490242478,101,0,NORMAL
790,56,2026-03-24 13:05:00,1831.09,CREDIT,Local Store,Delhi,-0.31773529906611253,101,0,NORMAL
791,82,2026-07-16 13:58:00,3368.02,DEBIT,Local Store,Mumbai,-0.008571557528113154,107,0,NORMAL
792,42,2026-01-19 09:26:00,3156.93,DEBIT,Swiggy,Chandigarh,-0.020906316648633332,104,0,NORMAL
793,97,2026-05-24 13:38:00,2615.25,DEBIT,Uber,Mumbai,-0.25975699402804014,96,0,NORMAL
794,44,2026-01-18 22:53:00,866.87,DEBIT,Shell,Chandigarh,-0.3757438089842005,99,0,NORMAL
795,34,2026-02-19 02:31:00,502.32,DEBIT,Myntra,Ludhiana,-1.6757695225200828,118,0,NORMAL
796,26,2026-03-13 09:32:00,2682.07,DEBIT,Shell,Ludhiana,-0.00034221622057964565,98,0,NORMAL
797,95,2026-02-02 14:53:00,2886.26,DEBIT,Walmart,Pune,0.14134535329288225,113,0,NORMAL
798,53,2026-04-27 18:39:00,2878.68,DEBIT,Flipkart,Ludhiana,-0.08411442851229363,105,0,NORMAL
799,84,2026-06-11 00:05:00,456.54,DEBIT,Local Store,Mumbai,-0.41393023607438334,95,0,NORMAL
800,57,2026-03-14 16:52:00,1191.63,CREDIT,Flipkart,Mumbai,-0.35720667365764674,107,0,NORMAL
801,97,2026-02-23 18:25:00,5107.81,DEBIT,Apple,Delhi,1.5132192384982481,96,0,NORMAL
802,44,2026-06-13 20:41:00,4384.75,DEBIT,Myntra,Delhi,0.025847716370915423,99,0,NORMAL
803,43,2026-04-05 04:11:00,1204.3,DEBIT,Shell,Chandigarh,-0.37898453819549527,97,0,NORMAL
804,80,2026-01-07 16:40:00,3633.56,DEBIT,Swiggy,Ludhiana,-0.0006584193897873536,84,0,NORMAL
805,85,2026-04-09 18:29:00,2861.93,DEBIT,Amazon,Chandigarh,-0.03294210785766165,89,0,NORMAL
806,84,2026-05-20 20:43:00,51752.75,DEBIT,Walmart,Delhi,5.892166432546221,95,90,HIGH
807,14,2026-05-19 14:37:00,728.48,DEBIT,Shell,Pune,-0.412338774070381,112,0,NORMAL
808,13,2026-07-13 12:50:00,3344.01,DEBIT,Walmart,Mumbai,0.39503929476338323,101,0,NORMAL
809,26,2026-04-01 01:44:00,1235.43,DEBIT,Shell,Bangalore,-0.9297721010343865,98,0,NORMAL
810,43,2026-01-07 16:32:00,3107.67,DEBIT,Flipkart,Pune,0.003801385546717206,97,0,NORMAL
811,46,2026-04-11 10:39:00,1536.18,CREDIT,Amazon,Pune,-0.2877130790227515,94,0,NORMAL
812,33,2026-01-11 17:28:00,7955.71,CREDIT,Shell,Bangalore,0.39952654655398867,91,0,NORMAL
813,29,2026-05-20 03:46:00,1528.02,DEBIT,Shell,Pune,-0.6893957656901747,99,0,NORMAL
814,79,2026-06-01 22:42:00,3452.46,DEBIT,Netflix,Ludhiana,0.5192028757971374,122,10,NORMAL
815,20,2026-02-17 23:26:00,2104.05,DEBIT,Netflix,Pune,-0.21450572295349712,98,0,NORMAL
816,18,2026-03-15 15:48:00,4095.95,DEBIT,Uber,Bangalore,0.7131041827978439,96,0,NORMAL
817,89,2026-02-22 20:21:00,3183.59,CREDIT,Local Store,Mumbai,-0.027948116076964295,103,0,NORMAL
818,41,2026-02-13 02:29:00,788.99,DEBIT,Uber,Bangalore,-0.5091428883428941,100,0,NORMAL
819,19,2026-05-30 17:34:00,3959.93,DEBIT,Apple,Chandigarh,0.7214445049433936,98,0,NORMAL
820,96,2026-04-10 16:28:00,2292.08,CREDIT,Uber,Hyderabad,-0.34524178711557674,96,0,NORMAL
821,25,2026-04-08 03:52:00,1146.13,DEBIT,Local Store,Ludhiana,-1.0376321995104174,97,0,NORMAL
822,79,2026-01-10 11:55:00,2137.42,DEBIT,Flipkart,Delhi,-0.38361376614182685,122,10,NORMAL
823,89,2026-05-17 03:42:00,5299.99,DEBIT,Uber,Hyderabad,0.3725411876947439,103,0,NORMAL
824,50,2026-03-12 08:43:00,3690.32,DEBIT,Netflix,Delhi,-0.013463203949423973,118,0,NORMAL
825,53,2026-03-15 20:23:00,4718.26,DEBIT,Netflix,Delhi,0.3147269435097864,105,0,NORMAL
826,23,2026-06-28 09:11:00,4759.22,CREDIT,Flipkart,Hyderabad,1.4054448817116465,96,0,NORMAL
827,59,2026-05-19 11:45:00,2747.97,DEBIT,Flipkart,Chandigarh,-0.13126214976389772,92,0,NORMAL
828,79,2026-07-15 05:01:00,5624.93,DEBIT,Shell,Pune,2.010672390118483,122,50,REVIEW
829,91,2026-01-16 10:38:00,2943.03,CREDIT,Netflix,Ludhiana,-0.1437496618873216,100,0,NORMAL
830,69,2026-07-23 01:15:00,2199.41,DEBIT,Swiggy,Ludhiana,-0.22149093130828534,112,0,NORMAL
831,98,2026-04-21 21:14:00,3997.29,DEBIT,Apple,Chandigarh,0.9129998940758599,114,0,NORMAL
832,22,2026-01-20 20:38:00,2552.87,DEBIT,Shell,Mumbai,-0.179099853164155,108,0,NORMAL
833,60,2026-07-18 22:34:00,2616.57,DEBIT,Uber,Chandigarh,-0.15650302446164496,106,0,NORMAL
834,53,2026-06-15 04:19:00,2189.57,DEBIT,Local Store,Pune,-0.23352112888636564,105,0,NORMAL
835,26,2026-03-01 17:00:00,5306.24,DEBIT,Walmart,Delhi,1.6856211339092708,98,0,NORMAL
836,15,2026-02-01 01:25:00,4114.86,DEBIT,Shell,Pune,0.22903275396496067,91,0,NORMAL
837,50,2026-07-20 08:59:00,5052.57,DEBIT,Swiggy,Delhi,0.15649435282434898,118,0,NORMAL
838,99,2026-02-24 15:30:00,1201.2,DEBIT,Uber,Hyderabad,-0.5352467024504763,103,0,NORMAL
839,19,2026-06-12 11:27:00,1224.52,DEBIT,Apple,Pune,-1.0935135722315685,98,0,NORMAL
840,24,2026-03-15 20:32:00,768.26,DEBIT,Amazon,Ludhiana,-1.2855589132828347,95,0,NORMAL
841,98,2026-01-03 02:14:00,860.22,DEBIT,Local Store,Chandigarh,-1.4005936443984788,114,0,NORMAL
842,31,2026-06-15 04:49:00,1662.38,DEBIT,Swiggy,Chandigarh,-0.2533071655849776,104,0,NORMAL
843,11,2026-07-22 23:56:00,4861.36,DEBIT,Netflix,Delhi,0.16754825879395754,118,0,NORMAL
844,24,2026-01-14 08:52:00,1192.07,DEBIT,Uber,Hyderabad,-1.0153726549198345,95,0,NORMAL
845,5,2026-01-18 20:26:00,3888.61,CREDIT,Walmart,Chandigarh,0.9652800262744264,87,0,NORMAL
846,23,2026-07-24 16:22:00,1006.41,DEBIT,Uber,Chandigarh,-1.113414830616816,96,0,NORMAL
847,96,2026-05-15 04:36:00,3417.29,DEBIT,Swiggy,Hyderabad,0.3556073578665016,96,0,NORMAL
848,9,2026-01-24 15:19:00,3732.47,CREDIT,Apple,Chandigarh,0.16732013105259863,84,0,NORMAL
849,18,2026-03-18 09:39:00,1197.83,DEBIT,Netflix,Ludhiana,-1.240150529027533,96,0,NORMAL
850,8,2026-07-12 14:00:00,820.6,DEBIT,Walmart,Chandigarh,-0.37489157803639084,91,0,NORMAL
851,93,2026-04-26 05:31:00,6009.97,DEBIT,Apple,Ludhiana,2.060062488093171,100,40,REVIEW
852,74,2026-02-17 05:27:00,3506.93,DEBIT,Local Store,Ludhiana,-0.08721582956116604,119,0,NORMAL
853,64,2026-03-26 17:33:00,2279.93,DEBIT,Apple,Mumbai,-0.2685580008331568,110,0,NORMAL
854,1,2026-02-12 22:27:00,810.51,DEBIT,Netflix,Hyderabad,-0.35918505459259853,112,0,NORMAL
855,79,2026-03-19 07:26:00,4030.08,DEBIT,Amazon,Pune,0.915757314230025,122,10,NORMAL
856,26,2026-01-25 16:45:00,4022.77,DEBIT,Apple,Bangalore,0.8610238780183951,98,0,NORMAL
857,65,2026-05-25 04:43:00,3014.03,DEBIT,Local Store,Ludhiana,-0.06670418352036109,112,0,NORMAL
858,4,2026-05-04 00:56:00,3725.52,DEBIT,Myntra,Chandigarh,0.8783525650061065,105,0,NORMAL
859,5,2026-07-15 12:05:00,2217.53,CREDIT,Flipkart,Chandigarh,-0.14759048933278526,87,0,NORMAL
860,53,2026-07-09 17:12:00,4865.52,DEBIT,Apple,Ludhiana,0.3466545467909547,105,0,NORMAL
861,93,2026-05-01 18:36:00,3389.54,DEBIT,Flipkart,Delhi,0.3229339030219753,100,0,NORMAL
862,20,2026-05-17 14:54:00,1732.97,DEBIT,Shell,Hyderabad,-0.25372306145682266,98,0,NORMAL
863,22,2026-04-23 05:48:00,2276.05,CREDIT,Flipkart,Pune,-0.225018491049947,108,0,NORMAL
864,5,2026-03-28 12:32:00,2091.94,DEBIT,Flipkart,Chandigarh,-0.23122826134556135,87,0,NORMAL
865,39,2026-03-15 13:57:00,1414.64,CREDIT,Walmart,Chandigarh,-0.3880886502649768,101,0,NORMAL
866,65,2026-07-02 01:32:00,682.89,DEBIT,Uber,Mumbai,-0.37642227877923123,112,0,NORMAL
867,44,2026-02-22 04:07:00,4500.28,CREDIT,Walmart,Hyderabad,0.03903630407836321,99,0,NORMAL
868,67,2026-01-14 07:24:00,2472.42,DEBIT,Myntra,Chandigarh,-0.19021485746667938,98,0,NORMAL
869,92,2026-02-01 16:52:00,5099.17,DEBIT,Flipkart,Chandigarh,0.3528909847098161,119,0,NORMAL
870,6,2026-04-24 18:29:00,1102.34,CREDIT,Amazon,Ludhiana,-1.033064559977766,117,0,NORMAL
871,98,2026-04-11 17:24:00,2230.96,DEBIT,Shell,Bangalore,-0.38967096593471634,114,0,NORMAL
872,99,2026-02-24 08:47:00,2142.33,DEBIT,Uber,Bangalore,-0.2426147824883021,103,0,NORMAL
873,15,2026-05-08 13:07:00,446.34,DEBIT,Shell,Bangalore,-0.5984589370549199,91,0,NORMAL
874,35,2026-04-14 03:13:00,898.67,DEBIT,Local Store,Mumbai,-1.3893850515582193,103,0,NORMAL
875,22,2026-02-17 08:36:00,679.3,DEBIT,Amazon,Chandigarh,-0.4898858598966288,108,0,NORMAL
876,87,2026-02-01 08:31:00,619.09,DEBIT,Swiggy,Chandigarh,-1.3783571718935628,85,0,NORMAL
877,23,2026-06-12 07:46:00,4674.09,DEBIT,Local Store,Bangalore,1.3483062236632715,96,0,NORMAL
878,40,2026-07-14 05:39:00,1551.76,DEBIT,Walmart,Hyderabad,-0.28465812179351446,109,0,NORMAL
879,98,2026-06-20 11:51:00,3399.05,CREDIT,Walmart,Chandigarh,0.4717970524252471,114,0,NORMAL
880,40,2026-06-19 10:41:00,4787.22,DEBIT,Myntra,Mumbai,0.2654507331978807,109,0,NORMAL
881,29,2026-03-08 18:09:00,1322.36,DEBIT,Flipkart,Hyderabad,-0.8219848336044013,99,0,NORMAL
882,42,2026-06-23 01:32:00,2240.81,DEBIT,Walmart,Bangalore,-0.2134785244541911,104,0,NORMAL
883,62,2026-02-16 09:11:00,3100.93,DEBIT,Shell,Delhi,0.348256473459133,102,0,NORMAL
884,52,2026-04-29 15:29:00,5748.15,CREDIT,Shell,Pune,0.5653745662754421,116,0,NORMAL
885,10,2026-03-30 17:24:00,3058.84,DEBIT,Shell,Mumbai,-0.13728796634382678,91,0,NORMAL
886,62,2026-06-06 23:25:00,2112.04,DEBIT,Swiggy,Ludhiana,-0.35336167882693437,102,0,NORMAL
887,44,2026-02-15 09:41:00,53023.37,DEBIT,Netflix,Pune,5.578299078261557,99,90,HIGH
888,77,2026-06-12 02:21:00,3531.44,DEBIT,Uber,Bangalore,0.6198117064035374,84,0,NORMAL
889,52,2026-05-18 22:58:00,1102.45,CREDIT,Flipkart,Chandigarh,-0.3941746934283095,116,0,NORMAL
890,83,2026-02-20 13:52:00,4475.57,DEBIT,Local Store,Hyderabad,0.20769101695073877,101,0,NORMAL
891,82,2026-04-17 03:11:00,4212.01,DEBIT,Swiggy,Ludhiana,0.13233644121262061,107,0,NORMAL
892,74,2026-04-26 06:28:00,1589.48,DEBIT,Apple,Ludhiana,-0.30481427311992787,119,0,NORMAL
893,87,2026-05-06 08:13:00,2338.63,CREDIT,Walmart,Ludhiana,-0.3929067598342526,85,0,NORMAL
894,2,2026-02-16 10:35:00,2949.04,DEBIT,Apple,Delhi,0.08266145736596789,117,0,NORMAL
895,48,2026-05-11 19:07:00,4600.67,DEBIT,Walmart,Hyderabad,0.050584156940153197,102,0,NORMAL
896,37,2026-05-24 13:10:00,4386.52,DEBIT,Flipkart,Pune,1.1535472578286967,87,0,NORMAL
897,49,2026-02-20 15:12:00,1959.15,DEBIT,Netflix,Ludhiana,-0.2654091721345619,95,0,NORMAL
898,50,2026-06-01 21:51:00,4587.92,DEBIT,Uber,Bangalore,0.09852351138193124,118,0,NORMAL
899,86,2026-06-27 04:51:00,1448.89,DEBIT,Swiggy,Mumbai,-0.8882972170055561,76,0,NORMAL
900,11,2026-06-16 00:50:00,1146.91,CREDIT,Local Store,Chandigarh,-0.3531168812131343,118,0,NORMAL
901,80,2026-05-10 08:43:00,895.05,DEBIT,Netflix,Mumbai,-0.4112732840609928,84,0,NORMAL
902,55,2026-03-28 04:45:00,3160.25,DEBIT,Shell,Bangalore,0.49732316834661155,118,0,NORMAL
903,53,2026-06-25 22:51:00,4399.35,DEBIT,Flipkart,Delhi,0.2455837141033124,105,0,NORMAL
904,75,2026-02-21 17:34:00,2586.61,DEBIT,Shell,Hyderabad,-0.1971615472176408,89,0,NORMAL
905,97,2026-02-02 04:51:00,3610.54,CREDIT,Netflix,Chandigarh,0.44820009204855943,96,0,NORMAL
906,81,2026-01-29 10:17:00,3922.22,CREDIT,Shell,Hyderabad,0.002843195129788196,105,0,NORMAL
907,75,2026-06-20 17:02:00,2319.68,CREDIT,Myntra,Ludhiana,-0.24123635944340846,89,0,NORMAL
908,61,2026-05-09 11:48:00,3313.05,DEBIT,Apple,Bangalore,0.02302056889759622,81,0,NORMAL
909,22,2026-07-25 05:44:00,901.49,DEBIT,Apple,Delhi,-0.4530291943672447,108,0,NORMAL
910,81,2026-01-19 19:03:00,2119.72,DEBIT,Apple,Hyderabad,-0.24486560789529696,105,0,NORMAL
911,95,2026-04-12 03:52:00,3230.71,DEBIT,Apple,Mumbai,0.36061608221323893,113,0,NORMAL
912,79,2026-01-06 04:06:00,1942.55,CREDIT,Walmart,Ludhiana,-0.5173981978052333,122,10,NORMAL
913,23,2026-03-05 20:39:00,4478.83,DEBIT,Apple,Hyderabad,1.2172490831660823,96,0,NORMAL
914,90,2026-07-12 00:23:00,991.0,DEBIT,Amazon,Bangalore,-0.3171605355434503,93,0,NORMAL
915,11,2026-05-31 08:23:00,2993.85,CREDIT,Swiggy,Mumbai,-0.09422598924132197,118,0,NORMAL
916,85,2026-03-18 18:29:00,1830.18,DEBIT,Local Store,Pune,-0.6568855083742865,89,0,NORMAL
917,45,2026-06-18 22:37:00,713.36,DEBIT,Swiggy,Chandigarh,-0.3990914486441249,97,0,NORMAL
918,39,2026-07-13 21:14:00,3861.02,CREDIT,Netflix,Chandigarh,0.19525614651113332,101,0,NORMAL
919,88,2026-01-05 07:39:00,3167.2,CREDIT,Apple,Hyderabad,-0.10497356193173435,104,0,NORMAL
920,58,2026-07-13 01:25:00,2268.41,DEBIT,Amazon,Delhi,-0.1883045615604445,99,0,NORMAL
921,69,2026-04-10 05:55:00,4230.06,CREDIT,Flipkart,Bangalore,-0.028894731158507436,112,0,NORMAL
922,35,2026-05-23 09:57:00,3813.41,DEBIT,Myntra,Hyderabad,0.7038369172910406,103,0,NORMAL
923,87,2026-05-03 20:18:00,3743.97,DEBIT,Uber,Bangalore,0.4124789142898914,85,0,NORMAL
924,71,2026-01-25 17:46:00,365.99,DEBIT,Amazon,Chandigarh,-1.501939953774098,99,0,NORMAL
925,13,2026-04-02 17:06:00,2600.98,DEBIT,Netflix,Delhi,-0.11715096920696848,101,0,NORMAL
926,4,2026-03-20 22:38:00,2584.36,DEBIT,Local Store,Pune,-0.03519261374863174,105,0,NORMAL
927,16,2026-07-26 02:23:00,5010.17,DEBIT,Uber,Delhi,0.6187697083930613,95,0,NORMAL
928,90,2026-01-28 13:36:00,1777.3,DEBIT,Myntra,Bangalore,-0.25186893584694753,93,0,NORMAL
929,99,2026-02-28 23:16:00,3273.73,DEBIT,Walmart,Bangalore,0.10917907621900082,103,0,NORMAL
930,100,2026-01-22 20:48:00,589.9,DEBIT,Apple,Hyderabad,-1.475748888113991,87,0,NORMAL
931,34,2026-05-23 22:53:00,2122.12,DEBIT,Uber,Pune,-0.5234203216539568,118,0,NORMAL
932,63,2026-06-07 00:21:00,1278.66,DEBIT,Netflix,Ludhiana,-0.8669696064777768,88,0,NORMAL
933,83,2026-01-26 15:16:00,801.4,DEBIT,Local Store,Pune,-0.36464177418202526,101,0,NORMAL
934,33,2026-07-01 04:58:00,4275.26,DEBIT,Uber,Pune,0.012802233513490824,91,0,NORMAL
935,82,2026-05-01 02:06:00,625.73,DEBIT,Swiggy,Ludhiana,-0.466409441705327,107,0,NORMAL
936,1,2026-06-28 15:37:00,2984.39,CREDIT,Myntra,Chandigarh,-0.1262360233460119,112,0,NORMAL
937,52,2026-01-02 04:54:00,4662.36,DEBIT,Swiggy,Pune,0.34110933376070024,116,0,NORMAL
938,100,2026-05-11 16:16:00,1520.62,DEBIT,Flipkart,Pune,-0.821072727294994,87,0,NORMAL
939,39,2026-07-14 15:38:00,1322.61,DEBIT,Flipkart,Delhi,-0.41003341013356037,101,0,NORMAL
940,59,2026-03-15 22:53:00,2092.66,DEBIT,Uber,Ludhiana,-0.2241720607751434,92,0,NORMAL
941,6,2026-02-08 20:57:00,4309.88,DEBIT,Flipkart,Chandigarh,1.0122435015418294,117,0,NORMAL
942,11,2026-03-10 23:33:00,3683.64,DEBIT,Uber,Delhi,0.002463859033790591,118,0,NORMAL
943,25,2026-07-16 19:24:00,727.45,DEBIT,Apple,Chandigarh,-1.31006787922895,97,0,NORMAL
944,69,2026-01-06 23:27:00,4821.99,CREDIT,Amazon,Bangalore,0.02724663675553875,112,0,NORMAL
945,8,2026-07-10 11:05:00,1926.46,DEBIT,Myntra,Pune,-0.24779891289360603,91,0,NORMAL
946,69,2026-01-27 05:26:00,876.85,DEBIT,Amazon,Pune,-0.34692861405523345,112,0,NORMAL
947,19,2026-03-30 08:35:00,4161.27,DEBIT,Uber,Delhi,0.8550345917159096,98,0,NORMAL
948,23,2026-02-05 10:09:00,3564.98,CREDIT,Myntra,Ludhiana,0.6038793820324345,96,0,NORMAL
949,22,2026-03-22 07:23:00,6066.47,DEBIT,Walmart,Hyderabad,0.40373276758405313,108,0,NORMAL
950,26,2026-05-27 08:48:00,2854.02,CREDIT,Flipkart,Delhi,0.11013134229690494,98,0,NORMAL
951,88,2026-01-17 14:20:00,4048.3,CREDIT,Local Store,Mumbai,-0.013744406624838824,104,0,NORMAL
952,43,2026-06-01 03:40:00,1068.02,DEBIT,Uber,Pune,-0.4063917505018722,97,0,NORMAL
953,48,2026-02-06 09:31:00,1410.84,DEBIT,Local Store,Chandigarh,-0.3259707805978573,102,0,NORMAL
954,100,2026-01-30 09:21:00,1469.15,CREDIT,Amazon,Delhi,-0.8572771518236962,87,0,NORMAL
955,23,2026-06-23 07:27:00,4247.14,DEBIT,Uber,Mumbai,1.061740382552574,96,0,NORMAL
956,19,2026-05-31 00:23:00,2286.95,DEBIT,Netflix,Mumbai,-0.38858600746687333,98,0,NORMAL
957,79,2026-02-02 01:08:00,2431.83,DEBIT,Apple,Bangalore,-0.1814919694259472,122,10,NORMAL
958,54,2026-02-12 18:47:00,402.94,DEBIT,Shell,Delhi,-0.4862419584716094,89,0,NORMAL
959,80,2026-03-17 18:28:00,2174.87,DEBIT,Apple,Delhi,-0.2193758229951204,84,0,NORMAL
960,25,2026-06-22 17:28:00,694.19,DEBIT,Myntra,Mumbai,-1.3317102091884379,97,0,NORMAL
961,21,2026-05-08 13:39:00,53607.81,DEBIT,Myntra,Delhi,8.036282413945537,122,100,HIGH
962,79,2026-01-16 18:30:00,4520.11,CREDIT,Walmart,Pune,1.2521784413815569,122,10,NORMAL
963,7,2026-02-12 06:11:00,5580.11,DEBIT,Walmart,Mumbai,0.3967717588384455,93,0,NORMAL
964,93,2026-06-02 13:51:00,3482.25,DEBIT,Netflix,Pune,0.3843929731447988,100,0,NORMAL
965,87,2026-03-28 07:58:00,4611.22,DEBIT,Swiggy,Hyderabad,0.9094908301850944,85,0,NORMAL
966,26,2026-06-21 11:34:00,2452.3,DEBIT,Local Store,Chandigarh,-0.14796367327531915,98,0,NORMAL
967,7,2026-05-22 00:32:00,6091.73,DEBIT,Flipkart,Mumbai,0.48546427811325976,93,0,NORMAL
968,59,2026-04-09 04:37:00,5432.6,DEBIT,Netflix,Bangalore,0.24936493420875736,92,0,NORMAL
969,17,2026-06-19 11:54:00,525.65,DEBIT,Myntra,Chandigarh,-0.37412520533152616,97,0,NORMAL
970,22,2026-04-18 11:09:00,3588.79,DEBIT,Local Store,Mumbai,-0.007262430439461309,108,0,NORMAL
971,82,2026-03-25 15:10:00,6091.15,DEBIT,Walmart,Chandigarh,0.4460674768334956,107,0,NORMAL
972,67,2026-06-22 09:24:00,2205.39,CREDIT,Myntra,Bangalore,-0.2288431997341573,98,0,NORMAL
973,2,2026-03-22 23:25:00,3723.31,DEBIT,Local Store,Mumbai,0.6385961174498669,117,0,NORMAL
974,74,2026-01-17 02:26:00,3690.71,DEBIT,Amazon,Chandigarh,-0.06635987923274585,119,0,NORMAL
975,94,2026-02-05 16:19:00,5149.73,DEBIT,Myntra,Chandigarh,0.2420341937657652,103,0,NORMAL
976,31,2026-05-29 01:04:00,930.29,CREDIT,Netflix,Mumbai,-0.3552906354384826,104,0,NORMAL
977,46,2026-04-21 23:42:00,1711.32,DEBIT,Uber,Pune,-0.25898457640022404,94,0,NORMAL
978,59,2026-01-09 21:19:00,3980.17,DEBIT,Myntra,Chandigarh,0.04343927757286957,92,0,NORMAL
979,99,2026-06-19 01:04:00,1071.66,CREDIT,Amazon,Hyderabad,-0.5755254513075949,103,0,NORMAL
980,81,2026-05-02 04:58:00,692.97,CREDIT,Shell,Delhi,-0.44093691703040944,105,0,NORMAL
981,38,2026-03-17 10:04:00,2235.48,DEBIT,Walmart,Ludhiana,-0.281437093426344,95,0,NORMAL
982,43,2026-05-13 12:35:00,6095.74,DEBIT,Amazon,Delhi,0.6047308607178046,97,0,NORMAL
983,50,2026-07-23 10:47:00,1770.31,DEBIT,Walmart,Ludhiana,-0.25300822768310866,118,0,NORMAL
984,91,2026-05-02 22:39:00,3334.92,DEBIT,Netflix,Ludhiana,-0.09669301337174012,100,0,NORMAL
985,15,2026-03-18 09:12:00,3307.51,CREDIT,Netflix,Bangalore,0.046922416078047084,91,0,NORMAL
986,46,2026-06-06 16:04:00,59965.56,DEBIT,Shell,Mumbai,9.296554344539285,94,90,HIGH
987,9,2026-06-21 04:21:00,1563.82,CREDIT,Shell,Pune,-0.4348495940033816,84,0,NORMAL
988,69,2026-05-15 00:54:00,4942.67,DEBIT,Walmart,Mumbai,0.03869248386561446,112,0,NORMAL
989,59,2026-01-29 00:22:00,784.55,CREDIT,Walmart,Mumbai,-0.40963601477084105,92,0,NORMAL
990,36,2026-02-24 19:04:00,1104.03,DEBIT,Netflix,Ludhiana,-0.32827623617152846,85,0,NORMAL
991,81,2026-06-22 13:02:00,404.76,CREDIT,Flipkart,Chandigarh,-0.48054421473906955,105,0,NORMAL
992,57,2026-03-10 20:02:00,4543.87,DEBIT,Walmart,Delhi,0.14459974177591053,107,0,NORMAL
993,30,2026-04-29 19:18:00,3301.63,DEBIT,Myntra,Ludhiana,0.05435845335383547,92,0,NORMAL
994,86,2026-06-12 02:42:00,3534.76,CREDIT,Myntra,Bangalore,0.4733935511162717,76,0,NORMAL
995,73,2026-06-26 07:22:00,1134.87,DEBIT,Flipkart,Bangalore,-0.8327845343715082,111,0,NORMAL
996,99,2026-04-14 12:58:00,3664.24,DEBIT,Myntra,Mumbai,0.23060299328086115,103,0,NORMAL
997,80,2026-02-25 21:10:00,4431.77,CREDIT,Uber,Mumbai,0.11902596778762045,84,0,NORMAL
998,15,2026-02-16 01:08:00,548.82,DEBIT,Myntra,Bangalore,-0.5753429806213397,91,0,NORMAL
999,48,2026-05-06 04:34:00,1248.59,DEBIT,Uber,Bangalore,-0.345124164513471,102,0,NORMAL
1000,58,2026-04-20 19:04:00,2854.94,DEBIT,Walmart,Delhi,-0.08700299441658522,99,0,NORMAL
1001,52,2026-02-26 19:36:00,5020.56,CREDIT,Amazon,Pune,0.41509399588392915,116,0,NORMAL
1002,70,2026-04-18 14:36:00,1939.49,DEBIT,Myntra,Bangalore,-0.6645038687627345,90,0,NORMAL
1003,97,2026-06-10 23:10:00,4293.28,DEBIT,Flipkart,Pune,0.933838067862581,96,0,NORMAL
1004,15,2026-02-20 18:17:00,3553.4,CREDIT,Shell,Delhi,0.10238672645522326,91,0,NORMAL
1005,40,2026-04-29 19:50:00,531.8,DEBIT,Amazon,Ludhiana,-0.45807674781176944,109,0,NORMAL
1006,83,2026-04-12 04:33:00,1214.54,DEBIT,Netflix,Delhi,-0.3002861321380833,101,0,NORMAL
1007,11,2026-07-06 08:04:00,1895.86,DEBIT,Swiggy,Mumbai,-0.24813440558193411,118,0,NORMAL
1008,63,2026-01-21 09:45:00,2171.84,DEBIT,Flipkart,Chandigarh,-0.14497429067571269,88,0,NORMAL
1009,19,2026-05-06 13:57:00,2896.04,DEBIT,Flipkart,Bangalore,0.01554822295068675,98,0,NORMAL
1010,58,2026-06-11 17:39:00,4915.29,DEBIT,Swiggy,Hyderabad,0.268846977221439,99,0,NORMAL
1011,57,2026-05-31 19:16:00,2207.71,DEBIT,Uber,Hyderabad,-0.20510674567106796,107,0,NORMAL
1012,76,2026-04-21 09:40:00,1202.79,DEBIT,Myntra,Hyderabad,-0.43611846138771043,74,0,NORMAL
1013,68,2026-02-02 04:52:00,7807.88,CREDIT,Amazon,Chandigarh,1.1117681795386771,100,0,NORMAL
1014,82,2026-07-22 08:46:00,5796.65,DEBIT,Myntra,Pune,0.39689935205814747,107,0,NORMAL
1015,73,2026-07-21 15:45:00,4306.41,DEBIT,Myntra,Delhi,1.3112924723804267,111,0,NORMAL
1016,39,2026-07-23 15:04:00,4773.06,DEBIT,Myntra,Mumbai,0.41273412967469897,101,0,NORMAL
1017,4,2026-06-22 01:07:00,4546.91,DEBIT,Walmart,Pune,1.5359088010968864,105,0,NORMAL
1018,86,2026-06-29 02:10:00,5302.91,DEBIT,Netflix,Delhi,1.6276713976045998,76,0,NORMAL
1019,16,2026-05-12 17:06:00,1326.58,DEBIT,Local Store,Chandigarh,-0.44158602170003225,95,0,NORMAL
1020,73,2026-06-23 07:42:00,2533.68,DEBIT,Walmart,Bangalore,0.1128621728479101,111,0,NORMAL
1021,66,2026-02-23 04:57:00,4529.97,DEBIT,Flipkart,Chandigarh,1.1360123788919447,95,0,NORMAL
1022,89,2026-04-10 06:37:00,1133.4,DEBIT,Flipkart,Chandigarh,-0.4159084098303751,103,0,NORMAL
1023,82,2026-01-28 23:19:00,4016.08,DEBIT,Shell,Mumbai,0.09962502971097724,107,0,NORMAL
1024,99,2026-03-02 20:27:00,3867.15,CREDIT,Shell,Bangalore,0.2936951727667184,103,0,NORMAL
1025,41,2026-05-12 23:46:00,3865.83,DEBIT,Walmart,Ludhiana,0.11835164316751745,100,0,NORMAL
1026,75,2026-02-19 20:40:00,1677.98,DEBIT,Shell,Bangalore,-0.34719225426705164,89,0,NORMAL
1027,48,2026-03-21 07:49:00,2085.49,DEBIT,Uber,Ludhiana,-0.24632929857216354,102,0,NORMAL
1028,29,2026-07-23 09:36:00,5496.76,CREDIT,Local Store,Pune,1.8692521842947887,99,0,NORMAL
1029,68,2026-06-01 22:49:00,3916.49,CREDIT,Myntra,Delhi,0.1771977593024739,100,0,NORMAL
1030,15,2026-06-24 14:05:00,2601.14,CREDIT,Flipkart,Bangalore,-0.1124103136837406,91,0,NORMAL
1031,89,2026-05-05 12:50:00,2589.09,DEBIT,Uber,Pune,-0.1404461746161254,103,0,NORMAL
1032,39,2026-03-22 22:59:00,327.87,CREDIT,Uber,Hyderabad,-0.6472313937440656,101,0,NORMAL
1033,89,2026-01-29 14:51:00,1162.26,DEBIT,Swiggy,Pune,-0.4104471920516701,103,0,NORMAL
1034,98,2026-06-26 07:29:00,4543.68,DEBIT,Swiggy,Delhi,1.315963287779856,114,0,NORMAL
1035,26,2026-02-13 07:09:00,1064.19,DEBIT,Apple,Delhi,-1.0397895023750905,98,0,NORMAL
1036,9,2026-02-05 03:15:00,1320.27,DEBIT,Walmart,Ludhiana,-0.5024761988208413,84,0,NORMAL
1037,27,2026-02-22 23:53:00,3506.04,DEBIT,Apple,Ludhiana,0.5318915133140003,90,0,NORMAL
1038,45,2026-03-30 01:04:00,2823.72,CREDIT,Shell,Ludhiana,-0.08582627447611517,97,0,NORMAL
1039,9,2026-03-11 17:46:00,910.97,DEBIT,Apple,Mumbai,-0.6161266580767899,84,0,NORMAL
1040,97,2026-02-05 22:19:00,2859.37,CREDIT,Netflix,Ludhiana,-0.08611264529247623,96,0,NORMAL
1041,91,2026-02-09 01:48:00,2501.21,DEBIT,Uber,Hyderabad,-0.1968017133485843,100,0,NORMAL
1042,46,2026-07-07 05:35:00,4170.86,DEBIT,Netflix,Chandigarh,0.14445782019799022,94,0,NORMAL
1043,15,2026-06-30 12:30:00,3494.3,DEBIT,Flipkart,Pune,0.08905580310213404,91,0,NORMAL
1044,37,2026-04-30 11:06:00,3781.32,DEBIT,Myntra,Delhi,0.7467005679662612,87,0,NORMAL
1045,50,2026-06-11 15:20:00,1466.11,CREDIT,Netflix,Ludhiana,-0.29096094471051315,118,0,NORMAL
1046,53,2026-03-10 17:37:00,1577.15,CREDIT,Walmart,Hyderabad,-0.3663005856394083,105,0,NORMAL
1047,61,2026-02-08 07:00:00,4598.36,DEBIT,Swiggy,Chandigarh,0.3664903811732343,81,0,NORMAL
1048,67,2026-02-22 04:45:00,3566.24,DEBIT,Swiggy,Chandigarh,-0.03198374733293917,98,0,NORMAL
1049,89,2026-01-24 13:26:00,4600.62,CREDIT,Flipkart,Mumbai,0.24019843378299777,103,0,NORMAL
1050,44,2026-05-28 04:43:00,1877.14,CREDIT,Walmart,Mumbai,-0.26041415864919387,99,0,NORMAL
1051,55,2026-04-10 09:16:00,3498.27,DEBIT,Swiggy,Bangalore,0.7559180962966888,118,0,NORMAL
1052,61,2026-06-26 09:54:00,4861.41,CREDIT,Shell,Bangalore,0.43678450019440945,81,0,NORMAL
1053,19,2026-02-19 00:13:00,4540.81,DEBIT,Amazon,Delhi,1.1068612607019062,98,0,NORMAL
1054,95,2026-01-10 17:44:00,825.83,DEBIT,Uber,Chandigarh,-1.170287650014915,113,0,NORMAL
1055,78,2026-01-28 20:37:00,4268.0,DEBIT,Shell,Hyderabad,0.29019070095722976,102,0,NORMAL
1056,64,2026-07-01 06:42:00,5228.88,DEBIT,Myntra,Ludhiana,1.683346016822229,110,0,NORMAL
1057,34,2026-01-12 12:06:00,3275.74,DEBIT,Swiggy,Delhi,0.29728166939628425,118,0,NORMAL
1058,50,2026-06-11 03:06:00,1792.46,CREDIT,Myntra,Delhi,-0.250244740891008,118,0,NORMAL
1059,5,2026-03-01 18:18:00,992.34,CREDIT,Myntra,Chandigarh,-0.9635166131669524,87,0,NORMAL
1060,18,2026-02-09 19:47:00,1208.22,DEBIT,Local Store,Pune,-1.2331479492669069,96,0,NORMAL
1061,63,2026-02-26 21:51:00,3023.77,DEBIT,Shell,Delhi,0.5436768987723855,88,0,NORMAL
1062,51,2026-05-18 13:14:00,1180.86,DEBIT,Local Store,Pune,-0.3805241014427083,108,0,NORMAL
1063,46,2026-02-16 16:12:00,3873.65,DEBIT,Flipkart,Bangalore,0.0957059744492099,94,0,NORMAL
1064,95,2026-05-05 05:56:00,3399.79,CREDIT,Swiggy,Delhi,0.468249395744532,113,0,NORMAL
1065,55,2026-04-01 03:41:00,1754.89,DEBIT,Netflix,Pune,-0.5778172610478641,118,0,NORMAL
1066,40,2026-01-24 20:20:00,3741.51,CREDIT,Apple,Delhi,0.08765396527212924,109,0,NORMAL
1067,44,2026-06-03 19:37:00,1179.31,DEBIT,Local Store,Ludhiana,-0.34007651613113205,99,0,NORMAL
1068,54,2026-01-09 02:18:00,1671.75,DEBIT,Flipkart,Chandigarh,-0.3253961781862405,89,0,NORMAL
1069,74,2026-03-16 23:15:00,1335.69,DEBIT,Flipkart,Chandigarh,-0.3336151852640663,119,0,NORMAL
1070,65,2026-03-02 16:00:00,3321.18,DEBIT,Local Store,Bangalore,-0.025895861000580278,112,0,NORMAL
1071,47,2026-01-28 10:09:00,5377.89,CREDIT,Shell,Mumbai,0.5100093359869282,103,0,NORMAL
1072,37,2026-05-27 08:58:00,2267.13,DEBIT,Netflix,Ludhiana,-0.27121613613618617,87,0,NORMAL
1073,96,2026-04-10 12:41:00,4492.29,DEBIT,Walmart,Ludhiana,1.025182664569903,96,0,NORMAL
1074,68,2026-01-28 21:52:00,1789.72,DEBIT,Apple,Ludhiana,-0.33357508347240855,100,0,NORMAL
1075,39,2026-07-07 15:21:00,2051.96,DEBIT,Myntra,Pune,-0.23611826713506628,101,0,NORMAL
1076,98,2026-07-07 22:50:00,2841.05,CREDIT,Uber,Ludhiana,0.060271267387399394,114,0,NORMAL
1077,64,2026-07-13 22:58:00,2041.66,DEBIT,Local Store,Hyderabad,-0.4262684300661883,110,0,NORMAL
1078,99,2026-01-22 19:15:00,4136.16,CREDIT,Shell,Mumbai,0.37734027258186026,103,0,NORMAL
1079,47,2026-06-08 12:29:00,2645.81,CREDIT,Swiggy,Bangalore,-0.09036462746845465,103,0,NORMAL
1080,9,2026-04-08 04:30:00,4738.63,CREDIT,Apple,Pune,0.4467008935372436,84,0,NORMAL
1081,21,2026-03-11 20:59:00,1314.57,DEBIT,Amazon,Mumbai,-0.3679034274431451,122,10,NORMAL
1082,40,2026-06-08 18:59:00,2196.41,DEBIT,Swiggy,Pune,-0.1750515516705017,109,0,NORMAL
1083,5,2026-04-12 03:12:00,1396.77,CREDIT,Shell,Mumbai,-0.6941828753285337,87,0,NORMAL
1084,83,2026-06-26 21:21:00,4597.32,CREDIT,Amazon,Delhi,0.2266562573507241,101,0,NORMAL
1085,11,2026-05-13 07:44:00,1861.11,CREDIT,Walmart,Chandigarh,-0.2530054130299403,118,0,NORMAL
1086,93,2026-07-27 21:14:00,4663.8,DEBIT,Shell,Delhi,1.1676630012283085,100,0,NORMAL
1087,67,2026-06-30 18:03:00,2170.46,DEBIT,Walmart,Mumbai,-0.23389614507888634,98,0,NORMAL
1088,77,2026-04-30 21:20:00,830.68,CREDIT,Local Store,Pune,-1.1947484816283405,84,0,NORMAL
1089,50,2026-02-08 21:21:00,4034.63,DEBIT,Uber,Mumbai,0.02949373227577535,118,0,NORMAL
1090,36,2026-01-21 08:41:00,1028.39,DEBIT,Myntra,Ludhiana,-0.33851587100249,85,0,NORMAL
1091,48,2026-03-31 16:36:00,4517.39,DEBIT,Apple,Hyderabad,0.040753070268397834,102,0,NORMAL
1092,19,2026-04-23 04:50:00,2570.13,DEBIT,Amazon,Pune,-0.2006946755296477,98,0,NORMAL
1093,78,2026-03-29 06:19:00,637.16,DEBIT,Apple,Ludhiana,-0.7738969394258695,102,0,NORMAL
1094,50,2026-05-13 02:40:00,1046.47,CREDIT,Walmart,Ludhiana,-0.34331623127652233,118,0,NORMAL
1095,31,2026-04-04 00:53:00,2532.2,DEBIT,Apple,Delhi,-0.1321372797130553,104,0,NORMAL
1096,97,2026-02-28 08:05:00,2111.01,DEBIT,Myntra,Pune,-0.6184266089978122,96,0,NORMAL
1097,41,2026-01-30 03:52:00,4577.08,DEBIT,Myntra,Chandigarh,0.2634048424033504,100,0,NORMAL
1098,95,2026-06-03 18:41:00,1759.61,CREDIT,Walmart,Hyderabad,-0.5758599500548316,113,0,NORMAL
1099,21,2026-07-19 10:07:00,2795.64,DEBIT,Flipkart,Chandigarh,-0.12987672410432854,122,10,NORMAL
1100,89,2026-03-08 21:32:00,617.31,DEBIT,Myntra,Hyderabad,-0.5135688354510238,103,0,NORMAL
1101,83,2026-01-30 22:33:00,794.93,DEBIT,Walmart,Mumbai,-0.3656496189901395,101,0,NORMAL
1102,32,2026-02-17 08:46:00,3404.05,CREDIT,Local Store,Pune,0.15281130756674577,107,0,NORMAL
1103,53,2026-04-05 21:51:00,3576.98,DEBIT,Uber,Pune,0.06728476591416159,105,0,NORMAL
1104,76,2026-03-14 07:57:00,5311.57,CREDIT,Walmart,Chandigarh,0.41197815893781087,74,0,NORMAL
1105,48,2026-05-22 14:04:00,62035.69,DEBIT,Flipkart,Delhi,6.830707351152504,102,90,HIGH
1106,72,2026-02-02 09:29:00,1973.11,DEBIT,Myntra,Mumbai,-0.5703565809069822,98,0,NORMAL
1107,34,2026-04-05 17:17:00,4107.78,DEBIT,Uber,Delhi,0.8892069867741406,118,0,NORMAL
1108,48,2026-01-06 03:20:00,1545.05,DEBIT,Shell,Chandigarh,-0.31012747917835326,102,0,NORMAL
1109,99,2026-03-15 23:06:00,2977.01,DEBIT,Netflix,Hyderabad,0.016917918577467456,103,0,NORMAL
1110,35,2026-02-17 09:41:00,1988.5,DEBIT,Swiggy,Hyderabad,-0.6067230994420824,103,0,NORMAL
1111,27,2026-06-02 07:25:00,3852.66,DEBIT,Uber,Chandigarh,0.7780255466698941,90,0,NORMAL
1112,19,2026-03-27 17:42:00,625.61,CREDIT,Local Store,Chandigarh,-1.4908933222510743,98,0,NORMAL
1113,32,2026-02-18 11:57:00,1923.05,DEBIT,Flipkart,Pune,-0.31730581186358,107,0,NORMAL
1114,51,2026-06-04 02:46:00,2680.58,DEBIT,Local Store,Bangalore,-0.14808110412558884,108,0,NORMAL
1115,10,2026-05-09 23:56:00,1123.59,DEBIT,Local Store,Pune,-0.3721291464700603,91,0,NORMAL
1116,77,2026-01-02 22:50:00,3992.78,CREDIT,Apple,Ludhiana,0.9297723090289566,84,0,NORMAL
1117,80,2026-07-23 17:30:00,3031.7,DEBIT,Amazon,Ludhiana,-0.09090189575138972,84,0,NORMAL
1118,23,2026-05-04 11:46:00,1583.59,DEBIT,Myntra,Mumbai,-0.7260156687190003,96,0,NORMAL
1119,12,2026-01-17 01:53:00,1666.24,DEBIT,Uber,Chandigarh,-0.288972584197321,99,0,NORMAL
1120,36,2026-04-14 00:14:00,3763.67,CREDIT,Apple,Ludhiana,0.03176795184828429,85,0,NORMAL
1121,98,2026-06-28 20:49:00,3428.2,DEBIT,Uber,Ludhiana,0.49329521843573654,114,0,NORMAL
1122,85,2026-03-10 18:48:00,3269.14,DEBIT,Uber,Delhi,0.2133152142885704,89,0,NORMAL
1123,30,2026-02-12 05:50:00,1129.74,DEBIT,Myntra,Delhi,-0.4263616848145442,92,0,NORMAL
1124,57,2026-06-26 15:44:00,2162.78,DEBIT,Myntra,Chandigarh,-0.21183244617145863,107,0,NORMAL
1125,15,2026-04-14 10:38:00,4676.94,DEBIT,Uber,Hyderabad,0.35581863210885917,91,0,NORMAL
1126,22,2026-07-25 01:43:00,3505.29,CREDIT,Local Store,Mumbai,-0.021113330892693145,108,0,NORMAL
1127,75,2026-01-28 23:23:00,7119.59,DEBIT,Netflix,Hyderabad,0.551312743132489,89,0,NORMAL
1128,64,2026-01-10 10:51:00,3585.3,CREDIT,Apple,Pune,0.5954637518336606,110,0,NORMAL
1129,88,2026-04-28 19:07:00,626.17,DEBIT,Uber,Delhi,-0.36807198493647914,104,0,NORMAL
1130,11,2026-06-24 17:02:00,3626.26,DEBIT,Myntra,Pune,-0.005579260602658075,118,0,NORMAL
1131,35,2026-06-14 23:15:00,5271.55,DEBIT,Flipkart,Pune,1.7510008775955141,103,0,NORMAL
1132,94,2026-02-17 02:01:00,4691.43,CREDIT,Netflix,Hyderabad,0.16507368581715656,103,0,NORMAL
1133,7,2026-07-19 05:07:00,3729.39,DEBIT,Local Store,Chandigarh,0.07593789919205883,93,0,NORMAL
1134,12,2026-05-26 05:47:00,3299.3,DEBIT,Walmart,Delhi,-0.08987207799962277,99,0,NORMAL
1135,27,2026-02-26 02:50:00,1279.76,CREDIT,Walmart,Bangalore,-1.0489845924489665,90,0,NORMAL
1136,63,2026-04-23 21:42:00,3278.85,DEBIT,Local Store,Mumbai,0.7498688927207391,88,0,NORMAL
1137,46,2026-05-22 07:10:00,4011.31,DEBIT,Myntra,Bangalore,0.11828657094925062,94,0,NORMAL
1138,73,2026-06-03 20:10:00,2366.62,DEBIT,Flipkart,Ludhiana,-7.649566895493373e-05,111,0,NORMAL
1139,24,2026-06-18 18:20:00,2295.94,DEBIT,Netflix,Pune,-0.3116362989604066,95,0,NORMAL
1140,88,2026-07-11 23:25:00,3830.87,CREDIT,Shell,Delhi,-0.036257123953607764,104,0,NORMAL
1141,38,2026-02-16 12:38:00,3637.01,DEBIT,Apple,Hyderabad,0.739628918486623,95,0,NORMAL
1142,32,2026-01-18 09:03:00,3466.3,DEBIT,Shell,Delhi,0.17257146332943163,107,0,NORMAL
1143,6,2026-07-26 23:26:00,2086.74,DEBIT,Apple,Bangalore,-0.40535570653871633,117,0,NORMAL
1144,33,2026-01-06 22:09:00,3080.95,CREDIT,Walmart,Pune,-0.11269022374238744,91,0,NORMAL
1145,85,2026-06-01 13:15:00,2862.94,DEBIT,Apple,Bangalore,-0.03233131761339518,89,0,NORMAL
1146,76,2026-06-13 19:42:00,1997.1,CREDIT,Local Store,Hyderabad,-0.27216428849678787,74,0,NORMAL
1147,34,2026-01-29 11:30:00,2843.56,DEBIT,Local Store,Bangalore,-0.010177447550451283,118,0,NORMAL
1148,87,2026-01-03 03:05:00,759.09,DEBIT,Swiggy,Delhi,-1.2981246343031005,85,0,NORMAL
1149,2,2026-06-27 05:02:00,789.63,CREDIT,Apple,Ludhiana,-1.4678194657380814,117,0,NORMAL
1150,79,2026-05-24 19:32:00,2239.96,DEBIT,Apple,Delhi,-0.31321680600037005,122,10,NORMAL
1151,17,2026-03-10 12:42:00,1293.24,DEBIT,Amazon,Mumbai,-0.2856258706917283,97,0,NORMAL
1152,62,2026-06-08 15:58:00,4883.85,DEBIT,Shell,Mumbai,1.613239470631595,102,0,NORMAL
1153,12,2026-06-22 13:26:00,33225.57,DEBIT,Flipkart,Hyderabad,3.5586990128414926,99,90,HIGH
1154,90,2026-01-08 03:30:00,2665.31,DEBIT,Myntra,Ludhiana,-0.17813169376823534,93,0,NORMAL
1155,32,2026-01-03 20:48:00,802.42,DEBIT,Walmart,Pune,-0.6730298817806669,107,0,NORMAL
1156,92,2026-06-30 11:31:00,1954.1,DEBIT,Local Store,Ludhiana,-0.3042750874035935,119,0,NORMAL
1157,94,2026-06-27 15:20:00,2775.04,DEBIT,Netflix,Pune,-0.15673811393766424,103,0,NORMAL
1158,8,2026-04-25 23:56:00,3681.98,DEBIT,Shell,Delhi,-0.04604307082366809,91,0,NORMAL
1159,35,2026-05-07 06:04:00,3408.36,DEBIT,Myntra,Pune,0.41295005997876155,103,0,NORMAL
1160,56,2026-03-11 23:28:00,677.23,DEBIT,Myntra,Bangalore,-0.6181918262646823,101,0,NORMAL
1161,57,2026-06-20 13:31:00,1704.45,DEBIT,Uber,Bangalore,-0.2804411777615782,107,0,NORMAL
1162,93,2026-05-12 03:57:00,5690.89,CREDIT,Myntra,Hyderabad,1.8485388110918708,100,0,NORMAL
1163,21,2026-02-17 00:03:00,3020.52,DEBIT,Uber,Mumbai,-0.09373566051730489,122,10,NORMAL
1164,21,2026-06-01 10:55:00,4539.49,DEBIT,Myntra,Bangalore,0.15038205273768113,122,10,NORMAL
1165,31,2026-05-10 23:53:00,1508.44,CREDIT,Uber,Mumbai,-0.27475170839972524,104,0,NORMAL
1166,65,2026-06-06 18:49:00,652.84,DEBIT,Walmart,Ludhiana,-0.3804147583225143,112,0,NORMAL
1167,30,2026-05-10 08:08:00,1075.73,DEBIT,Amazon,Hyderabad,-0.43831610914656566,92,0,NORMAL
1168,72,2026-07-07 15:31:00,2028.28,DEBIT,Local Store,Pune,-0.5361316766240187,98,0,NORMAL
1169,14,2026-02-10 09:19:00,4562.87,DEBIT,Walmart,Hyderabad,0.12744780809109188,112,0,NORMAL
1170,79,2026-02-07 02:08:00,2856.33,CREDIT,Shell,Delhi,0.10994073566522139,122,10,NORMAL
1171,65,2026-02-27 04:10:00,636.8,CREDIT,Apple,Pune,-0.38254585222847975,112,0,NORMAL
1172,57,2026-02-06 03:38:00,2480.77,DEBIT,Uber,Pune,-0.16423161149264184,107,0,NORMAL
1173,47,2026-06-01 08:52:00,2637.24,DEBIT,Amazon,Mumbai,-0.09224788303447495,103,0,NORMAL
1174,61,2026-02-01 00:47:00,2789.08,DEBIT,Apple,Bangalore,-0.1169984751758695,81,0,NORMAL
1175,92,2026-07-12 20:09:00,2973.94,DEBIT,Swiggy,Hyderabad,-0.09117832104095619,119,0,NORMAL
1176,30,2026-05-30 00:35:00,1439.25,DEBIT,Myntra,Hyderabad,-0.3578555956643132,92,0,NORMAL
1177,67,2026-01-04 14:55:00,3913.93,DEBIT,Shell,Delhi,0.018312804825917097,98,0,NORMAL
1178,11,2026-03-01 19:53:00,2117.24,DEBIT,Swiggy,Delhi,-0.21710293424842042,118,0,NORMAL
1179,51,2026-01-22 01:08:00,3166.26,CREDIT,Shell,Bangalore,-0.07280510931523845,108,0,NORMAL
1180,54,2026-07-21 13:31:00,1610.44,DEBIT,Apple,Pune,-0.3331683858369494,89,0,NORMAL
1181,96,2026-02-23 11:17:00,1412.36,CREDIT,Swiggy,Chandigarh,-0.893184846476615,96,0,NORMAL
1182,83,2026-06-10 23:30:00,1976.28,DEBIT,Flipkart,Hyderabad,-0.18162837261213005,101,0,NORMAL
1183,84,2026-05-02 18:50:00,2480.05,DEBIT,Swiggy,Pune,-0.16517014892719492,95,0,NORMAL
1184,93,2026-07-16 21:29:00,4597.39,DEBIT,Apple,Mumbai,1.1236386581492803,100,0,NORMAL
1185,12,2026-01-09 12:39:00,2558.71,DEBIT,Amazon,Hyderabad,-0.18016382716067833,99,0,NORMAL
1186,70,2026-04-21 15:53:00,3834.23,DEBIT,Swiggy,Ludhiana,0.8000319104564266,90,0,NORMAL
1187,15,2026-02-15 01:53:00,4194.27,DEBIT,Amazon,Hyderabad,0.2469449134145178,91,0,NORMAL
1188,84,2026-01-02 21:33:00,3965.62,DEBIT,Myntra,Bangalore,0.017458314813161506,95,0,NORMAL
1189,31,2026-07-14 03:56:00,5452.52,CREDIT,Local Store,Mumbai,0.2746765910987132,104,0,NORMAL
1190,45,2026-02-20 23:05:00,1805.24,DEBIT,Swiggy,Ludhiana,-0.23701105554978721,97,0,NORMAL
1191,95,2026-05-12 12:48:00,1363.76,CREDIT,Myntra,Delhi,-0.8278510025824066,113,0,NORMAL
1192,19,2026-01-30 20:03:00,4782.12,CREDIT,Walmart,Delhi,1.2669716403536182,98,0,NORMAL
1193,55,2026-07-11 14:29:00,3289.36,DEBIT,Swiggy,Ludhiana,0.5960959958350279,118,0,NORMAL
1194,72,2026-04-07 00:11:00,2949.8,DEBIT,Local Store,Chandigarh,0.03553650889050873,98,0,NORMAL
1195,82,2026-06-01 19:07:00,1112.09,DEBIT,Uber,Mumbai,-0.38520941058227665,107,0,NORMAL
1196,65,2026-02-17 02:35:00,1299.94,DEBIT,Shell,Hyderabad,-0.29444026539544227,112,0,NORMAL
1197,68,2026-07-23 12:50:00,1099.17,DEBIT,Flipkart,Delhi,-0.4994200909617916,100,0,NORMAL
1198,78,2026-05-15 13:29:00,5529.19,DEBIT,Local Store,Bangalore,0.6598067377902382,102,0,NORMAL
1199,6,2026-04-18 00:50:00,3301.75,DEBIT,Myntra,Delhi,0.3694030643034006,117,0,NORMAL
1200,19,2026-01-18 17:07:00,1303.45,DEBIT,Apple,Bangalore,-1.041143126473375,98,0,NORMAL
1201,28,2026-01-25 14:23:00,1322.46,DEBIT,Amazon,Chandigarh,-1.0624246928591004,98,0,NORMAL
1202,62,2026-05-03 23:56:00,3029.13,DEBIT,Swiggy,Chandigarh,0.29731432283152076,102,0,NORMAL
1203,93,2026-06-13 19:32:00,4641.38,DEBIT,Myntra,Mumbai,1.1528003936115065,100,0,NORMAL
1204,94,2026-05-30 03:23:00,2162.09,CREDIT,Swiggy,Mumbai,-0.25966838526015984,103,0,NORMAL
1205,51,2026-04-11 23:44:00,2748.92,DEBIT,Walmart,Hyderabad,-0.13748902397952692,108,0,NORMAL
1206,22,2026-04-23 10:45:00,4071.91,DEBIT,Shell,Pune,0.07287705491341728,108,0,NORMAL
1207,16,2026-01-20 06:01:00,5218.47,DEBIT,Local Store,Ludhiana,0.6787308057405923,95,0,NORMAL
1208,25,2026-01-07 19:05:00,5109.15,DEBIT,Walmart,Pune,1.5411106289937835,97,0,NORMAL
1209,69,2026-06-11 17:44:00,1880.01,DEBIT,Walmart,Hyderabad,-0.2517842986181807,112,0,NORMAL
1210,69,2026-01-17 09:04:00,3399.73,DEBIT,Myntra,Hyderabad,-0.10764705325752259,112,0,NORMAL
1211,3,2026-05-20 02:03:00,2077.16,DEBIT,Apple,Delhi,-0.22401378702679228,94,0,NORMAL
1212,15,2026-04-14 21:26:00,5154.47,DEBIT,Uber,Mumbai,0.4635329439328983,91,0,NORMAL
1213,33,2026-01-22 10:47:00,5338.34,DEBIT,Local Store,Bangalore,0.12450566181902206,91,0,NORMAL
1214,24,2026-05-22 23:20:00,938.48,DEBIT,Walmart,Bangalore,-1.177040697812341,95,0,NORMAL
1215,19,2026-02-14 01:01:00,2100.54,CREDIT,Amazon,Mumbai,-0.5122699653255433,98,0,NORMAL
1216,31,2026-06-29 11:43:00,4726.37,DEBIT,Shell,Hyderabad,0.17352059028716998,104,0,NORMAL
1217,65,2026-05-29 05:05:00,2380.74,DEBIT,Walmart,Chandigarh,-0.15084386305333208,112,0,NORMAL
1218,4,2026-01-07 18:43:00,2470.26,DEBIT,Apple,Ludhiana,-0.1265343229707527,105,0,NORMAL
1219,76,2026-04-21 21:44:00,3563.98,CREDIT,Local Store,Chandigarh,0.051256686209974985,74,0,NORMAL
1220,58,2026-03-16 01:50:00,1156.59,DEBIT,Uber,Bangalore,-0.3803307296710025,99,0,NORMAL
1221,70,2026-07-22 02:59:00,5240.04,DEBIT,Myntra,Delhi,1.8866501503120736,90,0,NORMAL
1222,1,2026-04-16 07:30:00,2892.3,CREDIT,Uber,Delhi,-0.13610422043485676,112,0,NORMAL
1223,8,2026-05-19 09:49:00,3124.43,CREDIT,Flipkart,Hyderabad,-0.11012036401662172,91,0,NORMAL
1224,81,2026-04-13 10:08:00,1512.32,CREDIT,Amazon,Mumbai,-0.32833763394657944,105,0,NORMAL
1225,95,2026-02-20 20:16:00,3188.22,DEBIT,Shell,Bangalore,0.3335677057527192,113,0,NORMAL
1226,56,2026-01-24 21:14:00,37956.16,DEBIT,Apple,Mumbai,9.088963153956993,101,90,HIGH
1227,34,2026-04-28 02:31:00,4651.32,DEBIT,Flipkart,Mumbai,1.2758892220123021,118,0,NORMAL
1228,59,2026-02-18 16:30:00,3887.78,DEBIT,Amazon,Ludhiana,0.030340215024870946,92,0,NORMAL
1229,61,2026-06-28 00:44:00,599.26,DEBIT,Swiggy,Ludhiana,-0.7021779760880524,81,0,NORMAL
1230,11,2026-01-29 05:24:00,4080.41,DEBIT,Shell,Delhi,0.0580802511243057,118,0,NORMAL
1231,86,2026-05-11 07:57:00,3698.63,DEBIT,Swiggy,Mumbai,0.5803706235954404,76,0,NORMAL
1232,99,2026-02-15 10:12:00,6097.59,CREDIT,Myntra,Bangalore,0.9872209763862312,103,0,NORMAL
1233,25,2026-05-11 06:41:00,2522.84,DEBIT,Netflix,Delhi,-0.14180501735387552,97,0,NORMAL
1234,79,2026-03-22 12:25:00,3476.52,CREDIT,Netflix,Chandigarh,0.5357208284107853,122,10,NORMAL
1235,47,2026-01-03 14:21:00,406.19,DEBIT,Netflix,Hyderabad,-0.5825206170565869,103,0,NORMAL
1236,82,2026-07-27 04:53:00,2322.44,CREDIT,Shell,Chandigarh,-0.18313593071184325,107,0,NORMAL
1237,22,2026-07-25 18:16:00,2466.11,DEBIT,Uber,Delhi,-0.19349151931172853,108,0,NORMAL
1238,76,2026-04-05 12:37:00,783.66,DEBIT,Local Store,Hyderabad,-0.5226314254493141,74,0,NORMAL
1239,30,2026-01-09 10:00:00,4346.36,CREDIT,Shell,Ludhiana,0.285596108091714,92,0,NORMAL
1240,33,2026-01-01 17:04:00,2855.98,CREDIT,Swiggy,Pune,-0.1363290094084665,91,0,NORMAL
1241,87,2026-05-29 03:20:00,7399.28,DEBIT,Apple,Delhi,2.507298892716981,85,40,REVIEW
1242,88,2026-07-08 07:51:00,3368.07,DEBIT,Amazon,Pune,-0.0841754681552094,104,0,NORMAL
1243,29,2026-05-23 16:06:00,902.41,DEBIT,Netflix,Bangalore,-1.0927267331987778,99,0,NORMAL
1244,11,2026-03-24 03:34:00,3785.91,CREDIT,Swiggy,Delhi,0.016799339082929837,118,0,NORMAL
1245,32,2026-01-11 03:33:00,1326.34,DEBIT,Myntra,Chandigarh,-0.5067207925085966,107,0,NORMAL
1246,4,2026-05-02 17:10:00,3416.98,DEBIT,Apple,Mumbai,0.6313536959141414,105,0,NORMAL
1247,14,2026-07-09 04:59:00,3833.15,CREDIT,Netflix,Delhi,0.024721412305877044,112,0,NORMAL
1248,100,2026-02-04 19:59:00,2812.74,DEBIT,Myntra,Ludhiana,0.08781518842342004,87,0,NORMAL
1249,16,2026-01-24 16:13:00,938.38,DEBIT,Uber,Delhi,-0.5533330115719068,95,0,NORMAL
1250,57,2026-06-07 05:28:00,764.64,DEBIT,Walmart,Delhi,-0.42112403080569544,107,0,NORMAL
1251,87,2026-05-30 16:18:00,1097.25,DEBIT,Netflix,Hyderabad,-1.1043286706488813,85,0,NORMAL
1252,77,2026-06-15 01:58:00,4677.92,DEBIT,Swiggy,Chandigarh,1.3900974646252184,84,0,NORMAL
1253,55,2026-01-10 10:56:00,3715.98,CREDIT,Myntra,Ludhiana,0.922472447412041,118,0,NORMAL
1254,43,2026-01-05 11:22:00,2657.36,DEBIT,Local Store,Pune,-0.08676026527280588,97,0,NORMAL
1255,9,2026-07-05 06:49:00,4094.56,DEBIT,Apple,Bangalore,0.26786177481508683,84,0,NORMAL
1256,54,2026-03-09 16:37:00,1450.67,DEBIT,Netflix,Mumbai,-0.3534222696463404,89,0,NORMAL
1257,6,2026-05-11 06:00:00,694.16,CREDIT,Apple,Ludhiana,-1.2933431050780824,117,0,NORMAL
1258,70,2026-04-23 09:14:00,4977.85,DEBIT,Local Store,Bangalore,1.6839908746576455,90,0,NORMAL
1259,38,2026-01-21 20:50:00,2876.31,DEBIT,Netflix,Ludhiana,0.1854310666659741,95,0,NORMAL
1260,72,2026-03-13 03:29:00,4437.75,DEBIT,Netflix,Pune,0.9585915447403447,98,0,NORMAL
1261,26,2026-06-20 04:13:00,3219.15,DEBIT,Local Store,Pune,0.34471820139250947,98,0,NORMAL
1262,43,2026-05-03 05:02:00,5683.85,DEBIT,Local Store,Bangalore,0.5218958396077842,97,0,NORMAL
1263,54,2026-06-30 13:30:00,2778.23,CREDIT,Netflix,Delhi,-0.1851288103611485,89,0,NORMAL
1264,82,2026-03-19 14:25:00,1973.88,DEBIT,Netflix,Chandigarh,-0.24132962025919588,107,0,NORMAL
1265,95,2026-05-26 17:59:00,4667.01,DEBIT,Uber,Hyderabad,1.2749390549184456,113,0,NORMAL
1266,1,2026-01-11 22:17:00,1243.9,DEBIT,Shell,Delhi,-0.31274376958516564,112,0,NORMAL
1267,19,2026-01-16 23:38:00,2012.91,CREDIT,Amazon,Mumbai,-0.5704129041547651,98,0,NORMAL
1268,26,2026-04-06 09:22:00,2333.03,DEBIT,Uber,Bangalore,-0.22459165422548139,98,0,NORMAL
1269,71,2026-02-06 20:12:00,1690.07,DEBIT,Amazon,Hyderabad,-0.6103401642231259,99,0,NORMAL
1270,87,2026-02-10 09:39:00,1281.57,DEBIT,Flipkart,Mumbai,-0.9986968040154957,85,0,NORMAL
1271,40,2026-07-11 20:21:00,2132.25,DEBIT,Local Store,Chandigarh,-0.1859603510796268,109,0,NORMAL
1272,92,2026-02-17 14:54:00,934.19,DEBIT,Netflix,Mumbai,-0.5173864803484842,119,0,NORMAL
1273,69,2026-03-31 00:54:00,1677.75,CREDIT,Amazon,Hyderabad,-0.27096756872494165,112,0,NORMAL
1274,79,2026-04-18 02:36:00,3898.15,CREDIT,Uber,Bangalore,0.8251831875334931,122,10,NORMAL
1275,32,2026-06-28 00:51:00,845.83,CREDIT,Netflix,Pune,-0.6592501490632663,107,0,NORMAL
1276,11,2026-01-24 14:52:00,2067.77,CREDIT,Uber,Ludhiana,-0.22403728643411433,118,0,NORMAL
1277,50,2026-06-19 00:49:00,3171.87,DEBIT,Uber,Bangalore,-0.07814626161825323,118,0,NORMAL
1278,92,2026-06-30 03:33:00,1667.95,DEBIT,Myntra,Bangalore,-0.3640664661440514,119,0,NORMAL
1279,75,2026-03-21 22:14:00,2975.55,DEBIT,Netflix,Chandigarh,-0.13294074975354883,89,0,NORMAL
1280,31,2026-05-18 07:00:00,1922.56,DEBIT,Local Store,Mumbai,-0.21706290711063037,104,0,NORMAL
1281,48,2026-07-08 21:31:00,2236.85,DEBIT,Flipkart,Mumbai,-0.2284614638142757,102,0,NORMAL
1282,75,2026-02-18 19:33:00,41090.2,DEBIT,Flipkart,Ludhiana,6.160454679013746,89,90,HIGH
1283,60,2026-01-09 23:59:00,1963.34,DEBIT,Uber,Chandigarh,-0.30421185208917256,106,0,NORMAL
1284,30,2026-01-31 00:11:00,2063.07,DEBIT,Apple,Hyderabad,-0.2197809986118848,92,0,NORMAL
1285,65,2026-02-05 19:54:00,2044.08,CREDIT,Walmart,Delhi,-0.1955729200597114,112,0,NORMAL
1286,47,2026-03-13 14:19:00,440.65,DEBIT,Flipkart,Bangalore,-0.5749480398331263,103,0,NORMAL
1287,39,2026-02-20 04:41:00,4069.16,DEBIT,Shell,Bangalore,0.24488759624542622,101,0,NORMAL
1288,2,2026-05-07 04:55:00,2062.52,DEBIT,Swiggy,Chandigarh,-0.5538699785124442,117,0,NORMAL
1289,75,2026-02-24 08:26:00,5330.52,CREDIT,Swiggy,Mumbai,0.2559059911422516,89,0,NORMAL
1290,30,2026-03-27 02:18:00,3857.11,DEBIT,Shell,Ludhiana,0.1773068634251427,92,0,NORMAL
1291,71,2026-04-24 23:41:00,3722.44,CREDIT,Netflix,Chandigarh,0.7582030237184711,99,0,NORMAL
1292,99,2026-06-09 17:15:00,3440.39,DEBIT,Myntra,Hyderabad,0.16099979788433497,103,0,NORMAL
1293,72,2026-01-04 12:35:00,843.13,DEBIT,Myntra,Hyderabad,-1.271343663409484,98,0,NORMAL
1294,85,2026-06-02 14:33:00,5912.46,DEBIT,Swiggy,Pune,1.8118439949559852,89,0,NORMAL
1295,97,2026-01-09 11:04:00,2443.84,DEBIT,Local Store,Hyderabad,-0.3816821858057028,96,0,NORMAL
1296,5,2026-05-01 05:46:00,3229.2,DEBIT,Local Store,Pune,0.5261401007792067,87,0,NORMAL
1297,78,2026-05-23 05:25:00,3585.31,DEBIT,Walmart,Ludhiana,0.09011523874651874,102,0,NORMAL
1298,50,2026-07-27 08:29:00,1197.34,DEBIT,Myntra,Pune,-0.3244933304943905,118,0,NORMAL
1299,39,2026-06-27 21:34:00,1150.85,DEBIT,Amazon,Mumbai,-0.4509899672891391,101,0,NORMAL
1300,26,2026-04-14 08:02:00,969.84,CREDIT,Netflix,Mumbai,-1.1004070088951525,98,0,NORMAL
1301,38,2026-03-04 13:26:00,3737.95,DEBIT,Flipkart,Hyderabad,0.8131674108788619,95,0,NORMAL
1302,53,2026-02-17 00:25:00,2342.71,CREDIT,Shell,Chandigarh,-0.20031867630943978,105,0,NORMAL
1303,62,2026-03-16 21:13:00,2250.93,DEBIT,Apple,Chandigarh,-0.25481912589282457,102,0,NORMAL
1304,91,2026-01-24 01:47:00,35869.45,DEBIT,Flipkart,Hyderabad,3.8099285968496024,100,90,HIGH
1305,65,2026-06-12 06:51:00,3120.99,CREDIT,Walmart,Hyderabad,-0.052493347848162675,112,0,NORMAL
1306,52,2026-04-30 17:53:00,3359.7,DEBIT,Local Store,Chandigarh,0.0720505398984859,116,0,NORMAL
1307,59,2026-06-16 03:16:00,2855.82,DEBIT,Flipkart,Pune,-0.11597116701899396,92,0,NORMAL
1308,92,2026-03-05 18:16:00,4173.57,DEBIT,Swiggy,Mumbai,0.15948577708385797,119,0,NORMAL
1309,23,2026-03-08 18:57:00,4417.58,CREDIT,Local Store,Delhi,1.1761385133850069,96,0,NORMAL
1310,51,2026-02-27 12:01:00,2641.49,DEBIT,Apple,Pune,-0.15413969957348994,108,0,NORMAL
1311,69,2026-03-21 02:24:00,2420.31,DEBIT,Myntra,Chandigarh,-0.20053975773672653,112,0,NORMAL
1312,98,2026-01-28 20:45:00,2407.42,CREDIT,Walmart,Ludhiana,-0.25953146767704854,114,0,NORMAL
1313,99,2026-01-17 06:01:00,3499.83,DEBIT,Myntra,Delhi,0.17948187934231807,103,0,NORMAL
1314,10,2026-06-18 04:10:00,3645.99,DEBIT,Swiggy,Bangalore,-0.0660377408375005,91,0,NORMAL
1315,96,2026-02-19 16:35:00,2351.58,DEBIT,Flipkart,Pune,-0.3081815724654815,96,0,NORMAL
1316,96,2026-01-31 01:19:00,2757.88,DEBIT,Shell,Pune,-0.05511324956911678,96,0,NORMAL
1317,32,2026-02-28 18:02:00,2743.55,DEBIT,Uber,Hyderabad,-0.0568526744614312,107,0,NORMAL
1318,3,2026-02-15 04:51:00,3579.04,DEBIT,Shell,Pune,-0.040096897760629094,94,0,NORMAL
1319,51,2026-06-10 10:31:00,1235.65,DEBIT,Flipkart,Mumbai,-0.37203214839613635,108,0,NORMAL
1320,28,2026-07-13 19:17:00,3592.07,CREDIT,Netflix,Chandigarh,0.4858072341459625,98,0,NORMAL
1321,90,2026-02-07 10:13:00,570.9,DEBIT,Swiggy,Pune,-0.3520441690580133,93,0,NORMAL
1322,40,2026-01-18 17:14:00,1928.74,DEBIT,Swiggy,Hyderabad,-0.2205621242677666,109,0,NORMAL
1323,26,2026-06-03 12:43:00,4070.32,DEBIT,Amazon,Delhi,0.891573559364754,98,0,NORMAL
1324,44,2026-01-24 00:00:00,4740.73,DEBIT,Netflix,Delhi,0.06648541612074031,99,0,NORMAL
1325,86,2026-04-30 02:36:00,1417.48,DEBIT,Flipkart,Ludhiana,-0.9088021895238371,76,0,NORMAL
1326,81,2026-07-17 05:28:00,1657.04,DEBIT,Swiggy,Chandigarh,-0.30844946863518397,105,0,NORMAL
1327,16,2026-04-26 03:20:00,1814.57,DEBIT,Amazon,Chandigarh,-0.30111354981034616,95,0,NORMAL
1328,28,2026-04-12 09:11:00,2914.3,DEBIT,Local Store,Bangalore,0.023461212950152948,98,0,NORMAL
1329,6,2026-02-07 01:39:00,836.37,DEBIT,Shell,Hyderabad,-1.2026620038513784,117,0,NORMAL
1330,73,2026-04-29 02:15:00,1535.64,CREDIT,Swiggy,Pune,-0.5618493602933086,111,0,NORMAL
1331,99,2026-04-26 18:26:00,2987.71,CREDIT,Myntra,Delhi,0.02024494198931833,103,0,NORMAL
1332,43,2026-06-13 10:38:00,758.44,CREDIT,Swiggy,Ludhiana,-0.4686512514250317,97,0,NORMAL
1333,82,2026-01-08 17:21:00,2339.95,DEBIT,Local Store,Hyderabad,-0.18021255595864688,107,0,NORMAL
1334,16,2026-03-30 16:08:00,1873.96,DEBIT,Local Store,Delhi,-0.2840175845128432,95,0,NORMAL
1335,8,2026-01-14 19:14:00,931.07,DEBIT,Netflix,Pune,-0.3621956430009221,91,0,NORMAL
1336,77,2026-04-30 16:08:00,4955.13,DEBIT,Uber,Bangalore,1.5763466055056807,84,0,NORMAL
1337,41,2026-04-16 00:33:00,3464.07,CREDIT,Amazon,Mumbai,0.03641621494257797,100,0,NORMAL
1338,94,2026-07-16 08:34:00,1388.3,DEBIT,Amazon,Pune,-0.3896078821956911,103,0,NORMAL
1339,32,2026-07-09 20:41:00,3865.35,CREDIT,Flipkart,Mumbai,0.2992427911543279,107,0,NORMAL
1340,57,2026-06-29 00:02:00,2776.13,DEBIT,Walmart,Mumbai,-0.12001832638702424,107,0,NORMAL
1341,7,2026-07-19 19:53:00,3711.77,DEBIT,Netflix,Mumbai,0.07288336225131722,93,0,NORMAL
1342,65,2026-04-24 09:36:00,963.52,DEBIT,Uber,Pune,-0.3391374357099618,112,0,NORMAL
1343,26,2026-06-13 05:03:00,1737.32,DEBIT,Netflix,Bangalore,-0.6073203750422934,98,0,NORMAL
1344,62,2026-05-25 23:54:00,1005.71,CREDIT,Swiggy,Mumbai,-1.1383035939222887,102,0,NORMAL
1345,61,2026-06-25 11:47:00,1473.89,CREDIT,Amazon,Hyderabad,-0.4684530366488188,81,0,NORMAL
1346,49,2026-04-20 07:27:00,2390.46,DEBIT,Local Store,Ludhiana,0.06504628087431655,95,0,NORMAL
1347,20,2026-04-14 02:51:00,3316.8,DEBIT,Swiggy,Ludhiana,-0.08633706048204083,98,0,NORMAL
1348,78,2026-06-20 20:26:00,3245.72,DEBIT,Netflix,Mumbai,-0.009408155784139947,102,0,NORMAL
1349,25,2026-05-28 07:03:00,654.35,DEBIT,Swiggy,Chandigarh,-1.3576341546360027,97,0,NORMAL
1350,96,2026-01-26 22:27:00,1505.4,DEBIT,Swiggy,Delhi,-0.8352338822573736,96,0,NORMAL
1351,16,2026-04-03 22:28:00,1895.76,DEBIT,Flipkart,Ludhiana,-0.27774225123307283,95,0,NORMAL
1352,91,2026-01-22 00:13:00,2521.14,DEBIT,Swiggy,Chandigarh,-0.19440859536926475,100,0,NORMAL
1353,95,2026-01-11 06:54:00,711.18,DEBIT,Uber,Bangalore,-1.2432717959598096,113,0,NORMAL
1354,78,2026-04-03 14:00:00,2750.19,DEBIT,Netflix,Ludhiana,-0.15463277279811932,102,0,NORMAL
1355,75,2026-05-20 22:28:00,4885.47,CREDIT,Swiggy,Pune,0.18242045118391836,89,0,NORMAL
1356,76,2026-03-10 17:57:00,4722.21,DEBIT,Swiggy,Mumbai,0.2903278821755971,74,0,NORMAL
1357,55,2026-05-20 08:51:00,1292.2,DEBIT,Local Store,Bangalore,-0.9317882900201773,118,0,NORMAL
1358,94,2026-02-02 08:35:00,3810.76,CREDIT,Walmart,Pune,0.017186252836355158,103,0,NORMAL
1359,74,2026-05-25 21:31:00,3685.32,DEBIT,Apple,Delhi,-0.06697155391045932,119,0,NORMAL
1360,22,2026-01-26 10:17:00,4653.91,DEBIT,Swiggy,Ludhiana,0.1694186604676799,108,0,NORMAL
1361,54,2026-02-18 21:48:00,3389.31,DEBIT,Netflix,Chandigarh,-0.10766280724264911,89,0,NORMAL
1362,24,2026-07-26 11:19:00,2341.81,DEBIT,Netflix,Mumbai,-0.2823933748408465,95,0,NORMAL
1363,26,2026-05-29 20:04:00,897.87,DEBIT,Myntra,Pune,-1.1466459272231748,98,0,NORMAL
1364,80,2026-01-30 01:23:00,1372.79,DEBIT,Apple,Delhi,-0.33964048175316053,84,0,NORMAL
1365,49,2026-06-26 15:41:00,1120.93,DEBIT,Walmart,Delhi,-0.9076256053753914,95,0,NORMAL
1366,8,2026-01-16 05:46:00,1738.28,CREDIT,Walmart,Mumbai,-0.26942578946620044,91,0,NORMAL
1367,67,2026-04-07 18:54:00,3189.09,CREDIT,Myntra,Chandigarh,-0.08654195909258891,98,0,NORMAL
1368,97,2026-05-15 23:58:00,2446.79,DEBIT,Flipkart,Bangalore,-0.37958382914189037,96,0,NORMAL
1369,31,2026-05-10 15:01:00,4147.38,DEBIT,Flipkart,Hyderabad,0.09286464742429684,104,0,NORMAL
1370,13,2026-05-27 07:03:00,406.01,CREDIT,Uber,Delhi,-1.6302019411825315,101,0,NORMAL
1371,78,2026-04-01 11:45:00,418.27,CREDIT,Flipkart,Chandigarh,-0.8380468726654108,102,0,NORMAL
1372,80,2026-07-07 11:23:00,3166.4,CREDIT,Swiggy,Pune,-0.07070484616193726,84,0,NORMAL
1373,25,2026-05-12 03:31:00,315.78,DEBIT,Amazon,Hyderabad,-1.5779421418393644,97,0,NORMAL
1374,95,2026-06-26 09:56:00,1070.94,DEBIT,Swiggy,Pune,-1.0142549939961354,113,0,NORMAL
1375,79,2026-06-23 08:25:00,2677.46,CREDIT,Walmart,Pune,-0.012859188856939489,122,10,NORMAL
1376,50,2026-02-22 02:57:00,2700.93,DEBIT,Shell,Ludhiana,-0.13690185845219757,118,0,NORMAL
1377,92,2026-07-19 19:01:00,3629.49,DEBIT,Myntra,Mumbai,0.04579962176284324,119,0,NORMAL
1378,58,2026-07-16 20:25:00,6338.88,DEBIT,Netflix,Mumbai,0.5147199896339782,99,0,NORMAL
1379,28,2026-01-11 15:20:00,1728.5,DEBIT,Uber,Bangalore,-0.7854413822281392,98,0,NORMAL
1380,50,2026-04-04 19:11:00,3422.45,DEBIT,Myntra,Pune,-0.046883303588249915,118,0,NORMAL
1381,16,2026-05-02 04:03:00,4589.55,DEBIT,Netflix,Ludhiana,0.49769031921246387,95,0,NORMAL
1382,99,2026-05-05 23:09:00,3887.48,DEBIT,Swiggy,Pune,0.30001651724923517,103,0,NORMAL
1383,96,2026-06-09 02:14:00,2806.48,DEBIT,Netflix,Mumbai,-0.02484221709861888,96,0,NORMAL
1384,34,2026-02-02 10:54:00,1268.21,DEBIT,Flipkart,Pune,-1.1309042740626452,118,0,NORMAL
1385,76,2026-04-25 02:17:00,4697.64,DEBIT,Swiggy,Ludhiana,0.28525636849966457,74,0,NORMAL
1386,95,2026-07-15 00:10:00,444.55,DEBIT,Netflix,Hyderabad,-1.4130037003059692,113,0,NORMAL
1387,50,2026-02-15 23:41:00,4413.65,DEBIT,Shell,Pune,0.07678117082846052,118,0,NORMAL
1388,78,2026-01-04 08:17:00,3840.15,DEBIT,Shell,Hyderabad,0.16480101236232916,102,0,NORMAL
1389,59,2026-06-15 22:42:00,2084.45,DEBIT,Uber,Ludhiana,-0.22533607531696687,92,0,NORMAL
1390,37,2026-01-13 12:06:00,934.45,DEBIT,Local Store,Bangalore,-1.1671124458616826,87,0,NORMAL
1391,40,2026-06-24 03:17:00,2553.11,CREDIT,Netflix,Chandigarh,-0.11440365969364812,109,0,NORMAL
1392,38,2026-05-02 07:03:00,2989.42,DEBIT,Uber,Hyderabad,0.2678358504433287,95,0,NORMAL
1393,92,2026-01-20 03:19:00,1375.98,DEBIT,Uber,Hyderabad,-0.4250739407232984,119,0,NORMAL
1394,63,2026-02-27 23:03:00,2063.15,DEBIT,Amazon,Ludhiana,-0.23283303233419853,88,0,NORMAL
1395,51,2026-05-23 09:09:00,1345.77,CREDIT,Walmart,Ludhiana,-0.35496454720087245,108,0,NORMAL
1396,94,2026-03-13 00:44:00,559.52,DEBIT,Shell,Chandigarh,-0.5287816325287655,103,0,NORMAL
1397,13,2026-04-21 17:02:00,1094.16,CREDIT,Myntra,Pune,-1.1558419151389028,101,0,NORMAL
1398,21,2026-06-25 15:38:00,2076.87,DEBIT,Apple,Mumbai,-0.2453921646701635,122,10,NORMAL
1399,27,2026-02-07 02:50:00,1475.48,DEBIT,Uber,Chandigarh,-0.9100042883452922,90,0,NORMAL
1400,55,2026-01-21 12:13:00,2107.47,DEBIT,Walmart,Bangalore,-0.30808351837986164,118,0,NORMAL
1401,61,2026-06-07 22:47:00,2175.52,DEBIT,Uber,Pune,-0.28095840548049683,81,0,NORMAL
1402,93,2026-03-29 16:37:00,2843.69,DEBIT,Swiggy,Chandigarh,-0.03891954780903792,100,0,NORMAL
1403,39,2026-02-02 15:02:00,4850.59,DEBIT,Myntra,Hyderabad,0.43122133202840185,101,0,NORMAL
1404,84,2026-06-12 01:30:00,1992.12,DEBIT,Flipkart,Delhi,-0.2251537958188474,95,0,NORMAL
1405,16,2026-03-23 21:30:00,1289.05,CREDIT,Amazon,Ludhiana,-0.4523893821582792,95,0,NORMAL
1406,74,2026-02-04 10:13:00,6171.14,DEBIT,Local Store,Mumbai,0.21512736025535542,119,0,NORMAL
1407,50,2026-02-06 04:55:00,2239.72,DEBIT,Flipkart,Delhi,-0.19444351729575188,118,0,NORMAL
1408,92,2026-03-09 07:35:00,3625.01,CREDIT,Swiggy,Hyderabad,0.044863520498620885,119,0,NORMAL
1409,90,2026-06-27 21:07:00,417.52,CREDIT,Walmart,Ludhiana,-0.3647803073785647,93,0,NORMAL
1410,75,2026-02-15 04:18:00,2612.55,CREDIT,Netflix,Pune,-0.1928783994667832,89,0,NORMAL
1411,16,2026-04-25 10:21:00,1145.04,DEBIT,Walmart,Delhi,-0.4938440035169826,95,0,NORMAL
1412,17,2026-02-01 23:23:00,2804.28,DEBIT,Shell,Bangalore,-0.11141042414588967,97,0,NORMAL
1413,97,2026-07-18 05:16:00,851.24,DEBIT,Uber,Chandigarh,-1.5145102613270005,96,0,NORMAL
1414,85,2026-07-09 02:57:00,481.69,DEBIT,Apple,Pune,-1.4723751484640988,89,0,NORMAL
1415,69,2026-05-09 04:50:00,1648.87,DEBIT,Local Store,Ludhiana,-0.27370668096010065,112,0,NORMAL
1416,66,2026-01-17 06:54:00,1185.2,DEBIT,Netflix,Delhi,-1.1164499990967591,95,0,NORMAL
1417,25,2026-07-21 00:04:00,1259.91,DEBIT,Netflix,Ludhiana,-0.9635953894445566,97,0,NORMAL
1418,46,2026-06-03 15:37:00,1509.13,DEBIT,Walmart,Ludhiana,-0.2921501350689966,94,0,NORMAL
1419,33,2026-04-03 13:03:00,1525.93,DEBIT,Swiggy,Pune,-0.2760843851259777,91,0,NORMAL
1420,19,2026-04-09 02:03:00,2560.27,DEBIT,Netflix,Pune,-0.20723683434348014,98,0,NORMAL
1421,48,2026-02-25 21:13:00,2492.11,DEBIT,Flipkart,Hyderabad,-0.1983283804349255,102,0,NORMAL
1422,56,2026-04-01 02:40:00,1676.89,CREDIT,Walmart,Bangalore,-0.3578878275305878,101,0,NORMAL
1423,16,2026-02-02 09:28:00,2593.87,DEBIT,Flipkart,Bangalore,-0.07678477802479249,95,0,NORMAL
1424,100,2026-03-24 04:46:00,1325.22,CREDIT,Apple,Delhi,-0.9585187065626921,87,0,NORMAL
1425,13,2026-02-14 23:11:00,2722.78,DEBIT,Uber,Ludhiana,-0.0331910023798028,101,0,NORMAL
1426,94,2026-06-28 06:21:00,4228.72,DEBIT,Walmart,Ludhiana,0.08737262399542241,103,0,NORMAL
1427,45,2026-01-18 11:06:00,4418.88,DEBIT,Uber,Bangalore,0.150961797334307,97,0,NORMAL
1428,97,2026-07-13 13:54:00,1719.14,DEBIT,Shell,Ludhiana,-0.8971666177599189,96,0,NORMAL
1429,52,2026-02-26 14:42:00,2709.44,DEBIT,Uber,Mumbai,-0.062257853156373735,116,0,NORMAL
1430,49,2026-05-15 18:25:00,3129.8,DEBIT,Netflix,Pune,0.6315041293535641,95,0,NORMAL
1431,78,2026-06-20 15:15:00,1764.21,DEBIT,Shell,Bangalore,-0.443593214917554,102,0,NORMAL
1432,36,2026-03-25 06:58:00,5124.04,DEBIT,Apple,Pune,0.21592569953463003,85,0,NORMAL
1433,12,2026-01-29 22:27:00,3905.02,DEBIT,Walmart,Pune,-0.016023500106544884,99,0,NORMAL
1434,31,2026-01-21 21:40:00,5322.09,DEBIT,Walmart,Pune,0.2565070983136831,104,0,NORMAL
1435,37,2026-06-04 08:49:00,1470.85,CREDIT,Shell,Pune,-0.8065166685282222,87,0,NORMAL
1436,18,2026-07-13 20:15:00,2719.24,DEBIT,Walmart,Chandigarh,-0.21476122454109126,96,0,NORMAL
1437,2,2026-07-14 13:00:00,4421.05,DEBIT,Flipkart,Mumbai,1.1395813677203666,117,0,NORMAL
1438,95,2026-07-12 06:42:00,2711.43,CREDIT,Local Store,Delhi,0.03005169227634557,113,0,NORMAL
1439,78,2026-03-23 22:40:00,3230.64,CREDIT,Uber,Delhi,-0.013827640425979592,102,0,NORMAL
1440,47,2026-01-19 12:49:00,6428.42,DEBIT,Swiggy,Chandigarh,0.7408630664153136,103,0,NORMAL
1441,49,2026-07-16 06:53:00,1549.71,DEBIT,Walmart,Bangalore,-0.5791085546667435,95,0,NORMAL
1442,39,2026-01-01 19:31:00,2559.27,DEBIT,Local Store,Chandigarh,-0.11514906004030243,101,0,NORMAL
1443,28,2026-01-13 21:35:00,7308.82,DEBIT,Myntra,Ludhiana,3.0212168484391966,98,70,HIGH
1444,63,2026-06-17 14:38:00,552.07,DEBIT,Flipkart,Bangalore,-1.4543031523572432,88,0,NORMAL
1445,46,2026-01-04 05:27:00,751.7,DEBIT,Walmart,Chandigarh,-0.4163926253132641,94,0,NORMAL
1446,63,2026-02-25 23:08:00,1839.29,DEBIT,Swiggy,Delhi,-0.41378857477295683,88,0,NORMAL
1447,63,2026-05-17 06:45:00,543.38,DEBIT,Apple,Bangalore,-1.4613276483091453,88,0,NORMAL
1448,55,2026-04-09 02:46:00,3664.83,DEBIT,Walmart,Chandigarh,0.8833412404874612,118,0,NORMAL
1449,85,2026-05-11 19:03:00,4802.71,DEBIT,Netflix,Delhi,1.1407306547831484,89,0,NORMAL
1450,25,2026-06-03 07:14:00,2136.08,DEBIT,Flipkart,Delhi,-0.39347030704514263,97,0,NORMAL
1451,21,2026-02-13 06:01:00,5598.56,CREDIT,Swiggy,Chandigarh,0.320588012418885,122,10,NORMAL
1452,71,2026-02-16 09:32:00,2178.79,DEBIT,Flipkart,Hyderabad,-0.2812492866709,99,0,NORMAL
1453,98,2026-05-22 13:48:00,2706.72,DEBIT,Uber,Delhi,-0.03879729659850426,114,0,NORMAL
1454,14,2026-05-06 06:58:00,5029.94,DEBIT,Shell,Delhi,0.19319962752786252,112,0,NORMAL
1455,99,2026-01-03 22:09:00,5175.12,DEBIT,Swiggy,Chandigarh,0.7003911365049108,103,0,NORMAL
1456,38,2026-06-06 04:14:00,2037.48,DEBIT,Netflix,Ludhiana,-0.42568735589576484,95,0,NORMAL
1457,20,2026-04-06 22:45:00,4078.43,DEBIT,Netflix,Pune,-0.005844709710541977,98,0,NORMAL
1458,55,2026-02-07 12:35:00,1653.81,DEBIT,Shell,Ludhiana,-0.6551463401473075,118,0,NORMAL
1459,24,2026-02-13 20:36:00,1639.76,DEBIT,Uber,Chandigarh,-0.7299624805338323,95,0,NORMAL
1460,5,2026-02-23 05:35:00,1250.22,DEBIT,Swiggy,Delhi,-0.7917791448441984,87,0,NORMAL
1461,79,2026-03-26 06:14:00,1623.54,DEBIT,Netflix,Bangalore,-0.7364086742507779,122,10,NORMAL
1462,55,2026-01-19 19:22:00,2167.26,DEBIT,Apple,Delhi,-0.26234246535893024,118,0,NORMAL
1463,35,2026-01-18 07:33:00,2924.78,DEBIT,Uber,Delhi,0.06566684442741734,103,0,NORMAL
1464,1,2026-01-14 00:50:00,63156.24,DEBIT,Amazon,Ludhiana,6.321670101101945,112,90,HIGH
1465,36,2026-05-13 09:01:00,5179.38,CREDIT,Flipkart,Bangalore,0.2234172567999052,85,0,NORMAL
1466,15,2026-07-20 21:25:00,1024.5,DEBIT,Uber,Bangalore,-0.4680459650443941,91,0,NORMAL
1467,47,2026-05-16 07:01:00,2762.88,DEBIT,Netflix,Pune,-0.06463852138747542,103,0,NORMAL
1468,36,2026-02-08 17:26:00,1925.21,DEBIT,Uber,Pune,-0.21711040684195382,85,0,NORMAL
1469,96,2026-03-11 08:02:00,5246.16,CREDIT,Netflix,Pune,1.4947386984903615,96,0,NORMAL
1470,58,2026-07-19 00:04:00,5446.19,DEBIT,Local Store,Bangalore,0.36054050013872346,99,0,NORMAL
1471,39,2026-01-16 22:49:00,4394.9,DEBIT,Uber,Mumbai,0.32256102968661277,101,0,NORMAL
1472,54,2026-07-24 00:22:00,2944.72,DEBIT,Flipkart,Bangalore,-0.16402303884318203,89,0,NORMAL
1473,58,2026-07-10 16:42:00,3994.65,DEBIT,Shell,Hyderabad,0.10984014930927333,99,0,NORMAL
1474,3,2026-02-16 22:38:00,1476.45,DEBIT,Apple,Delhi,-0.29757539950653555,94,0,NORMAL
1475,73,2026-06-30 05:36:00,897.31,CREDIT,Shell,Hyderabad,-0.9933837807073544,111,0,NORMAL
1476,66,2026-07-05 10:08:00,4735.78,DEBIT,Swiggy,Ludhiana,1.2746106328866451,95,0,NORMAL
1477,100,2026-07-28 05:19:00,1955.95,DEBIT,Netflix,Ludhiana,-0.5148579977422456,87,0,NORMAL
1478,90,2026-07-06 16:52:00,482.54,CREDIT,Myntra,Ludhiana,-0.35938127416952664,93,0,NORMAL
1479,91,2026-04-08 18:19:00,3641.05,DEBIT,Shell,Delhi,-0.05993409681333094,100,0,NORMAL
1480,22,2026-04-17 06:09:00,2243.96,DEBIT,Amazon,Pune,-0.230341549679219,108,0,NORMAL
1481,19,2026-01-19 18:11:00,4629.39,CREDIT,Netflix,Hyderabad,1.1656345292342865,98,0,NORMAL
1482,27,2026-05-07 12:10:00,3287.84,DEBIT,Local Store,Bangalore,0.3769482149519438,90,0,NORMAL
1483,42,2026-05-29 16:09:00,798.36,DEBIT,Local Store,Bangalore,-0.5166874721347644,104,0,NORMAL
1484,42,2026-01-04 18:56:00,3437.11,DEBIT,Flipkart,Mumbai,0.037988676565095476,104,0,NORMAL
1485,94,2026-02-08 18:06:00,6279.22,DEBIT,Swiggy,Pune,0.431704986091478,103,0,NORMAL
1486,33,2026-07-20 13:38:00,7054.34,DEBIT,Netflix,Hyderabad,0.30481484172297246,91,0,NORMAL
1487,57,2026-05-24 23:36:00,1434.83,CREDIT,Uber,Chandigarh,-0.32080136847859003,107,0,NORMAL
1488,30,2026-02-24 00:09:00,5024.42,DEBIT,Myntra,Delhi,0.4356760370413623,92,0,NORMAL
1489,64,2026-06-28 14:12:00,1577.08,DEBIT,Uber,Pune,-0.7337729888150105,110,0,NORMAL
1490,37,2026-03-06 17:03:00,866.48,DEBIT,Swiggy,Pune,-1.2128053895331132,87,0,NORMAL
1491,78,2026-05-27 13:08:00,1565.25,DEBIT,Walmart,Pune,-0.5019022775395977,102,0,NORMAL
1492,68,2026-01-05 07:00:00,1348.93,CREDIT,Local Store,Delhi,-0.43943681810602686,100,0,NORMAL
1493,49,2026-01-16 22:12:00,2298.84,CREDIT,Uber,Mumbai,-0.005149932069212263,95,0,NORMAL
1494,99,2026-01-05 21:56:00,899.25,DEBIT,Amazon,Hyderabad,-0.6291340593858397,103,0,NORMAL
1495,14,2026-02-20 16:36:00,3539.01,DEBIT,Myntra,Hyderabad,-0.016686171501971287,112,0,NORMAL
1496,73,2026-04-22 21:58:00,2506.24,CREDIT,Flipkart,Chandigarh,0.09431172950957188,111,0,NORMAL
1497,20,2026-01-08 17:19:00,1293.83,DEBIT,Amazon,Delhi,-0.300133274969678,98,0,NORMAL
1498,70,2026-06-01 04:48:00,1737.55,DEBIT,Uber,Delhi,-0.8205930183323416,90,0,NORMAL
1499,29,2026-03-24 05:48:00,531.01,DEBIT,Swiggy,Pune,-1.3321684322328324,99,0,NORMAL
1500,92,2026-03-03 17:37:00,4464.76,DEBIT,Walmart,Mumbai,0.2203302697465663,119,0,NORMAL
1501,14,2026-05-29 13:32:00,61543.23,DEBIT,Netflix,Bangalore,8.148862889689548,112,90,HIGH
1502,78,2026-05-02 21:54:00,1295.14,DEBIT,Local Store,Mumbai,-0.5810632189591808,102,0,NORMAL
1503,87,2026-04-15 11:53:00,3133.74,DEBIT,Flipkart,Delhi,0.06276247561969309,85,0,NORMAL
1504,35,2026-04-07 15:06:00,3526.74,DEBIT,Walmart,Hyderabad,0.49796471537594095,103,0,NORMAL
1505,1,2026-02-23 19:19:00,6257.89,DEBIT,Swiggy,Chandigarh,0.2245462892865628,112,0,NORMAL
1506,93,2026-01-25 12:11:00,3842.26,CREDIT,Walmart,Ludhiana,0.6230498584313668,100,0,NORMAL
1507,55,2026-03-08 05:13:00,4724.79,CREDIT,Swiggy,Bangalore,1.6942408317245596,118,0,NORMAL
1508,41,2026-05-31 17:06:00,3015.72,DEBIT,Local Store,Hyderabad,-0.055020835148649805,100,0,NORMAL
1509,82,2026-06-02 10:18:00,2235.05,DEBIT,Shell,Chandigarh,-0.19772609174450087,107,0,NORMAL
1510,69,2026-03-25 18:46:00,1901.26,DEBIT,Swiggy,Delhi,-0.2497688507304685,112,0,NORMAL
1511,75,2026-03-21 20:34:00,2131.24,CREDIT,Walmart,Mumbai,-0.272351099696747,89,0,NORMAL
1512,47,2026-01-07 05:53:00,475.49,CREDIT,Flipkart,Ludhiana,-0.5672919576954195,103,0,NORMAL
1513,61,2026-02-20 17:39:00,5179.71,DEBIT,Apple,Chandigarh,0.5218429228685781,81,0,NORMAL
1514,19,2026-06-03 07:25:00,4080.72,DEBIT,Netflix,Mumbai,0.8015892679375932,98,0,NORMAL
1515,29,2026-05-18 10:18:00,1062.77,DEBIT,Amazon,Pune,-0.9893425898032444,99,0,NORMAL
1516,55,2026-01-27 20:36:00,3230.74,DEBIT,Myntra,Hyderabad,0.5512500261396441,118,0,NORMAL
1517,77,2026-01-29 01:24:00,5451.13,DEBIT,Amazon,Ludhiana,1.9095942296054937,84,0,NORMAL
1518,54,2026-02-21 00:19:00,1226.47,DEBIT,Shell,Pune,-0.38184388039970746,89,0,NORMAL
1519,39,2026-01-05 19:25:00,2494.26,DEBIT,Apple,Delhi,-0.13065084031908772,101,0,NORMAL
1520,20,2026-07-06 20:36:00,51740.36,DEBIT,Swiggy,Chandigarh,5.031274085513682,98,90,HIGH
1521,2,2026-04-04 22:54:00,1051.28,DEBIT,Local Store,Ludhiana,-1.2799517919150583,117,0,NORMAL
1522,40,2026-02-27 02:08:00,4729.17,DEBIT,Apple,Delhi,0.25558078610156343,109,0,NORMAL
1523,67,2026-01-21 09:18:00,3062.94,DEBIT,Netflix,Chandigarh,-0.10479071532612948,98,0,NORMAL
1524,24,2026-01-29 02:39:00,3677.26,CREDIT,Myntra,Chandigarh,0.5689792655661019,95,0,NORMAL
1525,41,2026-05-16 06:01:00,2741.39,DEBIT,Swiggy,Mumbai,-0.11096803254248606,100,0,NORMAL
1526,35,2026-05-03 03:23:00,1123.51,DEBIT,Amazon,Mumbai,-1.2279160946440288,103,0,NORMAL
1527,37,2026-04-23 13:07:00,1399.23,DEBIT,Netflix,Ludhiana,-0.8546633306695764,87,0,NORMAL
1528,26,2026-04-09 00:01:00,3733.62,DEBIT,Walmart,Ludhiana,0.6752522615872772,98,0,NORMAL
1529,73,2026-02-03 22:29:00,903.02,DEBIT,Apple,Delhi,-0.9895236119222993,111,0,NORMAL
1530,46,2026-07-02 02:57:00,3787.94,CREDIT,Netflix,Bangalore,0.08164682200101514,94,0,NORMAL
1531,97,2026-05-01 15:06:00,2074.43,DEBIT,Swiggy,Pune,-0.6444462316290878,96,0,NORMAL
1532,65,2026-02-24 16:21:00,1053.42,CREDIT,Amazon,Ludhiana,-0.327193212384133,112,0,NORMAL
1533,49,2026-06-18 14:41:00,2770.35,DEBIT,Walmart,Pune,0.3561054310065713,95,0,NORMAL
1534,12,2026-03-20 12:21:00,4545.07,DEBIT,Uber,Hyderabad,0.0620105457900154,99,0,NORMAL
1535,92,2026-07-10 12:33:00,1584.15,DEBIT,Flipkart,Chandigarh,-0.38157657461321226,119,0,NORMAL
1536,17,2026-06-06 21:16:00,1887.47,DEBIT,Amazon,Pune,-0.21711408754837425,97,0,NORMAL
1537,100,2026-02-25 11:42:00,3781.14,DEBIT,Local Store,Pune,0.7689957734942434,87,0,NORMAL
1538,64,2026-04-23 16:49:00,1736.26,DEBIT,Shell,Hyderabad,-0.6284120700030997,110,0,NORMAL
1539,12,2026-01-25 19:36:00,2343.31,DEBIT,Apple,Ludhiana,-0.20642510907009023,99,0,NORMAL
1540,47,2026-06-17 18:01:00,2179.44,DEBIT,Apple,Chandigarh,-0.19284932972339844,103,0,NORMAL
1541,33,2026-07-27 01:40:00,1846.83,CREDIT,Myntra,Delhi,-0.2423657278817017,91,0,NORMAL
1542,47,2026-02-16 23:04:00,5248.3,DEBIT,Myntra,Bangalore,0.48153196273131965,103,0,NORMAL
1543,66,2026-07-04 04:59:00,5295.24,DEBIT,Myntra,Bangalore,1.6513667632004065,95,0,NORMAL
1544,88,2026-01-21 18:35:00,642.37,CREDIT,Netflix,Pune,-0.36639463580928394,104,0,NORMAL
1545,72,2026-05-26 08:57:00,602.7,DEBIT,Walmart,Mumbai,-1.4204952627706025,98,0,NORMAL
1546,50,2026-05-08 01:03:00,3701.05,DEBIT,Myntra,Chandigarh,-0.0121245035756434,118,0,NORMAL
1547,83,2026-02-09 10:45:00,3053.42,DEBIT,Swiggy,Hyderabad,-0.013840125840547482,101,0,NORMAL
1548,56,2026-04-26 12:28:00,1244.88,DEBIT,Flipkart,Ludhiana,-0.47038000536416735,101,0,NORMAL
1549,63,2026-07-18 10:59:00,1447.04,DEBIT,Uber,Chandigarh,-0.7308609035570313,88,0,NORMAL
1550,19,2026-01-12 09:42:00,2965.09,DEBIT,Local Store,Hyderabad,0.06136323979603406,98,0,NORMAL
1551,49,2026-03-19 16:53:00,904.71,CREDIT,Amazon,Mumbai,-1.0732862161879848,95,0,NORMAL
1552,3,2026-04-09 05:58:00,2815.34,DEBIT,Apple,Pune,-0.13361790365495407,94,0,NORMAL
1553,23,2026-06-14 08:34:00,1078.59,DEBIT,Swiggy,Ludhiana,-1.0649681216078684,96,0,NORMAL
1554,28,2026-01-20 13:36:00,3890.76,DEBIT,Walmart,Chandigarh,0.6895609161781805,98,0,NORMAL
1555,44,2026-06-25 08:30:00,4601.51,CREDIT,Myntra,Ludhiana,0.05059244303469446,99,0,NORMAL
1556,89,2026-06-09 00:40:00,4668.46,CREDIT,Flipkart,Pune,0.2530358909592748,103,0,NORMAL
1557,74,2026-01-29 07:54:00,3233.09,DEBIT,Local Store,Ludhiana,-0.11829208071980449,119,0,NORMAL
1558,19,2026-04-26 05:45:00,2010.13,CREDIT,Amazon,Mumbai,-0.5722574479176915,98,0,NORMAL
1559,59,2026-05-28 23:03:00,3676.84,CREDIT,Apple,Ludhiana,0.0004331227651584868,92,0,NORMAL
1560,93,2026-02-15 18:32:00,516.94,DEBIT,Myntra,Pune,-1.5813625572824463,100,0,NORMAL
1561,75,2026-07-18 19:46:00,1066.28,DEBIT,Uber,Ludhiana,-0.44819462432100615,89,0,NORMAL
1562,49,2026-03-11 14:22:00,2476.33,DEBIT,Local Store,Delhi,0.13083703404459399,95,0,NORMAL
1563,48,2026-02-15 10:02:00,6367.42,DEBIT,Myntra,Pune,0.25914650537103506,102,0,NORMAL
1564,59,2026-07-17 12:08:00,2491.08,DEBIT,Swiggy,Ludhiana,-0.16768403717547223,92,0,NORMAL
1565,98,2026-07-21 06:02:00,2509.8,DEBIT,Local Store,Mumbai,-0.18402607364089282,114,0,NORMAL
1566,70,2026-06-09 06:52:00,2157.02,DEBIT,Apple,Pune,-0.49636445752238273,90,0,NORMAL
1567,80,2026-02-07 19:07:00,5168.46,DEBIT,Walmart,Pune,0.22948598606567316,84,0,NORMAL
1568,3,2026-06-30 17:39:00,3064.62,DEBIT,Local Store,Ludhiana,-0.10309162848232435,94,0,NORMAL
1569,13,2026-06-03 03:36:00,1834.39,DEBIT,Netflix,Mumbai,-0.645581765348486,101,0,NORMAL
1570,100,2026-03-13 04:49:00,2521.5,DEBIT,Myntra,Delhi,-0.11704544106442223,87,0,NORMAL
1571,45,2026-05-25 02:37:00,5928.47,CREDIT,Amazon,Bangalore,0.37504772308739454,97,0,NORMAL
1572,29,2026-04-07 07:13:00,2414.59,DEBIT,Apple,Hyderabad,-0.1178238025436422,99,0,NORMAL
1573,54,2026-01-10 13:20:00,5461.59,DEBIT,Uber,Hyderabad,0.15503806488932045,89,0,NORMAL
1574,48,2026-04-26 14:06:00,4344.71,DEBIT,Flipkart,Mumbai,0.020368439546991437,102,0,NORMAL
1575,74,2026-05-24 04:51:00,5139.42,DEBIT,Amazon,Hyderabad,0.09804442918104013,119,0,NORMAL
1576,74,2026-05-23 03:28:00,4066.38,CREDIT,Uber,Chandigarh,-0.023727629478269802,119,0,NORMAL
1577,41,2026-07-03 14:15:00,2528.68,CREDIT,Walmart,Pune,-0.1543483713958485,100,0,NORMAL
1578,74,2026-04-05 17:55:00,4206.09,CREDIT,Shell,Mumbai,-0.00787288565204506,119,0,NORMAL
1579,42,2026-02-25 17:21:00,1733.49,DEBIT,Amazon,Ludhiana,-0.32011928381313487,104,0,NORMAL
1580,91,2026-07-28 04:24:00,3383.48,CREDIT,Swiggy,Delhi,-0.09086211477285616,100,0,NORMAL
1581,96,2026-03-09 22:08:00,5145.56,CREDIT,Netflix,Pune,1.4320789069979318,96,0,NORMAL
1582,29,2026-03-31 07:03:00,1768.41,DEBIT,Swiggy,Hyderabad,-0.5344162556449499,99,0,NORMAL
1583,34,2026-02-07 15:41:00,3150.13,DEBIT,Walmart,Chandigarh,0.20792089453470028,118,0,NORMAL
1584,77,2026-04-06 09:20:00,1659.46,DEBIT,Uber,Delhi,-0.6379158890851082,84,0,NORMAL
1585,10,2026-06-28 18:44:00,1886.65,DEBIT,Amazon,Chandigarh,-0.2795323703909368,91,0,NORMAL
1586,10,2026-03-18 13:35:00,3671.04,DEBIT,Swiggy,Chandigarh,-0.06299794155463669,91,0,NORMAL
1587,41,2026-03-07 01:18:00,2877.88,DEBIT,Local Store,Pune,-0.08313209417524688,100,0,NORMAL
1588,78,2026-05-05 19:31:00,4542.29,DEBIT,Flipkart,Chandigarh,0.37057667193933863,102,0,NORMAL
1589,79,2026-02-14 06:30:00,4171.15,DEBIT,Netflix,Ludhiana,1.0126063406309933,122,10,NORMAL
1590,4,2026-02-25 11:13:00,2939.65,DEBIT,Netflix,Hyderabad,0.24923153935853198,105,0,NORMAL
1591,47,2026-02-16 02:04:00,1063.21,DEBIT,Apple,Bangalore,-0.4381406203253581,103,0,NORMAL
1592,62,2026-07-20 19:03:00,1700.93,DEBIT,Apple,Chandigarh,-0.645044513708797,102,0,NORMAL
1593,96,2026-04-02 01:20:00,1836.14,CREDIT,Uber,Mumbai,-0.6292289176628778,96,0,NORMAL
1594,88,2026-05-24 00:33:00,5325.56,DEBIT,Walmart,Ludhiana,0.11850318264685038,104,0,NORMAL
1595,99,2026-06-07 19:43:00,3413.86,DEBIT,Myntra,Chandigarh,0.15275064544354952,103,0,NORMAL
1596,77,2026-02-09 03:51:00,4427.41,CREDIT,Local Store,Chandigarh,1.2217872583485163,84,0,NORMAL
1597,55,2026-06-13 14:56:00,948.66,CREDIT,Uber,Delhi,-1.1946061751984791,118,0,NORMAL
1598,66,2026-07-13 03:33:00,2337.3,DEBIT,Flipkart,Chandigarh,-0.34059339141348466,95,0,NORMAL
1599,4,2026-03-31 07:37:00,1113.45,DEBIT,Walmart,Mumbai,-1.2127161326961347,105,0,NORMAL
1600,85,2026-04-25 11:43:00,1636.29,DEBIT,Walmart,Delhi,-0.7741390929889398,89,0,NORMAL
1601,41,2026-04-28 01:50:00,3468.16,DEBIT,Netflix,Ludhiana,0.03725033456981806,100,0,NORMAL
1602,9,2026-07-11 23:17:00,1856.01,DEBIT,Netflix,Delhi,-0.3537171051443647,84,0,NORMAL
1603,72,2026-01-28 05:49:00,1044.37,CREDIT,Local Store,Pune,-1.1465037189124103,98,0,NORMAL
1604,54,2026-04-27 13:15:00,2409.27,DEBIT,Netflix,Mumbai,-0.2319015021700795,89,0,NORMAL
1605,7,2026-02-15 04:20:00,983.44,DEBIT,Myntra,Mumbai,-0.4000896667801009,93,0,NORMAL
1606,77,2026-01-08 17:50:00,1983.65,DEBIT,Apple,Delhi,-0.4201022857445468,84,0,NORMAL
1607,83,2026-02-17 17:12:00,3938.55,DEBIT,Swiggy,Delhi,0.12403834015730877,101,0,NORMAL
1608,69,2026-01-06 22:11:00,4579.95,DEBIT,Walmart,Chandigarh,0.00429044820298059,112,0,NORMAL
1609,13,2026-05-06 21:51:00,3462.99,DEBIT,Swiggy,Delhi,0.477055360880757,101,0,NORMAL
1610,72,2026-01-18 03:19:00,4414.66,DEBIT,Swiggy,Bangalore,0.9442675817188904,98,0,NORMAL
1611,90,2026-05-17 03:14:00,3165.75,CREDIT,Local Store,Delhi,-0.13657690786957347,93,0,NORMAL
1612,4,2026-02-20 12:16:00,1530.65,CREDIT,Walmart,Bangalore,-0.8787304965219986,105,0,NORMAL
1613,89,2026-05-15 07:19:00,3818.89,DEBIT,Shell,Delhi,0.09227058298094827,103,0,NORMAL
1614,89,2026-01-16 16:24:00,4873.69,DEBIT,Walmart,Delhi,0.2918718481569064,103,0,NORMAL
1615,39,2026-04-09 06:31:00,699.79,CREDIT,Uber,Mumbai,-0.5585462357485903,101,0,NORMAL
1616,75,2026-02-23 21:15:00,3351.4,DEBIT,Local Store,Hyderabad,-0.07088134026396443,89,0,NORMAL
1617,53,2026-06-24 00:11:00,2863.75,DEBIT,Myntra,Bangalore,-0.08735141830577343,105,0,NORMAL
1618,42,2026-02-03 10:09:00,2925.18,DEBIT,Apple,Hyderabad,-0.06962112383430553,104,0,NORMAL
1619,38,2026-03-16 23:06:00,2641.1,DEBIT,Walmart,Delhi,0.01407195436580998,95,0,NORMAL
1620,64,2026-03-20 16:37:00,1063.44,DEBIT,Myntra,Hyderabad,-1.0737502619557935,110,0,NORMAL
1621,50,2026-07-12 02:37:00,1527.9,DEBIT,Shell,Hyderabad,-0.2832518770408112,118,0,NORMAL
1622,41,2026-06-15 07:18:00,4331.81,DEBIT,Uber,Hyderabad,0.21338417712873153,100,0,NORMAL
1623,65,2026-06-14 17:24:00,1347.51,DEBIT,Local Store,Ludhiana,-0.28812005734639135,112,0,NORMAL
1624,26,2026-04-12 03:47:00,5639.99,DEBIT,Swiggy,Mumbai,1.900047130740969,98,0,NORMAL
1625,88,2026-02-09 00:29:00,2347.35,DEBIT,Walmart,Mumbai,-0.1898608879768578,104,0,NORMAL
1626,3,2026-01-11 09:47:00,3330.37,DEBIT,Myntra,Pune,-0.07054847368801132,94,0,NORMAL
1627,68,2026-06-07 02:16:00,2395.1,DEBIT,Netflix,Mumbai,-0.1881848139279546,100,0,NORMAL
1628,51,2026-01-20 08:29:00,4330.59,DEBIT,Myntra,Bangalore,0.10765548003893549,108,0,NORMAL
1629,48,2026-04-18 01:03:00,713.3,DEBIT,Netflix,Chandigarh,-0.40831439487518983,102,0,NORMAL
1630,23,2026-06-29 17:17:00,2138.29,DEBIT,Shell,Chandigarh,-0.35370492492205924,96,0,NORMAL
1631,14,2026-01-20 08:19:00,2199.71,DEBIT,Amazon,Ludhiana,-0.20522624423553795,112,0,NORMAL
1632,35,2026-04-11 07:00:00,783.32,DEBIT,Netflix,Ludhiana,-1.4722237109606917,103,0,NORMAL
1633,90,2026-04-08 16:09:00,3386.64,DEBIT,Myntra,Mumbai,-0.11823497545578675,93,0,NORMAL
1634,22,2026-04-15 20:31:00,4328.69,DEBIT,Local Store,Bangalore,0.11547147669043366,108,0,NORMAL
1635,94,2026-04-22 03:57:00,625.28,DEBIT,Netflix,Mumbai,-0.5177388155907325,103,0,NORMAL
1636,41,2026-05-01 22:25:00,5353.53,DEBIT,Myntra,Mumbai,0.4217550097800287,100,0,NORMAL
1637,2,2026-01-29 00:38:00,3335.85,CREDIT,Uber,Pune,0.3603954337140802,117,0,NORMAL
1638,98,2026-06-22 12:23:00,4436.28,DEBIT,Local Store,Delhi,1.236755636681173,114,0,NORMAL
1639,63,2026-04-16 19:48:00,4097.76,DEBIT,Netflix,Ludhiana,1.4118286142365237,88,0,NORMAL
1640,65,2026-02-04 04:35:00,1269.21,DEBIT,Walmart,Bangalore,-0.29852309056566156,112,0,NORMAL
1641,95,2026-06-27 03:02:00,1544.15,DEBIT,Apple,Bangalore,-0.7130179446931827,113,0,NORMAL
1642,59,2026-05-02 12:15:00,568.67,DEBIT,Shell,Hyderabad,-0.44024350067691254,92,0,NORMAL
1643,85,2026-07-09 01:47:00,5553.76,DEBIT,Amazon,Mumbai,1.5949227468190206,89,0,NORMAL
1644,53,2026-02-21 13:36:00,3508.46,DEBIT,Flipkart,Chandigarh,0.052428869018700176,105,0,NORMAL
1645,4,2026-02-02 12:05:00,1538.9,DEBIT,Netflix,Chandigarh,-0.8721260346369636,105,0,NORMAL
1646,82,2026-07-18 09:33:00,323.44,DEBIT,Myntra,Ludhiana,-0.5168781426844101,107,0,NORMAL
1647,23,2026-06-01 22:22:00,1311.91,DEBIT,Apple,Bangalore,-0.9083653764434511,96,0,NORMAL
1648,25,2026-05-05 23:34:00,361.64,DEBIT,Local Store,Delhi,-1.5481009737112192,97,0,NORMAL
1649,56,2026-02-10 02:51:00,2426.76,DEBIT,Amazon,Chandigarh,-0.16262727941349248,101,0,NORMAL
1650,88,2026-07-10 11:40:00,952.53,DEBIT,Apple,Ludhiana,-0.3342806478283661,104,0,NORMAL
1651,72,2026-01-06 16:14:00,3251.52,CREDIT,Myntra,Delhi,0.22270957614183595,98,0,NORMAL
1652,28,2026-01-20 08:48:00,2118.66,DEBIT,Myntra,Bangalore,-0.5192907357997683,98,0,NORMAL
1653,1,2026-05-08 12:15:00,2424.79,DEBIT,Apple,Hyderabad,-0.18620174265231668,112,0,NORMAL
1654,65,2026-02-26 10:44:00,3467.51,CREDIT,Walmart,Pune,-0.006454279251208476,112,0,NORMAL
1655,35,2026-04-16 21:04:00,1109.63,CREDIT,Netflix,Delhi,-1.237884023491071,103,0,NORMAL
1656,61,2026-05-21 15:01:00,3455.92,DEBIT,Swiggy,Chandigarh,0.061199321167336895,81,0,NORMAL
1657,13,2026-06-08 16:13:00,5854.24,DEBIT,Flipkart,Hyderabad,2.1254073368697526,101,40,REVIEW
1658,75,2026-04-02 00:42:00,943.81,CREDIT,Uber,Chandigarh,-0.468416563605799,89,0,NORMAL
1659,71,2026-06-17 21:37:00,1298.41,CREDIT,Shell,Mumbai,-0.8740734534318849,99,0,NORMAL
1660,49,2026-02-04 23:13:00,4815.37,CREDIT,Uber,Ludhiana,1.9229320997882289,95,0,NORMAL
1661,57,2026-05-09 22:59:00,2246.73,DEBIT,Swiggy,Chandigarh,-0.19926573001281633,107,0,NORMAL
1662,54,2026-07-23 11:49:00,4782.54,DEBIT,Amazon,Hyderabad,0.06895557255179177,89,0,NORMAL
1663,54,2026-07-06 11:43:00,1208.3,CREDIT,Flipkart,Mumbai,-0.3841472732069719,89,0,NORMAL
1664,80,2026-04-17 19:16:00,4184.34,DEBIT,Amazon,Hyderabad,0.08192607187137532,84,0,NORMAL
1665,51,2026-07-08 14:25:00,923.62,CREDIT,Myntra,Hyderabad,-0.42039396823774733,108,0,NORMAL
1666,7,2026-02-08 23:24:00,665.75,DEBIT,Flipkart,Ludhiana,-0.4551632105204077,93,0,NORMAL
1667,13,2026-02-14 05:10:00,2724.92,CREDIT,Local Store,Pune,-0.031715843685138405,101,0,NORMAL
1668,66,2026-03-16 15:52:00,3241.36,DEBIT,Shell,Mumbai,0.26822609017851334,95,0,NORMAL
1669,72,2026-02-26 08:26:00,3150.74,DEBIT,Apple,Pune,0.1601903473284036,98,0,NORMAL
1670,40,2026-06-26 13:36:00,3755.74,CREDIT,Local Store,Pune,0.09007342000392234,109,0,NORMAL
1671,26,2026-02-05 06:24:00,1361.88,DEBIT,Netflix,Mumbai,-0.8485311503246687,98,0,NORMAL
1672,14,2026-06-11 14:07:00,2632.04,CREDIT,Swiggy,Delhi,-0.14436495128780194,112,0,NORMAL
1673,16,2026-07-19 01:18:00,1556.27,DEBIT,Apple,Hyderabad,-0.3754676133958826,95,0,NORMAL
1674,79,2026-02-14 20:30:00,3624.0,CREDIT,Swiggy,Mumbai,0.6369705229852153,122,10,NORMAL
1675,82,2026-07-06 05:41:00,752.74,DEBIT,Shell,Mumbai,-0.4452045400831981,107,0,NORMAL
1676,61,2026-02-06 09:59:00,3516.73,DEBIT,Local Store,Chandigarh,0.07744940813817003,81,0,NORMAL
1677,48,2026-06-01 18:53:00,2454.04,DEBIT,Swiggy,Mumbai,-0.20282249030036414,102,0,NORMAL
1678,4,2026-05-22 18:53:00,2209.04,DEBIT,Amazon,Ludhiana,-0.3356515997718262,105,0,NORMAL
1679,39,2026-05-10 03:39:00,513.4,DEBIT,Uber,Chandigarh,-0.6029913492105623,101,0,NORMAL
1680,93,2026-02-27 15:22:00,1802.71,DEBIT,Flipkart,Ludhiana,-0.729003280054285,100,0,NORMAL
1681,65,2026-03-05 12:46:00,1810.13,DEBIT,Uber,Bangalore,-0.2266558015622435,112,0,NORMAL
1682,84,2026-02-20 23:40:00,3081.3,DEBIT,Apple,Hyderabad,-0.09125551425909491,95,0,NORMAL
1683,98,2026-06-26 03:01:00,3751.53,CREDIT,Swiggy,Chandigarh,0.7317515483215564,114,0,NORMAL
1684,78,2026-07-04 14:03:00,3314.76,DEBIT,Shell,Bangalore,0.010825346846669895,102,0,NORMAL
1685,17,2026-05-28 00:13:00,2622.3,DEBIT,Walmart,Delhi,-0.13239181905430486,97,0,NORMAL
1686,4,2026-02-05 03:34:00,3577.35,DEBIT,Walmart,Chandigarh,0.7597364295508771,105,0,NORMAL
1687,87,2026-03-28 03:35:00,2759.9,CREDIT,Walmart,Mumbai,-0.1514813233290096,85,0,NORMAL
1688,94,2026-06-02 22:30:00,1336.61,CREDIT,Walmart,Delhi,-0.3982879796337527,103,0,NORMAL
1689,79,2026-05-17 06:52:00,2285.84,DEBIT,Local Store,Pune,-0.2817187317728486,122,10,NORMAL
1690,4,2026-06-13 15:52:00,5107.43,DEBIT,Swiggy,Mumbai,1.984627949678686,105,0,NORMAL
1691,82,2026-04-15 03:53:00,3264.59,DEBIT,Netflix,Mumbai,-0.02583967007654864,107,0,NORMAL
1692,95,2026-03-12 00:18:00,1452.29,CREDIT,Walmart,Ludhiana,-0.7714943829530869,113,0,NORMAL
1693,4,2026-01-02 21:45:00,3056.22,CREDIT,Flipkart,Hyderabad,0.34255058444199055,105,0,NORMAL
1694,53,2026-05-05 01:10:00,2607.56,CREDIT,Uber,Pune,-0.14289625522416605,105,0,NORMAL
1695,94,2026-03-17 12:56:00,4609.37,DEBIT,Local Store,Hyderabad,0.15129367429138119,103,0,NORMAL
1696,61,2026-07-23 09:58:00,1917.87,DEBIT,Uber,Hyderabad,-0.3498094975383025,81,0,NORMAL
1697,9,2026-02-16 07:25:00,1587.1,DEBIT,Shell,Bangalore,-0.4283854291084916,84,0,NORMAL
1698,13,2026-07-16 19:17:00,658.74,DEBIT,Flipkart,Delhi,-1.4559884566486274,101,0,NORMAL
1699,29,2026-05-11 07:25:00,3707.62,DEBIT,Walmart,Hyderabad,0.7157930528737085,99,0,NORMAL
1700,21,2026-03-29 21:22:00,7063.93,DEBIT,Shell,Ludhiana,0.556091526953378,122,10,NORMAL
1701,65,2026-06-21 11:28:00,1465.33,CREDIT,Apple,Pune,-0.2724663488675355,112,0,NORMAL
1702,4,2026-03-15 00:05:00,507.74,DEBIT,Flipkart,Hyderabad,-1.697611721591235,105,0,NORMAL
1703,8,2026-01-23 16:38:00,688.35,CREDIT,Netflix,Chandigarh,-0.39009061314493376,91,0,NORMAL
1704,10,2026-01-13 20:59:00,3636.19,DEBIT,Flipkart,Delhi,-0.0672269637106368,91,0,NORMAL
1705,54,2026-02-17 03:16:00,2942.85,DEBIT,Apple,Pune,-0.16426009688113383,89,0,NORMAL
1706,6,2026-03-24 00:13:00,903.86,DEBIT,Flipkart,Chandigarh,-1.1596265807321162,117,0,NORMAL
1707,62,2026-01-21 03:42:00,2595.4,DEBIT,Amazon,Hyderabad,-0.010417418000155197,102,0,NORMAL
1708,26,2026-01-07 14:06:00,1336.24,CREDIT,Shell,Chandigarh,-0.8650042066805183,98,0,NORMAL
1709,7,2026-07-20 01:59:00,2034.18,DEBIT,Uber,Delhi,-0.21793733164304918,93,0,NORMAL
1710,57,2026-05-14 21:05:00,1123.92,DEBIT,Flipkart,Mumbai,-0.3673423776612402,107,0,NORMAL
1711,44,2026-03-24 16:39:00,2882.72,DEBIT,Swiggy,Pune,-0.14561990584165146,99,0,NORMAL
1712,97,2026-07-26 19:41:00,4788.34,CREDIT,Amazon,Hyderabad,1.2859778814175062,96,0,NORMAL
1713,2,2026-06-09 16:09:00,4429.84,DEBIT,Uber,Bangalore,1.1458926876244535,117,0,NORMAL
1714,6,2026-03-30 22:14:00,2077.29,DEBIT,Apple,Mumbai,-0.41138155849422114,117,0,NORMAL
1715,78,2026-07-17 22:27:00,1830.96,DEBIT,Netflix,Chandigarh,-0.42403084092267346,102,0,NORMAL
1716,91,2026-03-22 04:53:00,2644.58,DEBIT,Myntra,Pune,-0.17958639349434224,100,0,NORMAL
1717,39,2026-07-11 19:38:00,4922.34,DEBIT,Apple,Bangalore,0.44833028042100065,101,0,NORMAL
1718,90,2026-05-07 04:56:00,2336.44,DEBIT,Swiggy,Pune,-0.2054399074172101,93,0,NORMAL
1719,80,2026-07-09 16:31:00,3993.28,CREDIT,Netflix,Bangalore,0.053278348823411106,84,0,NORMAL
1720,95,2026-02-21 16:28:00,3767.81,DEBIT,Amazon,Mumbai,0.7025243664435296,113,0,NORMAL
1721,90,2026-01-13 06:57:00,2617.87,DEBIT,Apple,Bangalore,-0.18207094531294105,93,0,NORMAL
1722,76,2026-01-31 18:18:00,856.16,CREDIT,Amazon,Bangalore,-0.5076666415052722,74,0,NORMAL
1723,79,2026-03-23 17:15:00,2770.82,DEBIT,Netflix,Chandigarh,0.05123541031222786,122,10,NORMAL
1724,24,2026-04-22 02:25:00,3570.31,DEBIT,Amazon,Ludhiana,0.5007967773475064,95,0,NORMAL
1725,98,2026-04-06 14:02:00,2762.99,CREDIT,Local Store,Mumbai,0.002701907566513091,114,0,NORMAL
1726,97,2026-06-08 01:00:00,657.75,DEBIT,Swiggy,Hyderabad,-1.6521411192527924,96,0,NORMAL
1727,94,2026-04-15 15:30:00,4710.57,DEBIT,Shell,Chandigarh,0.16828779038214964,103,0,NORMAL
1728,55,2026-07-08 22:19:00,1680.81,DEBIT,Apple,Mumbai,-0.6344905710962097,118,0,NORMAL
1729,49,2026-04-13 04:47:00,3082.54,CREDIT,Apple,Delhi,0.5952950808520231,95,0,NORMAL
1730,32,2026-07-27 22:11:00,3937.05,DEBIT,Swiggy,Delhi,0.322002681406289,107,0,NORMAL
1731,79,2026-01-05 11:49:00,1695.52,DEBIT,Walmart,Bangalore,-0.6869921227490999,122,10,NORMAL
1732,73,2026-03-07 02:14:00,4128.39,CREDIT,Myntra,Chandigarh,1.1909444431132636,111,0,NORMAL
1733,3,2026-07-22 15:43:00,904.02,DEBIT,Netflix,Chandigarh,-0.36767390599349176,94,0,NORMAL
1734,8,2026-07-20 18:37:00,3530.8,DEBIT,Flipkart,Delhi,-0.06341766536211435,91,0,NORMAL
1735,57,2026-02-16 07:41:00,1335.49,CREDIT,Netflix,Pune,-0.33567185785559456,107,0,NORMAL
1736,23,2026-01-19 01:14:00,928.88,DEBIT,Netflix,Delhi,-1.1654524220474574,96,0,NORMAL
1737,84,2026-01-16 06:36:00,539.49,DEBIT,Shell,Pune,-0.4037327825264101,95,0,NORMAL
1738,30,2026-04-05 07:39:00,421.84,DEBIT,Apple,Delhi,-0.5830463170055832,92,0,NORMAL
1739,87,2026-03-27 10:48:00,5086.48,DEBIT,Flipkart,Delhi,1.1818573717225445,85,0,NORMAL
1740,10,2026-01-29 04:46:00,2077.88,DEBIT,Netflix,Mumbai,-0.25632674895931834,91,0,NORMAL
1741,42,2026-06-05 06:35:00,3619.47,DEBIT,Apple,Mumbai,0.0763215017576701,104,0,NORMAL
1742,4,2026-05-02 23:09:00,1315.27,CREDIT,Swiggy,Pune,-1.0511509814673137,105,0,NORMAL
1743,48,2026-01-17 05:48:00,3518.34,DEBIT,Apple,Mumbai,-0.0771833747294075,102,0,NORMAL
1744,76,2026-04-24 23:57:00,579.38,DEBIT,Shell,Pune,-0.5647970263332984,74,0,NORMAL
1745,100,2026-05-18 22:21:00,4155.68,CREDIT,Local Store,Delhi,1.032450313284027,87,0,NORMAL
1746,85,2026-01-29 13:27:00,2312.81,DEBIT,Walmart,Mumbai,-0.3650184830373942,89,0,NORMAL
1747,73,2026-02-14 03:25:00,1987.71,DEBIT,Shell,Hyderabad,-0.2562335104404462,111,0,NORMAL
1748,7,2026-07-09 10:45:00,2772.74,DEBIT,Myntra,Bangalore,-0.08990334736642427,93,0,NORMAL
1749,35,2026-05-12 18:53:00,703.05,DEBIT,Netflix,Chandigarh,-1.5298696510581038,103,0,NORMAL
1750,41,2026-03-29 18:17:00,2898.43,DEBIT,Myntra,Pune,-0.07894110191613078,100,0,NORMAL
1751,53,2026-06-26 06:36:00,1750.86,CREDIT,Local Store,Mumbai,-0.32863832863837794,105,0,NORMAL
1752,58,2026-02-15 14:43:00,4999.03,DEBIT,Shell,Mumbai,0.28330999400255297,99,0,NORMAL
1753,100,2026-04-15 10:50:00,3811.5,DEBIT,Flipkart,Bangalore,0.7903512490856832,87,0,NORMAL
1754,16,2026-02-24 00:43:00,581.7,DEBIT,Local Store,Chandigarh,-0.656006675527343,95,0,NORMAL
1755,81,2026-03-02 17:16:00,4691.77,DEBIT,Walmart,Chandigarh,0.10859870656832048,105,0,NORMAL
1756,34,2026-06-21 01:42:00,4533.21,DEBIT,Walmart,Mumbai,1.191864055871854,118,0,NORMAL
1757,5,2026-07-07 11:14:00,4887.64,DEBIT,Shell,Chandigarh,1.6305928965182646,87,0,NORMAL
1758,55,2026-07-22 18:37:00,2142.07,DEBIT,Netflix,Pune,-0.2816135328551212,118,0,NORMAL
1759,38,2026-02-09 05:43:00,1478.21,DEBIT,Amazon,Delhi,-0.8331360644375477,95,0,NORMAL
1760,95,2026-05-29 20:48:00,3151.96,CREDIT,Myntra,Pune,0.3104852362196895,113,0,NORMAL
1761,56,2026-07-05 10:58:00,1562.1,DEBIT,Walmart,Mumbai,-0.38777828630125655,101,0,NORMAL
1762,1,2026-06-15 02:58:00,3232.1,DEBIT,Swiggy,Bangalore,-0.09969186979103555,112,0,NORMAL
1763,57,2026-03-26 13:32:00,1250.24,CREDIT,Apple,Chandigarh,-0.34843317474093416,107,0,NORMAL
1764,44,2026-07-11 05:12:00,574.31,DEBIT,Local Store,Ludhiana,-0.4091416556014509,99,0,NORMAL
1765,55,2026-01-16 06:25:00,1223.7,CREDIT,Netflix,Chandigarh,-0.9841927411312958,118,0,NORMAL
1766,67,2026-04-25 10:59:00,2242.86,CREDIT,Walmart,Bangalore,-0.22342282005860623,98,0,NORMAL
1767,37,2026-03-03 15:32:00,1160.49,DEBIT,Apple,Bangalore,-1.0151566861516614,87,0,NORMAL
1768,78,2026-04-12 10:41:00,4982.22,CREDIT,Uber,Delhi,0.4995066373560844,102,0,NORMAL
1769,27,2026-01-15 11:17:00,2531.59,DEBIT,Shell,Ludhiana,-0.16006310212553232,90,0,NORMAL
1770,25,2026-01-10 09:14:00,525.59,CREDIT,Flipkart,Mumbai,-1.4414184723023784,97,0,NORMAL
1771,37,2026-06-15 05:47:00,3004.62,DEBIT,Apple,Delhi,0.2245627225991863,87,0,NORMAL
1772,92,2026-06-11 19:16:00,3033.08,CREDIT,Swiggy,Chandigarh,-0.07882094854851979,119,0,NORMAL
1773,34,2026-05-09 18:51:00,1008.33,DEBIT,Walmart,Pune,-1.3157866733224854,118,0,NORMAL
1774,29,2026-07-04 14:45:00,4350.5,DEBIT,Flipkart,Bangalore,1.130257994917363,99,0,NORMAL
1775,59,2026-04-25 14:51:00,1896.82,DEBIT,Amazon,Chandigarh,-0.251938273670479,92,0,NORMAL
1776,13,2026-04-26 14:35:00,4531.7,CREDIT,Netflix,Hyderabad,1.213745477037244,101,0,NORMAL
1777,72,2026-01-03 21:38:00,3643.23,DEBIT,Netflix,Mumbai,0.4657082576114682,98,0,NORMAL
1778,76,2026-03-13 05:51:00,2090.21,CREDIT,Apple,Chandigarh,-0.25294537769637765,74,0,NORMAL
1779,20,2026-02-02 07:10:00,2982.58,DEBIT,Shell,Hyderabad,-0.12165887484708734,98,0,NORMAL
1780,93,2026-01-25 11:44:00,4919.57,DEBIT,Myntra,Ludhiana,1.3372173790226625,100,0,NORMAL
1781,79,2026-05-19 11:01:00,1601.81,DEBIT,Local Store,Mumbai,-0.7513270080119819,122,10,NORMAL
1782,82,2026-03-07 13:25:00,2553.54,DEBIT,Apple,Hyderabad,-0.1445527265163154,107,0,NORMAL
1783,30,2026-05-11 00:37:00,3802.94,DEBIT,Shell,Chandigarh,0.16531702513472232,92,0,NORMAL
1784,38,2026-04-15 14:12:00,698.45,DEBIT,Swiggy,Chandigarh,-1.401219825362576,95,0,NORMAL
1785,42,2026-02-11 08:05:00,1389.64,CREDIT,Flipkart,Pune,-0.3923979739999456,104,0,NORMAL
1786,51,2026-06-26 02:58:00,3931.57,CREDIT,Myntra,Ludhiana,0.04581099920952932,108,0,NORMAL
1787,53,2026-05-29 21:56:00,4290.1,DEBIT,Amazon,Ludhiana,0.22189710091257742,105,0,NORMAL
1788,99,2026-05-30 17:22:00,2024.2,DEBIT,Swiggy,Hyderabad,-0.27934574282867125,103,0,NORMAL
1789,57,2026-03-21 17:11:00,2399.81,DEBIT,Flipkart,Pune,-0.17635074597988049,107,0,NORMAL
1790,6,2026-03-02 15:12:00,2046.18,DEBIT,Shell,Mumbai,-0.4312190457255181,117,0,NORMAL
1791,100,2026-07-16 12:33:00,4395.1,DEBIT,Amazon,Pune,1.200860325342739,87,0,NORMAL
1792,3,2026-05-02 08:18:00,3655.15,DEBIT,Flipkart,Hyderabad,-0.0307766361937611,94,0,NORMAL
1793,99,2026-03-14 05:59:00,2479.96,DEBIT,Uber,Hyderabad,-0.13763320168986945,103,0,NORMAL
1794,69,2026-04-16 15:41:00,1709.98,DEBIT,Uber,Bangalore,-0.26791072705807273,112,0,NORMAL
1795,43,2026-01-08 07:00:00,1938.51,DEBIT,Shell,Delhi,-0.23132788023053322,97,0,NORMAL
1796,65,2026-02-27 03:24:00,2149.27,DEBIT,Apple,Bangalore,-0.1815972487399792,112,0,NORMAL
1797,4,2026-02-15 00:24:00,1575.62,DEBIT,Swiggy,Pune,-0.8427301751922988,105,0,NORMAL
1798,52,2026-04-09 07:17:00,886.93,DEBIT,Walmart,Delhi,-0.43868941810948836,116,0,NORMAL
1799,10,2026-07-17 05:25:00,2446.21,DEBIT,Local Store,Mumbai,-0.21163017132030756,91,0,NORMAL
1800,13,2026-03-12 17:40:00,2329.34,CREDIT,Local Store,Hyderabad,-0.3043996177203613,101,0,NORMAL
1801,40,2026-06-17 01:58:00,2549.4,DEBIT,Netflix,Delhi,-0.11503445217818449,109,0,NORMAL
1802,34,2026-05-18 02:36:00,5770.19,DEBIT,Apple,Chandigarh,2.07186955932128,118,40,REVIEW
1803,12,2026-07-14 03:12:00,1248.07,DEBIT,Shell,Mumbai,-0.3399553151910944,99,0,NORMAL
1804,49,2026-05-24 07:43:00,642.22,DEBIT,Flipkart,Hyderabad,-1.2743973702542029,95,0,NORMAL
1805,70,2026-03-26 12:15:00,2550.07,DEBIT,Myntra,Bangalore,-0.1925571868561744,90,0,NORMAL
1806,62,2026-05-02 00:51:00,3328.5,DEBIT,Uber,Hyderabad,0.5097175489232801,102,0,NORMAL
1807,81,2026-06-28 08:02:00,5506.05,CREDIT,Local Store,Mumbai,0.22050124422561107,105,0,NORMAL
1808,11,2026-06-22 09:38:00,1233.55,DEBIT,Shell,Pune,-0.3409723032190263,118,0,NORMAL
1809,73,2026-05-04 00:20:00,4988.79,DEBIT,Uber,Delhi,1.7726063034742756,111,0,NORMAL
1810,42,2026-01-03 00:41:00,3980.38,DEBIT,Apple,Pune,0.15218627440656315,104,0,NORMAL
1811,27,2026-03-27 19:55:00,4236.87,DEBIT,Flipkart,Chandigarh,1.0508521491615797,90,0,NORMAL
1812,91,2026-01-30 15:35:00,1866.9,DEBIT,Walmart,Chandigarh,-0.2729672259156784,100,0,NORMAL
1813,90,2026-02-14 05:29:00,873.26,DEBIT,Uber,Mumbai,-0.3269372530154918,93,0,NORMAL
1814,57,2026-06-04 10:33:00,4544.95,DEBIT,Myntra,Mumbai,0.14476141007193594,107,0,NORMAL
1815,81,2026-05-26 10:03:00,2409.56,DEBIT,Amazon,Bangalore,-0.20503430721913013,105,0,NORMAL
1816,16,2026-04-09 16:58:00,2541.84,DEBIT,Shell,Bangalore,-0.09176209869206092,95,0,NORMAL
1817,79,2026-03-16 10:36:00,3878.56,DEBIT,Local Store,Pune,0.8117340316024305,122,10,NORMAL
1818,48,2026-06-18 12:42:00,2670.44,DEBIT,Netflix,Bangalore,-0.17727677517346851,102,0,NORMAL
1819,96,2026-06-22 12:44:00,4043.13,DEBIT,Amazon,Bangalore,0.7454185299104613,96,0,NORMAL
1820,54,2026-01-03 00:57:00,1165.58,DEBIT,Apple,Pune,-0.3895628450686305,89,0,NORMAL
1821,25,2026-06-20 15:30:00,1718.19,DEBIT,Local Store,Mumbai,-0.6653919326245291,97,0,NORMAL
1822,9,2026-03-24 07:04:00,2396.91,DEBIT,Flipkart,Pune,-0.2035252326509796,84,0,NORMAL
1823,2,2026-04-22 07:41:00,4342.06,CREDIT,Flipkart,Ludhiana,1.0828656499474618,117,0,NORMAL
1824,99,2026-07-16 23:28:00,3374.91,DEBIT,Netflix,Delhi,0.1406396583508771,103,0,NORMAL
1825,76,2026-02-07 06:06:00,1156.77,DEBIT,Uber,Hyderabad,-0.4456174870029491,74,0,NORMAL
1826,67,2026-05-01 04:59:00,2510.76,CREDIT,Local Store,Hyderabad,-0.18466862429986253,98,0,NORMAL
1827,76,2026-06-22 08:41:00,4509.48,DEBIT,Netflix,Mumbai,0.24641810992158283,74,0,NORMAL
1828,1,2026-02-03 06:07:00,3682.99,CREDIT,Local Store,Mumbai,-0.05137531657799092,112,0,NORMAL
1829,19,2026-01-20 00:02:00,1435.21,CREDIT,Uber,Ludhiana,-0.953719714170074,98,0,NORMAL
1830,57,2026-04-21 03:47:00,2036.19,DEBIT,Shell,Hyderabad,-0.23078206616577113,107,0,NORMAL
1831,16,2026-05-10 05:57:00,1048.71,DEBIT,Apple,Hyderabad,-0.5215734922711239,95,0,NORMAL
1832,67,2026-03-19 21:04:00,2442.58,DEBIT,Uber,Pune,-0.1945314875579109,98,0,NORMAL
1833,36,2026-04-02 05:14:00,4336.0,DEBIT,Walmart,Ludhiana,0.10924614067435827,85,0,NORMAL
1834,56,2026-05-14 03:25:00,2504.4,DEBIT,Myntra,Hyderabad,-0.14241040321386952,101,0,NORMAL
1835,86,2026-03-11 12:50:00,1424.07,CREDIT,Swiggy,Bangalore,-0.9045001274768626,76,0,NORMAL
1836,23,2026-03-13 07:14:00,5446.68,CREDIT,Myntra,Bangalore,1.8668632050046787,96,0,NORMAL
1837,68,2026-04-03 09:23:00,1113.75,CREDIT,Shell,Delhi,-0.4959185049662877,100,0,NORMAL
1838,78,2026-06-24 07:14:00,1529.84,DEBIT,Swiggy,Delhi,-0.5122798605082677,102,0,NORMAL
1839,90,2026-01-12 01:52:00,3621.54,DEBIT,Myntra,Ludhiana,-0.09872970168151675,93,0,NORMAL
1840,81,2026-07-18 15:24:00,2761.09,DEBIT,Walmart,Delhi,-0.1567252500610673,105,0,NORMAL
1841,48,2026-02-17 22:21:00,701.25,DEBIT,Walmart,Chandigarh,-0.40973688039866074,102,0,NORMAL
1842,16,2026-01-23 16:36:00,685.35,DEBIT,Flipkart,Delhi,-0.6261700565159576,95,0,NORMAL
1843,70,2026-05-02 02:52:00,2131.89,DEBIT,Flipkart,Pune,-0.5157886445516203,90,0,NORMAL
1844,22,2026-05-14 08:23:00,3241.45,DEBIT,Shell,Delhi,-0.06487885874395888,108,0,NORMAL
1845,86,2026-07-02 14:23:00,2765.21,DEBIT,Uber,Pune,-0.028981539665106245,76,0,NORMAL
1846,35,2026-04-11 07:34:00,599.59,DEBIT,Local Store,Mumbai,-1.604169501095206,103,0,NORMAL
1847,89,2026-01-02 04:10:00,3309.6,CREDIT,Apple,Bangalore,-0.004103069219908506,103,0,NORMAL
1848,72,2026-07-26 20:46:00,2840.29,DEBIT,Walmart,Ludhiana,-0.03239840624502388,98,0,NORMAL
1849,60,2026-04-26 14:22:00,1020.58,DEBIT,Local Store,Pune,-0.5173894072139033,106,0,NORMAL
1850,3,2026-03-21 04:46:00,3641.38,CREDIT,Flipkart,Chandigarh,-0.03246287981188976,94,0,NORMAL
1851,11,2026-03-11 13:44:00,5341.05,DEBIT,Uber,Bangalore,0.2347877857791107,118,0,NORMAL
1852,7,2026-04-12 13:37:00,2041.67,DEBIT,Uber,Ludhiana,-0.21663889340887468,93,0,NORMAL
1853,41,2026-04-18 09:09:00,2603.64,DEBIT,Apple,Pune,-0.13906093685845933,100,0,NORMAL
1854,57,2026-05-13 09:18:00,1400.4,DEBIT,Flipkart,Hyderabad,-0.3259552938787336,107,0,NORMAL
1855,83,2026-05-21 10:07:00,3374.57,DEBIT,Uber,Ludhiana,0.036186050376744376,101,0,NORMAL
1856,73,2026-05-07 07:26:00,963.63,DEBIT,Apple,Mumbai,-0.9485490357292716,111,0,NORMAL
1857,44,2026-02-03 01:03:00,1932.25,CREDIT,Shell,Hyderabad,-0.25412295230835213,99,0,NORMAL
1858,27,2026-01-12 10:47:00,1643.46,DEBIT,Walmart,Ludhiana,-0.7907220919252268,90,0,NORMAL
1859,85,2026-07-25 06:17:00,2414.29,DEBIT,Swiggy,Pune,-0.30364918205903013,89,0,NORMAL
1860,76,2026-02-08 02:07:00,4754.02,DEBIT,Flipkart,Hyderabad,0.29689381013780364,74,0,NORMAL
1861,2,2026-03-10 03:00:00,942.55,CREDIT,Flipkart,Bangalore,-1.358021167702474,117,0,NORMAL
1862,21,2026-01-08 22:03:00,2691.13,DEBIT,Myntra,Hyderabad,-0.1466728044826629,122,10,NORMAL
1863,79,2026-03-30 16:30:00,1948.0,DEBIT,Apple,Pune,-0.5136566000602466,122,10,NORMAL
1864,48,2026-05-27 01:19:00,2811.03,DEBIT,Apple,Delhi,-0.16068032374236751,102,0,NORMAL
1865,30,2026-04-09 01:42:00,4884.32,DEBIT,Local Store,Chandigarh,0.404666689718344,92,0,NORMAL
1866,76,2026-04-20 10:31:00,519.49,DEBIT,Local Store,Pune,-0.5771589699251422,74,0,NORMAL
1867,68,2026-05-02 07:05:00,1965.83,DEBIT,Amazon,Delhi,-0.29127986333055755,100,0,NORMAL
1868,40,2026-05-07 00:17:00,3775.21,DEBIT,Myntra,Chandigarh,0.09338380536077502,109,0,NORMAL
1869,22,2026-04-22 23:12:00,2338.99,DEBIT,Walmart,Mumbai,-0.2145780638101098,108,0,NORMAL
1870,31,2026-03-31 02:30:00,3747.86,DEBIT,Uber,Pune,0.03720969260197679,104,0,NORMAL
1871,72,2026-06-21 09:55:00,3442.54,DEBIT,Shell,Pune,0.341209507556222,98,0,NORMAL
1872,51,2026-05-18 00:05:00,4381.84,CREDIT,Myntra,Pune,0.11559876519383266,108,0,NORMAL
1873,32,2026-02-18 14:46:00,4358.85,CREDIT,Swiggy,Hyderabad,0.455895592260922,107,0,NORMAL
1874,42,2026-06-04 14:08:00,4878.33,CREDIT,Local Store,Chandigarh,0.34093907316546,104,0,NORMAL
1875,69,2026-03-22 17:11:00,485.67,DEBIT,Local Store,Mumbai,-0.3840299272183044,112,0,NORMAL
1876,99,2026-07-02 13:47:00,1605.16,DEBIT,Amazon,Ludhiana,-0.4096406858662426,103,0,NORMAL
1877,77,2026-03-10 10:30:00,5084.08,DEBIT,Amazon,Mumbai,1.6629842690695331,84,0,NORMAL
1878,39,2026-03-07 11:46:00,2006.54,DEBIT,Swiggy,Mumbai,-0.24694876798512674,101,0,NORMAL
1879,37,2026-06-03 13:11:00,1653.9,DEBIT,Uber,Mumbai,-0.683461006632454,87,0,NORMAL
1880,51,2026-06-19 06:33:00,2659.3,CREDIT,Walmart,Bangalore,-0.15137931111283195,108,0,NORMAL
1881,88,2026-02-28 13:49:00,3258.15,CREDIT,Flipkart,Mumbai,-0.09555659260343771,104,0,NORMAL
1882,74,2026-01-05 05:15:00,2193.67,DEBIT,Myntra,Pune,-0.23624883276228187,119,0,NORMAL
1883,86,2026-02-12 05:15:00,2373.25,DEBIT,Local Store,Hyderabad,-0.2848595730387257,76,0,NORMAL
1884,58,2026-05-02 23:49:00,2178.48,CREDIT,Shell,Bangalore,-0.20383667404104608,99,0,NORMAL
1885,15,2026-01-30 03:07:00,5268.13,DEBIT,Uber,Delhi,0.48917072309215587,91,0,NORMAL
1886,44,2026-04-04 21:00:00,4589.64,DEBIT,Netflix,Ludhiana,0.049237396414012355,99,0,NORMAL
1887,79,2026-02-14 06:07:00,3488.48,DEBIT,Myntra,Chandigarh,0.5439317474988663,122,10,NORMAL
1888,47,2026-05-15 10:57:00,741.29,DEBIT,Apple,Chandigarh,-0.5088824676781285,103,0,NORMAL
1889,44,2026-04-17 18:22:00,3557.86,DEBIT,Flipkart,Chandigarh,-0.06854777648298856,99,0,NORMAL
1890,3,2026-01-13 23:12:00,2374.27,DEBIT,Local Store,Delhi,-0.18763035628008165,94,0,NORMAL
1891,46,2026-07-14 18:46:00,2859.21,DEBIT,Walmart,Mumbai,-0.07069428934202444,94,0,NORMAL
1892,94,2026-04-11 00:19:00,1094.48,DEBIT,Flipkart,Chandigarh,-0.43894791371535125,103,0,NORMAL
1893,89,2026-07-10 14:55:00,4824.02,CREDIT,Local Store,Chandigarh,0.28247272525086764,103,0,NORMAL
1894,6,2026-02-23 10:19:00,621.37,DEBIT,Local Store,Pune,-1.3397581065427597,117,0,NORMAL
1895,82,2026-05-03 23:30:00,5158.79,DEBIT,Apple,Chandigarh,0.29040570156849194,107,0,NORMAL
1896,52,2026-04-04 12:27:00,707.59,CREDIT,Walmart,Hyderabad,-0.4757313201339993,116,0,NORMAL
1897,56,2026-07-07 03:44:00,5269.74,CREDIT,Shell,Hyderabad,0.5776634817663646,101,0,NORMAL
1898,32,2026-06-22 04:25:00,2489.61,DEBIT,Netflix,Hyderabad,-0.13746141268434606,107,0,NORMAL
1899,56,2026-01-17 15:42:00,1632.25,DEBIT,Local Store,Chandigarh,-0.36951175016777443,101,0,NORMAL
1900,24,2026-05-29 06:01:00,3024.22,DEBIT,Netflix,Delhi,0.15265488869586802,95,0,NORMAL
1901,54,2026-04-26 20:07:00,3308.18,CREDIT,Walmart,Mumbai,-0.11794757655763874,89,0,NORMAL
1902,29,2026-01-24 04:48:00,741.3,DEBIT,Local Store,Bangalore,-1.1965944018346866,99,0,NORMAL
1903,94,2026-04-30 16:40:00,4277.54,DEBIT,Shell,Chandigarh,0.09557077367478321,103,0,NORMAL
1904,61,2026-05-05 00:10:00,3303.89,DEBIT,Flipkart,Bangalore,0.020572767604176773,81,0,NORMAL
1905,57,2026-03-03 21:35:00,1395.0,DEBIT,Swiggy,Bangalore,-0.3267636353588607,107,0,NORMAL
1906,52,2026-01-29 14:53:00,494.89,CREDIT,Myntra,Ludhiana,-0.5196635860011428,116,0,NORMAL
1907,45,2026-04-25 19:27:00,870.56,DEBIT,Myntra,Pune,-0.37575643216389826,97,0,NORMAL
1908,60,2026-03-02 16:56:00,438.69,DEBIT,Local Store,Bangalore,-0.6489667838012951,106,0,NORMAL
1909,73,2026-07-22 14:14:00,2574.71,CREDIT,Myntra,Mumbai,0.14059995310199244,111,0,NORMAL
1910,49,2026-02-14 23:06:00,4638.66,DEBIT,Walmart,Chandigarh,1.7875427438697504,95,0,NORMAL
1911,28,2026-05-27 01:00:00,1681.11,CREDIT,Shell,Chandigarh,-0.8177688354120651,98,0,NORMAL
1912,46,2026-04-12 12:53:00,4394.36,DEBIT,Flipkart,Hyderabad,0.18111889326031116,94,0,NORMAL
1913,47,2026-04-26 16:45:00,2684.01,DEBIT,Shell,Ludhiana,-0.0819701860889944,103,0,NORMAL
1914,69,2026-06-30 03:55:00,1524.26,CREDIT,Myntra,Bangalore,-0.2855252673736449,112,0,NORMAL
1915,58,2026-05-02 15:00:00,1419.67,DEBIT,Myntra,Pune,-0.33489329887597663,99,0,NORMAL
1916,23,2026-06-02 05:24:00,2929.61,DEBIT,Swiggy,Chandigarh,0.17742350086015704,96,0,NORMAL
1917,25,2026-01-30 07:28:00,3026.82,DEBIT,Local Store,Ludhiana,0.18613549536358423,97,0,NORMAL
1918,94,2026-04-02 00:00:00,2122.46,DEBIT,Uber,Ludhiana,-0.26632329455538867,103,0,NORMAL
1919,81,2026-05-22 18:05:00,3154.18,DEBIT,Shell,Ludhiana,-0.10270480435725003,105,0,NORMAL
1920,25,2026-05-15 08:55:00,4889.11,DEBIT,Netflix,Mumbai,1.3979302837055778,97,0,NORMAL
1921,61,2026-07-08 01:45:00,33446.87,DEBIT,Local Store,Delhi,8.07559737803148,81,90,HIGH
1922,60,2026-06-11 12:42:00,2297.83,DEBIT,Netflix,Hyderabad,-0.22857673772955697,106,0,NORMAL
1923,23,2026-05-01 14:35:00,4285.65,DEBIT,Uber,Mumbai,1.0875880240590097,96,0,NORMAL
1924,60,2026-01-12 18:26:00,3748.59,DEBIT,Swiggy,Hyderabad,0.09947013514663036,106,0,NORMAL
1925,67,2026-04-05 16:10:00,5288.02,DEBIT,Shell,Delhi,0.21708754484134124,98,0,NORMAL
1926,92,2026-07-14 11:39:00,3704.08,DEBIT,Amazon,Chandigarh,0.061385289909796824,119,0,NORMAL
1927,62,2026-01-15 12:42:00,6020.35,CREDIT,Flipkart,Chandigarh,2.4195870220004183,102,40,REVIEW
1928,92,2026-06-10 05:10:00,5456.48,DEBIT,Swiggy,Hyderabad,0.4275513290668072,119,0,NORMAL
1929,16,2026-02-10 16:46:00,1199.38,DEBIT,Uber,Bangalore,-0.4782017278095182,95,0,NORMAL
1930,53,2026-03-30 11:57:00,2262.05,DEBIT,Myntra,Mumbai,-0.2178066600162103,105,0,NORMAL
1931,34,2026-06-28 23:27:00,879.39,CREDIT,Netflix,Hyderabad,-1.407516458456254,118,0,NORMAL
1932,34,2026-05-01 09:21:00,1885.13,DEBIT,Myntra,Pune,-0.6920184430968899,118,0,NORMAL
1933,34,2026-04-16 00:20:00,1984.46,DEBIT,Amazon,Mumbai,-0.6213536411941659,118,0,NORMAL
1934,48,2026-04-22 15:39:00,2317.62,DEBIT,Uber,Ludhiana,-0.21892667910633043,102,0,NORMAL
1935,82,2026-02-16 19:18:00,1710.45,DEBIT,Uber,Ludhiana,-0.285310466132099,107,0,NORMAL
1936,38,2026-03-24 23:34:00,2777.22,DEBIT,Amazon,Hyderabad,0.11324036713014106,95,0,NORMAL
1937,28,2026-07-05 04:08:00,3197.09,DEBIT,Shell,Chandigarh,0.21636858762587327,98,0,NORMAL
1938,62,2026-05-06 07:47:00,3385.76,DEBIT,Uber,Ludhiana,0.5503435592984487,102,0,NORMAL
1939,65,2026-03-03 13:48:00,1239.3,DEBIT,Shell,Chandigarh,-0.30249696953869315,112,0,NORMAL
1940,23,2026-01-24 13:49:00,3629.9,DEBIT,Flipkart,Mumbai,0.6474532300354946,96,0,NORMAL
1941,40,2026-02-13 13:00:00,1716.33,DEBIT,Netflix,Bangalore,-0.25667711931907994,109,0,NORMAL
1942,64,2026-01-05 10:36:00,3278.39,CREDIT,Shell,Mumbai,0.3923206459625489,110,0,NORMAL
1943,95,2026-04-30 23:20:00,1228.83,DEBIT,Shell,Delhi,-0.9137450349622114,113,0,NORMAL
1944,35,2026-07-15 18:44:00,2342.93,DEBIT,Walmart,Hyderabad,-0.3521890201007885,103,0,NORMAL
1945,8,2026-03-08 12:19:00,2044.65,CREDIT,Netflix,Mumbai,-0.23421574495803937,91,0,NORMAL
1946,89,2026-04-07 18:16:00,3627.88,DEBIT,Shell,Bangalore,0.056125496081763857,103,0,NORMAL
1947,12,2026-02-18 06:13:00,3619.68,CREDIT,Shell,Bangalore,-0.05081177392284757,99,0,NORMAL
1948,8,2026-06-23 18:33:00,637.98,DEBIT,Myntra,Delhi,-0.3958794630384484,91,0,NORMAL
1949,69,2026-06-24 03:26:00,6339.82,DEBIT,Walmart,Chandigarh,0.17120462580994858,112,0,NORMAL
1950,11,2026-03-20 06:38:00,3010.33,DEBIT,Local Store,Chandigarh,-0.09191594024151935,118,0,NORMAL
1951,39,2026-06-11 03:51:00,1736.98,DEBIT,Netflix,Ludhiana,-0.3112259544479691,101,0,NORMAL
1952,82,2026-01-01 04:19:00,2468.25,DEBIT,Apple,Hyderabad,-0.1587922829240894,107,0,NORMAL
1953,53,2026-07-07 05:09:00,2707.07,DEBIT,Apple,Pune,-0.12132138219341052,105,0,NORMAL
1954,39,2026-03-16 05:57:00,41968.51,DEBIT,Flipkart,Pune,9.28207258945853,101,90,HIGH
1955,72,2026-03-08 07:54:00,2527.62,CREDIT,Myntra,Delhi,-0.22636434465637392,98,0,NORMAL
1956,41,2026-06-30 12:15:00,4129.42,DEBIT,Uber,Mumbai,0.17210851176023903,100,0,NORMAL
1957,9,2026-05-05 16:12:00,3718.62,CREDIT,Shell,Hyderabad,0.16347439721264048,84,0,NORMAL
1958,24,2026-03-26 09:31:00,1235.93,DEBIT,Netflix,Bangalore,-0.9874111408172856,95,0,NORMAL
1959,65,2026-03-18 13:33:00,1928.76,DEBIT,Local Store,Pune,-0.2108944754983607,112,0,NORMAL
1960,20,2026-05-25 06:23:00,1407.06,DEBIT,Uber,Hyderabad,-0.28816663909943024,98,0,NORMAL
1961,21,2026-06-01 19:00:00,4365.78,CREDIT,Apple,Mumbai,0.1224646561007998,122,10,NORMAL
1962,34,2026-04-21 13:03:00,3995.75,CREDIT,Flipkart,Mumbai,0.8095072207702932,118,0,NORMAL
1963,40,2026-06-04 20:18:00,1498.92,DEBIT,Local Store,Chandigarh,-0.2936422390126256,109,0,NORMAL
1964,98,2026-05-28 02:54:00,3157.58,CREDIT,Amazon,Chandigarh,0.29371258770644926,114,0,NORMAL
1965,46,2026-03-15 14:57:00,4006.12,DEBIT,Netflix,Pune,0.11743524670230007,94,0,NORMAL
1966,92,2026-01-09 14:54:00,2003.1,CREDIT,Flipkart,Chandigarh,-0.29403647982616055,119,0,NORMAL
1967,49,2026-07-03 02:47:00,1660.81,DEBIT,Myntra,Hyderabad,-0.49398741017835607,95,0,NORMAL
1968,36,2026-04-29 12:06:00,920.58,DEBIT,Myntra,Pune,-0.3531104642220295,85,0,NORMAL
1969,76,2026-06-27 07:49:00,2811.72,DEBIT,Netflix,Bangalore,-0.10401791199340336,74,0,NORMAL
1970,78,2026-01-21 10:20:00,3094.09,DEBIT,Flipkart,Bangalore,-0.053846249699401695,102,0,NORMAL
1971,69,2026-01-27 22:31:00,2395.17,DEBIT,Flipkart,Hyderabad,-0.20292415114364815,112,0,NORMAL
1972,94,2026-02-24 18:23:00,2229.7,DEBIT,Local Store,Bangalore,-0.2483149051327206,103,0,NORMAL
1973,74,2026-04-05 22:11:00,1623.39,DEBIT,Shell,Ludhiana,-0.30096605636273593,119,0,NORMAL
1974,38,2026-01-25 18:13:00,3957.93,DEBIT,Flipkart,Hyderabad,0.9734309095557467,95,0,NORMAL
1975,47,2026-06-20 12:17:00,2333.45,DEBIT,Netflix,Chandigarh,-0.15900566697861668,103,0,NORMAL
1976,47,2026-04-05 07:24:00,2345.1,DEBIT,Apple,Ludhiana,-0.15644558210765563,103,0,NORMAL
1977,96,2026-06-27 01:51:00,5768.07,DEBIT,Amazon,Hyderabad,1.8198159527429867,96,0,NORMAL
1978,68,2026-05-16 23:28:00,984.61,CREDIT,Amazon,Ludhiana,-0.5269332385368892,100,0,NORMAL
1979,56,2026-07-16 04:11:00,7430.0,DEBIT,Myntra,Bangalore,1.1401790533660234,101,0,NORMAL
1980,74,2026-01-28 12:11:00,1747.69,DEBIT,Local Store,Delhi,-0.2868600893052617,119,0,NORMAL
1981,72,2026-02-01 22:35:00,2252.43,CREDIT,Local Store,Chandigarh,-0.39707943274099805,98,0,NORMAL
1982,79,2026-01-27 14:36:00,3121.83,DEBIT,Swiggy,Hyderabad,0.29221490104026326,122,10,NORMAL
1983,36,2026-05-01 07:20:00,4199.08,DEBIT,Walmart,Mumbai,0.09071083130028028,85,0,NORMAL
1984,83,2026-06-07 10:20:00,1497.22,DEBIT,Amazon,Chandigarh,-0.25625250457120163,101,0,NORMAL
1985,74,2026-04-28 09:02:00,1499.29,DEBIT,Swiggy,Mumbai,-0.3150493267716866,119,0,NORMAL
1986,34,2026-04-29 22:02:00,3591.88,DEBIT,Shell,Chandigarh,0.5221882482096054,118,0,NORMAL
1987,84,2026-02-25 13:28:00,3636.91,DEBIT,Netflix,Hyderabad,-0.02295163040388823,95,0,NORMAL
1988,19,2026-01-10 13:09:00,964.76,DEBIT,Shell,Ludhiana,-1.2658656182235652,98,0,NORMAL
1989,6,2026-04-25 19:27:00,1594.06,DEBIT,Netflix,Pune,-0.7195162082782033,117,0,NORMAL
1990,27,2026-04-09 16:42:00,1189.56,DEBIT,Netflix,Mumbai,-1.1130353968131164,90,0,NORMAL
1991,99,2026-05-17 13:47:00,2829.65,DEBIT,Amazon,Chandigarh,-0.02890172347583659,103,0,NORMAL
1992,96,2026-01-18 22:02:00,6109.85,DEBIT,Myntra,Chandigarh,2.0326973000221393,96,40,REVIEW
1993,52,2026-03-05 18:01:00,1455.06,DEBIT,Shell,Ludhiana,-0.3213446216492149,116,0,NORMAL
1994,93,2026-03-18 07:50:00,1889.29,DEBIT,Walmart,Chandigarh,-0.6716078934591598,100,0,NORMAL
1995,95,2026-02-03 01:20:00,3220.42,DEBIT,Shell,Bangalore,0.3540656516700818,113,0,NORMAL
1996,62,2026-06-16 08:55:00,1288.93,DEBIT,Amazon,Delhi,-0.9373588042182165,102,0,NORMAL
1997,49,2026-04-23 20:39:00,2469.98,DEBIT,Walmart,Chandigarh,0.12597187412109037,95,0,NORMAL
1998,84,2026-01-31 17:56:00,2389.23,CREDIT,Swiggy,Chandigarh,-0.17633510047905662,95,0,NORMAL
1999,3,2026-02-21 05:46:00,4513.97,DEBIT,Netflix,Mumbai,0.07439255364801473,94,0,NORMAL
2000,73,2026-02-21 01:15:00,734.92,DEBIT,Myntra,Hyderabad,-1.1031653584665648,111,0,NORMAL
2001,5,2026-05-16 07:59:00,901.0,DEBIT,Local Store,Chandigarh,-1.024345294555972,87,0,NORMAL
2002,21,2026-07-08 19:35:00,1253.81,DEBIT,Uber,Pune,-0.3776683288285398,122,10,NORMAL
2003,86,2026-07-01 03:42:00,1432.19,DEBIT,Netflix,Bangalore,-0.8991992558802868,76,0,NORMAL
2004,52,2026-04-07 13:11:00,3039.24,CREDIT,Local Store,Bangalore,0.005860911690753084,116,0,NORMAL
2005,4,2026-02-22 13:16:00,2990.4,DEBIT,Swiggy,Delhi,0.2898589867119294,105,0,NORMAL
2006,70,2026-07-11 05:18:00,3199.78,DEBIT,Uber,Mumbai,0.3096349561906189,90,0,NORMAL
2007,13,2026-02-10 22:15:00,617.01,CREDIT,Myntra,Chandigarh,-1.4847540511945845,101,0,NORMAL
2008,54,2026-02-18 22:27:00,4064.64,DEBIT,Local Store,Hyderabad,-0.022051895600939023,89,0,NORMAL
2009,82,2026-04-28 13:20:00,236.52,DEBIT,Shell,Bangalore,-0.5313898350629271,107,0,NORMAL
2010,79,2026-06-29 10:10:00,3787.55,DEBIT,Local Store,Mumbai,0.7492527819196338,122,10,NORMAL
2011,17,2026-01-30 22:10:00,2095.45,DEBIT,Walmart,Pune,-0.19313502109573005,97,0,NORMAL
2012,52,2026-04-01 22:36:00,2540.06,DEBIT,Netflix,Bangalore,-0.09724256022067439,116,0,NORMAL
2013,24,2026-07-09 07:06:00,3314.88,DEBIT,Shell,Ludhiana,0.3379557023996262,95,0,NORMAL
2014,35,2026-06-03 15:40:00,5383.44,DEBIT,Flipkart,Pune,1.8313547362911584,103,0,NORMAL
2015,19,2026-05-21 04:26:00,3295.11,CREDIT,Amazon,Hyderabad,0.28033314362371653,98,0,NORMAL
2016,26,2026-01-13 10:05:00,4778.59,DEBIT,Netflix,Mumbai,1.3466192545737037,98,0,NORMAL
2017,51,2026-05-28 16:41:00,1446.9,DEBIT,Myntra,Mumbai,-0.3392903144649749,108,0,NORMAL
2018,59,2026-02-12 21:31:00,2881.21,DEBIT,Apple,Pune,-0.11237137052485299,92,0,NORMAL
2019,99,2026-05-05 03:33:00,1574.46,DEBIT,Myntra,Hyderabad,-0.41918644462734755,103,0,NORMAL
2020,71,2026-05-05 15:43:00,4393.74,DEBIT,Shell,Bangalore,1.2102383529474963,99,0,NORMAL
2021,9,2026-02-04 10:29:00,3814.7,DEBIT,Netflix,Chandigarh,0.19015296091972947,84,0,NORMAL
2022,15,2026-02-15 23:37:00,1067.56,DEBIT,Flipkart,Bangalore,-0.4583331129363734,91,0,NORMAL
2023,58,2026-07-03 18:20:00,2717.74,CREDIT,Uber,Chandigarh,-0.11069926743269269,99,0,NORMAL
2024,66,2026-03-22 18:37:00,1362.85,CREDIT,Amazon,Mumbai,-0.9968154826876509,95,0,NORMAL
2025,94,2026-07-13 04:07:00,2197.19,DEBIT,Shell,Delhi,-0.25377418096385573,103,0,NORMAL
2026,69,2026-07-13 06:48:00,1983.57,DEBIT,Uber,Bangalore,-0.2419621911710525,112,0,NORMAL
2027,21,2026-02-25 08:38:00,1121.06,DEBIT,Shell,Ludhiana,-0.3990029348014026,122,10,NORMAL
2028,55,2026-05-26 22:52:00,5696.96,DEBIT,Apple,Chandigarh,2.437978572406255,118,40,REVIEW
2029,67,2026-04-20 05:22:00,5949.1,DEBIT,Amazon,Delhi,0.3127188391011034,98,0,NORMAL
2030,33,2026-03-30 21:12:00,60199.6,DEBIT,Myntra,Mumbai,5.889067899055268,91,90,HIGH
2031,9,2026-03-30 06:40:00,676.21,CREDIT,Swiggy,Hyderabad,-0.6813125408398645,84,0,NORMAL
2032,21,2026-03-12 09:42:00,3660.77,DEBIT,Netflix,Hyderabad,0.009160621773658601,122,10,NORMAL
2033,45,2026-02-14 22:54:00,977.37,CREDIT,Local Store,Pune,-0.35990138693328116,97,0,NORMAL
2034,20,2026-04-11 07:05:00,1360.81,DEBIT,Flipkart,Delhi,-0.2930545390287684,98,0,NORMAL
2035,82,2026-06-21 12:36:00,982.99,DEBIT,Netflix,Pune,-0.4067632472834565,107,0,NORMAL
2036,57,2026-06-15 10:19:00,2043.65,DEBIT,Uber,Delhi,-0.22966535738026223,107,0,NORMAL
2037,97,2026-05-19 21:36:00,4099.79,CREDIT,Apple,Delhi,0.7962072099367894,96,0,NORMAL
2038,81,2026-06-27 10:07:00,3034.24,DEBIT,Apple,Mumbai,-0.11918757486200937,105,0,NORMAL
2039,67,2026-05-13 00:00:00,1291.32,DEBIT,Netflix,Hyderabad,-0.36107182129890103,98,0,NORMAL
2040,86,2026-06-07 11:02:00,2711.45,DEBIT,Swiggy,Delhi,-0.06407696540795203,76,0,NORMAL
2041,82,2026-04-02 15:07:00,1031.82,DEBIT,Shell,Bangalore,-0.39861085498199555,107,0,NORMAL
2042,54,2026-05-10 20:33:00,1832.09,DEBIT,Walmart,Delhi,-0.3050700360444257,89,0,NORMAL
2043,13,2026-06-07 22:18:00,2482.93,DEBIT,Apple,Delhi,-0.19852596168600714,101,0,NORMAL
2044,100,2026-07-25 22:27:00,4345.13,DEBIT,Swiggy,Ludhiana,1.1657110132444437,87,0,NORMAL
2045,67,2026-02-05 21:22:00,4256.41,DEBIT,Local Store,Delhi,0.0678556826290322,98,0,NORMAL
2046,16,2026-06-03 14:00:00,4541.29,DEBIT,Swiggy,Pune,0.48379822819954094,95,0,NORMAL
2047,96,2026-07-10 07:59:00,569.15,DEBIT,Amazon,Chandigarh,-1.4183872598397544,96,0,NORMAL
2048,81,2026-01-10 08:03:00,3022.24,DEBIT,Netflix,Ludhiana,-0.12083667646328596,105,0,NORMAL
2049,24,2026-01-11 07:56:00,674.09,CREDIT,Myntra,Hyderabad,-1.345593928855954,95,0,NORMAL
2050,33,2026-05-09 07:07:00,2033.36,DEBIT,Netflix,Bangalore,-0.22276603596591857,91,0,NORMAL
2051,58,2026-02-28 11:16:00,3322.65,DEBIT,Netflix,Ludhiana,-0.006223228728803851,99,0,NORMAL
2052,99,2026-05-27 02:47:00,5902.09,DEBIT,Flipkart,Hyderabad,0.9264328383472725,103,0,NORMAL
2053,23,2026-03-24 20:32:00,4903.1,DEBIT,Flipkart,Hyderabad,1.502016127101053,96,0,NORMAL
2054,40,2026-05-28 20:15:00,787.05,DEBIT,Flipkart,Ludhiana,-0.4146778848258096,109,0,NORMAL
2055,64,2026-06-26 17:50:00,3401.04,CREDIT,Flipkart,Bangalore,0.4735024319424513,110,0,NORMAL
2056,57,2026-03-03 08:45:00,3770.38,CREDIT,Flipkart,Delhi,0.02881380631970748,107,0,NORMAL
2057,15,2026-04-18 20:16:00,1204.79,DEBIT,Shell,Ludhiana,-0.427378754023608,91,0,NORMAL
2058,23,2026-03-14 07:33:00,2922.55,DEBIT,Walmart,Delhi,0.17268487844947308,96,0,NORMAL
2059,92,2026-05-04 20:23:00,3772.25,DEBIT,Shell,Bangalore,0.07562949151293162,119,0,NORMAL
2060,51,2026-04-18 00:14:00,903.27,DEBIT,Local Store,Ludhiana,-0.4235480336602284,108,0,NORMAL
2061,11,2026-02-26 10:30:00,2101.44,DEBIT,Apple,Delhi,-0.21931766569240593,118,0,NORMAL
2062,64,2026-03-21 17:26:00,2207.47,DEBIT,Netflix,Mumbai,-0.3165191277153723,110,0,NORMAL
2063,57,2026-01-08 13:31:00,3444.17,DEBIT,Local Store,Chandigarh,-0.02001750372330279,107,0,NORMAL
2064,57,2026-07-26 20:00:00,2456.72,DEBIT,Netflix,Chandigarh,-0.1678317249365412,107,0,NORMAL
2065,24,2026-05-21 22:33:00,2991.46,CREDIT,Apple,Pune,0.13176981797084544,95,0,NORMAL
2066,47,2026-05-15 19:06:00,3411.96,DEBIT,Flipkart,Mumbai,0.07799666213556192,103,0,NORMAL
2067,41,2026-03-31 21:24:00,3928.89,DEBIT,Shell,Ludhiana,0.13121217707797317,100,0,NORMAL
2068,17,2026-07-04 18:11:00,1101.98,CREDIT,Myntra,Ludhiana,-0.3076772037513144,97,0,NORMAL
2069,41,2026-07-21 17:33:00,1052.2,DEBIT,Netflix,Chandigarh,-0.45546351741725116,100,0,NORMAL
2070,35,2026-06-09 10:10:00,2592.21,DEBIT,Myntra,Ludhiana,-0.17316846513027864,103,0,NORMAL
2071,56,2026-01-21 22:50:00,832.76,DEBIT,Flipkart,Chandigarh,-0.5776929757323875,101,0,NORMAL
2072,91,2026-01-24 19:35:00,1163.83,DEBIT,Apple,Ludhiana,-0.3573891756256733,100,0,NORMAL
2073,33,2026-02-18 13:17:00,4500.8,DEBIT,Swiggy,Mumbai,0.03650091208897857,91,0,NORMAL
2074,85,2026-04-21 22:10:00,1542.26,DEBIT,Flipkart,Mumbai,-0.8310030599873195,89,0,NORMAL
2075,73,2026-04-25 11:46:00,3047.89,CREDIT,Amazon,Ludhiana,0.4604869348379568,111,0,NORMAL
2076,7,2026-02-13 13:48:00,3657.2,DEBIT,Walmart,Ludhiana,0.0634233122594744,93,0,NORMAL
2077,9,2026-03-07 07:06:00,2739.99,DEBIT,Uber,Delhi,-0.1082621015453583,84,0,NORMAL
2078,84,2026-05-01 19:13:00,2794.06,DEBIT,Walmart,Delhi,-0.12656734737687464,95,0,NORMAL
2079,52,2026-06-22 17:26:00,3807.32,DEBIT,Uber,Hyderabad,0.16450451661428625,116,0,NORMAL
2080,44,2026-03-06 14:14:00,1220.33,DEBIT,Swiggy,Bangalore,-0.33539378551778914,99,0,NORMAL
2081,64,2026-01-30 16:45:00,898.28,DEBIT,Flipkart,Chandigarh,-1.183069330626325,110,0,NORMAL
2082,97,2026-01-23 04:09:00,1077.22,DEBIT,Shell,Delhi,-1.3537690278055245,96,0,NORMAL
2083,88,2026-01-02 16:43:00,2866.22,DEBIT,Flipkart,Chandigarh,-0.13613705207390822,104,0,NORMAL
2084,40,2026-07-25 02:45:00,974.76,CREDIT,Flipkart,Hyderabad,-0.3827625055071239,109,0,NORMAL
2085,9,2026-03-21 12:10:00,5430.84,DEBIT,Flipkart,Delhi,0.6389070611442803,84,0,NORMAL
2086,88,2026-03-06 10:01:00,6092.45,DEBIT,Myntra,Pune,0.1979070266070195,104,0,NORMAL
2087,99,2026-01-15 02:48:00,1655.06,DEBIT,Shell,Hyderabad,-0.3941249411698537,103,0,NORMAL
2088,16,2026-04-17 02:33:00,5669.59,DEBIT,Walmart,Bangalore,0.808589904326373,95,0,NORMAL
2089,88,2026-02-26 12:37:00,612.46,DEBIT,Local Store,Bangalore,-0.36949151929042023,104,0,NORMAL
2090,59,2026-05-22 13:47:00,4387.64,DEBIT,Myntra,Delhi,0.10121041099026333,92,0,NORMAL
2091,86,2026-06-28 16:23:00,2618.55,DEBIT,Netflix,Hyderabad,-0.1247236367530106,76,0,NORMAL
2092,52,2026-06-24 22:00:00,826.46,DEBIT,Local Store,Delhi,-0.4511792353026532,116,0,NORMAL
2093,67,2026-07-13 16:02:00,627.16,DEBIT,Shell,Chandigarh,-0.45714866584958114,98,0,NORMAL
2094,97,2026-04-27 14:58:00,1611.47,DEBIT,Uber,Chandigarh,-0.9737530794523578,96,0,NORMAL
2095,98,2026-01-30 23:55:00,1735.57,DEBIT,Myntra,Delhi,-0.755021787887941,114,0,NORMAL
2096,63,2026-05-22 13:27:00,881.75,DEBIT,Apple,Chandigarh,-1.1878088111117782,88,0,NORMAL
2097,99,2026-03-10 11:27:00,1731.63,CREDIT,Walmart,Bangalore,-0.37031651288523443,103,0,NORMAL
2098,76,2026-03-05 02:49:00,3567.48,DEBIT,Flipkart,Pune,0.051979124055549414,74,0,NORMAL
2099,7,2026-07-15 19:03:00,3494.24,DEBIT,Amazon,Hyderabad,0.035173179463602953,93,0,NORMAL
2100,88,2026-07-10 18:38:00,4706.79,DEBIT,Uber,Ludhiana,0.05443569379286358,104,0,NORMAL
2101,48,2026-03-09 14:43:00,4160.14,DEBIT,Netflix,Pune,-0.0014197889233002329,102,0,NORMAL
2102,41,2026-03-17 06:29:00,868.24,DEBIT,Local Store,Pune,-0.492980545932434,100,0,NORMAL
2103,79,2026-04-16 17:55:00,655.62,DEBIT,Amazon,Mumbai,-1.400916433760422,122,10,NORMAL
2104,85,2026-03-06 11:09:00,3829.07,CREDIT,Swiggy,Hyderabad,0.5519288593104013,89,0,NORMAL
2105,30,2026-03-31 15:05:00,2259.18,DEBIT,Local Store,Pune,-0.1763745524768592,92,0,NORMAL
2106,34,2026-07-27 17:27:00,4180.81,DEBIT,Apple,Mumbai,0.9411615874280818,118,0,NORMAL
2107,84,2026-05-31 14:26:00,3608.06,DEBIT,Swiggy,Bangalore,-0.02649830351852387,95,0,NORMAL
2108,25,2026-01-04 19:08:00,5757.31,DEBIT,Swiggy,Delhi,1.9628692756125956,97,0,NORMAL
2109,90,2026-02-11 15:28:00,4994.16,DEBIT,Walmart,Mumbai,0.015247858505960825,93,0,NORMAL
2110,63,2026-03-02 22:28:00,1020.56,DEBIT,Apple,Pune,-1.0756027946464695,88,0,NORMAL
2111,92,2026-07-27 13:40:00,3522.1,DEBIT,Apple,Delhi,0.023360355074261117,119,0,NORMAL
2112,98,2026-03-15 14:12:00,1229.19,CREDIT,Walmart,Ludhiana,-1.1284777503027534,114,0,NORMAL
2113,64,2026-02-10 13:29:00,1309.56,DEBIT,Netflix,Delhi,-0.9108439336608604,110,0,NORMAL
2114,50,2026-01-25 12:57:00,1319.91,CREDIT,Netflix,Chandigarh,-0.30920120516221117,118,0,NORMAL
2115,79,2026-07-03 08:41:00,2126.21,CREDIT,Netflix,Hyderabad,-0.39130978645766196,122,10,NORMAL
2116,27,2026-01-06 04:10:00,2748.84,DEBIT,Uber,Bangalore,-0.005794396492366449,90,0,NORMAL
2117,33,2026-05-23 11:20:00,4190.68,DEBIT,Swiggy,Mumbai,0.003914966359483765,91,0,NORMAL
2118,38,2026-03-12 18:09:00,3150.63,DEBIT,Flipkart,Pune,0.3852832484872446,95,0,NORMAL
2119,93,2026-07-12 10:35:00,2636.98,DEBIT,Apple,Ludhiana,-0.17595119903424403,100,0,NORMAL
2120,21,2026-01-21 15:34:00,1066.62,CREDIT,Walmart,Pune,-0.40775213215856004,122,10,NORMAL
2121,9,2026-04-28 02:40:00,1549.61,DEBIT,Flipkart,Delhi,-0.4387952891561474,84,0,NORMAL
2122,19,2026-01-03 03:34:00,4218.85,DEBIT,Swiggy,Delhi,0.8932392067768088,98,0,NORMAL
2123,73,2026-01-13 19:32:00,575.22,CREDIT,Local Store,Ludhiana,-1.2111283978664413,111,0,NORMAL
2124,10,2026-06-23 11:05:00,712.78,CREDIT,Local Store,Pune,-0.4219806412162988,91,0,NORMAL
2125,50,2026-06-28 14:35:00,1410.23,DEBIT,Local Store,Bangalore,-0.2979326666943769,118,0,NORMAL
2126,45,2026-06-24 10:41:00,4016.68,DEBIT,Uber,Chandigarh,0.09125859359164053,97,0,NORMAL
2127,69,2026-05-22 10:20:00,4607.44,DEBIT,Apple,Mumbai,0.006897726435131552,112,0,NORMAL
2128,48,2026-04-20 04:11:00,4606.76,DEBIT,Uber,Delhi,0.051303072860314,102,0,NORMAL
2129,59,2026-02-15 12:28:00,3181.22,CREDIT,Flipkart,Mumbai,-0.06983592561712414,92,0,NORMAL
2130,52,2026-06-14 16:21:00,1593.29,DEBIT,Myntra,Chandigarh,-0.2927938124775401,116,0,NORMAL
2131,60,2026-03-16 23:18:00,1888.38,DEBIT,Netflix,Mumbai,-0.3211618600786394,106,0,NORMAL
2132,92,2026-05-13 07:34:00,1663.85,DEBIT,Myntra,Ludhiana,-0.36492316596175506,119,0,NORMAL
2133,98,2026-06-21 04:57:00,3449.86,DEBIT,Walmart,Ludhiana,0.5092694989087113,114,0,NORMAL
2134,84,2026-05-31 01:08:00,2919.66,CREDIT,Amazon,Mumbai,-0.1111267184965198,95,0,NORMAL
2135,28,2026-06-07 04:59:00,2590.51,CREDIT,Uber,Chandigarh,-0.19741462723603287,98,0,NORMAL
2136,4,2026-03-04 17:56:00,2774.76,DEBIT,Apple,Pune,0.11723036114963167,105,0,NORMAL
2137,88,2026-03-14 00:29:00,3464.12,CREDIT,Uber,Chandigarh,-0.07423044447205507,104,0,NORMAL
2138,41,2026-02-17 12:48:00,3157.46,CREDIT,Myntra,Bangalore,-0.026114205328351743,100,0,NORMAL
2139,79,2026-02-05 08:09:00,3240.87,CREDIT,Walmart,Delhi,0.37393963417112946,122,10,NORMAL
2140,3,2026-01-20 04:57:00,396.5,CREDIT,Flipkart,Hyderabad,-0.4298236780394363,94,0,NORMAL
2141,12,2026-03-19 13:19:00,2172.16,DEBIT,Apple,Hyderabad,-0.22729148975159374,99,0,NORMAL
2142,9,2026-06-12 14:35:00,1925.37,CREDIT,Myntra,Bangalore,-0.33445789221010486,84,0,NORMAL
2143,91,2026-02-25 08:20:00,1098.05,DEBIT,Uber,Chandigarh,-0.3652877857952488,100,0,NORMAL
2144,16,2026-02-27 15:04:00,4126.52,DEBIT,Shell,Ludhiana,0.3644028160687902,95,0,NORMAL
2145,81,2026-02-11 06:33:00,3607.31,CREDIT,Uber,Chandigarh,-0.04043335364171224,105,0,NORMAL
2146,13,2026-05-19 16:47:00,3744.26,DEBIT,Myntra,Chandigarh,0.6709422235201403,101,0,NORMAL
2147,62,2026-06-10 12:57:00,1746.82,CREDIT,Local Store,Ludhiana,-0.6124855263508425,102,0,NORMAL
2148,24,2026-06-29 01:07:00,2632.93,DEBIT,Local Store,Bangalore,-0.09679930312324515,95,0,NORMAL
2149,44,2026-04-20 06:21:00,5298.43,DEBIT,Swiggy,Mumbai,0.13015091741428883,99,0,NORMAL
2150,15,2026-03-13 18:33:00,4661.01,CREDIT,Flipkart,Bangalore,0.3522253730730774,91,0,NORMAL
2151,92,2026-06-30 03:11:00,4284.34,CREDIT,Amazon,Ludhiana,0.18263129874410805,119,0,NORMAL
2152,76,2026-04-03 00:15:00,1837.58,DEBIT,Netflix,Ludhiana,-0.30509094138994036,74,0,NORMAL
2153,36,2026-03-02 18:14:00,5140.04,DEBIT,Amazon,Pune,0.21809167200019566,85,0,NORMAL
2154,31,2026-06-07 15:10:00,3539.78,DEBIT,Flipkart,Delhi,0.008223201313860166,104,0,NORMAL
2155,35,2026-07-20 17:06:00,3940.74,DEBIT,Amazon,Mumbai,0.7952790196032798,103,0,NORMAL
2156,80,2026-04-21 05:07:00,396.67,DEBIT,Swiggy,Mumbai,-0.4860008681321976,84,0,NORMAL
2157,61,2026-05-03 04:49:00,3013.97,DEBIT,Flipkart,Hyderabad,-0.05690174669583883,81,0,NORMAL
2158,66,2026-05-29 06:07:00,4704.55,CREDIT,Flipkart,Mumbai,1.2535794707844419,95,0,NORMAL
2159,45,2026-06-13 19:03:00,2712.07,DEBIT,Walmart,Hyderabad,-0.10239977695714124,97,0,NORMAL
2160,86,2026-02-11 07:59:00,4178.48,CREDIT,Amazon,Hyderabad,0.8936247166516991,76,0,NORMAL
2161,17,2026-02-26 01:43:00,4445.48,DEBIT,Local Store,Hyderabad,0.07781182733059681,97,0,NORMAL
2162,31,2026-01-04 12:16:00,4250.26,CREDIT,Amazon,Pune,0.10719629978743334,104,0,NORMAL
2163,44,2026-06-17 18:12:00,3939.67,DEBIT,Flipkart,Hyderabad,-0.024961394828174645,99,0,NORMAL
2164,86,2026-02-20 12:06:00,880.53,DEBIT,Netflix,Pune,-1.2593321160978879,76,0,NORMAL
2165,11,2026-03-26 20:38:00,1306.1,DEBIT,Netflix,Delhi,-0.3308027610505991,118,0,NORMAL
2166,92,2026-07-12 17:23:00,765.27,DEBIT,Netflix,Chandigarh,-0.5526825128378715,119,0,NORMAL
2167,26,2026-01-23 07:21:00,2244.84,DEBIT,Myntra,Mumbai,-0.2812515153807997,98,0,NORMAL
2168,65,2026-03-13 23:42:00,534.52,DEBIT,Apple,Mumbai,-0.39613489740941155,112,0,NORMAL
2169,70,2026-03-10 12:30:00,3237.28,CREDIT,Uber,Hyderabad,0.338620511845072,90,0,NORMAL
2170,42,2026-05-24 16:39:00,4369.41,DEBIT,Local Store,Bangalore,0.2339619871981146,104,0,NORMAL
2171,77,2026-05-06 12:33:00,2093.07,DEBIT,Netflix,Ludhiana,-0.34658624737962423,84,0,NORMAL
2172,1,2026-04-02 15:06:00,2979.42,CREDIT,Apple,Hyderabad,-0.1267685995164056,112,0,NORMAL
2173,21,2026-06-06 14:13:00,958.63,DEBIT,Walmart,Pune,-0.4251074926030756,122,10,NORMAL
2174,98,2026-02-02 02:58:00,4944.93,DEBIT,Flipkart,Ludhiana,1.6118857272895986,114,0,NORMAL
2175,99,2026-01-24 23:39:00,3497.14,DEBIT,Local Store,Bangalore,0.17864545943784338,103,0,NORMAL
2176,94,2026-06-24 22:13:00,5515.19,DEBIT,Flipkart,Chandigarh,0.3034044473876255,103,0,NORMAL
2177,39,2026-03-04 02:18:00,2504.78,DEBIT,Amazon,Pune,-0.12814232272898124,101,0,NORMAL
2178,46,2026-04-29 02:22:00,4365.63,CREDIT,Swiggy,Chandigarh,0.17640626404742318,94,0,NORMAL
2179,60,2026-01-09 21:54:00,3197.22,DEBIT,Uber,Hyderabad,-0.025206037547504778,106,0,NORMAL
2180,41,2026-02-24 09:20:00,2935.72,CREDIT,Swiggy,Bangalore,-0.07133613348097548,100,0,NORMAL
2181,2,2026-03-08 23:01:00,3002.37,DEBIT,Netflix,Delhi,0.12095300349622515,117,0,NORMAL
2182,3,2026-05-03 19:30:00,1141.91,DEBIT,Netflix,Delhi,-0.3385424249247462,94,0,NORMAL
2183,64,2026-03-24 22:00:00,1799.36,DEBIT,Netflix,Chandigarh,-0.5866463081169861,110,0,NORMAL
2184,78,2026-02-28 04:32:00,5966.31,DEBIT,Myntra,Pune,0.7879131785489225,102,0,NORMAL
2185,8,2026-04-16 08:07:00,3105.96,DEBIT,Uber,Mumbai,-0.11224305723745184,91,0,NORMAL
2186,67,2026-06-01 14:04:00,6557.36,CREDIT,Myntra,Delhi,0.4007092351899925,98,0,NORMAL
2187,40,2026-02-14 08:43:00,2961.13,DEBIT,Local Store,Mumbai,-0.04503008838892204,109,0,NORMAL
2188,68,2026-02-16 15:38:00,2092.32,DEBIT,Flipkart,Ludhiana,-0.26090156342854887,100,0,NORMAL
2189,61,2026-04-29 18:23:00,591.59,DEBIT,Netflix,Hyderabad,-0.7042276088304681,81,0,NORMAL
2190,41,2026-06-23 08:59:00,3636.62,CREDIT,Apple,Ludhiana,0.07160627403311286,100,0,NORMAL
2191,44,2026-04-28 04:13:00,2849.24,DEBIT,Local Store,Mumbai,-0.1494418907498602,99,0,NORMAL
2192,91,2026-04-01 16:39:00,3622.35,DEBIT,Myntra,Ludhiana,-0.0621795211090297,100,0,NORMAL
2193,61,2026-02-24 00:20:00,3605.27,DEBIT,Local Store,Bangalore,0.10110970579312098,81,0,NORMAL
2194,11,2026-04-07 20:24:00,4250.62,DEBIT,Walmart,Chandigarh,0.08193907638258273,118,0,NORMAL
2195,50,2026-01-22 11:44:00,4204.6,DEBIT,Myntra,Mumbai,0.050699594580666696,118,0,NORMAL
2196,29,2026-06-25 16:36:00,2698.17,DEBIT,Shell,Mumbai,0.06500031434401879,99,0,NORMAL
2197,35,2026-03-14 20:08:00,3766.57,CREDIT,Netflix,Ludhiana,0.67019874818474,103,0,NORMAL
2198,78,2026-03-12 23:26:00,1063.34,DEBIT,Shell,Hyderabad,-0.6489966765174324,102,0,NORMAL
2199,65,2026-01-04 23:22:00,1888.53,CREDIT,Apple,Bangalore,-0.21623948222136505,112,0,NORMAL
2200,27,2026-06-03 10:27:00,857.01,DEBIT,Walmart,Bangalore,-1.3491783568053342,90,0,NORMAL
2201,60,2026-02-27 03:41:00,5075.57,DEBIT,Local Store,Chandigarh,0.3995277872525906,106,0,NORMAL
2202,98,2026-06-16 00:05:00,1890.44,CREDIT,Apple,Mumbai,-0.6408049450047664,114,0,NORMAL
2203,91,2026-01-07 04:09:00,2996.95,DEBIT,Walmart,Delhi,-0.13727515504111443,100,0,NORMAL
2204,42,2026-04-25 18:51:00,3955.27,DEBIT,Swiggy,Ludhiana,0.1469080486959602,104,0,NORMAL
2205,4,2026-01-13 13:45:00,2823.55,DEBIT,Apple,Bangalore,0.1562887484673116,105,0,NORMAL
2206,73,2026-07-06 07:22:00,3125.37,DEBIT,Amazon,Pune,0.5128662478792995,111,0,NORMAL
2207,92,2026-02-07 05:30:00,1589.34,DEBIT,Shell,Mumbai,-0.3804921180147046,119,0,NORMAL
2208,92,2026-05-11 00:13:00,1576.16,CREDIT,Flipkart,Delhi,-0.383246094501859,119,0,NORMAL
2209,53,2026-06-01 14:08:00,2514.91,DEBIT,Swiggy,Pune,-0.16298380407653765,105,0,NORMAL
2210,20,2026-03-17 11:01:00,3284.08,DEBIT,Myntra,Mumbai,-0.08979505152394236,98,0,NORMAL
2211,15,2026-07-23 01:07:00,4411.52,DEBIT,Amazon,Delhi,0.2959490267556115,91,0,NORMAL
2212,83,2026-01-16 10:27:00,3726.62,DEBIT,Amazon,Mumbai,0.0910255812417532,101,0,NORMAL
2213,98,2026-04-28 13:58:00,1996.09,DEBIT,Swiggy,Hyderabad,-0.5628879213681202,114,0,NORMAL
2214,82,2026-04-16 10:54:00,4971.12,DEBIT,Myntra,Delhi,0.25907333492472423,107,0,NORMAL
2215,86,2026-01-14 02:37:00,3416.37,DEBIT,Netflix,Mumbai,0.3961065821115189,76,0,NORMAL
2216,75,2026-01-30 08:31:00,2841.14,DEBIT,Local Store,Bangalore,-0.15513419189667788,89,0,NORMAL
2217,66,2026-04-13 11:03:00,4947.06,DEBIT,Apple,Ludhiana,1.416892539033093,95,0,NORMAL
2218,48,2026-03-15 09:29:00,3214.31,DEBIT,Local Store,Bangalore,-0.11307368789960197,102,0,NORMAL
2219,43,2026-06-14 10:34:00,1657.24,DEBIT,Amazon,Chandigarh,-0.28789396920481153,97,0,NORMAL
2220,78,2026-05-28 16:58:00,4129.69,DEBIT,Netflix,Mumbai,0.24965628976274395,102,0,NORMAL
2221,15,2026-03-14 20:52:00,782.8,CREDIT,Local Store,Pune,-0.5225651558132888,91,0,NORMAL
2222,96,2026-03-20 00:57:00,1128.44,DEBIT,Local Store,Hyderabad,-1.0700274707363635,96,0,NORMAL
2223,39,2026-04-02 20:54:00,2826.1,DEBIT,Netflix,Ludhiana,-0.05152284819922727,101,0,NORMAL
2224,4,2026-03-07 20:53:00,2117.12,DEBIT,Flipkart,Mumbai,-0.4092373132836349,105,0,NORMAL
2225,64,2026-03-02 04:02:00,3950.02,CREDIT,Myntra,Chandigarh,0.8368711793313367,110,0,NORMAL
2226,72,2026-04-01 11:35:00,3642.26,CREDIT,Walmart,Ludhiana,0.46510651468679054,98,0,NORMAL
2227,14,2026-04-10 20:16:00,5415.8,CREDIT,Amazon,Bangalore,0.24751910222731308,112,0,NORMAL
2228,57,2026-02-28 01:37:00,1601.12,DEBIT,Walmart,Delhi,-0.29590894167667664,107,0,NORMAL
2229,48,2026-01-28 16:58:00,1608.93,CREDIT,Apple,Chandigarh,-0.3025865351750904,102,0,NORMAL
2230,84,2026-02-13 17:14:00,747.55,CREDIT,Apple,Mumbai,-0.37815493822030644,95,0,NORMAL
2231,34,2026-02-13 19:24:00,4221.02,CREDIT,Amazon,Chandigarh,0.9697675643183318,118,0,NORMAL
2232,23,2026-03-27 11:44:00,397.82,DEBIT,Myntra,Hyderabad,-1.521896163891343,96,0,NORMAL
2233,75,2026-01-24 00:58:00,3599.08,DEBIT,Uber,Mumbai,-0.029985039765413807,89,0,NORMAL
2234,9,2026-01-14 12:43:00,2409.88,DEBIT,Myntra,Chandigarh,-0.1999238486867732,84,0,NORMAL
2235,60,2026-01-23 22:35:00,3117.1,DEBIT,Apple,Pune,-0.04332282837082503,106,0,NORMAL
2236,37,2026-04-08 07:34:00,3527.49,DEBIT,Amazon,Pune,0.5760629353030389,87,0,NORMAL
2237,35,2026-01-17 01:33:00,5535.77,CREDIT,Local Store,Hyderabad,1.940750600935967,103,0,NORMAL
2238,56,2026-03-26 07:03:00,4082.22,DEBIT,Amazon,Bangalore,0.2684421419341097,101,0,NORMAL
2239,47,2026-05-16 21:39:00,618.17,DEBIT,Flipkart,Pune,-0.5359380598938127,103,0,NORMAL
2240,71,2026-05-07 06:16:00,3940.29,DEBIT,Swiggy,Mumbai,0.9048973429089123,99,0,NORMAL
2241,75,2026-06-30 01:06:00,1785.97,DEBIT,Shell,Chandigarh,-0.3293612162710952,89,0,NORMAL
2242,47,2026-04-03 04:29:00,5052.42,DEBIT,Uber,Bangalore,0.4384873769352813,103,0,NORMAL
2243,46,2026-01-16 13:36:00,2395.33,DEBIT,Flipkart,Ludhiana,-0.14678528966484078,94,0,NORMAL
2244,81,2026-02-28 01:06:00,1261.94,DEBIT,Local Store,Mumbai,-0.36274613885721513,105,0,NORMAL
2245,27,2026-07-02 13:09:00,2651.77,CREDIT,Shell,Delhi,-0.07472357143281035,90,0,NORMAL
2246,67,2026-07-20 09:53:00,1240.13,DEBIT,Uber,Pune,-0.3684769249976322,98,0,NORMAL
2247,30,2026-05-16 22:08:00,3821.51,DEBIT,Shell,Chandigarh,0.16942725768139222,92,0,NORMAL
2248,67,2026-05-08 20:15:00,2482.56,DEBIT,Swiggy,Pune,-0.18874801332709873,98,0,NORMAL
2249,97,2026-03-10 13:39:00,5214.75,DEBIT,Amazon,Hyderabad,1.589286445829811,96,0,NORMAL
2250,65,2026-01-27 06:57:00,5555.6,DEBIT,Apple,Mumbai,0.2709718974387776,112,0,NORMAL
2251,97,2026-03-11 13:02:00,2658.6,DEBIT,Amazon,Delhi,-0.22892182068015107,96,0,NORMAL
2252,4,2026-01-26 23:20:00,1321.72,DEBIT,Walmart,Bangalore,-1.0459874930844681,105,0,NORMAL
2253,58,2026-04-20 07:19:00,3788.16,DEBIT,Flipkart,Chandigarh,0.07417656756659091,99,0,NORMAL
2254,48,2026-06-24 04:40:00,1597.35,DEBIT,Local Store,Ludhiana,-0.3039535378607163,102,0,NORMAL
2255,6,2026-04-04 03:03:00,4591.85,DEBIT,Myntra,Hyderabad,1.1920434460808471,117,0,NORMAL
2256,50,2026-06-03 21:37:00,3723.41,CREDIT,Local Store,Ludhiana,-0.009334816683030803,118,0,NORMAL
2257,45,2026-06-27 11:23:00,3235.85,DEBIT,Walmart,Chandigarh,-0.024649045837464946,97,0,NORMAL
2258,33,2026-02-04 05:26:00,761.35,DEBIT,Myntra,Chandigarh,-0.3564228424517134,91,0,NORMAL
2259,96,2026-07-21 04:55:00,1566.43,DEBIT,Myntra,Mumbai,-0.797220690659133,96,0,NORMAL
2260,79,2026-02-16 17:50:00,1947.38,DEBIT,Local Store,Hyderabad,-0.5140822497119698,122,10,NORMAL
2261,87,2026-06-18 15:19:00,5013.68,DEBIT,Apple,Pune,1.1401364521755046,85,0,NORMAL
2262,73,2026-01-18 17:40:00,2006.83,CREDIT,Apple,Ludhiana,-0.24330769132131266,111,0,NORMAL
2263,16,2026-03-01 06:05:00,1681.47,DEBIT,Amazon,Bangalore,-0.3394276259359168,95,0,NORMAL
2264,77,2026-02-26 08:37:00,2051.38,DEBIT,Walmart,Mumbai,-0.37459651642946545,84,0,NORMAL
2265,62,2026-03-06 07:25:00,3849.4,CREDIT,Swiggy,Delhi,0.8792964662202623,102,0,NORMAL
2266,39,2026-06-29 14:58:00,1342.49,DEBIT,Netflix,Pune,-0.40529297955453786,101,0,NORMAL
2267,57,2026-02-18 01:25:00,4624.65,DEBIT,Local Store,Ludhiana,0.1566919315471449,107,0,NORMAL
2268,4,2026-06-06 13:09:00,2373.0,DEBIT,Amazon,Pune,-0.20439492453905694,105,0,NORMAL
2269,68,2026-01-13 05:02:00,3577.89,DEBIT,Apple,Chandigarh,0.09587834791169107,100,0,NORMAL
2270,72,2026-02-01 18:20:00,4502.72,DEBIT,Apple,Pune,0.9988959136231459,98,0,NORMAL
2271,46,2026-02-20 01:43:00,2144.34,CREDIT,Walmart,Delhi,-0.18795559269800377,94,0,NORMAL
2272,21,2026-03-13 13:11:00,881.29,DEBIT,Myntra,Pune,-0.4375370099359661,122,10,NORMAL
2273,70,2026-03-09 13:00:00,2163.38,CREDIT,Local Store,Chandigarh,-0.49144850728338735,90,0,NORMAL
2274,15,2026-02-23 15:53:00,3298.21,DEBIT,Apple,Mumbai,0.04482465656563199,91,0,NORMAL
2275,96,2026-02-11 01:14:00,3977.41,CREDIT,Shell,Pune,0.7044841213927425,96,0,NORMAL
2276,35,2026-02-19 21:39:00,3154.45,DEBIT,Flipkart,Mumbai,0.23060446822425987,103,0,NORMAL
2277,62,2026-02-06 01:29:00,4543.34,DEBIT,Uber,Chandigarh,1.3716473855312004,102,0,NORMAL
2278,71,2026-01-26 19:41:00,4231.06,DEBIT,Uber,Pune,1.1006940249883461,99,0,NORMAL
2279,17,2026-01-27 10:18:00,5486.22,DEBIT,Local Store,Mumbai,0.1978040074437084,97,0,NORMAL
2280,32,2026-05-12 16:46:00,4432.65,DEBIT,Netflix,Hyderabad,0.47932209017716626,107,0,NORMAL
2281,34,2026-05-24 16:19:00,2331.33,DEBIT,Amazon,Mumbai,-0.3745852949141109,118,0,NORMAL
2282,86,2026-06-13 18:39:00,3490.18,DEBIT,Local Store,Hyderabad,0.44429098267103223,76,0,NORMAL
2283,29,2026-05-29 00:19:00,4799.62,CREDIT,Uber,Mumbai,1.4198058028607523,99,0,NORMAL
2284,77,2026-01-28 07:50:00,3550.7,DEBIT,Swiggy,Ludhiana,0.6327519266458003,84,0,NORMAL
2285,4,2026-01-15 13:04:00,1518.55,CREDIT,Flipkart,Bangalore,-0.8884170406200502,105,0,NORMAL
2286,51,2026-05-05 07:55:00,1503.53,DEBIT,Apple,Hyderabad,-0.33051317810747577,108,0,NORMAL
2287,69,2026-06-27 14:21:00,4609.49,DEBIT,Swiggy,Hyderabad,0.0070921578784167464,112,0,NORMAL
2288,89,2026-02-19 23:27:00,2400.5,DEBIT,Myntra,Bangalore,-0.17613332156297218,103,0,NORMAL
2289,12,2026-01-23 21:55:00,4711.69,DEBIT,Apple,Pune,0.08232463488818721,99,0,NORMAL
2290,35,2026-07-06 23:11:00,4478.84,CREDIT,Netflix,Bangalore,1.1817158000494903,103,0,NORMAL
2291,42,2026-05-02 23:15:00,3611.86,DEBIT,Shell,Pune,0.07472184832645995,104,0,NORMAL
2292,53,2026-03-10 13:51:00,1589.82,DEBIT,Local Store,Hyderabad,-0.36355358894259726,105,0,NORMAL
2293,18,2026-07-17 14:50:00,3858.08,DEBIT,Shell,Bangalore,0.552786218634213,96,0,NORMAL
2294,27,2026-03-05 03:19:00,3476.44,DEBIT,Walmart,Pune,0.5108726240769844,90,0,NORMAL
2295,93,2026-05-03 20:00:00,3957.03,CREDIT,Uber,Pune,0.6991328859148795,100,0,NORMAL
2296,64,2026-04-09 13:45:00,1903.59,DEBIT,Local Store,Chandigarh,-0.5176566827383867,110,0,NORMAL
2297,69,2026-05-18 02:26:00,2030.45,DEBIT,Shell,Chandigarh,-0.23751587601924315,112,0,NORMAL
2298,1,2026-04-03 18:34:00,876.72,CREDIT,Myntra,Chandigarh,-0.35209011128439544,112,0,NORMAL
2299,71,2026-01-19 13:35:00,2954.72,DEBIT,Swiggy,Pune,0.24124106489870747,99,0,NORMAL
2300,63,2026-05-21 20:39:00,4192.69,DEBIT,Flipkart,Delhi,1.4885645636857832,88,0,NORMAL
2301,18,2026-01-26 14:06:00,934.45,DEBIT,Apple,Delhi,-1.4176615451347225,96,0,NORMAL
2302,71,2026-02-04 21:54:00,3908.69,DEBIT,Swiggy,Mumbai,0.8836187544929475,99,0,NORMAL
2303,6,2026-04-11 21:58:00,4365.86,DEBIT,Apple,Chandigarh,1.0479395007449153,117,0,NORMAL
2304,31,2026-07-27 18:07:00,1515.23,DEBIT,Apple,Ludhiana,-0.2738058304881224,104,0,NORMAL
2305,46,2026-03-22 01:16:00,5071.19,DEBIT,Uber,Hyderabad,0.29214043277158946,94,0,NORMAL
2306,50,2026-02-28 09:33:00,1780.25,DEBIT,Walmart,Ludhiana,-0.2517680895922066,118,0,NORMAL
2307,95,2026-03-31 15:16:00,4729.85,DEBIT,Swiggy,Mumbai,1.31494187856587,113,0,NORMAL
2308,31,2026-03-05 04:26:00,2378.26,DEBIT,Netflix,Bangalore,-0.1535818225278028,104,0,NORMAL
2309,14,2026-05-21 19:03:00,448.93,CREDIT,Myntra,Mumbai,-0.45169244937290365,112,0,NORMAL
2310,30,2026-06-11 16:53:00,727.91,DEBIT,Myntra,Mumbai,-0.5153016279609282,92,0,NORMAL
2311,95,2026-04-09 22:21:00,5603.43,DEBIT,Netflix,Pune,1.8710473318108845,113,0,NORMAL
2312,63,2026-05-05 14:57:00,1636.2,CREDIT,Flipkart,Delhi,-0.5779548443784576,88,0,NORMAL
2313,64,2026-02-22 14:47:00,2210.94,DEBIT,Walmart,Ludhiana,-0.3142223417606207,110,0,NORMAL
2314,90,2026-05-28 02:15:00,4200.03,DEBIT,Netflix,Mumbai,-0.05069391698301762,93,0,NORMAL
2315,41,2026-05-19 03:37:00,1964.63,CREDIT,Local Store,Chandigarh,-0.26938142170020213,100,0,NORMAL
2316,4,2026-01-24 13:18:00,4994.51,DEBIT,Myntra,Pune,1.8942308786413335,105,0,NORMAL
2317,3,2026-06-12 03:19:00,1939.74,DEBIT,Swiggy,Delhi,-0.24084193502993242,94,0,NORMAL
2318,56,2026-05-14 11:21:00,1980.47,DEBIT,Apple,Chandigarh,-0.2788378626068173,101,0,NORMAL
2319,21,2026-03-13 06:09:00,1532.9,DEBIT,Amazon,Chandigarh,-0.33281503179677874,122,10,NORMAL
2320,47,2026-02-27 19:12:00,511.04,DEBIT,Walmart,Ludhiana,-0.5594798532179377,103,0,NORMAL
2321,90,2026-02-24 06:14:00,2985.47,DEBIT,Apple,Mumbai,-0.15154672803145255,93,0,NORMAL
2322,56,2026-03-25 09:48:00,2288.35,CREDIT,Swiggy,Bangalore,-0.19866820979460814,101,0,NORMAL
2323,22,2026-03-06 01:25:00,2877.93,DEBIT,Apple,Ludhiana,-0.12517921003448387,108,0,NORMAL
2324,61,2026-03-28 00:20:00,5257.0,CREDIT,Amazon,Hyderabad,0.5424969143498426,81,0,NORMAL
2325,26,2026-03-07 01:46:00,4435.44,DEBIT,Shell,Delhi,1.1261539937113894,98,0,NORMAL
2326,100,2026-03-07 03:27:00,3098.54,CREDIT,Uber,Ludhiana,0.2888492768303195,87,0,NORMAL
2327,24,2026-07-06 20:48:00,2393.53,CREDIT,Amazon,Ludhiana,-0.24942097380610342,95,0,NORMAL
2328,65,2026-03-02 19:16:00,4649.02,DEBIT,Amazon,Chandigarh,0.15052257616258377,112,0,NORMAL
2329,20,2026-04-12 16:21:00,4384.29,DEBIT,Myntra,Mumbai,0.026479897259995763,98,0,NORMAL
2330,59,2026-04-01 08:56:00,1728.9,DEBIT,Uber,Pune,-0.27574598644307263,92,0,NORMAL
2331,78,2026-06-17 18:17:00,4760.42,DEBIT,Shell,Hyderabad,0.43450387253114814,102,0,NORMAL
2332,63,2026-07-17 03:25:00,3902.2,DEBIT,Swiggy,Ludhiana,1.2537491633327282,88,0,NORMAL
2333,60,2026-05-28 12:40:00,5887.13,DEBIT,Apple,Ludhiana,0.5830383059816696,106,0,NORMAL
2334,53,2026-02-15 23:06:00,1149.04,CREDIT,Amazon,Mumbai,-0.4591195876813813,105,0,NORMAL
2335,10,2026-05-31 03:43:00,2745.89,DEBIT,Swiggy,Chandigarh,-0.17526422125688962,91,0,NORMAL
2336,39,2026-03-14 08:17:00,2520.9,DEBIT,Amazon,Mumbai,-0.12429847258140367,101,0,NORMAL
2337,56,2026-02-20 21:59:00,3990.2,DEBIT,Apple,Chandigarh,0.24448082112152206,101,0,NORMAL
2338,32,2026-06-09 20:16:00,828.69,CREDIT,Apple,Chandigarh,-0.6646909373327029,107,0,NORMAL
2339,52,2026-06-01 09:18:00,1286.47,DEBIT,Amazon,Mumbai,-0.3561661576273141,116,0,NORMAL
2340,19,2026-04-18 13:24:00,5045.62,CREDIT,Flipkart,Delhi,1.4418051948612065,98,0,NORMAL
2341,45,2026-04-18 00:35:00,1878.96,DEBIT,Flipkart,Hyderabad,-0.2260679422233094,97,0,NORMAL
2342,66,2026-06-24 13:34:00,3692.01,DEBIT,Walmart,Bangalore,0.5717065000843095,95,0,NORMAL
2343,43,2026-02-23 03:14:00,1552.78,CREDIT,Shell,Bangalore,-0.3089018749688571,97,0,NORMAL
2344,8,2026-07-09 17:21:00,567.75,DEBIT,Flipkart,Delhi,-0.40395075404542735,91,0,NORMAL
2345,58,2026-04-14 17:43:00,2508.28,DEBIT,Flipkart,Delhi,-0.14687580785509685,99,0,NORMAL
2346,67,2026-06-27 11:59:00,2304.9,CREDIT,Swiggy,Hyderabad,-0.21444816419868662,98,0,NORMAL
2347,66,2026-01-25 11:58:00,711.7,DEBIT,Uber,Hyderabad,-1.4353182429454099,95,0,NORMAL
2348,49,2026-04-08 06:00:00,1197.43,DEBIT,Uber,Mumbai,-0.8490138362182208,95,0,NORMAL
2349,98,2026-01-16 06:03:00,5564.36,DEBIT,Amazon,Bangalore,2.0687162237519527,114,40,REVIEW
2350,2,2026-07-27 06:34:00,5442.49,DEBIT,Netflix,Chandigarh,1.8729868970526378,117,0,NORMAL
2351,20,2026-01-25 02:42:00,742.32,DEBIT,Uber,Hyderabad,-0.35841923583517615,98,0,NORMAL
2352,5,2026-01-25 01:29:00,1158.06,DEBIT,Netflix,Chandigarh,-0.8531539124904874,87,0,NORMAL
2353,22,2026-05-05 18:52:00,4186.27,DEBIT,Local Store,Pune,0.09184698276768795,108,0,NORMAL
2354,48,2026-04-04 23:10:00,4345.76,CREDIT,Local Store,Ludhiana,0.020492390567708837,102,0,NORMAL
2355,71,2026-07-11 18:27:00,4898.08,DEBIT,Uber,Pune,1.5498473175584997,99,0,NORMAL
2356,88,2026-04-12 13:37:00,3382.11,DEBIT,Local Store,Hyderabad,-0.08272176557830689,104,0,NORMAL
2357,32,2026-07-05 06:16:00,1949.79,DEBIT,Apple,Chandigarh,-0.3088176742717049,107,0,NORMAL
2358,93,2026-04-20 08:25:00,5159.32,DEBIT,Apple,Delhi,1.4961518204199977,100,0,NORMAL
2359,19,2026-06-19 01:31:00,3292.29,CREDIT,Uber,Delhi,0.2784620596627624,98,0,NORMAL
2360,90,2026-05-26 13:56:00,2511.65,DEBIT,Swiggy,Ludhiana,-0.1908910823086965,93,0,NORMAL
2361,43,2026-01-25 03:31:00,1876.27,CREDIT,Flipkart,Delhi,-0.24384493991609898,97,0,NORMAL
2362,56,2026-05-31 19:32:00,3138.29,DEBIT,Myntra,Delhi,0.022649819019244864,101,0,NORMAL
2363,43,2026-06-29 01:56:00,5356.29,CREDIT,Swiggy,Ludhiana,0.456020388601937,97,0,NORMAL
2364,28,2026-04-15 07:11:00,2612.04,CREDIT,Netflix,Ludhiana,-0.18272777205456178,98,0,NORMAL
2365,22,2026-02-06 15:34:00,1461.41,CREDIT,Walmart,Delhi,-0.36015019817833965,108,0,NORMAL
2366,95,2026-06-29 08:49:00,433.96,DEBIT,Walmart,Hyderabad,-1.4197451055005303,113,0,NORMAL
2367,90,2026-02-18 14:23:00,3471.0,DEBIT,Apple,Hyderabad,-0.11123001634298378,93,0,NORMAL
2368,47,2026-05-11 01:42:00,3551.38,CREDIT,Local Store,Delhi,0.10863417567284836,103,0,NORMAL
2369,6,2026-01-30 23:32:00,1191.17,CREDIT,Amazon,Ludhiana,-0.9764215515960198,117,0,NORMAL
2370,1,2026-03-03 20:54:00,4644.39,DEBIT,Swiggy,Hyderabad,0.05164656072915967,112,0,NORMAL
2371,63,2026-04-14 13:31:00,700.72,DEBIT,Uber,Delhi,-1.3341430461144066,88,0,NORMAL
2372,60,2026-07-07 11:11:00,2610.18,DEBIT,Walmart,Chandigarh,-0.15794793576170765,106,0,NORMAL
2373,78,2026-03-01 06:37:00,1427.9,DEBIT,Myntra,Hyderabad,-0.5421553422316852,102,0,NORMAL
2374,58,2026-04-17 21:58:00,2631.11,DEBIT,Swiggy,Chandigarh,-0.1256614258247144,99,0,NORMAL
2375,31,2026-02-25 16:30:00,65822.99,DEBIT,Apple,Ludhiana,8.684557899799726,104,90,HIGH
2376,20,2026-02-12 20:38:00,463.57,DEBIT,Uber,Delhi,-0.38787874081470075,98,0,NORMAL
2377,58,2026-04-27 11:46:00,1030.47,DEBIT,Local Store,Mumbai,-0.40211333865636306,99,0,NORMAL
2378,92,2026-07-21 00:30:00,2131.81,DEBIT,Local Store,Bangalore,-0.2671423740855198,119,0,NORMAL
2379,91,2026-03-11 17:15:00,1350.59,DEBIT,Flipkart,Delhi,-0.3349637509484169,100,0,NORMAL
2380,7,2026-06-26 10:14:00,55956.57,DEBIT,Flipkart,Bangalore,9.129845425909538,93,90,HIGH
2381,64,2026-06-13 16:46:00,3692.13,CREDIT,Uber,Hyderabad,0.6661743119333995,110,0,NORMAL
2382,42,2026-04-25 14:39:00,3502.04,DEBIT,Local Store,Hyderabad,0.0516372307422937,104,0,NORMAL
2383,90,2026-02-03 22:32:00,1463.17,DEBIT,Myntra,Bangalore,-0.2779531914906744,93,0,NORMAL
2384,19,2026-07-06 16:46:00,613.54,DEBIT,Local Store,Chandigarh,-1.4989018270059382,98,0,NORMAL
2385,36,2026-05-12 08:05:00,4365.33,CREDIT,Flipkart,Hyderabad,0.11321663895029828,85,0,NORMAL
2386,79,2026-06-25 18:45:00,1621.55,DEBIT,Shell,Mumbai,-0.7377748723264704,122,10,NORMAL
2387,28,2026-04-10 13:24:00,921.35,DEBIT,Shell,Chandigarh,-1.3360449660518519,98,0,NORMAL
2388,68,2026-03-13 14:27:00,2748.01,DEBIT,Swiggy,Hyderabad,-0.10342866072676975,100,0,NORMAL
2389,94,2026-07-16 04:02:00,2532.33,DEBIT,Myntra,Delhi,-0.19749544512729295,103,0,NORMAL
2390,37,2026-01-23 20:44:00,2218.89,DEBIT,Myntra,Hyderabad,-0.3036455550373164,87,0,NORMAL
2391,54,2026-04-25 18:04:00,6055.99,DEBIT,Local Store,Mumbai,0.23038956101689134,89,0,NORMAL
2392,58,2026-01-15 02:15:00,1393.51,CREDIT,Netflix,Pune,-0.33941148037817326,99,0,NORMAL
2393,75,2026-06-13 13:36:00,1594.91,DEBIT,Netflix,Chandigarh,-0.36090856435431995,89,0,NORMAL
2394,1,2026-04-10 15:03:00,3180.41,CREDIT,Shell,Hyderabad,-0.10523087627949676,112,0,NORMAL
2395,70,2026-04-22 11:39:00,7099.03,DEBIT,Local Store,Pune,3.323553033140656,90,70,HIGH
2396,7,2026-07-14 10:56:00,2876.05,DEBIT,Shell,Bangalore,-0.07199391425927229,93,0,NORMAL
2397,100,2026-04-30 15:14:00,1094.6,DEBIT,Uber,Ludhiana,-1.120738725696349,87,0,NORMAL
2398,84,2026-01-30 00:13:00,2451.36,DEBIT,Flipkart,Pune,-0.1686971524509002,95,0,NORMAL
2399,32,2026-04-05 00:07:00,5381.96,DEBIT,Uber,Pune,0.7806636719775731,107,0,NORMAL
2400,38,2026-06-05 06:22:00,3583.38,DEBIT,Netflix,Pune,0.7005574963844258,95,0,NORMAL
2401,21,2026-07-19 18:26:00,2167.99,CREDIT,Walmart,Delhi,-0.23074802684532542,122,10,NORMAL
2402,20,2026-01-02 05:04:00,3519.4,CREDIT,Netflix,Delhi,-0.06492541668346978,98,0,NORMAL
2403,100,2026-06-14 07:26:00,4008.27,DEBIT,Flipkart,Delhi,0.9287608977064865,87,0,NORMAL
2404,65,2026-06-19 09:49:00,3165.17,CREDIT,Shell,Delhi,-0.046623539321631886,112,0,NORMAL
2405,62,2026-05-09 14:39:00,3441.34,CREDIT,Uber,Chandigarh,0.5897776084890154,102,0,NORMAL
2406,25,2026-01-07 15:16:00,3256.95,DEBIT,Local Store,Hyderabad,0.33588141820113515,97,0,NORMAL
2407,99,2026-07-14 17:14:00,1003.9,DEBIT,Netflix,Chandigarh,-0.5965945266708678,103,0,NORMAL
2408,97,2026-05-22 17:33:00,3524.12,DEBIT,Swiggy,Delhi,0.38672891140900734,96,0,NORMAL
2409,66,2026-06-26 00:12:00,3497.1,DEBIT,Local Store,Pune,0.4404486132658499,95,0,NORMAL
2410,90,2026-03-24 13:22:00,870.81,CREDIT,Myntra,Ludhiana,-0.327140692439702,93,0,NORMAL
2411,99,2026-01-14 05:53:00,2291.16,CREDIT,Myntra,Mumbai,-0.19633806338682794,103,0,NORMAL
2412,1,2026-05-16 15:16:00,3730.91,DEBIT,Flipkart,Chandigarh,-0.04624029644011006,112,0,NORMAL
2413,96,2026-02-04 22:39:00,6354.18,DEBIT,Local Store,Ludhiana,2.18488086717269,96,40,REVIEW
2414,72,2026-06-22 08:53:00,3574.47,DEBIT,Myntra,Ludhiana,0.4230527488477094,98,0,NORMAL
2415,71,2026-04-26 10:34:00,3055.03,DEBIT,Netflix,Bangalore,0.30878711565837336,99,0,NORMAL
2416,69,2026-02-08 19:15:00,5437.77,DEBIT,Amazon,Bangalore,0.08565004853414675,112,0,NORMAL
2417,86,2026-02-25 17:15:00,5448.2,DEBIT,Apple,Bangalore,1.722519135814757,76,0,NORMAL
2418,53,2026-05-13 10:48:00,5636.05,CREDIT,Walmart,Chandigarh,0.513714007311385,105,0,NORMAL
2419,40,2026-03-09 06:35:00,3640.38,DEBIT,Walmart,Hyderabad,0.07045934425833836,109,0,NORMAL
2420,18,2026-02-06 10:53:00,4840.47,DEBIT,Flipkart,Delhi,1.214890581583343,96,0,NORMAL
2421,13,2026-03-19 07:11:00,5006.55,DEBIT,Local Store,Hyderabad,1.5410721621594081,101,0,NORMAL
2422,11,2026-07-20 07:47:00,1206.55,DEBIT,Shell,Hyderabad,-0.3447569708764699,118,0,NORMAL
2423,11,2026-04-19 05:01:00,2853.65,DEBIT,Shell,Pune,-0.11387822648478849,118,0,NORMAL
2424,39,2026-01-15 19:58:00,857.43,DEBIT,Apple,Chandigarh,-0.520956624255778,101,0,NORMAL
2425,12,2026-01-02 11:02:00,3426.76,DEBIT,Walmart,Chandigarh,-0.07433232408981012,99,0,NORMAL
2426,6,2026-07-17 07:45:00,2823.45,DEBIT,Walmart,Bangalore,0.06441206003694633,117,0,NORMAL
2427,21,2026-03-03 07:19:00,1857.34,DEBIT,Uber,Pune,-0.2806734155117648,122,10,NORMAL
2428,73,2026-01-07 03:11:00,3044.14,DEBIT,Myntra,Mumbai,0.45795179771992583,111,0,NORMAL
2429,94,2026-07-05 13:41:00,4809.84,CREDIT,Netflix,Chandigarh,0.18495780919964566,103,0,NORMAL
2430,1,2026-03-10 06:50:00,5524.17,CREDIT,Myntra,Ludhiana,0.14592218712533697,112,0,NORMAL
2431,31,2026-07-12 03:49:00,836.15,DEBIT,Apple,Bangalore,-0.3684047660126045,104,0,NORMAL
2432,18,2026-04-15 17:38:00,3154.77,DEBIT,Apple,Mumbai,0.07877424833142847,96,0,NORMAL
2433,79,2026-07-01 04:46:00,5157.81,DEBIT,Amazon,Delhi,1.6899797041298217,122,10,NORMAL
2434,52,2026-02-16 16:09:00,3739.99,DEBIT,Local Store,Mumbai,0.1505977960649925,116,0,NORMAL
2435,83,2026-03-26 01:14:00,3686.71,DEBIT,Netflix,Pune,0.08480872091843976,101,0,NORMAL
2436,6,2026-02-18 09:50:00,3643.84,DEBIT,Netflix,Bangalore,0.5875389050926779,117,0,NORMAL
2437,15,2026-01-06 00:14:00,2376.51,CREDIT,Swiggy,Delhi,-0.16307910070242812,91,0,NORMAL
2438,44,2026-02-14 20:55:00,965.43,DEBIT,Flipkart,Bangalore,-0.3644924698995813,99,0,NORMAL
2439,53,2026-02-23 03:01:00,1765.36,DEBIT,Netflix,Chandigarh,-0.325494567619928,105,0,NORMAL
2440,46,2026-03-30 09:20:00,1314.08,DEBIT,Myntra,Chandigarh,-0.32414450777953674,94,0,NORMAL
2441,36,2026-01-22 16:43:00,2459.8,DEBIT,Myntra,Ludhiana,-0.14474120556903278,85,0,NORMAL
2442,38,2026-04-15 13:40:00,1794.86,DEBIT,Uber,Bangalore,-0.6024449249883452,95,0,NORMAL
2443,36,2026-01-24 18:33:00,1340.61,CREDIT,Local Store,Chandigarh,-0.2962496258025585,85,0,NORMAL
2444,45,2026-03-15 03:42:00,1340.42,DEBIT,Apple,Hyderabad,-0.3060096710735719,97,0,NORMAL
2445,62,2026-02-18 14:25:00,4665.52,DEBIT,Amazon,Hyderabad,1.4583341816827562,102,0,NORMAL
2446,31,2026-07-20 21:14:00,4369.66,DEBIT,Shell,Pune,0.12382926335818073,104,0,NORMAL
2447,19,2026-04-09 23:07:00,939.94,DEBIT,Shell,Hyderabad,-1.282333811099764,98,0,NORMAL
2448,40,2026-07-26 11:53:00,2705.71,DEBIT,Walmart,Mumbai,-0.08845785561271778,109,0,NORMAL
2449,37,2026-07-12 22:30:00,1671.28,CREDIT,Uber,Pune,-0.6717772732058032,87,0,NORMAL
2450,64,2026-01-08 03:00:00,7976.44,DEBIT,Flipkart,Hyderabad,3.5019504023659755,110,70,HIGH
2451,89,2026-03-10 05:16:00,3170.89,DEBIT,Walmart,Pune,-0.030351354669811016,103,0,NORMAL
2452,40,2026-04-10 00:15:00,4157.28,DEBIT,Local Store,Mumbai,0.15834522977231533,109,0,NORMAL
2453,81,2026-02-04 23:38:00,2736.27,DEBIT,Swiggy,Chandigarh,-0.16013614187304104,105,0,NORMAL
2454,80,2026-01-17 16:14:00,990.16,DEBIT,Flipkart,Bangalore,-0.39701239774731184,84,0,NORMAL
2455,61,2026-07-24 18:38:00,2797.78,DEBIT,Amazon,Pune,-0.1146735984015519,81,0,NORMAL
2456,10,2026-03-26 05:10:00,907.39,CREDIT,Swiggy,Hyderabad,-0.3983648592427211,91,0,NORMAL
2457,6,2026-07-19 17:27:00,416.36,DEBIT,Myntra,Pune,-1.4704840228811784,117,0,NORMAL
2458,18,2026-05-16 00:46:00,2141.79,DEBIT,Walmart,Delhi,-0.603946949543356,96,0,NORMAL
2459,33,2026-06-13 18:44:00,493.0,DEBIT,Netflix,Delhi,-0.3846197937496301,91,0,NORMAL
2460,44,2026-02-04 01:06:00,4348.15,DEBIT,Apple,Hyderabad,0.0216695608260994,99,0,NORMAL
2461,77,2026-04-11 21:10:00,2066.76,DEBIT,Shell,Mumbai,-0.36426315260153164,84,0,NORMAL
2462,85,2026-06-28 05:44:00,2709.52,DEBIT,Netflix,Hyderabad,-0.12511096046026765,89,0,NORMAL
2463,53,2026-04-12 02:19:00,5568.96,DEBIT,Amazon,Chandigarh,0.49916815029567413,105,0,NORMAL
2464,90,2026-06-23 19:20:00,72792.63,DEBIT,Flipkart,Mumbai,5.644995490803241,93,90,HIGH
2465,22,2026-04-11 05:14:00,799.49,DEBIT,Netflix,Mumbai,-0.4699488571963423,108,0,NORMAL
2466,21,2026-03-07 07:32:00,1867.83,DEBIT,Netflix,Hyderabad,-0.2789875396800862,122,10,NORMAL
2467,27,2026-02-18 23:24:00,1354.94,DEBIT,Amazon,Delhi,-0.9955994541773834,90,0,NORMAL
2468,93,2026-04-20 01:53:00,4998.24,DEBIT,Swiggy,Mumbai,1.3893690891570873,100,0,NORMAL
2469,89,2026-05-17 08:44:00,965.48,DEBIT,Amazon,Ludhiana,-0.44768414404382495,103,0,NORMAL
2470,23,2026-02-09 12:18:00,2989.88,CREDIT,Walmart,Hyderabad,0.21787630152473542,96,0,NORMAL
2471,21,2026-03-02 12:10:00,1552.0,DEBIT,Apple,Pune,-0.32974541993928963,122,10,NORMAL
2472,67,2026-07-13 06:46:00,4077.48,CREDIT,Local Store,Ludhiana,0.04197181459203332,98,0,NORMAL
2473,43,2026-07-26 13:05:00,6604.43,DEBIT,Netflix,Chandigarh,0.7070332882796693,97,0,NORMAL
2474,55,2026-06-12 01:07:00,2187.89,CREDIT,Apple,Bangalore,-0.24655992774692503,118,0,NORMAL
2475,34,2026-03-13 11:01:00,4519.99,CREDIT,Swiggy,Bangalore,1.1824591562327316,118,0,NORMAL
2476,49,2026-02-03 03:23:00,3181.01,DEBIT,Local Store,Delhi,0.6707395371775995,95,0,NORMAL
2477,89,2026-02-11 04:50:00,1483.16,DEBIT,Shell,Chandigarh,-0.34972284052060726,103,0,NORMAL
2478,51,2026-02-19 05:33:00,5214.15,DEBIT,Amazon,Ludhiana,0.24459926601866105,108,0,NORMAL
2479,24,2026-07-05 02:36:00,2969.0,CREDIT,Local Store,Ludhiana,0.1174511766862297,95,0,NORMAL
2480,10,2026-05-04 11:12:00,1791.63,DEBIT,Shell,Ludhiana,-0.2910629782894485,91,0,NORMAL
2481,12,2026-06-05 17:28:00,1557.16,DEBIT,Myntra,Hyderabad,-0.30227147291913464,99,0,NORMAL
2482,27,2026-02-02 13:02:00,1261.53,CREDIT,Shell,Mumbai,-1.0619296718675746,90,0,NORMAL
2483,80,2026-04-28 04:18:00,1711.51,DEBIT,Myntra,Mumbai,-0.28885247405502146,84,0,NORMAL
2484,88,2026-01-11 21:47:00,2033.8,CREDIT,Amazon,Hyderabad,-0.22232587679365162,104,0,NORMAL
2485,2,2026-01-12 01:10:00,4253.44,CREDIT,Walmart,Bangalore,1.0192354827233208,117,0,NORMAL
2486,22,2026-01-30 12:20:00,2430.41,CREDIT,Walmart,Pune,-0.19941340130191273,108,0,NORMAL
2487,25,2026-05-16 06:33:00,2907.6,CREDIT,Amazon,Hyderabad,0.10855886945347742,97,0,NORMAL
2488,81,2026-02-24 12:45:00,2890.7,DEBIT,Flipkart,Bangalore,-0.13891357851594596,105,0,NORMAL
2489,49,2026-04-17 08:44:00,3813.99,DEBIT,Apple,Mumbai,1.1557078723554524,95,0,NORMAL
2490,11,2026-07-16 14:42:00,2115.11,DEBIT,Myntra,Bangalore,-0.21740150247472984,118,0,NORMAL
2491,63,2026-04-16 05:07:00,2895.91,CREDIT,Shell,Ludhiana,0.4403222322119475,88,0,NORMAL
2492,6,2026-07-04 15:29:00,1641.95,DEBIT,Swiggy,Chandigarh,-0.6889788484740625,117,0,NORMAL
2493,4,2026-05-18 14:06:00,943.91,CREDIT,Flipkart,Pune,-1.3484398257856913,105,0,NORMAL
2494,44,2026-04-11 03:40:00,999.14,DEBIT,Shell,Mumbai,-0.36064422882264835,99,0,NORMAL
2495,52,2026-07-06 07:09:00,2606.27,CREDIT,Netflix,Bangalore,-0.08356717083156501,116,0,NORMAL
2496,48,2026-03-03 23:32:00,4101.94,DEBIT,Local Store,Chandigarh,-0.008290216928777792,102,0,NORMAL
2497,94,2026-03-17 16:48:00,634.79,DEBIT,Netflix,Chandigarh,-0.5161418388711356,103,0,NORMAL
2498,78,2026-05-10 06:42:00,2866.4,DEBIT,Amazon,Hyderabad,-0.1205751925442607,102,0,NORMAL
2499,80,2026-02-15 18:57:00,5889.95,DEBIT,Walmart,Delhi,0.33766690149473055,84,0,NORMAL
2500,35,2026-05-23 14:31:00,3521.51,CREDIT,Apple,Hyderabad,0.49420878829596787,103,0,NORMAL
2501,68,2026-04-05 04:13:00,753.89,DEBIT,Uber,Ludhiana,-0.5823437955247257,100,0,NORMAL
2502,61,2026-07-07 17:56:00,2453.91,CREDIT,Netflix,Chandigarh,-0.2065650209744906,81,0,NORMAL
2503,92,2026-02-26 09:11:00,3584.51,DEBIT,Walmart,Mumbai,0.03640099790910997,119,0,NORMAL
2504,90,2026-03-04 05:05:00,2263.3,DEBIT,Shell,Ludhiana,-0.2115131970036303,93,0,NORMAL
2505,83,2026-03-30 08:53:00,3403.18,DEBIT,Swiggy,Hyderabad,0.04064268715574704,101,0,NORMAL
2506,92,2026-07-12 08:32:00,811.19,DEBIT,Swiggy,Mumbai,-0.5430874748795914,119,0,NORMAL
2507,14,2026-05-23 01:28:00,1927.79,CREDIT,Apple,Pune,-0.24350580563157428,112,0,NORMAL
2508,50,2026-05-17 01:08:00,1082.24,CREDIT,Apple,Hyderabad,-0.33885348082264255,118,0,NORMAL
2509,6,2026-07-17 20:54:00,1468.38,DEBIT,Uber,Bangalore,-0.7996568510049603,117,0,NORMAL
2510,25,2026-01-09 11:17:00,2948.65,CREDIT,Walmart,Chandigarh,0.13527016364581002,97,0,NORMAL
2511,49,2026-07-13 02:18:00,2130.42,DEBIT,Shell,Delhi,-0.13418776424503787,95,0,NORMAL
2512,99,2026-03-29 21:45:00,786.69,DEBIT,Shell,Pune,-0.6641331019314416,103,0,NORMAL
2513,65,2026-02-18 21:07:00,3109.68,DEBIT,Myntra,Ludhiana,-0.05399600820205725,112,0,NORMAL
2514,90,2026-01-14 16:02:00,640.46,DEBIT,Apple,Pune,-0.3462681501404389,93,0,NORMAL
2515,82,2026-03-18 01:43:00,843.33,CREDIT,Flipkart,Mumbai,-0.4300801243840511,107,0,NORMAL
2516,68,2026-02-14 11:37:00,1415.14,DEBIT,Swiggy,Pune,-0.423535582937144,100,0,NORMAL
2517,29,2026-06-15 13:36:00,4284.64,DEBIT,Shell,Chandigarh,1.0877980318091702,99,0,NORMAL
2518,93,2026-01-18 14:19:00,3999.54,DEBIT,Local Store,Mumbai,0.727313503657531,100,0,NORMAL
2519,31,2026-05-28 10:53:00,2811.67,DEBIT,Flipkart,Mumbai,-0.09320583642061987,104,0,NORMAL
2520,6,2026-01-28 23:26:00,3926.72,CREDIT,Walmart,Hyderabad,0.7679191168570402,117,0,NORMAL
2521,79,2026-02-04 16:48:00,1419.5,CREDIT,Myntra,Ludhiana,-0.8764886015695107,122,10,NORMAL
2522,53,2026-07-10 22:55:00,4058.68,DEBIT,Amazon,Delhi,0.17172267505811611,105,0,NORMAL
2523,24,2026-05-02 19:40:00,2086.47,DEBIT,Swiggy,Delhi,-0.44517707322080097,95,0,NORMAL
2524,71,2026-01-05 18:38:00,1157.1,DEBIT,Netflix,Pune,-0.9692277992882139,99,0,NORMAL
2525,49,2026-02-13 13:57:00,1619.15,DEBIT,Swiggy,Delhi,-0.5259059239442085,95,0,NORMAL
2526,80,2026-05-06 21:34:00,2769.49,DEBIT,Uber,Delhi,-0.130217919306329,84,0,NORMAL
2527,10,2026-04-15 10:24:00,2120.36,DEBIT,Walmart,Ludhiana,-0.25117183185209063,91,0,NORMAL
2528,38,2026-06-23 19:07:00,1600.06,DEBIT,Flipkart,Hyderabad,-0.7443638700845229,95,0,NORMAL
2529,4,2026-02-27 09:48:00,3172.39,DEBIT,Netflix,Ludhiana,0.43554941319162954,105,0,NORMAL
2530,78,2026-06-14 07:26:00,2067.04,DEBIT,Apple,Bangalore,-0.35484304687456286,102,0,NORMAL
2531,44,2026-04-18 00:33:00,3543.39,DEBIT,Uber,Ludhiana,-0.0701996319675101,99,0,NORMAL
2532,69,2026-05-14 13:27:00,3076.67,DEBIT,Amazon,Hyderabad,-0.13828755182713687,112,0,NORMAL
2533,44,2026-01-17 21:05:00,1951.04,CREDIT,Shell,Pune,-0.25197793748083597,99,0,NORMAL
2534,13,2026-01-07 13:00:00,917.62,DEBIT,Amazon,Mumbai,-1.2775356141837946,101,0,NORMAL
2535,8,2026-02-02 04:16:00,3046.12,CREDIT,Amazon,Chandigarh,-0.11912026147862546,91,0,NORMAL
2536,20,2026-03-19 11:56:00,4435.07,DEBIT,Walmart,Mumbai,0.03184654717160205,98,0,NORMAL
2537,99,2026-07-05 08:22:00,1761.89,CREDIT,Shell,Mumbai,-0.36090756630181303,103,0,NORMAL
2538,56,2026-06-26 16:21:00,2641.41,DEBIT,Swiggy,Hyderabad,-0.10673402237782705,101,0,NORMAL
2539,72,2026-04-07 00:58:00,3764.01,DEBIT,Apple,Pune,0.5406345570368141,98,0,NORMAL
2540,6,2026-07-21 21:33:00,1158.42,DEBIT,Amazon,Hyderabad,-0.997304795145521,117,0,NORMAL
2541,68,2026-07-20 08:29:00,5146.53,DEBIT,Shell,Mumbai,0.47260865353495624,100,0,NORMAL
2542,53,2026-05-17 06:42:00,548.44,DEBIT,Local Store,Pune,-0.5893363371766255,105,0,NORMAL
2543,16,2026-01-18 06:59:00,639.27,DEBIT,Shell,Bangalore,-0.6394346142009034,95,0,NORMAL
2544,73,2026-04-16 08:22:00,2373.95,DEBIT,Apple,Ludhiana,0.004878852351089438,111,0,NORMAL
2545,24,2026-03-02 07:02:00,4422.53,DEBIT,Swiggy,Hyderabad,1.044101874211941,95,0,NORMAL
2546,77,2026-06-03 04:27:00,2692.41,DEBIT,Local Store,Ludhiana,0.05609244420904896,84,0,NORMAL
2547,49,2026-06-16 02:21:00,3264.34,DEBIT,Walmart,Ludhiana,0.7345842263784754,95,0,NORMAL
2548,38,2026-05-20 20:18:00,700.81,CREDIT,Local Store,Mumbai,-1.3995004787998093,95,0,NORMAL
2549,19,2026-04-23 17:16:00,2068.78,DEBIT,Local Store,Ludhiana,-0.5333428825595508,98,0,NORMAL
2550,25,2026-02-09 10:49:00,4939.45,CREDIT,Uber,Hyderabad,1.4306865942936904,97,0,NORMAL
2551,100,2026-06-06 12:18:00,4435.26,CREDIT,Swiggy,Ludhiana,1.2291092021461716,87,0,NORMAL
2552,72,2026-01-09 08:38:00,6892.57,DEBIT,Shell,Chandigarh,2.481447798717222,98,40,REVIEW
2553,20,2026-01-12 02:41:00,3009.74,CREDIT,Myntra,Mumbai,-0.1187884886399344,98,0,NORMAL
2554,96,2026-03-25 01:15:00,1892.84,DEBIT,Shell,Ludhiana,-0.5939127131139637,96,0,NORMAL
2555,29,2026-07-09 09:39:00,1405.44,DEBIT,Uber,Pune,-0.7684231309771818,99,0,NORMAL
2556,72,2026-04-14 15:45:00,2087.77,CREDIT,Amazon,Bangalore,-0.49922684508888193,98,0,NORMAL
2557,53,2026-06-08 01:38:00,4952.54,DEBIT,Flipkart,Delhi,0.36552144912374873,105,0,NORMAL
2558,71,2026-05-28 21:42:00,4505.82,CREDIT,Local Store,Hyderabad,1.2857100045190575,99,0,NORMAL
2559,46,2026-07-20 11:20:00,3606.39,DEBIT,Swiggy,Ludhiana,0.05186687652242732,94,0,NORMAL
2560,49,2026-03-20 20:57:00,2651.81,DEBIT,Amazon,Ludhiana,0.26528400465505514,95,0,NORMAL
2561,62,2026-03-11 06:44:00,5729.49,CREDIT,Shell,Bangalore,2.213221646909229,102,40,REVIEW
2562,74,2026-02-13 18:12:00,2565.58,CREDIT,Apple,Hyderabad,-0.19404328000005128,119,0,NORMAL
2563,25,2026-04-24 03:18:00,3541.09,DEBIT,Shell,Bangalore,0.5207717259187808,97,0,NORMAL
2564,81,2026-03-01 19:11:00,4929.18,CREDIT,Myntra,Hyderabad,0.14122480749824304,105,0,NORMAL
2565,29,2026-05-22 17:38:00,429.54,DEBIT,Walmart,Delhi,-1.3975861737540647,99,0,NORMAL
2566,15,2026-07-03 11:08:00,3141.86,CREDIT,Netflix,Delhi,0.009557484547772397,91,0,NORMAL
2567,11,2026-01-10 06:41:00,3818.75,CREDIT,Amazon,Delhi,0.02140261633739092,118,0,NORMAL
2568,49,2026-04-12 16:05:00,2278.35,DEBIT,Walmart,Bangalore,-0.02084869220032909,95,0,NORMAL
2569,81,2026-03-06 12:18:00,3675.08,DEBIT,Shell,Mumbai,-0.0311200523485028,105,0,NORMAL
2570,75,2026-02-22 07:12:00,3953.86,DEBIT,Amazon,Pune,0.028595344160925868,89,0,NORMAL
2571,48,2026-06-11 04:19:00,1479.51,DEBIT,Local Store,Bangalore,-0.3178643838429408,102,0,NORMAL
2572,51,2026-06-13 11:38:00,1286.07,DEBIT,Uber,Pune,-0.36421750571301603,108,0,NORMAL
2573,52,2026-01-08 02:03:00,3492.27,DEBIT,Shell,Hyderabad,0.09943230052851507,116,0,NORMAL
2574,12,2026-06-22 15:05:00,4124.59,DEBIT,Swiggy,Delhi,0.010746182664344519,99,0,NORMAL
2575,21,2026-01-09 06:39:00,3302.31,CREDIT,Swiggy,Ludhiana,-0.0484484392962653,122,10,NORMAL
2576,87,2026-03-13 02:16:00,2789.92,DEBIT,Netflix,Mumbai,-0.13427717491139765,85,0,NORMAL
2577,59,2026-03-04 08:23:00,2429.78,DEBIT,Netflix,Bangalore,-0.17637515671430018,92,0,NORMAL
2578,52,2026-01-29 19:37:00,753.28,DEBIT,Myntra,Delhi,-0.4662942480725523,116,0,NORMAL
2579,27,2026-03-01 11:39:00,4844.63,DEBIT,Amazon,Chandigarh,1.4824210722253905,90,0,NORMAL
2580,15,2026-07-06 21:14:00,1353.2,DEBIT,Flipkart,Mumbai,-0.3939025723851651,91,0,NORMAL
2581,60,2026-03-21 11:07:00,2168.54,DEBIT,Myntra,Delhi,-0.2578118835801196,106,0,NORMAL
2582,86,2026-01-18 21:46:00,2650.98,DEBIT,Uber,Hyderabad,-0.1035527912016624,76,0,NORMAL
2583,75,2026-02-04 09:53:00,2263.98,DEBIT,Swiggy,Bangalore,-0.25043340376579726,89,0,NORMAL
2584,37,2026-03-16 14:21:00,5943.52,DEBIT,Apple,Hyderabad,2.2002430544509903,87,40,REVIEW
2585,14,2026-07-01 22:04:00,1009.11,CREDIT,Shell,Mumbai,-0.37283306167493496,112,0,NORMAL
2586,24,2026-02-03 14:15:00,735.93,CREDIT,Myntra,Hyderabad,-1.306169851516656,95,0,NORMAL
2587,76,2026-06-02 20:51:00,3335.35,DEBIT,Uber,Ludhiana,0.004064982028922687,74,0,NORMAL
2588,70,2026-06-09 10:41:00,2681.33,CREDIT,Netflix,Hyderabad,-0.09110001258408076,90,0,NORMAL
2589,55,2026-02-11 20:45:00,4635.2,DEBIT,Shell,Mumbai,1.6257019298990834,118,0,NORMAL
2590,70,2026-01-11 14:46:00,5214.1,DEBIT,Flipkart,Mumbai,1.8665998752807003,90,0,NORMAL
2591,74,2026-07-18 06:46:00,4078.26,CREDIT,Swiggy,Chandigarh,-0.02237944855596251,119,0,NORMAL
2592,88,2026-06-24 03:38:00,4609.07,DEBIT,Amazon,Chandigarh,0.04431775819351067,104,0,NORMAL
2593,64,2026-01-06 15:06:00,999.71,DEBIT,Flipkart,Hyderabad,-1.1159330195627986,110,0,NORMAL
2594,1,2026-03-04 05:41:00,2728.16,DEBIT,Uber,Mumbai,-0.15369316462166321,112,0,NORMAL
2595,81,2026-05-14 06:30:00,1970.65,DEBIT,Amazon,Hyderabad,-0.26535157253715513,105,0,NORMAL
2596,43,2026-02-08 04:38:00,2650.12,DEBIT,Apple,Chandigarh,-0.08821629856527856,97,0,NORMAL
2597,73,2026-01-27 11:43:00,1559.52,CREDIT,Local Store,Mumbai,-0.5457056071256878,111,0,NORMAL
2598,42,2026-01-15 08:35:00,3545.47,CREDIT,Shell,Ludhiana,0.06076639611909515,104,0,NORMAL
2599,69,2026-04-16 03:36:00,3854.21,DEBIT,Shell,Hyderabad,-0.06454207650423126,112,0,NORMAL
2600,3,2026-01-14 18:11:00,6049.65,DEBIT,Flipkart,Hyderabad,0.2624485158475655,94,0,NORMAL
2601,5,2026-06-07 16:55:00,4472.39,CREDIT,Local Store,Pune,1.35405348391929,87,0,NORMAL
2602,89,2026-02-17 07:51:00,1353.73,CREDIT,Apple,Ludhiana,-0.37421505871526434,103,0,NORMAL
2603,44,2026-01-31 14:07:00,3252.36,DEBIT,Apple,Bangalore,-0.10342281798411648,99,0,NORMAL
2604,58,2026-01-14 00:49:00,2647.33,DEBIT,Myntra,Delhi,-0.12286001512266442,99,0,NORMAL
2605,46,2026-06-23 21:20:00,4791.14,DEBIT,Netflix,Ludhiana,0.24620337008209076,94,0,NORMAL
2606,99,2026-06-14 13:41:00,6395.09,DEBIT,Apple,Chandigarh,1.0797246647063854,103,0,NORMAL
2607,100,2026-06-17 23:49:00,595.18,DEBIT,Myntra,Ludhiana,-1.4720348923589581,87,0,NORMAL
2608,69,2026-06-08 21:53:00,2005.2,DEBIT,Shell,Chandigarh,-0.23991070233287765,112,0,NORMAL
2609,92,2026-03-13 10:00:00,4599.55,DEBIT,Myntra,Pune,0.24849479863150892,119,0,NORMAL
2610,5,2026-07-10 22:09:00,3601.11,DEBIT,Amazon,Chandigarh,0.7738168568049376,87,0,NORMAL
2611,83,2026-04-09 01:25:00,1164.1,DEBIT,Amazon,Pune,-0.3081432715695023,101,0,NORMAL
2612,47,2026-05-01 19:59:00,3391.72,DEBIT,Myntra,Ludhiana,0.07354892670309396,103,0,NORMAL
2613,5,2026-05-05 17:57:00,729.27,DEBIT,Flipkart,Bangalore,-1.1387104079229122,87,0,NORMAL
2614,33,2026-06-17 17:32:00,1510.49,DEBIT,Local Store,Chandigarh,-0.27770674744399465,91,0,NORMAL
2615,26,2026-03-31 19:02:00,1311.37,DEBIT,Uber,Pune,-0.8809825573657748,98,0,NORMAL
2616,69,2026-05-23 11:58:00,2660.58,CREDIT,Netflix,Hyderabad,-0.17775144413763896,112,0,NORMAL
2617,25,2026-05-28 10:04:00,3743.2,DEBIT,Uber,Bangalore,0.6522849943526983,97,0,NORMAL
2618,11,2026-03-09 22:33:00,2903.21,CREDIT,Shell,Hyderabad,-0.10693125874023642,118,0,NORMAL
2619,44,2026-05-22 15:48:00,4285.32,CREDIT,Uber,Ludhiana,0.014497060474165309,99,0,NORMAL
2620,22,2026-03-22 22:13:00,2166.56,DEBIT,Flipkart,Ludhiana,-0.24318058794365188,108,0,NORMAL
2621,78,2026-01-30 09:22:00,33004.34,DEBIT,Local Store,Mumbai,8.711928982965377,102,90,HIGH
2622,91,2026-06-28 06:28:00,2553.45,DEBIT,Shell,Bangalore,-0.19052893446049332,100,0,NORMAL
2623,50,2026-06-27 14:11:00,4575.51,DEBIT,Apple,Hyderabad,0.09697521020405457,118,0,NORMAL
2624,34,2026-02-13 16:22:00,1484.79,DEBIT,Shell,Hyderabad,-0.9768261224861633,118,0,NORMAL
2625,74,2026-03-02 00:10:00,1064.15,DEBIT,Amazon,Mumbai,-0.3644304249646823,119,0,NORMAL
2626,67,2026-03-27 22:21:00,2204.71,DEBIT,Apple,Hyderabad,-0.2289415679802041,98,0,NORMAL
2627,5,2026-04-17 21:57:00,740.95,DEBIT,Myntra,Delhi,-1.1309320085510735,87,0,NORMAL
2628,42,2026-03-20 20:38:00,5021.14,DEBIT,Uber,Bangalore,0.3709583250066072,104,0,NORMAL
2629,80,2026-07-10 23:22:00,5012.48,CREDIT,Walmart,Mumbai,0.20609819248762715,84,0,NORMAL
2630,55,2026-01-06 20:18:00,1862.22,DEBIT,Local Store,Bangalore,-0.49570675392733343,118,0,NORMAL
2631,20,2026-02-01 17:24:00,3365.54,CREDIT,Amazon,Hyderabad,-0.0811860065889394,98,0,NORMAL
2632,46,2026-07-12 16:19:00,1175.74,DEBIT,Walmart,Pune,-0.34683664579940915,94,0,NORMAL
2633,76,2026-06-24 00:56:00,1954.97,CREDIT,Amazon,Bangalore,-0.2808603760493738,74,0,NORMAL
2634,47,2026-07-11 19:06:00,944.81,CREDIT,Shell,Hyderabad,-0.4641589936061981,103,0,NORMAL
2635,99,2026-06-05 21:14:00,2213.5,DEBIT,Swiggy,Delhi,-0.22048541274798147,103,0,NORMAL
2636,42,2026-06-01 06:48:00,4896.19,DEBIT,Myntra,Ludhiana,0.34469331893174304,104,0,NORMAL
2637,57,2026-07-05 18:16:00,1913.71,DEBIT,Flipkart,Pune,-0.24911644847798686,107,0,NORMAL
2638,86,2026-06-03 15:10:00,1576.04,DEBIT,Flipkart,Hyderabad,-0.8052915737168131,76,0,NORMAL
2639,41,2026-04-21 21:07:00,4497.74,DEBIT,Local Store,Delhi,0.24722414528226638,100,0,NORMAL
2640,11,2026-05-01 23:38:00,3437.37,DEBIT,Amazon,Mumbai,-0.03205651518838133,118,0,NORMAL
2641,1,2026-03-25 14:02:00,6409.23,DEBIT,Local Store,Pune,0.24076360872869312,112,0,NORMAL
2642,30,2026-02-12 03:17:00,926.38,DEBIT,Flipkart,Hyderabad,-0.471372825939519,92,0,NORMAL
2643,41,2026-03-16 07:22:00,996.42,DEBIT,Swiggy,Ludhiana,-0.4668393591794652,100,0,NORMAL
2644,95,2026-04-21 09:56:00,1330.19,DEBIT,Apple,Hyderabad,-0.8492210660745139,113,0,NORMAL
2645,67,2026-06-28 15:11:00,2156.15,CREDIT,Uber,Chandigarh,-0.23596621802143064,98,0,NORMAL
2646,89,2026-06-13 11:27:00,6061.06,DEBIT,Myntra,Pune,0.5165595180772492,103,0,NORMAL
2647,38,2026-07-07 14:52:00,3450.66,DEBIT,Uber,Bangalore,0.6038661083291653,95,0,NORMAL
2648,37,2026-07-11 10:45:00,1474.08,CREDIT,Netflix,Hyderabad,-0.8043452957452485,87,0,NORMAL
2649,23,2026-01-23 21:45:00,3838.64,DEBIT,Uber,Mumbai,0.7875580518494001,96,0,NORMAL
2650,78,2026-01-03 13:54:00,1017.91,CREDIT,Apple,Ludhiana,-0.6623108136048844,102,0,NORMAL
2651,12,2026-06-01 05:32:00,736.16,DEBIT,Apple,Chandigarh,-0.4023667024810065,99,0,NORMAL
2652,21,2026-05-06 14:43:00,681.89,DEBIT,Amazon,Ludhiana,-0.46958311487750165,122,10,NORMAL
2653,22,2026-03-06 10:08:00,2677.89,DEBIT,Uber,Bangalore,-0.1583616546651964,108,0,NORMAL
2654,62,2026-05-13 05:34:00,3163.73,DEBIT,Shell,Pune,0.392813117740666,102,0,NORMAL
2655,35,2026-04-29 11:41:00,1711.17,CREDIT,Uber,Ludhiana,-0.8058877757497342,103,0,NORMAL
2656,12,2026-06-15 03:23:00,3760.81,CREDIT,Swiggy,Pune,-0.03360539176929461,99,0,NORMAL
2657,71,2026-06-10 00:43:00,1689.69,CREDIT,Walmart,Pune,-0.6105960459825582,99,0,NORMAL
2658,61,2026-03-20 07:17:00,1353.8,DEBIT,Netflix,Chandigarh,-0.5005443529508639,81,0,NORMAL
2659,92,2026-01-11 15:44:00,5008.69,CREDIT,Flipkart,Mumbai,0.33398508239132346,119,0,NORMAL
2660,23,2026-03-19 22:49:00,1001.78,CREDIT,Swiggy,Mumbai,-1.1165224540957772,96,0,NORMAL
2661,13,2026-04-21 09:23:00,4221.99,DEBIT,Netflix,Ludhiana,1.0002541689416655,101,0,NORMAL
2662,71,2026-04-29 08:47:00,747.71,CREDIT,Flipkart,Pune,-1.244899992693652,99,0,NORMAL
2663,32,2026-04-23 03:52:00,4830.39,DEBIT,Apple,Chandigarh,0.6055775817924384,107,0,NORMAL
2664,16,2026-06-29 12:47:00,2038.17,DEBIT,Netflix,Mumbai,-0.23674820479398553,95,0,NORMAL
2665,51,2026-04-03 10:34:00,2352.5,DEBIT,Local Store,Hyderabad,-0.1989305283913188,108,0,NORMAL
2666,100,2026-02-12 09:48:00,2423.17,DEBIT,Uber,Chandigarh,-0.18621157791904225,87,0,NORMAL
2667,78,2026-03-05 11:19:00,4936.72,DEBIT,Myntra,Delhi,0.4861719854194992,102,0,NORMAL
2668,21,2026-06-20 13:54:00,594.79,DEBIT,Shell,Chandigarh,-0.4835811877983028,122,10,NORMAL
2669,93,2026-07-23 06:36:00,472.74,DEBIT,Shell,Mumbai,-1.6106635053940719,100,0,NORMAL
2670,17,2026-02-05 21:11:00,1209.38,CREDIT,Uber,Hyderabad,-0.29529451437246074,97,0,NORMAL
2671,47,2026-03-05 02:01:00,2574.66,DEBIT,Amazon,Delhi,-0.10599982391213512,103,0,NORMAL
2672,34,2026-06-19 12:29:00,2031.59,DEBIT,Shell,Ludhiana,-0.5878246759905479,118,0,NORMAL
2673,65,2026-05-16 12:16:00,2845.9,DEBIT,Shell,Bangalore,-0.08904213978033426,112,0,NORMAL
2674,24,2026-01-23 03:59:00,1789.81,DEBIT,Amazon,Mumbai,-0.6343029914529513,95,0,NORMAL
2675,3,2026-04-27 18:37:00,1433.09,DEBIT,Walmart,Chandigarh,-0.30288516880806493,94,0,NORMAL
2676,9,2026-03-18 11:27:00,3164.53,CREDIT,Local Store,Hyderabad,0.009620053286111105,84,0,NORMAL
2677,12,2026-05-07 19:02:00,719.79,CREDIT,Amazon,Delhi,-0.404362511138653,99,0,NORMAL
2678,39,2026-07-06 04:30:00,1763.6,DEBIT,Netflix,Delhi,-0.30487835575513317,101,0,NORMAL
2679,79,2026-01-31 02:11:00,5375.74,CREDIT,Netflix,Pune,1.8395955567105478,122,10,NORMAL
2680,76,2026-02-11 22:22:00,2274.5,DEBIT,Uber,Chandigarh,-0.21490592896468838,74,0,NORMAL
2681,7,2026-06-17 14:33:00,3302.34,DEBIT,Swiggy,Chandigarh,0.0019061170953670837,93,0,NORMAL
2682,97,2026-02-02 11:45:00,3043.63,DEBIT,Walmart,Delhi,0.04495284585128529,96,0,NORMAL
2683,49,2026-01-12 14:53:00,2562.79,DEBIT,Myntra,Mumbai,0.19707982569595298,95,0,NORMAL
2684,93,2026-07-12 15:49:00,2277.63,DEBIT,Myntra,Mumbai,-0.41417055885127174,100,0,NORMAL
2685,26,2026-03-12 01:36:00,4648.26,DEBIT,Swiggy,Chandigarh,1.262885501264115,98,0,NORMAL
2686,44,2026-03-07 02:42:00,1188.35,DEBIT,Myntra,Pune,-0.3390445345430136,99,0,NORMAL
2687,86,2026-04-13 16:32:00,4231.56,CREDIT,Uber,Delhi,0.928276227039167,76,0,NORMAL
2688,12,2026-05-24 17:40:00,1574.78,CREDIT,Shell,Mumbai,-0.3001232659217167,99,0,NORMAL
2689,44,2026-04-15 09:20:00,3507.71,DEBIT,Swiggy,Mumbai,-0.07427276283742905,99,0,NORMAL
2690,3,2026-05-14 12:30:00,3840.35,DEBIT,Flipkart,Pune,-0.008097455505494806,94,0,NORMAL
2691,49,2026-03-20 03:21:00,5890.01,DEBIT,Local Store,Ludhiana,2.7462857155668132,95,40,REVIEW
2692,45,2026-06-30 18:59:00,1255.55,DEBIT,Amazon,Hyderabad,-0.31860790802444233,97,0,NORMAL
2693,13,2026-05-11 17:07:00,1327.18,DEBIT,Shell,Bangalore,-0.995215055778754,101,0,NORMAL
2694,70,2026-02-17 10:52:00,2235.34,DEBIT,Netflix,Hyderabad,-0.4358271583528687,90,0,NORMAL
2695,4,2026-02-21 06:43:00,2279.05,DEBIT,Myntra,Delhi,-0.2796057359450013,105,0,NORMAL
2696,55,2026-06-24 12:16:00,1250.98,DEBIT,Netflix,Ludhiana,-0.9633227641048533,118,0,NORMAL
2697,64,2026-02-01 02:00:00,2055.92,DEBIT,Swiggy,Chandigarh,-0.41682976501870844,110,0,NORMAL
2698,76,2026-02-16 01:13:00,781.29,DEBIT,Apple,Ludhiana,-0.5231206190761745,74,0,NORMAL
2699,84,2026-02-27 17:51:00,5568.67,CREDIT,Amazon,Mumbai,0.21452917569415564,95,0,NORMAL
2700,90,2026-04-01 21:53:00,4201.57,DEBIT,Amazon,Delhi,-0.0505660407735141,93,0,NORMAL
2701,3,2026-06-14 09:02:00,3971.43,DEBIT,Flipkart,Chandigarh,0.007954310178187417,94,0,NORMAL
2702,40,2026-05-07 17:09:00,2842.82,DEBIT,Flipkart,Bangalore,-0.06514573767342313,109,0,NORMAL
2703,55,2026-02-19 19:53:00,5065.83,CREDIT,Apple,Chandigarh,1.9551461456944264,118,0,NORMAL
2704,56,2026-01-22 15:01:00,479.73,DEBIT,Walmart,Hyderabad,-0.6696193513732028,101,0,NORMAL
2705,66,2026-05-31 05:06:00,1178.36,DEBIT,Shell,Mumbai,-1.121056247856896,95,0,NORMAL
2706,13,2026-02-02 18:15:00,3622.96,DEBIT,Myntra,Mumbai,0.5873269199393916,101,0,NORMAL
2707,55,2026-05-14 08:17:00,2004.8,CREDIT,Myntra,Delhi,-0.38662899276786944,118,0,NORMAL
2708,19,2026-02-09 09:18:00,2904.52,CREDIT,Flipkart,Pune,0.021174744932562856,98,0,NORMAL
2709,8,2026-03-31 17:58:00,2649.49,DEBIT,Amazon,Chandigarh,-0.16470357561927867,91,0,NORMAL
2710,92,2026-01-18 09:40:00,1637.56,DEBIT,Apple,Bangalore,-0.37041649235381036,119,0,NORMAL
2711,68,2026-02-11 13:56:00,3994.23,DEBIT,Netflix,Delhi,0.19586808133885747,100,0,NORMAL
2712,3,2026-07-13 13:59:00,3068.48,DEBIT,Shell,Pune,-0.10261894145502029,94,0,NORMAL
2713,46,2026-03-16 11:29:00,2266.76,DEBIT,Walmart,Ludhiana,-0.16787483849536694,94,0,NORMAL
2714,1,2026-03-14 22:49:00,1356.63,CREDIT,Local Store,Chandigarh,-0.3006638275955306,112,0,NORMAL
2715,21,2026-06-09 06:42:00,5190.2,DEBIT,Swiggy,Chandigarh,0.25495938948044233,122,10,NORMAL
2716,20,2026-07-11 00:09:00,743.69,DEBIT,Netflix,Hyderabad,-0.3582744483129449,98,0,NORMAL
2717,18,2026-05-27 17:19:00,3417.63,CREDIT,Swiggy,Chandigarh,0.2559347984640727,96,0,NORMAL
2718,13,2026-01-10 01:52:00,1916.66,DEBIT,Walmart,Hyderabad,-0.5888708747830435,101,0,NORMAL
2719,15,2026-04-02 20:46:00,498.64,DEBIT,Amazon,Delhi,-0.5866618593668224,91,0,NORMAL
2720,96,2026-07-18 00:28:00,2773.54,DEBIT,Shell,Delhi,-0.04535925021751197,96,0,NORMAL
2721,92,2026-01-02 02:26:00,2665.25,DEBIT,Flipkart,Mumbai,-0.15567945926703333,119,0,NORMAL
2722,86,2026-03-04 16:00:00,3129.08,DEBIT,Amazon,Bangalore,0.20855887263119663,76,0,NORMAL
2723,79,2026-06-30 22:01:00,4290.38,DEBIT,Swiggy,Hyderabad,1.0944615147841623,122,10,NORMAL
2724,78,2026-03-23 10:33:00,3108.13,DEBIT,Walmart,Mumbai,-0.04973155710182684,102,0,NORMAL
2725,60,2026-07-22 15:08:00,2583.23,DEBIT,Apple,Delhi,-0.16404188874084494,106,0,NORMAL
2726,53,2026-02-24 01:05:00,2656.54,CREDIT,Netflix,Chandigarh,-0.13227684731494685,105,0,NORMAL
2727,37,2026-03-05 10:08:00,3236.52,DEBIT,Flipkart,Chandigarh,0.3804578768937977,87,0,NORMAL
2728,24,2026-07-07 15:31:00,1493.51,DEBIT,Local Store,Ludhiana,-0.823199403413398,95,0,NORMAL
2729,38,2026-01-06 08:06:00,5314.58,DEBIT,Walmart,Pune,1.9618001953089783,95,0,NORMAL
2730,34,2026-02-20 19:33:00,704.49,DEBIT,Amazon,Mumbai,-1.5319428538331432,118,0,NORMAL
2731,60,2026-02-08 11:32:00,346.52,CREDIT,Walmart,Chandigarh,-0.6698083291106489,106,0,NORMAL
2732,8,2026-01-10 23:40:00,4850.94,DEBIT,Apple,Delhi,0.08830145908546115,91,0,NORMAL
2733,70,2026-07-28 02:23:00,5011.03,DEBIT,Shell,Ludhiana,1.7096372943007052,90,0,NORMAL
2734,65,2026-06-13 07:45:00,3700.53,CREDIT,Uber,Delhi,0.024505041320366766,112,0,NORMAL
2735,11,2026-04-16 12:01:00,6819.15,DEBIT,Shell,Delhi,0.44197731409271895,118,0,NORMAL
2736,10,2026-04-05 16:13:00,4407.22,CREDIT,Apple,Ludhiana,0.026336966072455763,91,0,NORMAL
2737,18,2026-07-10 00:50:00,1762.43,CREDIT,Shell,Pune,-0.8596253574347045,96,0,NORMAL
2738,30,2026-07-04 12:54:00,4344.57,DEBIT,Flipkart,Chandigarh,0.28519991443212656,92,0,NORMAL
2739,2,2026-06-02 11:25:00,3080.45,DEBIT,Myntra,Bangalore,0.1770153309263862,117,0,NORMAL
2740,61,2026-03-07 11:22:00,3575.11,CREDIT,Netflix,Chandigarh,0.09305013297548695,81,0,NORMAL
2741,73,2026-01-31 14:17:00,803.32,DEBIT,Uber,Ludhiana,-1.0569244574336811,111,0,NORMAL
2742,64,2026-03-02 04:50:00,3315.57,DEBIT,Local Store,Pune,0.41693001247484235,110,0,NORMAL
2743,55,2026-06-23 17:16:00,2176.98,CREDIT,Amazon,Bangalore,-0.2549063885005352,118,0,NORMAL
2744,6,2026-02-12 22:20:00,3123.92,DEBIT,Apple,Hyderabad,0.2560086459703387,117,0,NORMAL
2745,12,2026-07-20 22:07:00,3214.14,DEBIT,Netflix,Mumbai,-0.10025467209157042,99,0,NORMAL
2746,63,2026-07-21 10:02:00,1970.87,CREDIT,Shell,Mumbai,-0.3074268742722341,88,0,NORMAL
2747,43,2026-05-25 23:09:00,2761.43,DEBIT,Uber,Bangalore,-0.0658307922413659,97,0,NORMAL
2748,82,2026-06-03 12:16:00,945.77,DEBIT,Apple,Hyderabad,-0.41297729687306073,107,0,NORMAL
2749,79,2026-06-06 07:21:00,1355.6,CREDIT,Amazon,Bangalore,-0.9203579769648598,122,10,NORMAL
2750,58,2026-06-11 15:15:00,2478.47,DEBIT,Amazon,Mumbai,-0.15202439312193486,99,0,NORMAL
2751,72,2026-03-30 12:44:00,1796.26,CREDIT,Swiggy,Bangalore,-0.6800661027928274,98,0,NORMAL
2752,70,2026-03-22 19:53:00,3247.08,DEBIT,Apple,Ludhiana,0.3461954037227689,90,0,NORMAL
2753,52,2026-02-20 01:08:00,1897.75,CREDIT,Apple,Chandigarh,-0.229908915129583,116,0,NORMAL
2754,62,2026-07-11 22:49:00,1176.39,CREDIT,Myntra,Ludhiana,-1.0172060135724157,102,0,NORMAL
2755,74,2026-01-27 21:20:00,1184.58,DEBIT,Netflix,Hyderabad,-0.35076363805614147,119,0,NORMAL
2756,15,2026-04-01 09:32:00,3344.35,CREDIT,Flipkart,Pune,0.05523225053367828,91,0,NORMAL
2757,97,2026-03-16 11:34:00,4472.26,CREDIT,Swiggy,Delhi,1.06114785623179,96,0,NORMAL
2758,30,2026-01-01 03:42:00,1292.05,DEBIT,Flipkart,Mumbai,-0.39043643739128164,92,0,NORMAL
2759,32,2026-05-02 00:59:00,690.76,DEBIT,Amazon,Mumbai,-0.7084743635872776,107,0,NORMAL
2760,47,2026-04-20 23:41:00,6037.68,DEBIT,Myntra,Mumbai,0.6549980395930551,103,0,NORMAL
2761,34,2026-03-12 08:37:00,1250.42,DEBIT,Apple,Bangalore,-1.1435603379491797,118,0,NORMAL
2762,4,2026-01-24 00:04:00,4552.58,DEBIT,Myntra,Hyderabad,1.5404478676287834,105,0,NORMAL
2763,95,2026-02-16 03:47:00,3623.12,CREDIT,Apple,Ludhiana,0.6104172920713814,113,0,NORMAL
2764,69,2026-01-16 05:31:00,2405.66,DEBIT,Shell,Ludhiana,-0.20192923122166695,112,0,NORMAL
2765,94,2026-04-09 20:23:00,315.86,DEBIT,Walmart,Chandigarh,-0.5696984934643056,103,0,NORMAL
2766,35,2026-02-08 01:53:00,3014.58,CREDIT,Netflix,Hyderabad,0.13015675872600418,103,0,NORMAL
2767,42,2026-07-18 18:16:00,4313.55,CREDIT,Swiggy,Ludhiana,0.22221998448229308,104,0,NORMAL
2768,85,2026-04-01 15:35:00,2423.73,CREDIT,Local Store,Chandigarh,-0.29794040987499626,89,0,NORMAL
2769,90,2026-04-24 17:21:00,1520.34,DEBIT,Walmart,Bangalore,-0.27320599480410557,93,0,NORMAL
2770,44,2026-01-18 22:47:00,3812.51,CREDIT,Walmart,Delhi,-0.03947763141502709,99,0,NORMAL
2771,79,2026-06-23 22:42:00,964.65,CREDIT,Flipkart,Mumbai,-1.1887575436442293,122,10,NORMAL
2772,90,2026-01-17 04:44:00,4248.75,CREDIT,Flipkart,Delhi,-0.046648378718724556,93,0,NORMAL
2773,10,2026-07-15 19:31:00,1695.46,DEBIT,Shell,Hyderabad,-0.3027331378516445,91,0,NORMAL
2774,51,2026-05-30 13:32:00,1702.61,DEBIT,Uber,Delhi,-0.29965758379260893,108,0,NORMAL
2775,66,2026-01-03 19:05:00,2614.17,DEBIT,Amazon,Delhi,-0.1541413308551407,95,0,NORMAL
2776,77,2026-02-19 11:23:00,4483.61,DEBIT,Apple,Ludhiana,1.2595463641436966,84,0,NORMAL
2777,75,2026-04-10 18:00:00,2501.22,CREDIT,Shell,Ludhiana,-0.21126092988709835,89,0,NORMAL
2778,56,2026-04-30 00:16:00,2840.37,DEBIT,Swiggy,Bangalore,-0.05492632417230172,101,0,NORMAL
2779,21,2026-05-13 14:19:00,595.25,DEBIT,Myntra,Hyderabad,-0.4835072599734627,122,10,NORMAL
2780,57,2026-07-27 23:18:00,1605.98,CREDIT,Myntra,Hyderabad,-0.29518143434456223,107,0,NORMAL
2781,40,2026-01-11 12:27:00,4586.59,DEBIT,Swiggy,Mumbai,0.23133863180366668,109,0,NORMAL
2782,32,2026-05-28 06:01:00,4200.34,DEBIT,Swiggy,Hyderabad,0.40557941089637034,107,0,NORMAL
2783,17,2026-01-20 17:32:00,4798.0,DEBIT,Walmart,Chandigarh,0.11845564166796649,97,0,NORMAL
2784,81,2026-03-25 08:10:00,2480.85,DEBIT,Amazon,Delhi,-0.1952372694562129,105,0,NORMAL
2785,89,2026-02-25 09:33:00,2633.6,DEBIT,Apple,Mumbai,-0.13202348565804628,103,0,NORMAL
2786,98,2026-06-24 04:00:00,4999.89,DEBIT,Myntra,Bangalore,1.652418804611606,114,0,NORMAL
2787,52,2026-01-29 18:52:00,1062.97,DEBIT,Uber,Bangalore,-0.40232911682480604,116,0,NORMAL
2788,91,2026-07-03 06:25:00,5346.54,DEBIT,Apple,Ludhiana,0.14485460276267023,100,0,NORMAL
2789,67,2026-07-15 11:04:00,3470.85,CREDIT,Amazon,Delhi,-0.045782787024714285,98,0,NORMAL
2790,61,2026-06-25 04:47:00,3146.01,CREDIT,Myntra,Ludhiana,-0.021617065169300162,81,0,NORMAL
2791,17,2026-05-11 11:26:00,1780.13,CREDIT,Myntra,Hyderabad,-0.2294898592236643,97,0,NORMAL
2792,2,2026-02-19 02:51:00,5423.8,DEBIT,Swiggy,Hyderabad,1.8595672646285895,117,0,NORMAL
2793,34,2026-02-10 09:07:00,3602.47,DEBIT,Uber,Delhi,0.5297221277238491,118,0,NORMAL
2794,27,2026-06-24 07:08:00,2300.21,DEBIT,Flipkart,Mumbai,-0.32436548697893597,90,0,NORMAL
2795,56,2026-01-18 12:14:00,1625.11,CREDIT,Myntra,Ludhiana,-0.37137095284764704,101,0,NORMAL
2796,45,2026-05-15 03:57:00,4243.99,DEBIT,Apple,Ludhiana,0.12500084929215147,97,0,NORMAL
2797,23,2026-07-03 07:19:00,2325.72,CREDIT,Flipkart,Bangalore,-0.22790322542708794,96,0,NORMAL
2798,47,2026-04-08 16:55:00,4999.22,CREDIT,Amazon,Delhi,0.4267966889408499,103,0,NORMAL
2799,87,2026-06-20 02:39:00,4702.12,DEBIT,Flipkart,Pune,0.9615846706634729,85,0,NORMAL
2800,19,2026-01-28 22:14:00,6019.08,CREDIT,Walmart,Mumbai,2.0877007241627514,98,40,REVIEW
2801,25,2026-06-28 20:38:00,1118.7,CREDIT,Local Store,Pune,-1.0554809400632965,97,0,NORMAL
2802,11,2026-05-25 23:02:00,1858.48,CREDIT,Netflix,Mumbai,-0.2533740676943505,118,0,NORMAL
2803,86,2026-01-12 04:18:00,1348.39,DEBIT,Netflix,Hyderabad,-0.953905295263666,76,0,NORMAL
2804,72,2026-01-27 11:55:00,1989.94,DEBIT,Myntra,Bangalore,-0.5599160309870569,98,0,NORMAL
2805,92,2026-05-21 21:52:00,315.61,DEBIT,Netflix,Hyderabad,-0.646639498210698,119,0,NORMAL
2806,6,2026-03-12 18:21:00,1450.07,DEBIT,Amazon,Chandigarh,-0.8113323377039334,117,0,NORMAL
2807,78,2026-02-22 17:30:00,6067.39,DEBIT,Apple,Ludhiana,0.8175366206972748,102,0,NORMAL
2808,30,2026-04-22 06:13:00,1931.21,DEBIT,Amazon,Delhi,-0.24896652707736078,92,0,NORMAL
2809,90,2026-05-25 07:15:00,3971.25,DEBIT,Myntra,Chandigarh,-0.06969100737926064,93,0,NORMAL
2810,65,2026-06-04 17:34:00,1252.69,CREDIT,Flipkart,Mumbai,-0.30071795785534666,112,0,NORMAL
2811,36,2026-06-05 15:31:00,2531.63,DEBIT,Amazon,Hyderabad,-0.13501734293143403,85,0,NORMAL
2812,69,2026-05-12 15:59:00,995.77,DEBIT,Walmart,Chandigarh,-0.33564969345256357,112,0,NORMAL
2813,78,2026-04-27 16:33:00,1917.81,DEBIT,Netflix,Pune,-0.398577774533829,102,0,NORMAL
2814,77,2026-07-02 21:30:00,1196.82,DEBIT,Shell,Pune,-0.9487499229833695,84,0,NORMAL
2815,33,2026-06-04 22:49:00,4249.58,DEBIT,Local Store,Ludhiana,0.010103900331711397,91,0,NORMAL
2816,66,2026-01-23 04:20:00,2199.18,CREDIT,Apple,Bangalore,-0.43360729181554536,95,0,NORMAL
2817,62,2026-06-13 15:02:00,3699.84,DEBIT,Uber,Bangalore,0.7731835407625225,102,0,NORMAL
2818,49,2026-07-16 18:29:00,1873.83,CREDIT,Swiggy,Pune,-0.3307785335004416,95,0,NORMAL
2819,33,2026-03-24 10:10:00,1434.18,DEBIT,Local Store,Chandigarh,-0.28572504203517785,91,0,NORMAL
2820,21,2026-02-07 13:48:00,3201.28,DEBIT,Uber,Delhi,-0.06468523960841839,122,10,NORMAL
2821,83,2026-07-26 06:51:00,2603.16,CREDIT,Netflix,Mumbai,-0.08397802434155274,101,0,NORMAL
2822,67,2026-07-22 19:32:00,4401.42,CREDIT,Netflix,Mumbai,0.08883271109851869,98,0,NORMAL
2823,19,2026-01-01 18:27:00,1063.37,DEBIT,Amazon,Delhi,-1.200437395035735,98,0,NORMAL
2824,89,2026-05-19 03:16:00,2736.19,DEBIT,Walmart,Delhi,-0.11261023784386201,103,0,NORMAL
2825,4,2026-06-25 01:42:00,2080.93,DEBIT,Swiggy,Delhi,-0.4382088860859886,105,0,NORMAL
2826,2,2026-03-10 22:34:00,2152.11,CREDIT,Flipkart,Chandigarh,-0.4895433402636207,117,0,NORMAL
2827,12,2026-04-27 06:18:00,2085.38,DEBIT,Netflix,Pune,-0.2378715920918851,99,0,NORMAL
2828,11,2026-06-25 16:55:00,2866.56,CREDIT,Apple,Chandigarh,-0.11206859465302564,118,0,NORMAL
2829,97,2026-05-29 18:59:00,3437.11,DEBIT,Local Store,Bangalore,0.32483805943669297,96,0,NORMAL
2830,87,2026-03-14 07:00:00,3883.47,DEBIT,Amazon,Chandigarh,0.4924249071032449,85,0,NORMAL
2831,97,2026-04-30 22:33:00,2549.02,CREDIT,Local Store,Chandigarh,-0.30686687939899054,96,0,NORMAL
2832,57,2026-01-17 18:37:00,5184.81,DEBIT,Swiggy,Chandigarh,0.24054388775232766,107,0,NORMAL
2833,86,2026-05-24 01:58:00,2228.86,CREDIT,Flipkart,Bangalore,-0.3791197762197056,76,0,NORMAL
2834,12,2026-03-23 20:17:00,4049.15,DEBIT,Apple,Delhi,0.001548638062459487,99,0,NORMAL
2835,58,2026-04-08 21:22:00,3755.18,CREDIT,Local Store,Chandigarh,0.068480480947996,99,0,NORMAL
2836,6,2026-07-24 12:11:00,3433.89,DEBIT,Netflix,Chandigarh,0.453662966673815,117,0,NORMAL
2837,54,2026-07-26 14:36:00,2855.01,DEBIT,Local Store,Ludhiana,-0.1753954862146564,89,0,NORMAL
2838,52,2026-01-06 14:47:00,1378.07,DEBIT,Shell,Mumbai,-0.3372465734550982,116,0,NORMAL
2839,70,2026-06-22 00:34:00,1220.84,DEBIT,Shell,Pune,-1.2199830573246744,90,0,NORMAL
2840,85,2026-01-27 10:48:00,2767.39,CREDIT,Flipkart,Delhi,-0.09011449369225502,89,0,NORMAL
2841,48,2026-07-27 07:03:00,3232.5,CREDIT,Myntra,Chandigarh,-0.11092638402641236,102,0,NORMAL
2842,3,2026-01-09 02:39:00,3991.45,DEBIT,Walmart,Mumbai,0.010405914915655512,94,0,NORMAL
2843,56,2026-07-10 01:06:00,4557.72,CREDIT,Local Store,Ludhiana,0.3922587909928517,101,0,NORMAL
2844,24,2026-01-29 15:20:00,1691.88,DEBIT,Shell,Hyderabad,-0.6967350725305298,95,0,NORMAL
2845,1,2026-01-27 12:28:00,5192.7,CREDIT,Myntra,Bangalore,0.1104024641473869,112,0,NORMAL
2846,43,2026-02-12 21:09:00,2685.37,CREDIT,Myntra,Chandigarh,-0.08112718619515977,97,0,NORMAL
2847,59,2026-05-21 05:01:00,2441.79,DEBIT,Local Store,Mumbai,-0.17467237782912362,92,0,NORMAL
2848,10,2026-07-20 18:25:00,1142.86,DEBIT,Uber,Bangalore,-0.36979074598380146,91,0,NORMAL
2849,12,2026-03-06 10:52:00,1631.64,DEBIT,Uber,Mumbai,-0.29319097024219415,99,0,NORMAL
2850,78,2026-01-28 02:32:00,3203.46,DEBIT,Myntra,Delhi,-0.02179326327513088,102,0,NORMAL
2851,91,2026-04-07 23:50:00,5216.15,DEBIT,Uber,Delhi,0.12919787153720724,100,0,NORMAL
2852,71,2026-06-26 23:39:00,1850.91,DEBIT,Amazon,Bangalore,-0.5020348426780693,99,0,NORMAL
2853,56,2026-05-14 16:22:00,5363.38,DEBIT,Myntra,Hyderabad,0.6020466384811083,101,0,NORMAL
2854,1,2026-01-19 02:59:00,4969.17,DEBIT,Walmart,Pune,0.08644939546165012,112,0,NORMAL
2855,52,2026-01-20 05:43:00,1391.23,DEBIT,Myntra,Mumbai,-0.3345284323229326,116,0,NORMAL
2856,28,2026-06-21 02:56:00,3296.43,DEBIT,Uber,Ludhiana,0.2841341330846448,98,0,NORMAL
2857,21,2026-04-12 22:39:00,2780.71,CREDIT,Amazon,Delhi,-0.13227616415837629,122,10,NORMAL
2858,12,2026-07-08 03:04:00,1783.54,DEBIT,Uber,Mumbai,-0.2746715239931706,99,0,NORMAL
2859,89,2026-01-27 09:24:00,1503.89,CREDIT,Swiggy,Ludhiana,-0.3458000739040945,103,0,NORMAL
2860,99,2026-01-22 10:49:00,2248.57,DEBIT,Flipkart,Ludhiana,-0.2095808603130644,103,0,NORMAL
2861,83,2026-01-01 08:57:00,4019.31,DEBIT,Local Store,Mumbai,0.1366184864793031,101,0,NORMAL
2862,60,2026-02-01 08:59:00,4331.23,DEBIT,Flipkart,Mumbai,0.23121710226219847,106,0,NORMAL
2863,55,2026-06-10 09:55:00,1123.95,DEBIT,Amazon,Hyderabad,-1.0605043323478518,118,0,NORMAL
2864,73,2026-06-18 08:17:00,798.67,DEBIT,Walmart,Hyderabad,-1.0600680274600394,111,0,NORMAL
2865,56,2026-02-01 12:55:00,3139.2,DEBIT,Shell,Ludhiana,0.022886776223542314,101,0,NORMAL
2866,40,2026-04-17 16:35:00,2962.09,DEBIT,Netflix,Hyderabad,-0.044866864457613426,109,0,NORMAL
2867,83,2026-03-19 16:10:00,843.43,DEBIT,Swiggy,Bangalore,-0.3580946772291597,101,0,NORMAL
2868,17,2026-06-21 22:17:00,2810.83,DEBIT,Walmart,Chandigarh,-0.11065524150686278,97,0,NORMAL
2869,94,2026-06-22 15:03:00,642.28,CREDIT,Netflix,Hyderabad,-0.5148840727691608,103,0,NORMAL
2870,40,2026-01-26 17:59:00,2981.7,DEBIT,Amazon,Bangalore,-0.041532675610778336,109,0,NORMAL
2871,43,2026-03-22 17:56:00,569.37,DEBIT,Uber,Delhi,-0.5066750379730702,97,0,NORMAL
2872,60,2026-05-12 01:13:00,5678.87,DEBIT,Myntra,Bangalore,0.535946408117657,106,0,NORMAL
2873,68,2026-06-03 03:55:00,4337.49,CREDIT,Shell,Delhi,0.27830665533176974,100,0,NORMAL
2874,52,2026-06-08 12:46:00,3490.96,CREDIT,Amazon,Pune,0.09916172568937094,116,0,NORMAL
2875,55,2026-04-02 12:30:00,2139.29,DEBIT,Apple,Ludhiana,-0.28374031203890104,118,0,NORMAL
2876,65,2026-03-06 09:34:00,1250.91,DEBIT,Flipkart,Hyderabad,-0.3009544508199738,112,0,NORMAL
2877,30,2026-04-19 11:13:00,3426.23,CREDIT,Swiggy,Mumbai,0.08193707345696226,92,0,NORMAL
2878,70,2026-06-12 04:58:00,668.04,DEBIT,Myntra,Bangalore,-1.647268795078853,90,0,NORMAL
2879,91,2026-05-13 14:37:00,564.6,DEBIT,Swiggy,Mumbai,-0.42934241630543524,100,0,NORMAL
2880,27,2026-01-04 13:02:00,3854.75,DEBIT,Local Store,Delhi,0.7795096506734538,90,0,NORMAL
2881,70,2026-04-23 16:13:00,5569.95,DEBIT,Amazon,Pune,2.1416534747376903,90,40,REVIEW
2882,77,2026-01-31 08:11:00,835.56,DEBIT,Walmart,Chandigarh,-1.1914697550041327,84,0,NORMAL
2883,100,2026-02-21 19:38:00,2064.86,DEBIT,Flipkart,Hyderabad,-0.4382498012118207,87,0,NORMAL
2884,38,2026-05-22 15:42:00,4473.83,DEBIT,Amazon,Pune,1.3492829823232935,95,0,NORMAL
2885,90,2026-03-27 03:02:00,1076.44,DEBIT,Flipkart,Hyderabad,-0.3100658970109956,93,0,NORMAL
2886,35,2026-03-06 11:45:00,2950.74,DEBIT,Amazon,Delhi,0.08431003123355646,103,0,NORMAL
2887,86,2026-07-26 00:49:00,886.23,CREDIT,Flipkart,Hyderabad,-1.2556110609130995,76,0,NORMAL
2888,8,2026-01-19 11:40:00,592.89,CREDIT,Walmart,Bangalore,-0.40106150079303593,91,0,NORMAL
2889,15,2026-05-07 08:20:00,2775.99,CREDIT,Local Store,Bangalore,-0.07297017919494783,91,0,NORMAL
2890,57,2026-01-12 15:32:00,1882.87,DEBIT,Myntra,Bangalore,-0.25373297648671267,107,0,NORMAL
2891,6,2026-02-17 00:24:00,2760.98,DEBIT,Myntra,Ludhiana,0.02457767150145536,117,0,NORMAL
2892,71,2026-05-14 07:31:00,737.68,DEBIT,Amazon,Mumbai,-1.2516539243965674,99,0,NORMAL
2893,86,2026-03-20 17:27:00,4003.65,DEBIT,Apple,Hyderabad,0.7794927731505517,76,0,NORMAL
2894,93,2026-02-13 03:37:00,562.71,DEBIT,Amazon,Bangalore,-1.551020828887218,100,0,NORMAL
2895,45,2026-04-14 11:28:00,1249.06,DEBIT,Walmart,Delhi,-0.31957129388294536,97,0,NORMAL
2896,70,2026-02-04 03:35:00,1912.56,DEBIT,Netflix,Pune,-0.6853193624633858,90,0,NORMAL
2897,44,2026-05-07 00:20:00,3949.03,DEBIT,Netflix,Bangalore,-0.023892882918352835,99,0,NORMAL
2898,88,2026-05-12 13:29:00,2736.09,DEBIT,Swiggy,Delhi,-0.14961072132834732,104,0,NORMAL
2899,5,2026-01-07 23:57:00,1009.44,DEBIT,Swiggy,Ludhiana,-0.9521287168263324,87,0,NORMAL
2900,55,2026-07-19 08:06:00,4395.54,CREDIT,Amazon,Delhi,1.4423552035736722,118,0,NORMAL
2901,70,2026-03-29 23:26:00,1834.92,CREDIT,Myntra,Ludhiana,-0.7453310568903655,90,0,NORMAL
2902,35,2026-03-21 07:12:00,3888.4,DEBIT,Netflix,Ludhiana,0.7576910227838141,103,0,NORMAL
2903,37,2026-01-08 11:13:00,1444.81,CREDIT,Amazon,Chandigarh,-0.8240221011191307,87,0,NORMAL
2904,63,2026-02-27 05:25:00,778.23,CREDIT,Flipkart,Bangalore,-1.2714884222672336,88,0,NORMAL
2905,2,2026-03-19 08:59:00,1014.25,DEBIT,Swiggy,Bangalore,-1.306539752785177,117,0,NORMAL
2906,33,2026-04-15 01:57:00,707.49,DEBIT,Walmart,Chandigarh,-0.362082197014433,91,0,NORMAL
2907,69,2026-02-24 09:55:00,1143.14,DEBIT,Netflix,Hyderabad,-0.32167244379552135,112,0,NORMAL
2908,29,2026-01-26 09:25:00,1557.93,CREDIT,Amazon,Pune,-0.670112779103991,99,0,NORMAL
2909,5,2026-01-17 21:24:00,2062.64,CREDIT,Flipkart,Mumbai,-0.2507408556601911,87,0,NORMAL
2910,1,2026-07-22 08:31:00,1975.73,CREDIT,Swiggy,Ludhiana,-0.2343221963901459,112,0,NORMAL
2911,33,2026-05-23 22:26:00,2092.57,DEBIT,Myntra,Mumbai,-0.21654452865699492,91,0,NORMAL
2912,18,2026-05-02 19:00:00,4712.28,DEBIT,Myntra,Bangalore,1.128493979127649,96,0,NORMAL
2913,97,2026-04-28 16:50:00,2631.09,DEBIT,Local Store,Hyderabad,-0.2484898857043823,96,0,NORMAL
2914,24,2026-06-04 04:34:00,743.38,DEBIT,Apple,Mumbai,-1.3014203467272354,95,0,NORMAL
2915,51,2026-03-07 05:42:00,834.68,DEBIT,Amazon,Pune,-0.4341788615387533,108,0,NORMAL
2916,19,2026-03-09 21:59:00,2421.76,DEBIT,Walmart,Bangalore,-0.29913890506395846,98,0,NORMAL
2917,60,2026-06-11 23:44:00,6386.08,DEBIT,Walmart,Delhi,0.695861231359798,106,0,NORMAL
2918,45,2026-07-20 12:21:00,3234.78,DEBIT,Amazon,Mumbai,-0.024807878328774333,97,0,NORMAL
2919,25,2026-03-04 05:29:00,2710.29,CREDIT,Walmart,Bangalore,-0.01983103205904681,97,0,NORMAL
2920,68,2026-06-27 23:29:00,3913.82,DEBIT,Amazon,Pune,0.17655652236091052,100,0,NORMAL
2921,47,2026-03-18 23:33:00,1846.37,DEBIT,Shell,Bangalore,-0.26604138705996416,103,0,NORMAL
2922,43,2026-04-24 22:34:00,3494.1,DEBIT,Local Store,Pune,0.08151615698458956,97,0,NORMAL
2923,60,2026-07-22 10:30:00,2223.67,DEBIT,Shell,Delhi,-0.24534584915563573,106,0,NORMAL
2924,91,2026-05-04 16:04:00,778.88,CREDIT,Netflix,Chandigarh,-0.4036124955523698,100,0,NORMAL
2925,69,2026-05-17 16:37:00,3335.47,DEBIT,Local Store,Mumbai,-0.11374176766996431,112,0,NORMAL
2926,66,2026-03-04 18:15:00,2435.57,DEBIT,Shell,Bangalore,-0.2744156040364902,95,0,NORMAL
2927,43,2026-07-07 02:38:00,4677.0,DEBIT,Uber,Mumbai,0.31940866826440545,97,0,NORMAL
2928,93,2026-01-20 15:38:00,4192.07,DEBIT,Uber,Ludhiana,0.8549449864614055,100,0,NORMAL
2929,28,2026-03-25 05:52:00,2153.31,CREDIT,Uber,Pune,-0.49565397165494796,98,0,NORMAL
2930,20,2026-04-12 11:42:00,704.95,DEBIT,Myntra,Bangalore,-0.3623686589780814,98,0,NORMAL
2931,84,2026-02-09 22:37:00,1859.92,DEBIT,Walmart,Chandigarh,-0.24140579532508075,95,0,NORMAL
2932,47,2026-01-04 17:11:00,4046.06,DEBIT,Uber,Pune,0.21733999403911458,103,0,NORMAL
2933,81,2026-04-11 20:26:00,4745.07,CREDIT,Uber,Mumbai,0.11592346618065716,105,0,NORMAL
2934,17,2026-05-11 18:31:00,1364.63,DEBIT,Uber,Pune,-0.27739495640163175,97,0,NORMAL
2935,14,2026-02-17 13:34:00,1573.35,CREDIT,Shell,Delhi,-0.2934021271276434,112,0,NORMAL
2936,54,2026-04-03 06:49:00,1866.42,DEBIT,Swiggy,Mumbai,-0.300718056128444,89,0,NORMAL
2937,1,2026-03-26 00:50:00,3941.6,CREDIT,Myntra,Chandigarh,-0.02366313882637639,112,0,NORMAL
2938,59,2026-02-04 22:27:00,1671.04,CREDIT,Local Store,Ludhiana,-0.2839493824710757,92,0,NORMAL
2939,29,2026-02-02 15:27:00,1147.21,DEBIT,Swiggy,Pune,-0.9349040947401436,99,0,NORMAL
2940,88,2026-04-19 16:39:00,5016.18,DEBIT,Swiggy,Hyderabad,0.08646995592020489,104,0,NORMAL
2941,78,2026-03-21 10:23:00,896.39,CREDIT,Walmart,Hyderabad,-0.6979245917001335,102,0,NORMAL
2942,4,2026-07-17 01:11:00,1497.51,CREDIT,Apple,Delhi,-0.9052604197789759,105,0,NORMAL
2943,80,2026-03-15 22:03:00,2622.27,CREDIT,Walmart,Chandigarh,-0.15229222992666444,84,0,NORMAL
2944,63,2026-05-28 18:28:00,718.15,DEBIT,Shell,Bangalore,-1.320053637087749,88,0,NORMAL
2945,54,2026-01-15 18:35:00,5281.14,CREDIT,Swiggy,Mumbai,0.1321625980719918,89,0,NORMAL
2946,90,2026-07-27 15:36:00,1926.11,DEBIT,Shell,Hyderabad,-0.23951227432992284,93,0,NORMAL
2947,51,2026-04-03 17:54:00,2781.5,CREDIT,Apple,Pune,-0.1324394194849601,108,0,NORMAL
2948,5,2026-03-13 11:42:00,2788.18,DEBIT,Apple,Ludhiana,0.2324389286072625,87,0,NORMAL
2949,99,2026-05-18 05:39:00,1403.92,DEBIT,Uber,Chandigarh,-0.472213600950437,103,0,NORMAL
2950,25,2026-02-19 00:56:00,1360.19,DEBIT,Swiggy,Hyderabad,-0.8983430488451144,97,0,NORMAL
2951,16,2026-02-20 01:00:00,1067.29,CREDIT,Flipkart,Pune,-0.5162250660170812,95,0,NORMAL
2952,72,2026-02-25 02:07:00,3492.97,DEBIT,Walmart,Pune,0.3724939361041618,98,0,NORMAL
2953,66,2026-06-29 11:49:00,2560.59,DEBIT,Local Store,Pune,-0.19022361280954553,95,0,NORMAL
2954,80,2026-05-29 09:20:00,498.81,DEBIT,Uber,Pune,-0.47068589675085637,84,0,NORMAL
2955,31,2026-07-27 20:32:00,4997.45,DEBIT,Swiggy,Bangalore,0.21128326838397243,104,0,NORMAL
2956,29,2026-03-29 04:06:00,1100.53,DEBIT,Uber,Pune,-0.9649987057011283,99,0,NORMAL
2957,37,2026-01-21 23:20:00,5517.81,DEBIT,Flipkart,Ludhiana,1.9140588106616025,87,0,NORMAL
2958,31,2026-03-15 15:47:00,1472.75,DEBIT,Amazon,Hyderabad,-0.279723487879122,104,0,NORMAL
2959,89,2026-07-12 14:29:00,2245.09,CREDIT,Myntra,Chandigarh,-0.2055417711467754,103,0,NORMAL
2960,4,2026-05-15 15:19:00,2673.37,DEBIT,Myntra,Hyderabad,0.03606352593463708,105,0,NORMAL
2961,94,2026-06-15 03:01:00,1944.52,DEBIT,Swiggy,Ludhiana,-0.2962040555948289,103,0,NORMAL
2962,92,2026-04-08 16:00:00,2949.79,CREDIT,Flipkart,Mumbai,-0.0962244919184053,119,0,NORMAL
2963,47,2026-04-09 14:45:00,3410.67,CREDIT,Swiggy,Chandigarh,0.0777131849266744,103,0,NORMAL
2964,94,2026-01-24 03:35:00,3573.01,DEBIT,Swiggy,Mumbai,-0.022738165153567896,103,0,NORMAL
2965,36,2026-01-03 21:12:00,1166.07,DEBIT,Local Store,Bangalore,-0.3198776779362977,85,0,NORMAL
2966,80,2026-02-01 20:55:00,5477.52,DEBIT,Flipkart,Mumbai,0.2758267443887331,84,0,NORMAL
2967,98,2026-05-19 19:44:00,2926.19,DEBIT,Swiggy,Bangalore,0.12306213716898058,114,0,NORMAL
2968,58,2026-03-29 05:02:00,1769.81,CREDIT,Amazon,Chandigarh,-0.2744194429440535,99,0,NORMAL
2969,36,2026-04-07 17:40:00,815.98,CREDIT,Uber,Chandigarh,-0.36727050921566484,85,0,NORMAL
2970,16,2026-04-07 09:36:00,6076.93,DEBIT,Shell,Ludhiana,0.9258465216741563,95,0,NORMAL
2971,26,2026-04-20 14:09:00,2382.43,CREDIT,Flipkart,Bangalore,-0.19285339431990592,98,0,NORMAL
2972,28,2026-07-26 06:46:00,2397.2,DEBIT,Swiggy,Mumbai,-0.32928253132940105,98,0,NORMAL
2973,85,2026-01-07 13:54:00,4345.88,DEBIT,Amazon,Ludhiana,0.8644659941017722,89,0,NORMAL
2974,83,2026-07-13 06:27:00,5847.67,DEBIT,Flipkart,Mumbai,0.42142577138868414,101,0,NORMAL
2975,19,2026-07-22 18:58:00,6360.79,DEBIT,Apple,Bangalore,2.3144270008640344,98,40,REVIEW
2976,21,2026-04-12 17:05:00,1719.9,CREDIT,Uber,Chandigarh,-0.3027617638726707,122,10,NORMAL
2977,65,2026-07-01 08:04:00,3967.99,DEBIT,Amazon,Delhi,0.060040102173827846,112,0,NORMAL
2978,64,2026-01-10 05:12:00,2033.55,CREDIT,Shell,Chandigarh,-0.43163642260020396,110,0,NORMAL
2979,44,2026-06-14 22:04:00,4775.77,DEBIT,Uber,Ludhiana,0.07048548634725277,99,0,NORMAL
2980,56,2026-03-10 13:23:00,1932.36,DEBIT,Netflix,Chandigarh,-0.2913653473307207,101,0,NORMAL
2981,1,2026-05-11 00:28:00,1307.46,DEBIT,Uber,Hyderabad,-0.3059327954623838,112,0,NORMAL
2982,57,2026-05-14 19:09:00,3798.97,DEBIT,Flipkart,Pune,0.03309352537838026,107,0,NORMAL
2983,67,2026-03-06 20:58:00,3650.3,DEBIT,Uber,Delhi,-0.01982369621132659,98,0,NORMAL
2984,40,2026-03-12 22:46:00,1359.82,DEBIT,Walmart,Chandigarh,-0.3172927065595287,109,0,NORMAL
2985,4,2026-03-21 05:33:00,3372.2,CREDIT,Swiggy,Ludhiana,0.5955054773430055,105,0,NORMAL
2986,81,2026-03-01 21:14:00,4793.83,DEBIT,Amazon,Mumbai,0.12262431568717766,105,0,NORMAL
2987,16,2026-05-23 06:33:00,1159.1,DEBIT,Uber,Pune,-0.48979670141085546,95,0,NORMAL
2988,4,2026-06-26 10:50:00,2686.0,DEBIT,Netflix,Bangalore,0.04617435667499991,105,0,NORMAL
2989,17,2026-03-19 15:02:00,4587.19,CREDIT,Netflix,Mumbai,0.09415029019723885,97,0,NORMAL
2990,22,2026-06-11 04:19:00,1120.89,DEBIT,Netflix,Pune,-0.4166353313799504,108,0,NORMAL
2991,79,2026-05-13 09:06:00,896.26,DEBIT,Myntra,Pune,-1.2357094463560903,122,10,NORMAL
2992,89,2026-03-22 20:23:00,4026.19,CREDIT,Flipkart,Mumbai,0.13149824914607547,103,0,NORMAL
2993,17,2026-06-20 22:55:00,1114.74,CREDIT,Swiggy,Delhi,-0.30620603879345437,97,0,NORMAL
2994,7,2026-07-06 05:07:00,3373.94,DEBIT,Uber,Chandigarh,0.014318423846621329,93,0,NORMAL
2995,78,2026-03-14 18:46:00,3867.95,CREDIT,Swiggy,Delhi,0.17294833816094599,102,0,NORMAL
2996,13,2026-05-25 08:01:00,503.55,DEBIT,Walmart,Bangalore,-1.5629650350715156,101,0,NORMAL
2997,83,2026-07-23 06:17:00,4913.85,CREDIT,Shell,Pune,0.27596276695078453,101,0,NORMAL
2998,24,2026-06-29 11:51:00,2632.45,CREDIT,Swiggy,Pune,-0.09710531148551657,95,0,NORMAL
2999,98,2026-04-29 01:52:00,2143.28,DEBIT,Myntra,Hyderabad,-0.4543350892897673,114,0,NORMAL
3000,34,2026-03-20 21:28:00,723.83,DEBIT,Uber,Mumbai,-1.5181840974775742,118,0,NORMAL
3001,21,2026-04-17 07:51:00,2994.89,CREDIT,Apple,Mumbai,-0.09785472606219738,122,10,NORMAL
3002,45,2026-07-26 02:25:00,2964.69,DEBIT,Uber,Pune,-0.06490046485004929,97,0,NORMAL
3003,86,2026-05-09 19:01:00,4422.12,DEBIT,Swiggy,Delhi,1.052676977216932,76,0,NORMAL
3004,49,2026-05-03 21:24:00,1168.58,CREDIT,Netflix,Bangalore,-0.8711177517761866,95,0,NORMAL
3005,84,2026-06-24 07:43:00,459.28,DEBIT,Netflix,Delhi,-0.41359339432970044,95,0,NORMAL
3006,83,2026-05-25 11:27:00,1323.71,DEBIT,Myntra,Bangalore,-0.2832805034361006,101,0,NORMAL
3007,14,2026-07-23 11:39:00,5793.8,DEBIT,Apple,Hyderabad,0.300732084750488,112,0,NORMAL
3008,16,2026-01-05 22:25:00,3490.11,DEBIT,Walmart,Mumbai,0.18120626319820857,95,0,NORMAL
3009,100,2026-05-26 09:06:00,2077.96,CREDIT,Netflix,Ludhiana,-0.42903515265293213,87,0,NORMAL
3010,93,2026-01-24 00:45:00,2762.23,DEBIT,Flipkart,Pune,-0.09292079742833691,100,0,NORMAL
3011,36,2026-03-05 10:52:00,4911.46,DEBIT,Walmart,Bangalore,0.18714804786400854,85,0,NORMAL
3012,12,2026-01-27 05:19:00,2574.83,DEBIT,Walmart,Ludhiana,-0.17819849817098604,99,0,NORMAL
3013,99,2026-02-03 06:00:00,3961.86,DEBIT,Local Store,Pune,0.3231439940131111,103,0,NORMAL
3014,49,2026-04-27 21:17:00,3866.23,DEBIT,Myntra,Ludhiana,1.1957324321040876,95,0,NORMAL
3015,64,2026-02-19 21:53:00,2348.93,DEBIT,Amazon,Bangalore,-0.2228870409259961,110,0,NORMAL
3016,22,2026-01-06 10:16:00,3097.1,DEBIT,Walmart,Ludhiana,-0.0888234992280788,108,0,NORMAL
3017,84,2026-01-27 16:25:00,3393.13,DEBIT,Netflix,Ludhiana,-0.052920710885201165,95,0,NORMAL
3018,32,2026-05-27 22:07:00,4961.32,DEBIT,Myntra,Ludhiana,0.6471389824994014,107,0,NORMAL
3019,73,2026-03-20 12:06:00,2496.65,DEBIT,Walmart,Mumbai,0.08782853885306104,111,0,NORMAL
3020,55,2026-01-30 02:12:00,3194.83,DEBIT,Local Store,Hyderabad,0.5237778533016841,118,0,NORMAL
3021,24,2026-05-04 11:15:00,856.73,DEBIT,Local Store,Ludhiana,-1.2291577470116881,95,0,NORMAL
3022,69,2026-06-03 01:07:00,2288.35,DEBIT,Flipkart,Mumbai,-0.21305545200790307,112,0,NORMAL
3023,82,2026-04-23 10:03:00,6379.38,CREDIT,Netflix,Delhi,0.4941887963716913,107,0,NORMAL
3024,78,2026-04-30 17:14:00,786.4,CREDIT,Apple,Mumbai,-0.7301592810738698,102,0,NORMAL
3025,4,2026-03-08 03:37:00,3803.77,DEBIT,Netflix,Delhi,0.9409948853096207,105,0,NORMAL
3026,19,2026-01-26 05:08:00,432.33,DEBIT,Flipkart,Hyderabad,-1.619135559121005,98,0,NORMAL
3027,4,2026-07-24 23:55:00,3018.06,CREDIT,Myntra,Hyderabad,0.31200194619557403,105,0,NORMAL
3028,37,2026-01-01 10:24:00,2715.48,DEBIT,Uber,Chandigarh,0.030187884683084948,87,0,NORMAL
3029,72,2026-06-30 17:42:00,2308.52,CREDIT,Swiggy,Bangalore,-0.36228380320988646,98,0,NORMAL
3030,74,2026-04-23 16:32:00,3255.45,DEBIT,Walmart,Chandigarh,-0.1157545954148558,119,0,NORMAL
3031,26,2026-05-01 09:03:00,1742.95,DEBIT,Amazon,Delhi,-0.6037032413728928,98,0,NORMAL
3032,53,2026-03-22 07:33:00,2100.1,DEBIT,Myntra,Mumbai,-0.2529192184257255,105,0,NORMAL
3033,5,2026-03-09 21:24:00,2675.9,DEBIT,Myntra,Chandigarh,0.1576650688923611,87,0,NORMAL
3034,11,2026-05-11 09:04:00,1124.68,DEBIT,Uber,Ludhiana,-0.35623292425109615,118,0,NORMAL
3035,90,2026-06-19 15:32:00,2134.59,DEBIT,Amazon,Mumbai,-0.2222008248771352,93,0,NORMAL
3036,48,2026-02-28 15:43:00,2223.01,DEBIT,Myntra,Chandigarh,-0.23009525631592187,102,0,NORMAL
3037,87,2026-04-16 13:53:00,1103.91,CREDIT,Shell,Ludhiana,-1.100511894217792,85,0,NORMAL
3038,72,2026-05-24 06:12:00,7296.77,CREDIT,Flipkart,Bangalore,2.732194695783994,98,40,REVIEW
3039,53,2026-04-17 08:55:00,3487.48,CREDIT,Netflix,Bangalore,0.047880172041660174,105,0,NORMAL
3040,91,2026-04-22 04:12:00,2768.92,DEBIT,Local Store,Delhi,-0.16465612307042887,100,0,NORMAL
3041,51,2026-04-05 02:37:00,2605.83,DEBIT,Apple,Ludhiana,-0.15966667613199984,108,0,NORMAL
3042,58,2026-04-09 04:08:00,1580.81,DEBIT,Swiggy,Bangalore,-0.3070622680172627,99,0,NORMAL
3043,3,2026-02-23 04:40:00,2396.08,DEBIT,Netflix,Delhi,-0.18495955211803475,94,0,NORMAL
3044,76,2026-06-23 16:20:00,1330.24,DEBIT,Netflix,Ludhiana,-0.40981140326814997,74,0,NORMAL
3045,86,2026-04-09 03:52:00,2828.16,DEBIT,Walmart,Mumbai,0.0121132715423366,76,0,NORMAL
3046,21,2026-07-27 21:32:00,576.15,DEBIT,Myntra,Mumbai,-0.48657687183095183,122,10,NORMAL
3047,8,2026-04-29 23:49:00,4383.03,DEBIT,Apple,Hyderabad,0.034526181069292367,91,0,NORMAL
3048,67,2026-05-31 07:05:00,2454.94,DEBIT,Flipkart,Bangalore,-0.19274350002682436,98,0,NORMAL
3049,61,2026-01-04 16:47:00,5303.31,DEBIT,Amazon,Bangalore,0.5548722066968134,81,0,NORMAL
3050,36,2026-05-19 21:36:00,4024.91,CREDIT,Walmart,Mumbai,0.06713286727980727,85,0,NORMAL
3051,93,2026-05-10 12:46:00,1867.97,DEBIT,Walmart,Mumbai,-0.6857412919600615,100,0,NORMAL
3052,100,2026-06-18 00:23:00,824.49,DEBIT,Flipkart,Hyderabad,-1.31073633808119,87,0,NORMAL
3053,51,2026-05-03 20:05:00,2938.23,DEBIT,Myntra,Delhi,-0.1081476910493107,108,0,NORMAL
3054,72,2026-01-29 17:16:00,4443.91,CREDIT,Local Store,Ludhiana,0.9624129224888139,98,0,NORMAL
3055,28,2026-04-05 10:27:00,4671.53,DEBIT,Flipkart,Chandigarh,1.222169179997842,98,0,NORMAL
3056,50,2026-07-17 08:24:00,1848.53,DEBIT,Shell,Bangalore,-0.24324931405430003,118,0,NORMAL
3057,7,2026-02-27 08:52:00,4276.48,CREDIT,Uber,Delhi,0.17077936428345114,93,0,NORMAL
3058,32,2026-03-08 16:03:00,1586.98,DEBIT,Apple,Chandigarh,-0.42398525840439666,107,0,NORMAL
3059,27,2026-06-01 08:18:00,4074.82,DEBIT,Shell,Pune,0.9357808315650111,90,0,NORMAL
3060,89,2026-07-16 16:58:00,3611.96,DEBIT,Amazon,Delhi,0.05311293242836865,103,0,NORMAL
3061,71,2026-02-21 06:55:00,5531.41,DEBIT,Local Store,Hyderabad,1.9763146720358102,99,0,NORMAL
3062,36,2026-01-19 05:58:00,2158.76,DEBIT,Uber,Hyderabad,-0.18549397750865032,85,0,NORMAL
3063,84,2026-01-24 10:50:00,767.33,CREDIT,Myntra,Bangalore,-0.3757232850415371,95,0,NORMAL
3064,25,2026-04-26 23:25:00,3745.38,DEBIT,Amazon,Mumbai,0.6537035234961646,97,0,NORMAL
3065,30,2026-02-28 23:27:00,3093.52,DEBIT,Shell,Ludhiana,0.008295960338893854,92,0,NORMAL
3066,36,2026-06-13 06:39:00,1845.51,DEBIT,Flipkart,Pune,-0.22789965718605268,85,0,NORMAL
3067,97,2026-02-25 19:42:00,5069.76,DEBIT,Local Store,Hyderabad,1.4861539940717847,96,0,NORMAL
3068,30,2026-05-01 05:14:00,618.42,DEBIT,Swiggy,Ludhiana,-0.5395358423677609,92,0,NORMAL
3069,14,2026-04-03 08:19:00,1660.89,DEBIT,Swiggy,Chandigarh,-0.28107867609568904,112,0,NORMAL
3070,57,2026-06-05 17:57:00,703.79,DEBIT,Myntra,Bangalore,-0.4302328417437941,107,0,NORMAL
3071,2,2026-05-07 11:23:00,1512.12,DEBIT,Flipkart,Mumbai,-0.9490634341676782,117,0,NORMAL
3072,96,2026-05-15 18:48:00,899.78,DEBIT,Netflix,Delhi,-1.212450809927805,96,0,NORMAL
3073,11,2026-04-05 01:11:00,5135.92,DEBIT,Myntra,Mumbai,0.20603412368387322,118,0,NORMAL
3074,31,2026-02-17 23:46:00,731.83,DEBIT,Amazon,Mumbai,-0.38293701693136817,104,0,NORMAL
3075,70,2026-01-06 23:10:00,2947.52,DEBIT,Walmart,Chandigarh,0.11465105567348943,90,0,NORMAL
3076,92,2026-02-18 04:57:00,1576.3,DEBIT,Apple,Delhi,-0.38321684133735207,119,0,NORMAL
3077,48,2026-04-05 06:40:00,883.3,CREDIT,Shell,Chandigarh,-0.3882461343780907,102,0,NORMAL
3078,94,2026-06-23 09:51:00,2523.87,DEBIT,Myntra,Bangalore,-0.19891609949614575,103,0,NORMAL
3079,34,2026-03-08 14:00:00,1559.94,CREDIT,Apple,Delhi,-0.9233633231003814,118,0,NORMAL
3080,50,2026-07-15 10:49:00,1423.06,DEBIT,Myntra,Mumbai,-0.2963319653154762,118,0,NORMAL
3081,87,2026-03-07 11:48:00,3073.31,CREDIT,Uber,Bangalore,0.028130673858324372,85,0,NORMAL
3082,77,2026-05-05 23:17:00,842.61,CREDIT,Swiggy,Chandigarh,-1.186733070024488,84,0,NORMAL
3083,98,2026-02-23 16:17:00,2527.16,DEBIT,Netflix,Chandigarh,-0.17122304921749334,114,0,NORMAL
3084,32,2026-01-28 18:47:00,1529.39,DEBIT,Uber,Delhi,-0.44226618001681556,107,0,NORMAL
3085,17,2026-03-04 18:04:00,59336.31,DEBIT,Swiggy,Mumbai,6.406453332334906,97,90,HIGH
3086,90,2026-06-01 10:26:00,2026.34,DEBIT,Local Store,Delhi,-0.2311895259672362,93,0,NORMAL
3087,86,2026-06-26 11:38:00,5071.38,CREDIT,Apple,Pune,1.4765247472652947,76,0,NORMAL
3088,5,2026-02-24 23:54:00,4030.5,CREDIT,Flipkart,Delhi,1.0597729275475596,87,0,NORMAL
3089,76,2026-04-26 21:41:00,3483.01,DEBIT,Walmart,Chandigarh,0.034543602679643036,74,0,NORMAL
3090,14,2026-06-29 05:10:00,946.7,DEBIT,Swiggy,Pune,-0.38161883479470043,112,0,NORMAL
3091,33,2026-04-16 07:36:00,1383.43,DEBIT,Uber,Mumbai,-0.2910576124781414,91,0,NORMAL
3092,15,2026-04-27 16:35:00,2067.82,DEBIT,Apple,Ludhiana,-0.23270892692688022,91,0,NORMAL
3093,83,2026-01-01 13:10:00,3394.62,DEBIT,Shell,Hyderabad,0.03930927887793288,101,0,NORMAL
3094,26,2026-04-20 23:16:00,1209.84,DEBIT,Myntra,Hyderabad,-0.9462130336453922,98,0,NORMAL
3095,3,2026-05-01 08:46:00,2167.86,DEBIT,Amazon,Bangalore,-0.21290686646293827,94,0,NORMAL
3096,60,2026-05-17 05:43:00,446.66,DEBIT,Local Store,Pune,-0.647164601788541,106,0,NORMAL
3097,49,2026-04-25 00:58:00,3794.59,CREDIT,Netflix,Hyderabad,1.140844234163961,95,0,NORMAL
3098,88,2026-03-08 03:21:00,2295.04,DEBIT,Swiggy,Chandigarh,-0.19527706901658506,104,0,NORMAL
3099,82,2026-05-31 18:35:00,4411.35,DEBIT,Netflix,Bangalore,0.1656171678432417,107,0,NORMAL
3100,24,2026-04-27 02:38:00,3632.48,DEBIT,Uber,Mumbai,0.5404312354358661,95,0,NORMAL
3101,46,2026-07-17 14:30:00,3363.44,DEBIT,Walmart,Mumbai,0.012015387929627004,94,0,NORMAL
3102,78,2026-02-27 09:43:00,1114.61,DEBIT,Uber,Ludhiana,-0.6339710148737243,102,0,NORMAL
3103,37,2026-05-30 11:06:00,800.55,CREDIT,Netflix,Delhi,-1.2571269398679288,87,0,NORMAL
3104,20,2026-05-27 10:40:00,4580.55,DEBIT,Netflix,Chandigarh,0.04722150245203703,98,0,NORMAL
3105,32,2026-04-19 00:14:00,2515.12,DEBIT,Uber,Delhi,-0.12936371672440852,107,0,NORMAL
3106,56,2026-04-05 09:00:00,1884.22,DEBIT,Local Store,Ludhiana,-0.30390064383058996,101,0,NORMAL
3107,4,2026-02-08 22:42:00,3043.04,DEBIT,Netflix,Pune,0.3319994562426256,105,0,NORMAL
3108,69,2026-04-10 06:06:00,3781.12,DEBIT,Local Store,Ludhiana,-0.07147426879189643,112,0,NORMAL
3109,29,2026-02-25 06:47:00,4604.98,DEBIT,Walmart,Hyderabad,1.294321332478446,99,0,NORMAL
3110,23,2026-04-18 19:07:00,5569.19,DEBIT,Shell,Pune,1.9490910564965898,96,0,NORMAL
3111,15,2026-07-15 01:45:00,1886.6,DEBIT,Myntra,Chandigarh,-0.2735859138989079,91,0,NORMAL
3112,39,2026-02-09 22:52:00,3977.07,DEBIT,Shell,Bangalore,0.22292852924229842,101,0,NORMAL
3113,34,2026-02-18 15:06:00,3606.01,DEBIT,Amazon,Delhi,0.5322405350402255,118,0,NORMAL
3114,50,2026-07-01 06:05:00,1399.89,CREDIT,Myntra,Pune,-0.29922270973863513,118,0,NORMAL
3115,68,2026-05-22 03:55:00,3059.31,CREDIT,Swiggy,Bangalore,-0.028665716940737038,100,0,NORMAL
3116,52,2026-02-13 05:40:00,2848.65,CREDIT,Local Store,Chandigarh,-0.03350462921953767,116,0,NORMAL
3117,93,2026-06-08 18:51:00,1033.05,DEBIT,Uber,Mumbai,-1.239224269275862,100,0,NORMAL
3118,10,2026-01-24 06:55:00,1576.8,DEBIT,Amazon,Bangalore,-0.31713244255841566,91,0,NORMAL
3119,21,2026-06-26 19:12:00,1832.2,DEBIT,Shell,Ludhiana,-0.28471373185193627,122,10,NORMAL
3120,99,2026-02-02 18:50:00,3989.97,CREDIT,Myntra,Hyderabad,0.3318844265464876,103,0,NORMAL
3121,79,2026-04-12 02:26:00,2801.48,DEBIT,Local Store,Pune,0.07228447212163937,122,10,NORMAL
3122,68,2026-03-14 12:18:00,722.14,DEBIT,Walmart,Pune,-0.5899689913654149,100,0,NORMAL
3123,71,2026-03-03 04:48:00,619.57,DEBIT,Amazon,Delhi,-1.3311860154664916,99,0,NORMAL
3124,1,2026-02-28 17:24:00,2604.25,DEBIT,Shell,Bangalore,-0.16697113509922615,112,0,NORMAL
3125,25,2026-01-17 21:33:00,3072.8,DEBIT,Flipkart,Hyderabad,0.21605474766476446,97,0,NORMAL
3126,23,2026-03-27 12:57:00,1894.56,CREDIT,Shell,Pune,-0.5172947889668194,96,0,NORMAL
3127,1,2026-03-04 05:29:00,4048.05,DEBIT,Local Store,Hyderabad,-0.012256150227098044,112,0,NORMAL
3128,79,2026-07-14 10:00:00,742.98,DEBIT,Swiggy,Mumbai,-1.3409410247692217,122,10,NORMAL
3129,59,2026-07-22 08:44:00,5665.12,DEBIT,Netflix,Hyderabad,0.28233164081835405,92,0,NORMAL
3130,65,2026-03-16 05:14:00,2593.29,DEBIT,Netflix,Hyderabad,-0.12260421157496831,112,0,NORMAL
3131,62,2026-07-17 10:57:00,2320.67,DEBIT,Swiggy,Mumbai,-0.2053385467177591,102,0,NORMAL
3132,51,2026-07-21 00:45:00,1791.25,DEBIT,Apple,Hyderabad,-0.2859191877705585,108,0,NORMAL
3133,14,2026-02-27 02:35:00,568.95,DEBIT,Netflix,Mumbai,-0.43479662354636534,112,0,NORMAL
3134,92,2026-07-16 19:31:00,3451.29,DEBIT,Shell,Pune,0.008564522368995258,119,0,NORMAL
3135,29,2026-01-24 01:07:00,2399.3,DEBIT,Shell,Chandigarh,-0.1276812704441018,99,0,NORMAL
3136,42,2026-01-08 04:52:00,5076.89,CREDIT,Swiggy,Chandigarh,0.3826772052681012,104,0,NORMAL
3137,64,2026-05-15 19:09:00,1893.1,DEBIT,Local Store,Mumbai,-0.5245999924402145,110,0,NORMAL
3138,1,2026-07-10 06:57:00,2643.14,CREDIT,Walmart,Hyderabad,-0.16280375335544098,112,0,NORMAL
3139,84,2026-06-11 20:55:00,4166.29,DEBIT,Swiggy,Delhi,0.04212766988816796,95,0,NORMAL
3140,59,2026-05-09 06:49:00,5089.38,DEBIT,Local Store,Chandigarh,0.200703171596742,92,0,NORMAL
3141,75,2026-07-01 03:02:00,3498.0,DEBIT,Uber,Pune,-0.04667511588941856,89,0,NORMAL
3142,87,2026-02-24 20:37:00,434.36,DEBIT,Swiggy,Chandigarh,-1.4842240052441777,85,0,NORMAL
3143,48,2026-05-09 20:26:00,4121.88,CREDIT,Local Store,Hyderabad,-0.005936328021059162,102,0,NORMAL
3144,13,2026-04-23 03:45:00,810.74,DEBIT,Local Store,Ludhiana,-1.3512108297378786,101,0,NORMAL
3145,76,2026-04-10 08:00:00,3712.05,DEBIT,Swiggy,Pune,0.08181993529403402,74,0,NORMAL
3146,82,2026-04-19 10:45:00,504.13,DEBIT,Uber,Ludhiana,-0.4867111190319223,107,0,NORMAL
3147,78,2026-05-31 00:09:00,581.75,CREDIT,Swiggy,Ludhiana,-0.7901359078611702,102,0,NORMAL
3148,39,2026-05-25 07:25:00,1004.07,DEBIT,Myntra,Delhi,-0.4859899874294269,101,0,NORMAL
3149,72,2026-07-01 07:51:00,545.73,DEBIT,Apple,Ludhiana,-1.455836803408638,98,0,NORMAL
3150,46,2026-04-14 11:36:00,2613.98,CREDIT,Swiggy,Bangalore,-0.11091977008955452,94,0,NORMAL
3151,10,2026-04-21 01:15:00,5360.84,DEBIT,Walmart,Chandigarh,0.14205805957044249,91,0,NORMAL
3152,60,2026-07-08 22:58:00,2102.16,CREDIT,Flipkart,Mumbai,-0.27282177592724893,106,0,NORMAL
3153,52,2026-04-17 15:59:00,2657.09,CREDIT,Local Store,Ludhiana,-0.07307051943820238,116,0,NORMAL
3154,4,2026-03-02 16:20:00,1574.9,DEBIT,Shell,Hyderabad,-0.8433065645931743,105,0,NORMAL
3155,51,2026-01-12 10:22:00,4126.33,CREDIT,Uber,Chandigarh,0.07599703270743703,108,0,NORMAL
3156,18,2026-05-26 17:07:00,5479.82,DEBIT,Apple,Ludhiana,1.6457952370170565,96,0,NORMAL
3157,78,2026-04-02 23:48:00,5977.28,DEBIT,Flipkart,Ludhiana,0.7911281484773693,102,0,NORMAL
3158,14,2026-07-16 11:18:00,4106.68,DEBIT,Local Store,Ludhiana,0.06322762159043803,112,0,NORMAL
3159,25,2026-07-16 22:04:00,4770.47,DEBIT,Shell,Mumbai,1.3207310646318067,97,0,NORMAL
3160,80,2026-02-08 14:07:00,2508.0,DEBIT,Shell,Bangalore,-0.1694259853578948,84,0,NORMAL
3161,54,2026-05-15 21:59:00,4988.23,CREDIT,Amazon,Delhi,0.09503068903644862,89,0,NORMAL
3162,1,2026-05-21 03:23:00,74885.46,DEBIT,Walmart,Bangalore,7.578552006394827,112,90,HIGH
3163,76,2026-05-11 03:19:00,4686.97,DEBIT,Swiggy,Bangalore,0.28305396512472764,74,0,NORMAL
3164,13,2026-03-11 18:04:00,2316.14,CREDIT,Myntra,Ludhiana,-0.31349872742576856,101,0,NORMAL
3165,86,2026-07-03 00:15:00,5442.63,DEBIT,Myntra,Pune,1.71888294680085,76,0,NORMAL
3166,3,2026-02-28 23:32:00,3386.9,DEBIT,Swiggy,Pune,-0.06362593543580991,94,0,NORMAL
3167,5,2026-02-14 17:42:00,566.99,DEBIT,Amazon,Mumbai,-1.2467822101542465,87,0,NORMAL
3168,35,2026-04-02 18:34:00,4061.08,DEBIT,Uber,Ludhiana,0.881701249967333,103,0,NORMAL
3169,77,2026-06-03 14:57:00,3980.7,DEBIT,Shell,Chandigarh,0.9216561168936221,84,0,NORMAL
3170,48,2026-05-18 13:31:00,1396.08,CREDIT,Uber,Hyderabad,-0.3277131778033701,102,0,NORMAL
3171,100,2026-06-23 22:05:00,957.86,DEBIT,Uber,Bangalore,-1.21692277485226,87,0,NORMAL
3172,55,2026-03-07 19:51:00,4769.67,DEBIT,Walmart,Ludhiana,1.7285753100583845,118,0,NORMAL
3173,2,2026-06-10 01:04:00,2145.42,DEBIT,Amazon,Bangalore,-0.4943468362998371,117,0,NORMAL
3174,64,2026-04-21 12:40:00,2535.67,CREDIT,Shell,Bangalore,-0.09928421407000763,110,0,NORMAL
3175,88,2026-03-04 03:47:00,3536.61,DEBIT,Walmart,Hyderabad,-0.06672482482820434,104,0,NORMAL
3176,30,2026-06-28 01:48:00,3275.3,DEBIT,Walmart,Mumbai,0.04853064382482,92,0,NORMAL
3177,37,2026-01-21 12:27:00,1865.33,DEBIT,Amazon,Pune,-0.541326843318484,87,0,NORMAL
3178,32,2026-02-03 06:42:00,2489.96,DEBIT,Walmart,Pune,-0.13735031140696555,107,0,NORMAL
3179,100,2026-06-18 16:30:00,3456.36,DEBIT,Myntra,Mumbai,0.5405428300624985,87,0,NORMAL
3180,55,2026-07-18 15:19:00,3315.91,DEBIT,Netflix,Ludhiana,0.6164075020686073,118,0,NORMAL
3181,45,2026-03-07 21:07:00,2845.88,DEBIT,Local Store,Pune,-0.08253680904862261,97,0,NORMAL
3182,40,2026-02-20 22:50:00,995.45,CREDIT,Flipkart,Delhi,-0.37924468973756664,109,0,NORMAL
3183,52,2026-06-13 08:09:00,724.76,DEBIT,Walmart,Delhi,-0.4721849308301026,116,0,NORMAL
3184,44,2026-01-18 04:07:00,4603.22,DEBIT,Flipkart,Bangalore,0.05078765194129653,99,0,NORMAL
3185,77,2026-05-14 07:13:00,731.15,DEBIT,Netflix,Bangalore,-1.2616197236175628,84,0,NORMAL
3186,99,2026-07-12 13:48:00,1212.86,DEBIT,Apple,Delhi,-0.5316211797418613,103,0,NORMAL
3187,60,2026-06-17 06:50:00,683.3,CREDIT,Netflix,Bangalore,-0.5936553983383349,106,0,NORMAL
3188,38,2026-01-14 08:13:00,3499.23,DEBIT,Flipkart,Mumbai,0.6392511348349219,95,0,NORMAL
3189,63,2026-06-03 09:14:00,3250.08,DEBIT,Walmart,Hyderabad,0.7266128802309549,88,0,NORMAL
3190,9,2026-07-09 18:00:00,3709.84,DEBIT,Local Store,Mumbai,0.16103645186138907,84,0,NORMAL
3191,55,2026-07-22 17:32:00,3318.65,CREDIT,Walmart,Bangalore,0.6185036801130522,118,0,NORMAL
3192,23,2026-01-04 12:15:00,2595.3,DEBIT,Apple,Hyderabad,-0.04696302295227366,96,0,NORMAL
3193,72,2026-06-12 01:57:00,2367.65,DEBIT,Apple,Chandigarh,-0.3256022989457641,98,0,NORMAL
3194,42,2026-04-30 05:11:00,4591.88,DEBIT,Netflix,Chandigarh,0.28072610005505744,104,0,NORMAL
3195,66,2026-06-24 04:01:00,364.31,DEBIT,Netflix,Bangalore,-1.6692604588494915,95,0,NORMAL
3196,36,2026-06-24 11:13:00,4247.89,DEBIT,Myntra,Pune,0.09731840105304652,85,0,NORMAL
3197,49,2026-04-24 00:14:00,3712.02,CREDIT,Netflix,Mumbai,1.0775818318200712,95,0,NORMAL
3198,51,2026-04-04 13:17:00,960.51,DEBIT,Swiggy,Pune,-0.4146763528355199,108,0,NORMAL
3199,56,2026-01-11 13:20:00,1793.66,DEBIT,Amazon,Delhi,-0.32748179154617285,101,0,NORMAL
3200,7,2026-06-24 15:36:00,2762.66,DEBIT,Netflix,Ludhiana,-0.09165077826101425,93,0,NORMAL
3201,3,2026-03-01 14:39:00,3059.09,DEBIT,Walmart,Pune,-0.10376882000071586,94,0,NORMAL
3202,11,2026-07-10 01:53:00,4617.96,DEBIT,Apple,Bangalore,0.1334301807264843,118,0,NORMAL
3203,22,2026-07-08 03:01:00,2350.53,DEBIT,Apple,Ludhiana,-0.21266381960375888,108,0,NORMAL
3204,97,2026-06-16 16:30:00,5956.92,CREDIT,Local Store,Bangalore,2.1171974170778594,96,40,REVIEW
3205,57,2026-06-28 12:07:00,1526.72,CREDIT,Flipkart,Pune,-0.3070460909584275,107,0,NORMAL
3206,91,2026-02-16 00:39:00,2676.95,CREDIT,Shell,Pune,-0.1756995280156381,100,0,NORMAL
3207,15,2026-06-18 11:39:00,4857.93,DEBIT,Shell,Ludhiana,0.39664373900692396,91,0,NORMAL
3208,85,2026-01-27 22:26:00,4737.5,CREDIT,Uber,Bangalore,1.1012953757449229,89,0,NORMAL
3209,68,2026-01-30 20:05:00,1907.54,DEBIT,Myntra,Delhi,-0.3052790024031173,100,0,NORMAL
3210,43,2026-04-06 15:26:00,2254.57,DEBIT,Flipkart,Hyderabad,-0.16776518928869652,97,0,NORMAL
3211,13,2026-02-28 05:01:00,4245.91,DEBIT,Shell,Chandigarh,1.0167428586502518,101,0,NORMAL
3212,67,2026-03-21 05:44:00,813.11,DEBIT,Amazon,Mumbai,-0.430249290331334,98,0,NORMAL
3213,68,2026-01-30 19:47:00,2779.25,DEBIT,Local Store,Mumbai,-0.0959259483468287,100,0,NORMAL
3214,79,2026-07-16 03:50:00,2537.72,DEBIT,Walmart,Bangalore,-0.10879512810179219,122,10,NORMAL
3215,44,2026-03-02 18:36:00,3219.92,CREDIT,Walmart,Chandigarh,-0.10712607934678946,99,0,NORMAL
3216,60,2026-02-23 19:33:00,2989.25,DEBIT,Shell,Hyderabad,-0.07223236040728903,106,0,NORMAL
3217,55,2026-02-02 13:27:00,3952.45,CREDIT,Flipkart,Pune,1.1033787328754892,118,0,NORMAL
3218,65,2026-06-19 04:25:00,2659.6,DEBIT,Amazon,Hyderabad,-0.1137941843365289,112,0,NORMAL
3219,86,2026-02-14 06:00:00,2271.86,DEBIT,Walmart,Ludhiana,-0.35104865815902175,76,0,NORMAL
3220,31,2026-04-01 12:28:00,4765.51,DEBIT,Shell,Mumbai,0.17897297047275676,104,0,NORMAL
3221,74,2026-02-14 03:36:00,4304.43,DEBIT,Netflix,Pune,0.0032870564270540952,119,0,NORMAL
3222,55,2026-07-13 08:59:00,922.96,DEBIT,Flipkart,Hyderabad,-1.2142674072211908,118,0,NORMAL
3223,69,2026-04-30 07:50:00,5089.74,DEBIT,Amazon,Mumbai,0.052641280140712475,112,0,NORMAL
3224,39,2026-05-26 19:16:00,999.37,DEBIT,Walmart,Bangalore,-0.4871107129687331,101,0,NORMAL
3225,90,2026-02-20 22:07:00,3399.1,CREDIT,Myntra,Delhi,-0.11720034066980377,93,0,NORMAL
3226,28,2026-05-26 23:29:00,3487.8,DEBIT,Local Store,Mumbai,0.4146786512489811,98,0,NORMAL
3227,27,2026-05-02 13:20:00,2144.82,DEBIT,Shell,Bangalore,-0.4347075544971759,90,0,NORMAL
3228,97,2026-05-14 12:25:00,3926.24,DEBIT,Apple,Chandigarh,0.6727598204436829,96,0,NORMAL
3229,86,2026-03-29 03:59:00,1141.75,CREDIT,Local Store,Chandigarh,-1.088803337962729,76,0,NORMAL
3230,73,2026-02-12 02:54:00,798.23,DEBIT,Walmart,Chandigarh,-1.0603654835485552,111,0,NORMAL
3231,38,2026-07-04 23:28:00,2140.97,DEBIT,Netflix,Chandigarh,-0.3502910949717227,95,0,NORMAL
3232,63,2026-02-27 16:11:00,1195.15,DEBIT,Shell,Ludhiana,-0.9344742850673449,88,0,NORMAL
3233,54,2026-04-01 19:03:00,4234.08,DEBIT,Apple,Mumbai,-0.0005721555204282147,89,0,NORMAL
3234,67,2026-04-04 08:40:00,689.1,CREDIT,Walmart,Hyderabad,-0.4481884759081978,98,0,NORMAL
3235,91,2026-06-18 03:30:00,5248.79,DEBIT,Flipkart,Pune,0.1331171575806087,100,0,NORMAL
3236,27,2026-04-20 02:03:00,2497.34,CREDIT,Swiggy,Hyderabad,-0.18438394524606597,90,0,NORMAL
3237,34,2026-07-23 23:14:00,630.38,DEBIT,Shell,Delhi,-1.5846657821429275,118,0,NORMAL
3238,18,2026-04-07 03:22:00,2956.17,DEBIT,Uber,Chandigarh,-0.05507679502375341,96,0,NORMAL
3239,54,2026-04-06 20:43:00,1909.85,CREDIT,Apple,Pune,-0.29521247827376634,89,0,NORMAL
3240,35,2026-03-25 17:02:00,3475.97,DEBIT,Local Store,Bangalore,0.4615042148309603,103,0,NORMAL
3241,28,2026-06-30 07:58:00,3310.1,DEBIT,Swiggy,Bangalore,0.2934592287804513,98,0,NORMAL
3242,89,2026-01-02 07:24:00,3320.74,CREDIT,Local Store,Mumbai,-0.0019950315880729467,103,0,NORMAL
3243,23,2026-06-15 10:07:00,2823.03,DEBIT,Apple,Hyderabad,0.10588775347620545,96,0,NORMAL
3244,41,2026-03-28 08:04:00,3111.37,DEBIT,Flipkart,Ludhiana,-0.035513856580062904,100,0,NORMAL
3245,96,2026-03-13 13:26:00,5380.45,DEBIT,Amazon,Pune,1.5783826686645008,96,0,NORMAL
3246,55,2026-02-13 14:59:00,5030.51,CREDIT,Walmart,Hyderabad,1.9281253396616571,118,0,NORMAL
3247,50,2026-01-13 18:50:00,5071.09,CREDIT,Netflix,Bangalore,0.15880495216474197,118,0,NORMAL
3248,27,2026-01-24 16:01:00,1925.66,CREDIT,Shell,Chandigarh,-0.5903325465642169,90,0,NORMAL
3249,27,2026-03-22 23:45:00,1814.49,CREDIT,Netflix,Mumbai,-0.6692740977966176,90,0,NORMAL
3250,52,2026-01-06 01:40:00,2035.48,DEBIT,Apple,Delhi,-0.20146137879727619,116,0,NORMAL
3251,30,2026-05-08 02:32:00,2700.43,DEBIT,Netflix,Ludhiana,-0.07870949532995145,92,0,NORMAL
3252,82,2026-03-09 19:49:00,3481.99,CREDIT,Shell,Mumbai,0.01045625632807163,107,0,NORMAL
3253,51,2026-04-06 09:05:00,1084.46,DEBIT,Walmart,Pune,-0.3954652270804076,108,0,NORMAL
3254,22,2026-01-31 22:40:00,5039.59,DEBIT,Local Store,Delhi,0.23339489144735004,108,0,NORMAL
3255,93,2026-04-12 18:17:00,2997.39,DEBIT,Walmart,Delhi,0.06297085320356018,100,0,NORMAL
3256,8,2026-04-10 01:44:00,3834.71,DEBIT,Walmart,Ludhiana,-0.02849034014595344,91,0,NORMAL
3257,28,2026-01-28 09:50:00,851.88,CREDIT,Amazon,Ludhiana,-1.3834344611497063,98,0,NORMAL
3258,62,2026-02-22 14:09:00,4886.78,DEBIT,Uber,Hyderabad,1.6153183076975959,102,0,NORMAL
3259,36,2026-06-22 19:43:00,1990.11,DEBIT,Uber,Pune,-0.2083246810285032,85,0,NORMAL
3260,50,2026-05-29 03:19:00,5274.41,CREDIT,Netflix,Mumbai,0.184171639955708,118,0,NORMAL
3261,23,2026-03-09 13:07:00,3224.63,CREDIT,Apple,Delhi,0.37543885264485777,96,0,NORMAL
3262,34,2026-03-19 21:49:00,4141.43,DEBIT,Uber,Chandigarh,0.9131460845696374,118,0,NORMAL
3263,13,2026-05-20 06:57:00,1023.42,DEBIT,Shell,Chandigarh,-1.2046048712419708,101,0,NORMAL
3264,13,2026-06-22 21:39:00,3336.23,DEBIT,Amazon,Mumbai,0.3896763346491356,101,0,NORMAL
3265,70,2026-02-25 03:21:00,2177.29,CREDIT,Amazon,Delhi,-0.4806967985059623,90,0,NORMAL
3266,77,2026-05-23 07:56:00,1720.6,CREDIT,Swiggy,Pune,-0.5968377444531273,84,0,NORMAL
3267,18,2026-01-12 08:25:00,681.64,DEBIT,Amazon,Bangalore,-1.588048666336251,96,0,NORMAL
3268,60,2026-01-22 19:41:00,3162.02,DEBIT,Walmart,Chandigarh,-0.03316548633658204,106,0,NORMAL
3269,32,2026-06-17 23:43:00,1459.05,DEBIT,Netflix,Ludhiana,-0.46459436244809793,107,0,NORMAL
3270,60,2026-01-13 14:24:00,822.17,CREDIT,Myntra,Mumbai,-0.5622540161411995,106,0,NORMAL
3271,21,2026-07-05 10:28:00,1040.52,DEBIT,Myntra,Delhi,-0.4119467326549195,122,10,NORMAL
3272,84,2026-02-13 16:08:00,3243.89,DEBIT,Amazon,Hyderabad,-0.07126752182552093,95,0,NORMAL
3273,33,2026-02-10 17:34:00,2654.03,DEBIT,Myntra,Delhi,-0.15754896213667324,91,0,NORMAL
3274,73,2026-01-25 21:42:00,998.51,CREDIT,Myntra,Hyderabad,-0.9249688803487602,111,0,NORMAL
3275,1,2026-02-22 16:24:00,2320.71,CREDIT,Netflix,Hyderabad,-0.19735476635746357,112,0,NORMAL
3276,39,2026-02-17 23:12:00,2255.2,CREDIT,Uber,Bangalore,-0.18765523338856063,101,0,NORMAL
3277,19,2026-04-09 06:13:00,815.54,DEBIT,Walmart,Mumbai,-1.3648738269659653,98,0,NORMAL
3278,94,2026-01-07 04:42:00,4999.17,DEBIT,Local Store,Bangalore,0.21675124792953895,103,0,NORMAL
3279,40,2026-05-17 20:01:00,2098.18,CREDIT,Local Store,Delhi,-0.19175310039179785,109,0,NORMAL
3280,27,2026-05-09 13:37:00,4099.58,DEBIT,Flipkart,Delhi,0.9533628483727311,90,0,NORMAL
3281,29,2026-04-20 06:22:00,4189.79,DEBIT,Shell,Delhi,1.0266482064096545,99,0,NORMAL
3282,87,2026-05-11 17:46:00,1123.43,CREDIT,Local Store,Ludhiana,-1.0893251861194648,85,0,NORMAL
3283,45,2026-02-10 05:02:00,1119.21,DEBIT,Flipkart,Ludhiana,-0.33884643313203844,97,0,NORMAL
3284,75,2026-06-06 12:14:00,4776.67,DEBIT,Shell,Chandigarh,0.16445566801918032,89,0,NORMAL
3285,97,2026-04-03 22:50:00,3483.11,CREDIT,Myntra,Ludhiana,0.3575581972452951,96,0,NORMAL
3286,55,2026-07-07 00:44:00,2243.5,CREDIT,Swiggy,Mumbai,-0.20401669378649714,118,0,NORMAL
3287,28,2026-04-09 00:36:00,3998.15,DEBIT,Apple,Chandigarh,0.7628178310847387,98,0,NORMAL
3288,34,2026-06-09 14:06:00,604.55,DEBIT,Shell,Delhi,-1.60304161857852,118,0,NORMAL
3289,73,2026-02-17 13:27:00,1194.73,CREDIT,Walmart,Chandigarh,-0.7923169856020867,111,0,NORMAL
3290,39,2026-07-12 15:13:00,725.59,DEBIT,Netflix,Chandigarh,-0.5523941678945268,101,0,NORMAL
3291,78,2026-03-25 21:48:00,3215.45,CREDIT,Apple,Ludhiana,-0.018279362687885745,102,0,NORMAL
3292,35,2026-01-15 05:25:00,1856.91,DEBIT,Shell,Mumbai,-0.7012245228557913,103,0,NORMAL
3293,16,2026-03-10 06:19:00,1886.34,DEBIT,Uber,Pune,-0.2804538860723131,95,0,NORMAL
3294,2,2026-03-14 13:31:00,1187.26,CREDIT,Myntra,Pune,-1.1823166064136073,117,0,NORMAL
3295,96,2026-03-17 18:43:00,1795.24,DEBIT,Netflix,Delhi,-0.6547039223551282,96,0,NORMAL
3296,8,2026-05-18 05:25:00,621.99,DEBIT,Netflix,Hyderabad,-0.3977171384364491,91,0,NORMAL
3297,38,2026-01-02 18:11:00,4903.4,DEBIT,Amazon,Ludhiana,1.6622404835808142,95,0,NORMAL
3298,67,2026-02-02 18:16:00,3041.33,CREDIT,Walmart,Bangalore,-0.1079168003218236,98,0,NORMAL
3299,16,2026-02-03 14:55:00,3093.96,CREDIT,Swiggy,Ludhiana,0.06717079169449096,95,0,NORMAL
3300,97,2026-03-27 14:18:00,3857.24,DEBIT,Uber,Pune,0.6236796137307797,96,0,NORMAL
3301,64,2026-06-17 10:03:00,767.32,DEBIT,Local Store,Delhi,-1.2697514887341765,110,0,NORMAL
3302,50,2026-05-03 15:20:00,608.5,CREDIT,Apple,Ludhiana,-0.39795841233008034,118,0,NORMAL
3303,11,2026-04-04 22:33:00,5741.42,DEBIT,Swiggy,Mumbai,0.2909088002239516,118,0,NORMAL
3304,6,2026-07-07 12:34:00,557.57,CREDIT,Apple,Pune,-1.3804405779460625,117,0,NORMAL
3305,29,2026-06-12 06:19:00,1754.94,CREDIT,Walmart,Delhi,-0.5431003689620978,99,0,NORMAL
3306,67,2026-07-22 04:15:00,4813.01,DEBIT,Flipkart,Pune,0.1483729852020697,98,0,NORMAL
3307,34,2026-02-24 15:25:00,2391.58,CREDIT,Amazon,Mumbai,-0.3317225715209858,118,0,NORMAL
3308,82,2026-01-05 09:11:00,2091.89,CREDIT,Walmart,Bangalore,-0.2216273098865683,107,0,NORMAL
3309,27,2026-04-28 02:38:00,1992.07,DEBIT,Swiggy,Ludhiana,-0.5431749643267092,90,0,NORMAL
3310,78,2026-04-10 12:27:00,4008.02,DEBIT,Swiggy,Chandigarh,0.21399855127649525,102,0,NORMAL
3311,57,2026-01-06 20:05:00,1262.88,DEBIT,Uber,Pune,-0.34654105690597,107,0,NORMAL
3312,99,2026-07-04 14:11:00,3009.91,DEBIT,Uber,Mumbai,0.027147738226990292,103,0,NORMAL
3313,84,2026-01-01 09:51:00,699.62,DEBIT,Uber,Chandigarh,-0.3840472100533909,95,0,NORMAL
3314,19,2026-01-26 11:54:00,772.54,DEBIT,Myntra,Bangalore,-1.3934045398457613,98,0,NORMAL
3315,89,2026-03-12 03:25:00,2192.8,CREDIT,Swiggy,Bangalore,-0.21543668028220472,103,0,NORMAL
3316,21,2026-06-15 10:54:00,5426.86,DEBIT,Amazon,Delhi,0.292993648234022,122,10,NORMAL
3317,38,2026-02-20 18:52:00,382.96,DEBIT,Shell,Pune,-1.6310658622639782,95,0,NORMAL
3318,43,2026-06-02 10:25:00,457.37,DEBIT,Walmart,Pune,-0.5291993099008235,97,0,NORMAL
3319,23,2026-05-25 18:07:00,4956.82,DEBIT,Walmart,Delhi,1.538072613772716,96,0,NORMAL
3320,8,2026-01-21 03:55:00,2495.89,DEBIT,Apple,Chandigarh,-0.18235629238806653,91,0,NORMAL
3321,53,2026-06-16 20:31:00,773.16,DEBIT,Walmart,Delhi,-0.5406145457237929,105,0,NORMAL
3322,12,2026-07-17 07:44:00,62204.61,DEBIT,Swiggy,Bangalore,7.091785080177259,99,90,HIGH
3323,73,2026-02-15 13:04:00,4703.57,DEBIT,Amazon,Pune,1.5797871544596684,111,0,NORMAL
3324,34,2026-01-05 04:44:00,4190.64,DEBIT,Myntra,Pune,0.9481547919252504,118,0,NORMAL
3325,55,2026-04-05 03:14:00,1760.92,CREDIT,Apple,Chandigarh,-0.573204139293119,118,0,NORMAL
3326,93,2026-03-06 16:48:00,1100.12,CREDIT,Uber,Chandigarh,-1.1947624007272934,100,0,NORMAL
3327,54,2026-01-10 03:47:00,5568.76,CREDIT,Walmart,Ludhiana,0.16862389907504016,89,0,NORMAL
3328,12,2026-07-01 18:15:00,1660.18,DEBIT,Netflix,Pune,-0.28971141134853295,99,0,NORMAL
3329,40,2026-06-03 14:13:00,3007.69,DEBIT,Walmart,Chandigarh,-0.0371137277204547,109,0,NORMAL
3330,53,2026-04-26 17:25:00,3334.38,DEBIT,Walmart,Pune,0.014686391908923136,105,0,NORMAL
3331,87,2026-01-02 09:08:00,430.31,DEBIT,Shell,Chandigarh,-1.4865450179387592,85,0,NORMAL
3332,54,2026-05-08 19:48:00,4245.13,DEBIT,Swiggy,Mumbai,0.0008286419765597944,89,0,NORMAL
3333,17,2026-05-29 19:53:00,2624.72,CREDIT,Shell,Chandigarh,-0.13211280501057282,97,0,NORMAL
3334,66,2026-04-17 20:13:00,5504.44,DEBIT,Myntra,Chandigarh,1.7922479387297363,95,0,NORMAL
3335,11,2026-01-14 06:56:00,2385.28,DEBIT,Swiggy,Delhi,-0.17953099651133927,118,0,NORMAL
3336,66,2026-04-20 17:07:00,1550.9,DEBIT,Uber,Mumbai,-0.8701773131929543,95,0,NORMAL
3337,31,2026-06-02 15:41:00,1864.59,DEBIT,Swiggy,Ludhiana,-0.22513839202014652,104,0,NORMAL
3338,20,2026-05-03 10:26:00,5572.48,DEBIT,Swiggy,Hyderabad,0.15205295276356998,98,0,NORMAL
3339,33,2026-03-04 15:32:00,3224.36,DEBIT,Amazon,Chandigarh,-0.09762137788572917,91,0,NORMAL
3340,85,2026-02-02 00:26:00,3069.91,CREDIT,Walmart,Delhi,0.09283230303591498,89,0,NORMAL
3341,86,2026-07-13 09:39:00,3087.13,DEBIT,Uber,Chandigarh,0.18117321210455287,76,0,NORMAL
3342,32,2026-03-27 00:22:00,515.02,DEBIT,Apple,Mumbai,-0.7642599021211636,107,0,NORMAL
3343,44,2026-03-07 02:07:00,3800.44,CREDIT,Walmart,Ludhiana,-0.0408555094867738,99,0,NORMAL
3344,67,2026-07-15 10:58:00,1248.15,CREDIT,Amazon,Chandigarh,-0.367316758331021,98,0,NORMAL
3345,52,2026-02-06 16:25:00,1726.72,DEBIT,Amazon,Mumbai,-0.265234422563798,116,0,NORMAL
3346,12,2026-04-24 05:34:00,944.95,CREDIT,Netflix,Pune,-0.3769113029923058,99,0,NORMAL
3347,96,2026-02-13 03:09:00,1846.08,CREDIT,Swiggy,Delhi,-0.6230376818036856,96,0,NORMAL
3348,40,2026-06-04 07:57:00,2756.47,CREDIT,Amazon,Hyderabad,-0.07982739024477534,109,0,NORMAL
3349,31,2026-05-21 04:37:00,3628.19,CREDIT,Amazon,Delhi,0.020539116802049263,104,0,NORMAL
3350,26,2026-03-15 09:59:00,1528.89,CREDIT,Walmart,Ludhiana,-0.7412314177977417,98,0,NORMAL
3351,58,2026-01-30 04:38:00,2129.91,CREDIT,Walmart,Hyderabad,-0.21222536194478034,99,0,NORMAL
3352,36,2026-04-19 10:20:00,525.52,DEBIT,Myntra,Hyderabad,-0.4065910318624271,85,0,NORMAL
3353,15,2026-06-19 21:31:00,1583.78,DEBIT,Shell,Chandigarh,-0.3418916704096098,91,0,NORMAL
3354,6,2026-05-22 05:59:00,2837.95,DEBIT,Uber,Hyderabad,0.07365807626496972,117,0,NORMAL
3355,46,2026-07-04 17:05:00,2469.4,DEBIT,Apple,Delhi,-0.13463546558552927,94,0,NORMAL
3356,75,2026-06-19 21:43:00,2461.67,CREDIT,Shell,Bangalore,-0.21779132670847137,89,0,NORMAL
3357,47,2026-05-05 01:18:00,4324.54,CREDIT,Netflix,Bangalore,0.2785359111949281,103,0,NORMAL
3358,68,2026-06-22 01:11:00,1155.24,DEBIT,Uber,Ludhiana,-0.48595411518895876,100,0,NORMAL
3359,68,2026-02-20 02:22:00,4102.42,DEBIT,Myntra,Ludhiana,0.22185138647284683,100,0,NORMAL
3360,98,2026-02-10 18:14:00,557.58,DEBIT,Swiggy,Delhi,-1.6237910701759952,114,0,NORMAL
3361,55,2026-02-26 07:09:00,595.97,DEBIT,Uber,Mumbai,-1.464424070999653,118,0,NORMAL
3362,87,2026-05-20 21:10:00,2821.75,CREDIT,Apple,Chandigarh,-0.11603573440065187,85,0,NORMAL
3363,63,2026-01-15 16:18:00,2866.86,CREDIT,Myntra,Chandigarh,0.41683988383418513,88,0,NORMAL
3364,72,2026-01-03 12:56:00,4105.59,CREDIT,Uber,Hyderabad,0.752534916017685,98,0,NORMAL
3365,37,2026-05-09 02:55:00,2419.75,DEBIT,Myntra,Hyderabad,-0.16861709151159127,87,0,NORMAL
3366,65,2026-04-04 12:46:00,415.69,DEBIT,Apple,Mumbai,-0.41192279571651086,112,0,NORMAL
3367,99,2026-02-14 06:02:00,1616.25,DEBIT,Swiggy,Ludhiana,-0.4061923971150812,103,0,NORMAL
3368,5,2026-05-20 05:41:00,2220.61,DEBIT,Shell,Bangalore,-0.14553933607377303,87,0,NORMAL
3369,59,2026-05-10 19:12:00,1626.16,CREDIT,Walmart,Chandigarh,-0.2903124729262568,92,0,NORMAL
3370,80,2026-05-13 18:35:00,3448.98,DEBIT,Uber,Delhi,-0.028334524907390378,84,0,NORMAL
3371,42,2026-02-22 20:42:00,889.92,DEBIT,Swiggy,Delhi,-0.4974411819689816,104,0,NORMAL
3372,1,2026-03-13 22:52:00,3112.49,DEBIT,Flipkart,Delhi,-0.1125090600809339,112,0,NORMAL
3373,84,2026-03-19 03:26:00,2789.34,DEBIT,Walmart,Ludhiana,-0.12714760030932107,95,0,NORMAL
3374,69,2026-04-16 01:27:00,6310.64,DEBIT,Shell,Hyderabad,0.1684370601928455,112,0,NORMAL
3375,38,2026-06-04 18:27:00,2783.58,CREDIT,Local Store,Hyderabad,0.11787386040946195,95,0,NORMAL
3376,10,2026-03-25 05:49:00,4309.82,DEBIT,Amazon,Mumbai,0.014517546904753776,91,0,NORMAL
3377,13,2026-07-20 06:24:00,2710.29,DEBIT,Swiggy,Pune,-0.04180069027529802,101,0,NORMAL
3378,38,2026-03-26 03:16:00,2604.79,CREDIT,Local Store,Hyderabad,-0.012381212453708526,95,0,NORMAL
3379,43,2026-02-13 03:23:00,1384.05,DEBIT,Apple,Chandigarh,-0.3428350928471591,97,0,NORMAL
3380,54,2026-06-28 14:47:00,1611.06,CREDIT,Shell,Hyderabad,-0.33308978905431297,89,0,NORMAL
3381,75,2026-07-20 21:47:00,4360.28,DEBIT,Flipkart,Bangalore,0.09570239539082308,89,0,NORMAL
3382,96,2026-02-19 19:30:00,3545.42,CREDIT,Shell,Hyderabad,0.43541450581804286,96,0,NORMAL
3383,10,2026-03-27 06:33:00,5431.63,DEBIT,Local Store,Bangalore,0.15064837458976094,91,0,NORMAL
3384,98,2026-05-05 06:54:00,2660.75,DEBIT,Flipkart,Bangalore,-0.07270023627267949,114,0,NORMAL
3385,20,2026-06-18 03:47:00,2349.09,DEBIT,Uber,Mumbai,-0.18860883649544258,98,0,NORMAL
3386,94,2026-06-03 01:47:00,61343.17,DEBIT,Myntra,Pune,9.6783765149084,103,90,HIGH
3387,95,2026-06-20 14:22:00,3696.8,CREDIT,Uber,Delhi,0.6573206664562035,113,0,NORMAL
3388,46,2026-06-17 17:35:00,907.97,DEBIT,Netflix,Delhi,-0.39075939986606534,94,0,NORMAL
3389,65,2026-06-25 00:17:00,1831.86,CREDIT,Shell,Pune,-0.2237687273367679,112,0,NORMAL
3390,97,2026-01-23 06:47:00,2064.72,DEBIT,Netflix,Delhi,-0.6513530259360776,96,0,NORMAL
3391,63,2026-06-11 00:52:00,2519.28,CREDIT,Apple,Hyderabad,0.13587621260724167,88,0,NORMAL
3392,10,2026-04-29 01:55:00,4106.85,DEBIT,Myntra,Pune,-0.01011271498917283,91,0,NORMAL
3393,24,2026-05-24 14:33:00,2404.87,DEBIT,Shell,Chandigarh,-0.24219152624744192,95,0,NORMAL
3394,19,2026-07-07 22:34:00,5113.11,DEBIT,Apple,Delhi,1.4865851439834727,98,0,NORMAL
3395,58,2026-05-18 08:26:00,2374.43,DEBIT,Netflix,Mumbai,-0.16999349111461573,99,0,NORMAL
3396,62,2026-03-17 04:39:00,4926.12,CREDIT,Flipkart,Mumbai,1.6432300654370149,102,0,NORMAL
3397,94,2026-05-11 09:25:00,3709.52,DEBIT,Local Store,Mumbai,0.00018541970365349862,103,0,NORMAL
3398,28,2026-07-03 11:34:00,3906.35,DEBIT,Myntra,Ludhiana,0.700195754649111,98,0,NORMAL
3399,7,2026-07-10 12:48:00,2260.94,DEBIT,Swiggy,Ludhiana,-0.17862707076435622,93,0,NORMAL
3400,87,2026-05-02 19:51:00,1467.17,DEBIT,Flipkart,Hyderabad,-0.8923313827527113,85,0,NORMAL
3401,31,2026-02-22 17:11:00,1614.59,DEBIT,Myntra,Mumbai,-0.2599645301498522,104,0,NORMAL
3402,74,2026-04-30 04:37:00,2492.35,DEBIT,Local Store,Hyderabad,-0.20235365785700093,119,0,NORMAL
3403,58,2026-04-28 02:47:00,2427.04,DEBIT,Swiggy,Chandigarh,-0.1609070412357716,99,0,NORMAL
3404,8,2026-06-18 17:01:00,3942.29,DEBIT,Myntra,Pune,-0.016126542815314136,91,0,NORMAL
3405,44,2026-01-11 01:21:00,2590.8,DEBIT,Netflix,Hyderabad,-0.1789446918154952,99,0,NORMAL
3406,68,2026-06-23 14:50:00,2351.86,CREDIT,Netflix,Hyderabad,-0.1985694900902034,100,0,NORMAL
3407,52,2026-03-06 02:28:00,4941.96,DEBIT,Uber,Pune,0.3988595055352809,116,0,NORMAL
3408,19,2026-01-28 07:27:00,3456.55,DEBIT,Myntra,Hyderabad,0.38744938286358405,98,0,NORMAL
3409,48,2026-02-08 19:33:00,2261.13,CREDIT,Swiggy,Mumbai,-0.2255952440209253,102,0,NORMAL
3410,8,2026-07-17 18:30:00,4092.6,DEBIT,Flipkart,Delhi,0.0011480656320589264,91,0,NORMAL
3411,37,2026-05-17 11:01:00,1177.22,DEBIT,Uber,Delhi,-1.0039099162881475,87,0,NORMAL
3412,55,2026-03-07 05:37:00,4289.33,DEBIT,Uber,Delhi,1.3611015283545203,118,0,NORMAL
3413,24,2026-01-06 01:35:00,6634.26,CREDIT,Walmart,Bangalore,2.4541182806421777,95,40,REVIEW
3414,24,2026-01-29 04:36:00,3471.94,DEBIT,Amazon,Chandigarh,0.4380841886045123,95,0,NORMAL
3415,70,2026-01-08 00:52:00,768.23,CREDIT,Netflix,Hyderabad,-1.569827119851662,90,0,NORMAL
3416,11,2026-01-15 07:44:00,2579.26,DEBIT,Flipkart,Pune,-0.15234026198574982,118,0,NORMAL
3417,2,2026-06-17 01:23:00,4534.6,DEBIT,Uber,Bangalore,1.2211115582902283,117,0,NORMAL
3418,36,2026-02-11 04:33:00,2548.03,DEBIT,Myntra,Mumbai,-0.13279722115422923,85,0,NORMAL
3419,73,2026-01-02 22:34:00,611.6,CREDIT,Shell,Mumbai,-1.1865341876387177,111,0,NORMAL
3420,73,2026-04-29 08:44:00,802.04,DEBIT,Apple,Delhi,-1.0577897842366357,111,0,NORMAL
3421,21,2026-04-29 08:19:00,3316.21,CREDIT,Walmart,Pune,-0.046214533284794156,122,10,NORMAL
3422,78,2026-02-16 07:40:00,1145.27,DEBIT,Myntra,Pune,-0.6249855109533792,102,0,NORMAL
3423,21,2026-02-12 21:59:00,3414.7,DEBIT,Swiggy,Mumbai,-0.030385943135888303,122,10,NORMAL
3424,45,2026-07-25 01:25:00,3480.37,DEBIT,Swiggy,Delhi,0.01164788946625657,97,0,NORMAL
3425,17,2026-03-04 11:51:00,4008.55,DEBIT,Myntra,Hyderabad,0.027435957029828376,97,0,NORMAL
3426,22,2026-03-16 18:53:00,2184.23,DEBIT,Local Store,Chandigarh,-0.2402495051770817,108,0,NORMAL
3427,34,2026-01-01 04:59:00,2745.94,DEBIT,Shell,Hyderabad,-0.0796257306647562,118,0,NORMAL
3428,70,2026-06-02 10:37:00,2032.51,CREDIT,Myntra,Bangalore,-0.592604231776675,90,0,NORMAL
3429,97,2026-02-07 14:29:00,2605.24,DEBIT,Local Store,Hyderabad,-0.2668771805381296,96,0,NORMAL
3430,22,2026-01-29 07:25:00,2826.66,DEBIT,Flipkart,Hyderabad,-0.13368382879181556,108,0,NORMAL
3431,39,2026-01-13 14:17:00,4490.83,DEBIT,Local Store,Mumbai,0.3454357533005781,101,0,NORMAL
3432,23,2026-03-12 01:27:00,4835.97,DEBIT,Netflix,Mumbai,1.4569589426209941,96,0,NORMAL
3433,23,2026-05-17 06:09:00,591.03,DEBIT,Flipkart,Bangalore,-1.39221496899499,96,0,NORMAL
3434,8,2026-03-24 08:56:00,1217.54,CREDIT,Flipkart,Bangalore,-0.329272636667884,91,0,NORMAL
3435,43,2026-07-03 14:35:00,3974.18,CREDIT,Shell,Hyderabad,0.17806483972633777,97,0,NORMAL
3436,72,2026-03-12 12:03:00,1675.83,CREDIT,Netflix,Mumbai,-0.7547752784824647,98,0,NORMAL
3437,21,2026-02-18 03:43:00,1849.3,DEBIT,Amazon,Hyderabad,-0.2819655453198387,122,10,NORMAL
3438,69,2026-07-16 00:18:00,967.43,DEBIT,Netflix,Delhi,-0.3383375896002231,112,0,NORMAL
3439,17,2026-01-21 22:43:00,4668.85,DEBIT,Myntra,Hyderabad,0.10356528474730589,97,0,NORMAL
3440,43,2026-02-18 18:00:00,2306.88,DEBIT,Amazon,Delhi,-0.15724514764101102,97,0,NORMAL
3441,19,2026-04-23 11:59:00,1327.84,DEBIT,Local Store,Bangalore,-1.0249602407259744,98,0,NORMAL
3442,36,2026-05-20 18:50:00,1224.81,CREDIT,Uber,Ludhiana,-0.3119258515220898,85,0,NORMAL
3443,100,2026-05-05 11:32:00,3501.0,CREDIT,Local Store,Hyderabad,0.5719429759914136,87,0,NORMAL
3444,13,2026-06-12 12:09:00,2352.0,DEBIT,Walmart,Pune,-0.28877947939274584,101,0,NORMAL
3445,30,2026-06-04 05:03:00,685.14,DEBIT,Apple,Chandigarh,-0.5247682217154285,92,0,NORMAL
3446,41,2026-05-26 03:23:00,1519.68,CREDIT,Apple,Chandigarh,-0.360125071612306,100,0,NORMAL
3447,14,2026-02-13 20:38:00,4699.56,DEBIT,Myntra,Hyderabad,0.1466903546019194,112,0,NORMAL
3448,99,2026-02-27 15:35:00,1596.0,DEBIT,Shell,Bangalore,-0.41248886665620094,103,0,NORMAL
3449,41,2026-01-23 20:42:00,4342.85,DEBIT,Flipkart,Pune,0.21563568829859245,100,0,NORMAL
3450,30,2026-04-26 16:56:00,5075.85,DEBIT,Walmart,Bangalore,0.44705941129420196,92,0,NORMAL
3451,27,2026-03-28 13:36:00,4528.5,DEBIT,Amazon,Ludhiana,1.2579379149788417,90,0,NORMAL
3452,57,2026-02-20 20:20:00,3364.02,DEBIT,Apple,Chandigarh,-0.03201538698852237,107,0,NORMAL
3453,78,2026-02-25 19:46:00,3468.77,CREDIT,Walmart,Ludhiana,0.05596094563246074,102,0,NORMAL
3454,70,2026-04-27 23:52:00,2019.41,CREDIT,Shell,Hyderabad,-0.6027298525519639,90,0,NORMAL
3455,15,2026-07-17 14:27:00,2974.62,DEBIT,Myntra,Chandigarh,-0.02816609618946361,91,0,NORMAL
3456,6,2026-03-14 04:32:00,837.94,DEBIT,Netflix,Mumbai,-1.2016608834735854,117,0,NORMAL
3457,97,2026-05-11 07:58:00,923.63,DEBIT,Local Store,Delhi,-1.4630187227190723,96,0,NORMAL
3458,22,2026-04-16 12:37:00,1685.0,DEBIT,Swiggy,Bangalore,-0.3230613019826737,108,0,NORMAL
3459,8,2026-03-19 18:06:00,63053.63,DEBIT,Amazon,Bangalore,6.777335324655524,91,90,HIGH
3460,95,2026-04-27 17:47:00,3688.46,CREDIT,Swiggy,Pune,0.6520115711471722,113,0,NORMAL
3461,62,2026-05-25 20:53:00,1120.04,DEBIT,Myntra,Mumbai,-1.057186378305925,102,0,NORMAL
3462,85,2026-04-22 02:23:00,2985.49,DEBIT,Netflix,Hyderabad,0.041779914500307,89,0,NORMAL
3463,100,2026-05-23 15:30:00,3027.91,CREDIT,Uber,Ludhiana,0.2391675495238838,87,0,NORMAL
3464,21,2026-01-04 03:20:00,1556.85,CREDIT,Walmart,Ludhiana,-0.3289659635252152,122,10,NORMAL
3465,24,2026-04-20 04:21:00,2432.21,DEBIT,Myntra,Mumbai,-0.22476179994640025,95,0,NORMAL
3466,71,2026-04-02 17:35:00,1037.36,DEBIT,Uber,Pune,-1.0498574884314933,99,0,NORMAL
3467,2,2026-04-10 14:06:00,1287.5,DEBIT,Walmart,Bangalore,-1.1103431471205827,117,0,NORMAL
3468,73,2026-01-05 21:28:00,2623.55,DEBIT,Local Store,Pune,0.17361757892722715,111,0,NORMAL
3469,84,2026-05-30 05:50:00,2818.23,DEBIT,Swiggy,Delhi,-0.12359600979695284,95,0,NORMAL
3470,34,2026-01-20 03:45:00,6196.19,CREDIT,Local Store,Bangalore,2.3749321346817998,118,40,REVIEW
3471,56,2026-01-07 19:57:00,1970.4,DEBIT,Netflix,Ludhiana,-0.28146001540602134,101,0,NORMAL
3472,10,2026-03-21 22:56:00,864.82,CREDIT,Netflix,Bangalore,-0.40353069778449796,91,0,NORMAL
3473,98,2026-06-18 19:42:00,1265.44,DEBIT,Walmart,Delhi,-1.101743324303431,114,0,NORMAL
3474,76,2026-01-18 00:44:00,1362.67,CREDIT,Swiggy,Delhi,-0.40311750060187024,74,0,NORMAL
3475,68,2026-05-26 17:17:00,1067.39,DEBIT,Walmart,Pune,-0.5070524917119366,100,0,NORMAL
3476,96,2026-06-22 13:53:00,2395.5,CREDIT,Swiggy,Hyderabad,-0.28082552830695734,96,0,NORMAL
3477,17,2026-01-04 18:12:00,2395.27,CREDIT,Amazon,Ludhiana,-0.1585672563883938,97,0,NORMAL
3478,42,2026-04-09 19:19:00,1984.39,DEBIT,Swiggy,Delhi,-0.26737906753315577,104,0,NORMAL
3479,57,2026-03-17 07:13:00,54584.2,DEBIT,Amazon,Delhi,7.635280189599545,107,90,HIGH
3480,53,2026-04-05 06:57:00,594.37,DEBIT,Apple,Pune,-0.5793782031368043,105,0,NORMAL
3481,12,2026-05-22 15:54:00,3964.13,DEBIT,Flipkart,Bangalore,-0.008816887415433735,99,0,NORMAL
3482,37,2026-06-17 09:30:00,1598.72,DEBIT,Uber,Chandigarh,-0.7205558518846173,87,0,NORMAL
3483,61,2026-01-12 12:31:00,2836.15,CREDIT,Swiggy,Hyderabad,-0.10442009014516536,81,0,NORMAL
3484,89,2026-04-17 10:18:00,1657.87,DEBIT,Uber,Ludhiana,-0.3166622252012182,103,0,NORMAL
3485,6,2026-05-04 20:32:00,5571.86,DEBIT,Walmart,Ludhiana,1.8169529883998259,117,0,NORMAL
3486,71,2026-06-30 00:15:00,1712.18,CREDIT,Local Store,Ludhiana,-0.5954518860624618,99,0,NORMAL
3487,73,2026-04-15 12:06:00,1283.58,CREDIT,Shell,Mumbai,-0.7322511368188744,111,0,NORMAL
3488,57,2026-01-29 07:33:00,2169.22,CREDIT,Myntra,Mumbai,-0.2108684241099738,107,0,NORMAL
3489,29,2026-05-22 12:41:00,1361.32,DEBIT,Local Store,Bangalore,-0.796867309117684,99,0,NORMAL
3490,58,2026-03-02 06:13:00,3367.46,CREDIT,Flipkart,Hyderabad,0.0015160569406697088,99,0,NORMAL
3491,38,2026-02-19 19:30:00,3491.64,CREDIT,Swiggy,Ludhiana,0.6337215414402606,95,0,NORMAL
3492,73,2026-03-04 23:19:00,776.15,DEBIT,Netflix,Ludhiana,-1.075292370899521,111,0,NORMAL
3493,56,2026-01-02 04:04:00,3662.05,CREDIT,Local Store,Bangalore,0.15903301168171952,101,0,NORMAL
3494,30,2026-04-24 22:37:00,3750.13,DEBIT,Myntra,Pune,0.15362820549069242,92,0,NORMAL
3495,35,2026-01-06 19:50:00,1083.9,DEBIT,Amazon,Ludhiana,-1.2563620356837508,103,0,NORMAL
3496,100,2026-04-06 08:04:00,1682.57,DEBIT,Swiggy,Delhi,-0.7071557552253742,87,0,NORMAL
3497,40,2026-03-22 20:59:00,2282.83,DEBIT,Myntra,Ludhiana,-0.16035799735415832,109,0,NORMAL
3498,67,2026-01-19 15:38:00,1333.53,DEBIT,Swiggy,Pune,-0.35496575708472944,98,0,NORMAL
3499,49,2026-05-08 22:36:00,877.02,CREDIT,Swiggy,Bangalore,-1.0945013781221293,95,0,NORMAL
3500,54,2026-01-05 07:51:00,65815.01,DEBIT,Amazon,Ludhiana,7.805981021510555,89,90,HIGH
3501,71,2026-04-19 02:39:00,6316.42,DEBIT,Walmart,Ludhiana,2.504919250909752,99,40,REVIEW
3502,48,2026-07-27 23:41:00,3115.65,DEBIT,Amazon,Delhi,-0.12472036190338903,102,0,NORMAL
3503,20,2026-01-05 00:55:00,2878.75,CREDIT,Shell,Bangalore,-0.132632078083048,98,0,NORMAL
3504,43,2026-07-24 15:41:00,637.3,DEBIT,Swiggy,Delhi,-0.4930136648297464,97,0,NORMAL
3505,38,2026-05-03 20:46:00,3556.65,DEBIT,Amazon,Mumbai,0.681083710951054,95,0,NORMAL
3506,91,2026-06-04 16:00:00,2127.22,DEBIT,Local Store,Ludhiana,-0.2417089985009034,100,0,NORMAL
3507,32,2026-01-09 02:27:00,1035.8,DEBIT,Swiggy,Chandigarh,-0.5989475500233075,107,0,NORMAL
3508,90,2026-05-04 13:41:00,67181.59,DEBIT,Local Store,Chandigarh,5.179074369652199,93,90,HIGH
3509,95,2026-04-13 09:14:00,772.29,CREDIT,Walmart,Ludhiana,-1.2043702594688153,113,0,NORMAL
3510,3,2026-07-04 14:48:00,5016.71,DEBIT,Swiggy,Bangalore,0.1359569775098884,94,0,NORMAL
3511,28,2026-05-21 23:29:00,2314.57,CREDIT,Myntra,Hyderabad,-0.3856492216984194,98,0,NORMAL
3512,27,2026-03-03 14:08:00,3988.25,DEBIT,Shell,Pune,0.8743076815228331,90,0,NORMAL
3513,80,2026-04-25 15:44:00,3145.2,DEBIT,Flipkart,Hyderabad,-0.07388359487237822,84,0,NORMAL
3514,3,2026-07-27 21:29:00,4268.55,DEBIT,Uber,Mumbai,0.044338965502689016,94,0,NORMAL
3515,16,2026-01-29 07:23:00,4846.59,DEBIT,Shell,Hyderabad,0.5716816800488026,95,0,NORMAL
3516,52,2026-05-29 05:35:00,4037.69,DEBIT,Swiggy,Mumbai,0.2120864446246944,116,0,NORMAL
3517,24,2026-01-06 09:35:00,4360.53,DEBIT,Myntra,Mumbai,1.0045757940852191,95,0,NORMAL
3518,75,2026-07-05 07:26:00,2328.28,CREDIT,Local Store,Delhi,-0.23981634900943094,89,0,NORMAL
3519,87,2026-07-24 13:32:00,6142.98,DEBIT,Uber,Chandigarh,1.7873264857534257,85,0,NORMAL
3520,90,2026-03-16 07:13:00,922.17,CREDIT,Netflix,Chandigarh,-0.32287593781626006,93,0,NORMAL
3521,12,2026-04-23 03:00:00,2619.6,DEBIT,Local Store,Bangalore,-0.1727401992337327,99,0,NORMAL
3522,22,2026-01-11 23:57:00,2290.67,DEBIT,Netflix,Pune,-0.22259333937777637,108,0,NORMAL
3523,90,2026-02-01 17:04:00,2710.29,CREDIT,Netflix,Bangalore,-0.17439671201273657,93,0,NORMAL
3524,39,2026-01-08 00:27:00,2366.88,DEBIT,Walmart,Bangalore,-0.16102488695670777,101,0,NORMAL
3525,46,2026-05-19 11:49:00,3190.0,DEBIT,Local Store,Mumbai,-0.016434260893321315,94,0,NORMAL
3526,9,2026-06-09 21:41:00,2730.46,CREDIT,Netflix,Delhi,-0.11090829963162549,84,0,NORMAL
3527,48,2026-03-26 11:14:00,1469.67,CREDIT,Shell,Ludhiana,-0.31902598197994936,102,0,NORMAL
3528,96,2026-03-31 07:58:00,3620.29,DEBIT,Amazon,Pune,0.48204809020212064,96,0,NORMAL
3529,19,2026-07-16 03:54:00,3375.78,DEBIT,Walmart,Chandigarh,0.3338580879961157,98,0,NORMAL
3530,61,2026-05-21 16:06:00,1556.67,CREDIT,Swiggy,Pune,-0.44633196775479533,81,0,NORMAL
3531,35,2026-01-19 20:40:00,3134.52,DEBIT,Walmart,Chandigarh,0.21629172889273615,103,0,NORMAL
3532,84,2026-02-21 16:05:00,3436.24,CREDIT,Shell,Delhi,-0.047620985478894685,95,0,NORMAL
3533,43,2026-01-20 19:20:00,709.68,DEBIT,Local Store,Mumbai,-0.4784573540964358,97,0,NORMAL
3534,53,2026-01-18 10:46:00,2803.82,DEBIT,Netflix,Delhi,-0.10034490781168413,105,0,NORMAL
3535,66,2026-01-24 21:08:00,4499.15,CREDIT,Myntra,Mumbai,1.1152573223440765,95,0,NORMAL
3536,52,2026-05-31 22:59:00,1258.57,DEBIT,Shell,Mumbai,-0.361928782064048,116,0,NORMAL
3537,84,2026-01-11 23:48:00,4150.35,DEBIT,Amazon,Chandigarh,0.04016808689172807,95,0,NORMAL
3538,19,2026-05-04 09:10:00,3394.03,DEBIT,Local Store,Mumbai,0.34596705334626177,98,0,NORMAL
3539,83,2026-01-01 19:04:00,3161.32,DEBIT,Swiggy,Ludhiana,0.0029676724276941325,101,0,NORMAL
3540,88,2026-05-21 03:07:00,925.84,DEBIT,Walmart,Mumbai,-0.337044132285455,104,0,NORMAL
3541,61,2026-01-07 02:18:00,2827.97,DEBIT,Netflix,Ludhiana,-0.10660600876745478,81,0,NORMAL
3542,16,2026-03-05 19:11:00,3155.93,DEBIT,Swiggy,Mumbai,0.08500943404987492,95,0,NORMAL
3543,87,2026-05-19 21:28:00,4473.65,DEBIT,Uber,Pune,0.8306509002113804,85,0,NORMAL
3544,33,2026-06-26 10:05:00,2398.07,DEBIT,Amazon,Delhi,-0.1844440307195492,91,0,NORMAL
3545,23,2026-02-21 22:05:00,543.59,CREDIT,Apple,Mumbai,-1.4240563637772632,96,0,NORMAL
3546,85,2026-01-07 18:14:00,2419.24,DEBIT,Local Store,Delhi,-0.3006557051193091,89,0,NORMAL
3547,20,2026-04-07 22:36:00,3927.93,DEBIT,Local Store,Chandigarh,-0.021750200291415344,98,0,NORMAL
3548,52,2026-01-22 09:47:00,4407.83,CREDIT,Netflix,Ludhiana,0.28853726215203074,116,0,NORMAL
3549,49,2026-03-30 05:06:00,2989.13,CREDIT,Swiggy,Bangalore,0.5237274291269082,95,0,NORMAL
3550,18,2026-04-23 06:18:00,4480.63,CREDIT,Amazon,Bangalore,0.9723681271980023,96,0,NORMAL
3551,46,2026-07-13 23:34:00,1525.89,CREDIT,Myntra,Hyderabad,-0.28940096466843956,94,0,NORMAL
3552,48,2026-01-06 22:09:00,3238.27,DEBIT,Netflix,Hyderabad,-0.11024524365542258,102,0,NORMAL
3553,52,2026-02-23 11:22:00,3924.28,DEBIT,Walmart,Bangalore,0.1886620991992467,116,0,NORMAL
3554,92,2026-04-01 13:46:00,4619.0,CREDIT,Shell,Bangalore,0.2525588989862246,119,0,NORMAL
3555,36,2026-02-16 07:15:00,4176.25,DEBIT,Netflix,Chandigarh,0.08762025933847631,85,0,NORMAL
3556,5,2026-07-12 13:56:00,2402.22,CREDIT,Swiggy,Bangalore,-0.0245945492655859,87,0,NORMAL
3557,75,2026-03-05 10:00:00,706.6,CREDIT,Uber,Pune,-0.5075840839597283,89,0,NORMAL
3558,7,2026-07-10 22:34:00,5519.43,DEBIT,Swiggy,Mumbai,0.3862525022229972,93,0,NORMAL
3559,22,2026-05-25 23:07:00,4242.09,DEBIT,Walmart,Chandigarh,0.10110635119043522,108,0,NORMAL
3560,73,2026-05-06 12:29:00,2965.51,DEBIT,Swiggy,Ludhiana,0.4047950426290539,111,0,NORMAL
3561,76,2026-07-19 13:54:00,6179.21,DEBIT,Netflix,Mumbai,0.591068436747583,74,0,NORMAL
3562,42,2026-05-26 13:39:00,3425.77,DEBIT,Shell,Ludhiana,0.035604961728048966,104,0,NORMAL
3563,60,2026-06-07 22:50:00,3128.57,CREDIT,Amazon,Bangalore,-0.0407292238932478,106,0,NORMAL
3564,16,2026-01-18 18:54:00,1690.5,DEBIT,Shell,Hyderabad,-0.336828256233333,95,0,NORMAL
3565,33,2026-07-12 04:41:00,4724.49,DEBIT,Netflix,Hyderabad,0.06000520139708731,91,0,NORMAL
3566,77,2026-05-27 12:40:00,789.78,CREDIT,Amazon,Delhi,-1.2222279732123773,84,0,NORMAL
3567,1,2026-06-19 19:33:00,4446.51,CREDIT,Swiggy,Mumbai,0.030442099441933792,112,0,NORMAL
3568,79,2026-04-22 00:46:00,4050.49,CREDIT,Netflix,Hyderabad,0.9297694261520761,122,10,NORMAL
3569,5,2026-02-13 00:55:00,4249.5,DEBIT,Amazon,Mumbai,1.2056179157695353,87,0,NORMAL
3570,67,2026-06-11 23:56:00,41725.98,DEBIT,Amazon,Ludhiana,5.488173154730375,98,90,HIGH
3571,17,2026-05-20 17:12:00,517.71,DEBIT,Apple,Mumbai,-0.37504064810310994,97,0,NORMAL
3572,96,2026-02-19 07:25:00,3334.43,CREDIT,Apple,Delhi,0.3039971160865538,96,0,NORMAL
3573,43,2026-03-27 00:38:00,3175.87,DEBIT,Flipkart,Hyderabad,0.017517058274152657,97,0,NORMAL
3574,30,2026-06-05 07:54:00,550.8,CREDIT,Swiggy,Ludhiana,-0.554502666536087,92,0,NORMAL
3575,14,2026-07-26 22:37:00,3176.67,DEBIT,Shell,Hyderabad,-0.06769461617775757,112,0,NORMAL
3576,5,2026-05-27 11:20:00,5274.78,CREDIT,Shell,Mumbai,1.8884122058345005,87,0,NORMAL
3577,1,2026-06-13 07:39:00,793.39,CREDIT,Local Store,Chandigarh,-0.3610196026886027,112,0,NORMAL
3578,53,2026-07-28 05:05:00,801.89,DEBIT,Flipkart,Chandigarh,-0.5343855626851676,105,0,NORMAL
3579,20,2026-04-16 17:22:00,2989.86,CREDIT,Amazon,Bangalore,-0.1208894929771288,98,0,NORMAL
3580,32,2026-04-04 19:11:00,2729.42,DEBIT,Walmart,Pune,-0.06133799174539511,107,0,NORMAL
3581,21,2026-04-25 23:03:00,2619.18,DEBIT,Swiggy,Delhi,-0.15823608056362323,122,10,NORMAL
3582,2,2026-03-13 12:36:00,673.72,DEBIT,Uber,Delhi,-1.5510441631308836,117,0,NORMAL
3583,64,2026-03-07 07:05:00,4438.22,DEBIT,Amazon,Mumbai,1.1600097681237407,110,0,NORMAL
3584,89,2026-01-26 20:15:00,2290.87,DEBIT,Local Store,Mumbai,-0.19687875832941162,103,0,NORMAL
3585,67,2026-03-08 22:29:00,2727.08,DEBIT,Apple,Hyderabad,-0.15337594932214163,98,0,NORMAL
3586,40,2026-07-20 05:32:00,1858.49,DEBIT,Local Store,Delhi,-0.23250637549113068,109,0,NORMAL
3587,100,2026-06-01 10:54:00,1296.33,CREDIT,Uber,Hyderabad,-0.978840171972333,87,0,NORMAL
3588,29,2026-01-02 20:53:00,2135.99,DEBIT,Myntra,Chandigarh,-0.2974373118352087,99,0,NORMAL
3589,42,2026-01-13 10:06:00,846.57,DEBIT,Shell,Hyderabad,-0.506553531015363,104,0,NORMAL
3590,100,2026-03-28 23:28:00,4417.97,DEBIT,Uber,Hyderabad,1.2169472728650124,87,0,NORMAL
3591,69,2026-04-04 03:09:00,3818.64,DEBIT,Amazon,Ludhiana,-0.0679156991567453,112,0,NORMAL
3592,10,2026-01-01 12:43:00,3344.36,DEBIT,Flipkart,Bangalore,-0.10264032198281801,91,0,NORMAL
3593,70,2026-06-14 12:41:00,3608.77,DEBIT,Apple,Bangalore,0.6257630203803465,90,0,NORMAL
3594,92,2026-05-14 03:55:00,2256.75,DEBIT,Netflix,Ludhiana,-0.24103601427481625,119,0,NORMAL
3595,86,2026-01-01 23:31:00,729.2,CREDIT,Amazon,Bangalore,-1.3581228671705226,76,0,NORMAL
3596,2,2026-01-05 14:06:00,3821.23,CREDIT,Apple,Bangalore,0.7089037903745772,117,0,NORMAL
3597,40,2026-07-18 18:25:00,1019.4,CREDIT,Uber,Mumbai,-0.3751725927012738,109,0,NORMAL
3598,11,2026-03-18 02:19:00,4314.86,DEBIT,Local Store,Chandigarh,0.0909437819497745,118,0,NORMAL
3599,51,2026-07-07 01:08:00,4134.94,DEBIT,Flipkart,Hyderabad,0.0773315046134597,108,0,NORMAL
3600,70,2026-04-12 11:19:00,1776.56,DEBIT,Amazon,Pune,-0.7904403109702025,90,0,NORMAL
3601,57,2026-05-04 01:01:00,3625.47,DEBIT,Walmart,Chandigarh,0.007121813007630496,107,0,NORMAL
3602,37,2026-03-17 05:42:00,3684.62,DEBIT,Netflix,Pune,0.6816938348041699,87,0,NORMAL
3603,31,2026-06-20 13:08:00,1745.2,CREDIT,Apple,Bangalore,-0.24176996254536876,104,0,NORMAL
3604,3,2026-01-20 10:48:00,2992.84,DEBIT,Swiggy,Chandigarh,-0.11188164786571393,94,0,NORMAL
3605,6,2026-01-16 11:53:00,3640.77,CREDIT,Local Store,Mumbai,0.5855813002775032,117,0,NORMAL
3606,6,2026-02-03 17:38:00,4563.22,DEBIT,Shell,Hyderabad,1.1737873464526878,117,0,NORMAL
3607,93,2026-01-29 17:05:00,2190.64,CREDIT,Walmart,Mumbai,-0.4718377415714145,100,0,NORMAL
3608,88,2026-05-22 22:06:00,2157.07,DEBIT,Swiggy,Delhi,-0.20956249241653097,104,0,NORMAL
3609,13,2026-03-01 08:23:00,1935.45,DEBIT,Swiggy,Mumbai,-0.575918429982695,101,0,NORMAL
3610,24,2026-05-27 19:53:00,4238.17,DEBIT,Amazon,Bangalore,0.9265691624028694,95,0,NORMAL
3611,59,2026-03-24 05:51:00,3811.56,DEBIT,Local Store,Chandigarh,0.019533736537930155,92,0,NORMAL
3612,87,2026-04-10 06:20:00,462.51,DEBIT,Flipkart,Pune,-1.4680915342929526,85,0,NORMAL
3613,36,2026-07-13 15:08:00,1662.4,DEBIT,Uber,Pune,-0.25268785832166046,85,0,NORMAL
3614,26,2026-04-16 07:43:00,323.28,CREDIT,Swiggy,Pune,-1.5158055782180078,98,0,NORMAL
3615,10,2026-06-03 08:42:00,2676.77,DEBIT,Myntra,Hyderabad,-0.1836518829906838,91,0,NORMAL
3616,50,2026-05-29 08:18:00,4105.31,DEBIT,Uber,Mumbai,0.038311937533819264,118,0,NORMAL
3617,42,2026-01-05 22:55:00,1823.8,DEBIT,Uber,Pune,-0.3011357488101659,104,0,NORMAL
3618,50,2026-01-06 23:41:00,614.69,DEBIT,Uber,Bangalore,-0.3971861331768929,118,0,NORMAL
3619,63,2026-07-08 05:03:00,4253.01,CREDIT,Swiggy,Delhi,1.537323780695995,88,0,NORMAL
3620,43,2026-03-28 02:36:00,4606.33,DEBIT,Amazon,Chandigarh,0.30519625489713464,97,0,NORMAL
3621,51,2026-07-13 07:05:00,1755.13,DEBIT,Walmart,Pune,-0.29151746015680013,108,0,NORMAL
3622,82,2026-07-18 10:26:00,1916.22,CREDIT,Local Store,Delhi,-0.2509562215310009,107,0,NORMAL
3623,2,2026-01-22 08:56:00,3116.62,CREDIT,Netflix,Pune,0.2029858020220436,117,0,NORMAL
3624,4,2026-04-06 11:56:00,945.76,DEBIT,Flipkart,Mumbai,-1.3469588252417741,105,0,NORMAL
3625,89,2026-05-14 11:59:00,1951.23,DEBIT,Netflix,Hyderabad,-0.26114930602031267,103,0,NORMAL
3626,15,2026-05-23 21:02:00,2628.55,CREDIT,Amazon,Delhi,-0.10622756226059035,91,0,NORMAL
3627,80,2026-05-08 00:00:00,3273.99,CREDIT,Myntra,Bangalore,-0.05457269645644966,84,0,NORMAL
3628,85,2026-02-19 21:40:00,2057.77,CREDIT,Amazon,Bangalore,-0.5192520908568854,89,0,NORMAL
3629,37,2026-04-30 22:08:00,4625.88,DEBIT,Netflix,Ludhiana,1.314457409324851,87,0,NORMAL
3630,12,2026-07-24 06:36:00,1009.51,DEBIT,Walmart,Pune,-0.3690402335397913,99,0,NORMAL
3631,71,2026-04-14 00:48:00,2752.81,DEBIT,Flipkart,Chandigarh,0.10528031214340819,99,0,NORMAL
3632,52,2026-05-16 01:48:00,1434.82,DEBIT,Uber,Delhi,-0.32552510618683117,116,0,NORMAL
3633,64,2026-03-27 11:08:00,4475.62,DEBIT,Swiggy,Delhi,1.184764752189361,110,0,NORMAL
3634,54,2026-06-04 00:43:00,4817.54,DEBIT,Amazon,Chandigarh,0.0733924877006225,89,0,NORMAL
3635,2,2026-05-28 20:35:00,2007.33,DEBIT,Amazon,Mumbai,-0.5934970257828155,117,0,NORMAL
3636,26,2026-05-14 05:54:00,1861.43,CREDIT,Shell,Bangalore,-0.527582815591261,98,0,NORMAL
3637,4,2026-03-25 21:15:00,1116.84,DEBIT,Walmart,Chandigarh,-1.2100022992670112,105,0,NORMAL
3638,64,2026-01-20 15:35:00,3702.85,DEBIT,Flipkart,Ludhiana,0.6732698581682509,110,0,NORMAL
3639,57,2026-03-18 03:55:00,2736.18,DEBIT,Netflix,Ludhiana,-0.12599855641129779,107,0,NORMAL
3640,42,2026-01-21 14:42:00,2095.58,DEBIT,Swiggy,Bangalore,-0.24400647029054567,104,0,NORMAL
3641,94,2026-06-20 05:24:00,4182.06,DEBIT,Local Store,Delhi,0.07953719458044953,103,0,NORMAL
3642,41,2026-01-30 02:37:00,5131.63,DEBIT,Shell,Pune,0.3765004510307405,100,0,NORMAL
3643,74,2026-05-28 07:35:00,1797.97,DEBIT,Local Store,Mumbai,-0.28115415186640563,119,0,NORMAL
3644,55,2026-07-21 14:33:00,2311.96,CREDIT,Netflix,Mumbai,-0.15164284381471352,118,0,NORMAL
3645,42,2026-05-25 04:11:00,2408.17,DEBIT,Shell,Delhi,-0.17829876121538157,104,0,NORMAL
3646,48,2026-03-09 14:58:00,3630.42,DEBIT,Netflix,Pune,-0.06395248863226122,102,0,NORMAL
3647,89,2026-03-30 23:15:00,1591.92,DEBIT,Amazon,Hyderabad,-0.3291420350593471,103,0,NORMAL
3648,83,2026-01-10 07:06:00,1013.74,DEBIT,Local Store,Bangalore,-0.33156514874849036,101,0,NORMAL
3649,56,2026-06-24 10:04:00,2970.61,DEBIT,Netflix,Hyderabad,-0.021012800779219538,101,0,NORMAL
3650,88,2026-05-28 09:49:00,1624.01,DEBIT,Apple,Bangalore,-0.26475556190682004,104,0,NORMAL
3651,6,2026-03-01 15:52:00,1171.16,DEBIT,Swiggy,Hyderabad,-0.9891810539906921,117,0,NORMAL
3652,59,2026-03-10 00:33:00,2083.18,CREDIT,Apple,Mumbai,-0.2255161360317191,92,0,NORMAL
3653,57,2026-07-14 18:10:00,2757.38,DEBIT,Flipkart,Pune,-0.12282506763746551,107,0,NORMAL
3654,19,2026-03-08 09:29:00,1121.82,DEBIT,Amazon,Ludhiana,-1.161655530667733,98,0,NORMAL
3655,13,2026-03-24 23:53:00,1780.73,DEBIT,Uber,Ludhiana,-0.6825710249539516,101,0,NORMAL
3656,36,2026-04-19 02:32:00,1811.16,DEBIT,Myntra,Pune,-0.2325497293230639,85,0,NORMAL
3657,10,2026-06-25 22:53:00,1552.21,DEBIT,Flipkart,Hyderabad,-0.3201164211758057,91,0,NORMAL
3658,42,2026-04-08 20:11:00,4015.78,DEBIT,Flipkart,Mumbai,0.15962750061744904,104,0,NORMAL
3659,50,2026-01-26 06:46:00,909.1,DEBIT,Netflix,Ludhiana,-0.36045483988288185,118,0,NORMAL
3660,29,2026-05-24 05:07:00,954.39,DEBIT,Apple,Mumbai,-1.059215210539138,99,0,NORMAL
3661,28,2026-02-24 19:30:00,4127.2,CREDIT,Uber,Chandigarh,0.850850281673167,98,0,NORMAL
3662,58,2026-01-28 11:08:00,3608.34,DEBIT,Swiggy,Pune,0.04311925113979478,99,0,NORMAL
3663,65,2026-06-24 02:04:00,4548.45,CREDIT,Amazon,Hyderabad,0.13716072366115326,112,0,NORMAL
3664,57,2026-01-20 01:31:00,542.88,DEBIT,Netflix,Chandigarh,-0.45431992092291423,107,0,NORMAL
3665,5,2026-02-19 06:01:00,1736.31,CREDIT,Apple,Delhi,-0.46806320728794165,87,0,NORMAL
3666,94,2026-04-19 07:41:00,5565.32,DEBIT,Amazon,Mumbai,0.31182258019029574,103,0,NORMAL
3667,64,2026-05-14 13:21:00,1325.67,DEBIT,Shell,Mumbai,-0.9001807573694928,110,0,NORMAL
3668,55,2026-07-27 05:31:00,1399.05,DEBIT,Amazon,Hyderabad,-0.8500449965716661,118,0,NORMAL
3669,56,2026-03-11 12:11:00,4538.38,DEBIT,Shell,Pune,0.3872227994201996,101,0,NORMAL
3670,46,2026-05-27 22:11:00,3375.06,CREDIT,Apple,Chandigarh,0.013921435665574054,94,0,NORMAL
3671,94,2026-03-18 01:05:00,674.84,DEBIT,Walmart,Ludhiana,-0.5094164006356091,103,0,NORMAL
3672,28,2026-07-27 19:08:00,4481.56,DEBIT,Myntra,Pune,1.0925796826070344,98,0,NORMAL
3673,74,2026-01-29 04:12:00,3739.24,DEBIT,Apple,Ludhiana,-0.06085253746847212,119,0,NORMAL
3674,91,2026-04-25 16:27:00,1489.31,DEBIT,Flipkart,Delhi,-0.3183067852639609,100,0,NORMAL
3675,37,2026-06-08 22:21:00,3356.84,CREDIT,Apple,Mumbai,0.46134319368865606,87,0,NORMAL
3676,17,2026-04-04 15:58:00,915.94,DEBIT,Swiggy,Delhi,-0.3291266966008669,97,0,NORMAL
3677,17,2026-07-14 07:15:00,891.75,CREDIT,Walmart,Pune,-0.3319156840875938,97,0,NORMAL
3678,14,2026-05-04 14:01:00,1337.59,DEBIT,Netflix,Bangalore,-0.32659126141246814,112,0,NORMAL
3679,3,2026-03-01 11:21:00,694.88,DEBIT,Uber,Mumbai,-0.39328472591327585,94,0,NORMAL
3680,76,2026-04-21 18:00:00,5697.43,DEBIT,Myntra,Bangalore,0.4916238352501971,74,0,NORMAL
3681,23,2026-06-17 21:06:00,4785.59,DEBIT,Shell,Pune,1.4231442404892294,96,0,NORMAL
3682,63,2026-07-02 11:26:00,738.53,DEBIT,Shell,Mumbai,-1.3035796178127472,88,0,NORMAL
3683,17,2026-05-01 02:04:00,981.54,DEBIT,Shell,Hyderabad,-0.32156334070465836,97,0,NORMAL
3684,38,2026-05-20 23:06:00,762.44,DEBIT,Walmart,Pune,-1.3546007632645043,95,0,NORMAL
3685,26,2026-06-20 05:24:00,3596.16,DEBIT,Local Store,Ludhiana,0.586937662262977,98,0,NORMAL
3686,69,2026-05-23 12:14:00,6623.39,CREDIT,Amazon,Hyderabad,0.19809971086964503,112,0,NORMAL
3687,87,2026-05-21 20:05:00,1482.49,DEBIT,Netflix,Pune,-0.883551650782098,85,0,NORMAL
3688,70,2026-06-11 22:29:00,1773.36,DEBIT,Uber,Mumbai,-0.7929137450527158,90,0,NORMAL
3689,51,2026-02-21 05:31:00,5341.48,DEBIT,Swiggy,Delhi,0.2643342611166719,108,0,NORMAL
3690,50,2026-06-02 10:36:00,2529.19,DEBIT,Flipkart,Bangalore,-0.15832855017569014,118,0,NORMAL
3691,41,2026-07-01 18:37:00,3407.7,DEBIT,Shell,Chandigarh,0.02492004785516292,100,0,NORMAL
3692,42,2026-06-29 16:33:00,1513.01,CREDIT,Flipkart,Delhi,-0.36646509045087816,104,0,NORMAL
3693,23,2026-07-10 16:48:00,1606.44,DEBIT,Myntra,Bangalore,-0.7106789092169988,96,0,NORMAL
3694,67,2026-07-13 07:33:00,4086.52,DEBIT,Uber,Bangalore,0.0432795336277147,98,0,NORMAL
3695,88,2026-02-08 18:42:00,926.61,DEBIT,Uber,Mumbai,-0.3369644064318784,104,0,NORMAL
3696,33,2026-07-06 12:28:00,4842.54,DEBIT,Local Store,Ludhiana,0.07240933816145874,91,0,NORMAL
3697,61,2026-03-15 09:31:00,6810.1,CREDIT,Shell,Chandigarh,0.9575275026478359,81,0,NORMAL
3698,69,2026-03-26 23:18:00,5061.14,DEBIT,Flipkart,Hyderabad,0.04992872439536811,112,0,NORMAL
3699,61,2026-05-29 14:59:00,4252.66,CREDIT,Netflix,Delhi,0.27410993279604273,81,0,NORMAL
3700,80,2026-02-26 00:38:00,1340.6,CREDIT,Netflix,Ludhiana,-0.34446708179981583,84,0,NORMAL
3701,83,2026-01-18 15:53:00,2836.71,DEBIT,Shell,Ludhiana,-0.04759747489254598,101,0,NORMAL
3702,95,2026-04-12 05:00:00,4056.45,DEBIT,Walmart,Mumbai,0.8862674443810292,113,0,NORMAL
3703,35,2026-06-23 04:07:00,5004.55,DEBIT,Local Store,Chandigarh,1.5592546958836795,103,0,NORMAL
3704,74,2026-04-10 07:12:00,4594.45,DEBIT,Flipkart,Mumbai,0.03619946645125917,119,0,NORMAL
3705,72,2026-01-05 19:11:00,1815.45,DEBIT,Apple,Bangalore,-0.6681615185406964,98,0,NORMAL
3706,6,2026-05-18 11:52:00,3210.26,DEBIT,Myntra,Bangalore,0.31106389018603114,117,0,NORMAL
3707,66,2026-03-23 02:36:00,5952.94,DEBIT,Local Store,Bangalore,2.0942804780457234,95,40,REVIEW
3708,87,2026-07-19 16:55:00,596.22,DEBIT,Amazon,Mumbai,-1.3914637299985189,85,0,NORMAL
3709,85,2026-02-23 13:43:00,6877.25,DEBIT,Amazon,Hyderabad,2.3952938165062005,89,40,REVIEW
3710,30,2026-07-13 03:06:00,4875.74,DEBIT,Local Store,Hyderabad,0.4027676161992042,92,0,NORMAL
3711,18,2026-03-11 14:49:00,1813.04,DEBIT,Apple,Mumbai,-0.8255155824890562,96,0,NORMAL
3712,6,2026-06-10 04:56:00,2240.74,DEBIT,Myntra,Chandigarh,-0.3071566376341921,117,0,NORMAL
3713,37,2026-02-11 09:20:00,1934.12,CREDIT,Apple,Delhi,-0.49508265330586515,87,0,NORMAL
3714,66,2026-07-10 07:15:00,4932.25,DEBIT,Uber,Mumbai,1.4069190676679428,95,0,NORMAL
3715,1,2026-07-09 07:49:00,2764.37,DEBIT,Swiggy,Pune,-0.14981296680879455,112,0,NORMAL
3716,66,2026-07-27 17:33:00,3584.59,DEBIT,Swiggy,Mumbai,0.49936684484835997,95,0,NORMAL
3717,32,2026-05-12 06:55:00,3838.45,DEBIT,Shell,Chandigarh,0.29070386440707885,107,0,NORMAL
3718,92,2026-06-17 04:57:00,5460.29,DEBIT,Swiggy,Hyderabad,0.42834743304374645,119,0,NORMAL
3719,62,2026-03-12 01:49:00,1610.53,CREDIT,Amazon,Chandigarh,-0.7091833774516405,102,0,NORMAL
3720,52,2026-02-01 11:25:00,1302.66,DEBIT,Flipkart,Delhi,-0.35282218308857854,116,0,NORMAL
3721,68,2026-02-24 11:03:00,4806.07,DEBIT,Apple,Hyderabad,0.39084253775791566,100,0,NORMAL
3722,19,2026-05-04 17:58:00,4022.56,CREDIT,Local Store,Bangalore,0.7629998200052922,98,0,NORMAL
3723,54,2026-02-25 14:51:00,3153.42,DEBIT,Netflix,Mumbai,-0.13756634765572565,89,0,NORMAL
3724,59,2026-06-22 11:45:00,3648.51,DEBIT,Walmart,Chandigarh,-0.003583507194629375,92,0,NORMAL
3725,80,2026-03-25 00:17:00,1057.43,CREDIT,Myntra,Pune,-0.3869258682307382,84,0,NORMAL
3726,74,2026-06-05 23:31:00,501.48,DEBIT,Flipkart,Hyderabad,-0.42828404108880996,119,0,NORMAL
3727,35,2026-07-21 01:06:00,4083.59,DEBIT,Apple,Hyderabad,0.897866817571578,103,0,NORMAL
3728,60,2026-04-05 11:27:00,3240.41,DEBIT,Walmart,Pune,-0.015439884331588606,106,0,NORMAL
3729,57,2026-07-18 07:11:00,2235.79,DEBIT,Shell,Ludhiana,-0.20090336997440714,107,0,NORMAL
3730,88,2026-03-18 12:09:00,784.17,DEBIT,Myntra,Ludhiana,-0.35171265394284673,104,0,NORMAL
3731,9,2026-04-21 03:17:00,2646.74,DEBIT,Flipkart,Ludhiana,-0.1341548582656544,84,0,NORMAL
3732,78,2026-03-03 00:55:00,4383.63,DEBIT,Swiggy,Hyderabad,0.3240783010325561,102,0,NORMAL
3733,71,2026-07-11 04:36:00,1408.58,DEBIT,Amazon,Hyderabad,-0.7998879443879975,99,0,NORMAL
3734,20,2026-05-26 02:57:00,6254.61,DEBIT,Walmart,Mumbai,0.22414339987274706,98,0,NORMAL
3735,31,2026-01-11 03:25:00,2962.18,CREDIT,Flipkart,Pune,-0.0722391082210119,104,0,NORMAL
3736,12,2026-02-06 07:47:00,2538.07,CREDIT,Uber,Ludhiana,-0.18268022854698407,99,0,NORMAL
3737,83,2026-02-05 18:53:00,3059.55,DEBIT,Shell,Hyderabad,-0.01288524351075765,101,0,NORMAL
3738,18,2026-06-27 20:10:00,4021.18,DEBIT,Amazon,Chandigarh,0.6627112194963991,96,0,NORMAL
3739,50,2026-01-18 03:21:00,4453.21,CREDIT,Myntra,Ludhiana,0.08171677071539062,118,0,NORMAL
3740,17,2026-07-22 00:14:00,1082.1,CREDIT,Uber,Chandigarh,-0.30996926953205567,97,0,NORMAL
3741,71,2026-06-08 23:35:00,3307.37,DEBIT,Apple,Ludhiana,0.4787060713825683,99,0,NORMAL
3742,59,2026-04-26 02:50:00,5570.58,DEBIT,Amazon,Chandigarh,0.2689277510760898,92,0,NORMAL
3743,63,2026-03-24 00:34:00,1466.37,DEBIT,Netflix,Bangalore,-0.7152356438619487,88,0,NORMAL
3744,46,2026-06-27 06:03:00,3542.77,DEBIT,Myntra,Mumbai,0.041431183152293743,94,0,NORMAL
3745,95,2026-03-21 09:05:00,1163.64,CREDIT,Walmart,Bangalore,-0.9552438267123,113,0,NORMAL
3746,43,2026-04-26 21:16:00,2838.53,DEBIT,Myntra,Pune,-0.050325244333957075,97,0,NORMAL
3747,5,2026-03-23 01:29:00,1710.4,DEBIT,Shell,Bangalore,-0.48531820109995705,87,0,NORMAL
3748,91,2026-04-24 07:07:00,3194.16,DEBIT,Flipkart,Ludhiana,-0.11359493443390875,100,0,NORMAL
3749,69,2026-06-25 23:59:00,1748.0,DEBIT,Amazon,Pune,-0.26430473511968133,112,0,NORMAL
3750,90,2026-03-24 13:59:00,924.32,DEBIT,Flipkart,Hyderabad,-0.3226974093419532,93,0,NORMAL
3751,7,2026-05-24 06:50:00,1025.19,DEBIT,Shell,Ludhiana,-0.39285204377919497,93,0,NORMAL
3752,10,2026-06-09 10:31:00,3614.36,DEBIT,Myntra,Ludhiana,-0.06987601833518435,91,0,NORMAL
3753,58,2026-04-21 03:44:00,3203.24,DEBIT,Apple,Bangalore,-0.026846931067385445,99,0,NORMAL
3754,55,2026-06-22 05:23:00,2528.86,DEBIT,Local Store,Hyderabad,0.014291834229105784,118,0,NORMAL
3755,38,2026-06-05 13:34:00,619.19,CREDIT,Apple,Hyderabad,-1.4589636425510928,95,0,NORMAL
3756,3,2026-02-19 01:08:00,654.08,DEBIT,Local Store,Bangalore,-0.3982810033003238,94,0,NORMAL
3757,62,2026-05-10 06:37:00,937.54,CREDIT,Local Store,Chandigarh,-1.1866702569903158,102,0,NORMAL
3758,47,2026-02-23 15:08:00,2546.69,CREDIT,Myntra,Mumbai,-0.11214622510018486,103,0,NORMAL
3759,14,2026-01-14 17:49:00,3959.37,DEBIT,Uber,Ludhiana,0.04249004366586416,112,0,NORMAL
3760,12,2026-04-21 19:00:00,1786.94,DEBIT,Uber,Hyderabad,-0.27425700050899227,99,0,NORMAL
3761,30,2026-05-16 17:59:00,1405.67,CREDIT,Walmart,Ludhiana,-0.36528810018327784,92,0,NORMAL
3762,45,2026-04-01 02:09:00,4087.29,DEBIT,Local Store,Chandigarh,0.10174005360225635,97,0,NORMAL
3763,50,2026-05-20 22:04:00,506.54,DEBIT,Myntra,Pune,-0.4106791849405806,118,0,NORMAL
3764,33,2026-05-06 17:56:00,2329.44,DEBIT,Local Store,Bangalore,-0.19165534716291058,91,0,NORMAL
3765,70,2026-02-11 20:03:00,2317.34,DEBIT,Swiggy,Delhi,-0.37244540998846454,90,0,NORMAL
3766,57,2026-02-28 19:44:00,602.34,DEBIT,Uber,Delhi,-0.44541918306951495,107,0,NORMAL
3767,66,2026-04-15 09:02:00,2577.62,DEBIT,Walmart,Mumbai,-0.17875513088189518,95,0,NORMAL
3768,98,2026-06-24 14:02:00,2180.12,DEBIT,Swiggy,Pune,-0.427165537460387,114,0,NORMAL
3769,8,2026-06-13 17:57:00,3635.38,DEBIT,Apple,Delhi,-0.051398647655865444,91,0,NORMAL
3770,95,2026-02-15 15:32:00,6583.89,DEBIT,Shell,Chandigarh,2.49519068752943,113,40,REVIEW
3771,37,2026-01-11 10:32:00,5812.3,CREDIT,Uber,Chandigarh,2.11203019482814,87,40,REVIEW
3772,82,2026-01-11 18:23:00,2038.87,CREDIT,Local Store,Pune,-0.23047924189196375,107,0,NORMAL
3773,83,2026-03-10 16:04:00,2998.8,DEBIT,Swiggy,Chandigarh,-0.02234839221136634,101,0,NORMAL
3774,58,2026-05-18 11:06:00,2170.1,DEBIT,Swiggy,Chandigarh,-0.20528401199931856,99,0,NORMAL
3775,56,2026-03-29 13:36:00,8912.53,DEBIT,Apple,Mumbai,1.5262187941211376,101,0,NORMAL
3776,5,2026-02-16 14:31:00,1113.87,CREDIT,Uber,Pune,-0.8825826340865108,87,0,NORMAL
3777,90,2026-03-18 00:08:00,4713.65,DEBIT,Myntra,Chandigarh,-0.008044710018604868,93,0,NORMAL
3778,71,2026-05-11 08:58:00,1987.15,DEBIT,Local Store,Pune,-0.4102944981910107,99,0,NORMAL
3779,3,2026-04-21 20:08:00,1131.32,DEBIT,Apple,Hyderabad,-0.339839252805355,94,0,NORMAL
3780,52,2026-03-01 18:50:00,770.67,DEBIT,Netflix,Mumbai,-0.4627024187193336,116,0,NORMAL
3781,100,2026-05-12 06:03:00,5220.11,DEBIT,Swiggy,Bangalore,1.7811791961495125,87,0,NORMAL
3782,18,2026-01-20 03:09:00,4768.51,DEBIT,Walmart,Ludhiana,1.1663914824904986,96,0,NORMAL
3783,50,2026-05-10 20:55:00,1612.47,DEBIT,Swiggy,Ludhiana,-0.2727007222774726,118,0,NORMAL
3784,82,2026-02-27 12:11:00,1516.63,DEBIT,Uber,Chandigarh,-0.3176696034630259,107,0,NORMAL
3785,88,2026-01-17 09:03:00,2759.84,DEBIT,Amazon,Mumbai,-0.14715164467582345,104,0,NORMAL
3786,71,2026-05-02 19:06:00,1647.6,CREDIT,Flipkart,Delhi,-0.6389383177049621,99,0,NORMAL
3787,94,2026-04-16 01:22:00,4319.73,CREDIT,Apple,Ludhiana,0.10265557365373101,103,0,NORMAL
3788,52,2026-07-15 03:08:00,4177.23,DEBIT,Netflix,Ludhiana,0.24090782863551322,116,0,NORMAL
3789,1,2026-05-12 12:11:00,1889.78,DEBIT,Apple,Chandigarh,-0.24353244223427906,112,0,NORMAL
3790,94,2026-06-25 13:32:00,1430.05,DEBIT,Apple,Ludhiana,-0.38259696967800744,103,0,NORMAL
3791,26,2026-06-16 17:57:00,1359.41,CREDIT,Shell,Ludhiana,-0.8501180633199475,98,0,NORMAL
3792,60,2026-01-24 03:06:00,3490.77,DEBIT,Uber,Hyderabad,0.041171695180723764,106,0,NORMAL
3793,89,2026-06-30 10:09:00,654.16,DEBIT,Swiggy,Chandigarh,-0.5065956589040632,103,0,NORMAL
3794,13,2026-07-12 08:40:00,2866.58,DEBIT,Flipkart,Ludhiana,0.06593414728970774,101,0,NORMAL
3795,7,2026-02-01 05:30:00,728.9,CREDIT,Apple,Mumbai,-0.4442157639932889,93,0,NORMAL
3796,75,2026-01-24 15:18:00,610.86,DEBIT,Apple,Mumbai,-0.5233924326747283,89,0,NORMAL
3797,56,2026-01-06 09:10:00,1863.2,CREDIT,Myntra,Hyderabad,-0.3093740948573297,101,0,NORMAL
3798,71,2026-01-17 12:09:00,1005.9,DEBIT,Local Store,Pune,-1.0710418046202987,99,0,NORMAL
3799,52,2026-06-15 08:20:00,3037.65,DEBIT,Amazon,Chandigarh,0.005532504061562937,116,0,NORMAL
3800,83,2026-02-21 23:41:00,3533.43,CREDIT,Swiggy,Hyderabad,0.060931989513842204,101,0,NORMAL
3801,75,2026-04-06 20:33:00,3509.79,DEBIT,Uber,Pune,-0.04472838065493087,89,0,NORMAL
3802,96,2026-01-20 05:19:00,2011.07,DEBIT,Uber,Mumbai,-0.520271886591598,96,0,NORMAL
3803,7,2026-05-03 00:28:00,654.2,CREDIT,Amazon,Pune,-0.45716547508712546,93,0,NORMAL
3804,42,2026-04-15 23:15:00,4587.26,DEBIT,Walmart,Delhi,0.2797549569732978,104,0,NORMAL
3805,38,2026-04-25 16:50:00,5069.41,DEBIT,Walmart,Bangalore,1.7831848576845948,95,0,NORMAL
3806,41,2026-01-07 22:50:00,3990.76,DEBIT,Walmart,Hyderabad,0.1438300209257356,100,0,NORMAL
3807,52,2026-02-16 20:48:00,2410.98,DEBIT,Uber,Hyderabad,-0.12390347643191493,116,0,NORMAL
3808,18,2026-04-27 07:58:00,2601.07,DEBIT,Netflix,Hyderabad,-0.2944046172565082,96,0,NORMAL
3809,76,2026-01-11 00:34:00,1044.12,DEBIT,Walmart,Pune,-0.4688696650897949,74,0,NORMAL
3810,95,2026-01-28 11:57:00,3044.59,DEBIT,Walmart,Hyderabad,0.24213540848219878,113,0,NORMAL
3811,27,2026-03-24 22:45:00,1549.54,DEBIT,Uber,Bangalore,-0.8574144593961909,90,0,NORMAL
3812,24,2026-02-12 12:07:00,3297.77,CREDIT,Netflix,Mumbai,0.32704777931949364,95,0,NORMAL
3813,32,2026-04-14 03:35:00,3751.28,DEBIT,Flipkart,Mumbai,0.26303329769489703,107,0,NORMAL
3814,28,2026-04-19 15:28:00,2752.22,DEBIT,Apple,Ludhiana,-0.08710290631658502,98,0,NORMAL
3815,57,2026-06-06 08:08:00,2901.39,DEBIT,Netflix,Bangalore,-0.10126779790540978,107,0,NORMAL
3816,23,2026-05-10 20:05:00,3877.98,DEBIT,Netflix,Chandigarh,0.813962783525931,96,0,NORMAL
3817,97,2026-03-30 07:01:00,2113.39,CREDIT,Apple,Pune,-0.6167336975198892,96,0,NORMAL
3818,74,2026-03-06 13:40:00,2062.42,DEBIT,Local Store,Chandigarh,-0.25114350835595445,119,0,NORMAL
3819,30,2026-05-20 16:22:00,2220.41,DEBIT,Swiggy,Bangalore,-0.1849557972713875,92,0,NORMAL
3820,43,2026-06-27 15:33:00,2745.21,DEBIT,Swiggy,Mumbai,-0.0690927894794744,97,0,NORMAL
3821,48,2026-06-01 15:55:00,4884.45,DEBIT,Swiggy,Bangalore,0.08408398613936961,102,0,NORMAL
3822,14,2026-05-15 12:30:00,1334.39,CREDIT,Netflix,Mumbai,-0.32704174168779654,112,0,NORMAL
3823,52,2026-04-09 14:14:00,4116.18,CREDIT,Swiggy,Chandigarh,0.2282982149486817,116,0,NORMAL
3824,93,2026-03-17 20:50:00,1660.87,DEBIT,Shell,Ludhiana,-0.8230314809627233,100,0,NORMAL
3825,90,2026-07-20 18:35:00,4022.25,DEBIT,Flipkart,Pune,-0.06545614589570266,93,0,NORMAL
3826,32,2026-05-22 08:38:00,1123.57,DEBIT,Myntra,Ludhiana,-0.5710865239784731,107,0,NORMAL
3827,20,2026-06-02 07:34:00,1739.57,DEBIT,Netflix,Pune,-0.2530255449263658,98,0,NORMAL
3828,81,2026-04-09 19:59:00,3221.28,DEBIT,Netflix,Pune,-0.09348357790344514,105,0,NORMAL
3829,37,2026-01-10 12:21:00,1886.27,DEBIT,Swiggy,Hyderabad,-0.5272498940691128,87,0,NORMAL
3830,13,2026-04-18 18:47:00,3100.93,DEBIT,Local Store,Chandigarh,0.22747781088532548,101,0,NORMAL
3831,76,2026-01-29 02:16:00,2323.45,CREDIT,Swiggy,Delhi,-0.2048021196672974,74,0,NORMAL
3832,46,2026-07-02 01:52:00,3157.05,DEBIT,Walmart,Delhi,-0.021839103655752944,94,0,NORMAL
3833,51,2026-01-11 15:23:00,3789.02,DEBIT,Netflix,Delhi,0.0237170421591763,108,0,NORMAL
3834,64,2026-05-19 04:28:00,4063.37,DEBIT,Amazon,Chandigarh,0.9118973141933173,110,0,NORMAL
3835,89,2026-07-15 06:18:00,1260.78,DEBIT,Local Store,Chandigarh,-0.39180411597550824,103,0,NORMAL
3836,62,2026-01-07 22:53:00,4719.96,CREDIT,Shell,Mumbai,1.496959400069486,102,0,NORMAL
3837,50,2026-04-14 22:31:00,3368.93,CREDIT,Swiggy,Hyderabad,-0.053560586347312,118,0,NORMAL
3838,26,2026-06-10 22:26:00,2987.41,DEBIT,Swiggy,Mumbai,0.19583106879092801,98,0,NORMAL
3839,42,2026-03-01 20:57:00,4133.38,CREDIT,Swiggy,Hyderabad,0.1843475063349681,104,0,NORMAL
3840,90,2026-03-16 16:19:00,1186.65,CREDIT,Netflix,Ludhiana,-0.3009144443815264,93,0,NORMAL
3841,14,2026-04-20 10:27:00,2559.61,CREDIT,Amazon,Mumbai,-0.15456129076968964,112,0,NORMAL
3842,51,2026-01-30 02:23:00,2802.68,DEBIT,Walmart,Mumbai,-0.12915671159070216,108,0,NORMAL
3843,83,2026-02-02 04:43:00,3158.26,DEBIT,Local Store,Chandigarh,0.0024910101227745922,101,0,NORMAL
3844,58,2026-07-20 12:07:00,3907.41,DEBIT,Netflix,Mumbai,0.09477263576754434,99,0,NORMAL
3845,43,2026-03-03 19:48:00,1627.75,DEBIT,Flipkart,Hyderabad,-0.29382469044721726,97,0,NORMAL
3846,99,2026-03-31 21:25:00,3302.45,DEBIT,Local Store,Ludhiana,0.1181091801805296,103,0,NORMAL
3847,35,2026-03-26 07:57:00,5343.51,DEBIT,Apple,Bangalore,1.80267898709358,103,0,NORMAL
3848,28,2026-06-25 12:03:00,2877.04,DEBIT,Netflix,Pune,-0.0019559827796019344,98,0,NORMAL
3849,36,2026-04-07 14:14:00,3079.56,DEBIT,Walmart,Pune,-0.06084226211534767,85,0,NORMAL
3850,8,2026-06-29 17:21:00,5013.65,CREDIT,Local Store,Mumbai,0.10700115664698116,91,0,NORMAL
3851,5,2026-01-04 19:04:00,830.9,DEBIT,Apple,Ludhiana,-1.0710290099640107,87,0,NORMAL
3852,84,2026-03-15 18:45:00,63857.02,DEBIT,Uber,Bangalore,7.380204178864795,95,90,HIGH
3853,40,2026-07-12 20:02:00,5068.73,DEBIT,Shell,Hyderabad,0.31331445080484455,109,0,NORMAL
3854,54,2026-05-28 03:56:00,3267.35,CREDIT,Shell,Delhi,-0.1231235550012604,89,0,NORMAL
3855,96,2026-02-22 13:36:00,6012.36,DEBIT,Walmart,Hyderabad,1.9719746054635205,96,0,NORMAL
3856,99,2026-04-30 19:57:00,1068.4,DEBIT,Apple,Ludhiana,-0.5765391051695233,103,0,NORMAL
3857,34,2026-06-04 21:47:00,5267.41,DEBIT,Amazon,Pune,1.714184578946252,118,0,NORMAL
3858,62,2026-06-26 19:47:00,3032.87,DEBIT,Local Store,Delhi,0.2999678554686692,102,0,NORMAL
3859,27,2026-02-06 00:02:00,4293.94,CREDIT,Walmart,Hyderabad,1.0913774197276773,90,0,NORMAL
3860,64,2026-02-05 14:14:00,1092.34,CREDIT,Local Store,Pune,-1.0546214106323597,110,0,NORMAL
3861,40,2026-06-18 21:53:00,6264.25,DEBIT,Amazon,Mumbai,0.5165826532611607,109,0,NORMAL
3862,67,2026-04-16 08:11:00,705.54,DEBIT,Walmart,Delhi,-0.44581027890083036,98,0,NORMAL
3863,17,2026-06-26 10:18:00,2817.19,DEBIT,Walmart,Hyderabad,-0.10992196492912058,97,0,NORMAL
3864,78,2026-07-05 17:06:00,1589.29,DEBIT,Flipkart,Chandigarh,-0.4948568922087075,102,0,NORMAL
3865,49,2026-01-30 00:21:00,1264.72,DEBIT,Amazon,Pune,-0.7974584643674234,95,0,NORMAL
3866,64,2026-05-18 23:19:00,2131.72,CREDIT,Walmart,Hyderabad,-0.3666578989177987,110,0,NORMAL
3867,74,2026-04-14 09:16:00,5862.59,DEBIT,Amazon,Delhi,0.18011210574543027,119,0,NORMAL
3868,91,2026-03-21 07:07:00,2059.61,CREDIT,Flipkart,Delhi,-0.24982734805342696,100,0,NORMAL
3869,53,2026-05-29 00:13:00,2114.17,DEBIT,Shell,Bangalore,-0.2498686861823054,105,0,NORMAL
3870,45,2026-03-05 21:32:00,2319.13,CREDIT,Myntra,Pune,-0.1607284116628681,97,0,NORMAL
3871,40,2026-01-24 16:01:00,6120.37,DEBIT,Myntra,Ludhiana,0.4921194665562835,109,0,NORMAL
3872,70,2026-07-09 13:02:00,3201.74,DEBIT,Shell,Bangalore,0.31114993456615797,90,0,NORMAL
3873,55,2026-03-22 10:18:00,2109.01,CREDIT,Amazon,Delhi,-0.3069053745154654,118,0,NORMAL
3874,48,2026-05-05 01:22:00,1287.7,CREDIT,Swiggy,Chandigarh,-0.34050728411322667,102,0,NORMAL
3875,45,2026-07-03 19:35:00,5425.89,DEBIT,Apple,Mumbai,0.30044395347777425,97,0,NORMAL
3876,24,2026-06-15 21:50:00,2302.96,DEBIT,Uber,Chandigarh,-0.3071609266621875,95,0,NORMAL
3877,52,2026-05-20 08:47:00,939.91,DEBIT,Amazon,Chandigarh,-0.42774662805005603,116,0,NORMAL
3878,3,2026-07-06 14:35:00,72338.07,DEBIT,Apple,Pune,8.379981208718446,94,90,HIGH
3879,29,2026-06-03 06:34:00,587.92,CREDIT,Uber,Bangalore,-1.2954785369931232,99,0,NORMAL
3880,6,2026-02-07 08:35:00,2947.12,DEBIT,Amazon,Delhi,0.14327101361761205,117,0,NORMAL
3881,82,2026-04-10 00:16:00,3607.78,DEBIT,Walmart,Chandigarh,0.03145747335860156,107,0,NORMAL
3882,18,2026-05-29 10:02:00,3391.75,DEBIT,Uber,Mumbai,0.23849237650016472,96,0,NORMAL
3883,65,2026-02-20 23:23:00,5103.97,DEBIT,Netflix,Mumbai,0.21096778641937783,112,0,NORMAL
3884,71,2026-02-26 10:36:00,1574.33,DEBIT,Apple,Delhi,-0.6882763611618528,99,0,NORMAL
3885,69,2026-04-19 04:37:00,1631.78,DEBIT,Amazon,Delhi,-0.27532757528485363,112,0,NORMAL
3886,35,2026-07-21 19:03:00,1033.09,DEBIT,Apple,Chandigarh,-1.2928512622484636,103,0,NORMAL
3887,78,2026-02-12 00:54:00,4406.59,DEBIT,Netflix,Bangalore,0.33080717154824835,102,0,NORMAL
3888,86,2026-04-25 11:25:00,963.31,CREDIT,Netflix,Bangalore,-1.205291949747576,76,0,NORMAL
3889,100,2026-02-17 18:53:00,5386.23,DEBIT,Amazon,Hyderabad,1.898029380775664,87,0,NORMAL
3890,56,2026-05-11 20:20:00,1683.03,DEBIT,Myntra,Ludhiana,-0.35628901738291024,101,0,NORMAL
3891,6,2026-07-16 18:31:00,2617.3,DEBIT,Amazon,Hyderabad,-0.06704078447388247,117,0,NORMAL
3892,10,2026-04-15 17:56:00,631.76,DEBIT,Flipkart,Mumbai,-0.4318123592960442,91,0,NORMAL
3893,39,2026-07-05 21:09:00,669.51,CREDIT,Walmart,Pune,-0.5657665696486305,101,0,NORMAL
3894,34,2026-06-15 08:16:00,2452.47,DEBIT,Apple,Pune,-0.2884045428503238,118,0,NORMAL
3895,81,2026-07-22 05:43:00,1190.86,DEBIT,Local Store,Mumbai,-0.37251431734211,105,0,NORMAL
3896,3,2026-07-01 05:09:00,2288.28,CREDIT,Shell,Pune,-0.1981605007044014,94,0,NORMAL
3897,91,2026-02-12 00:27:00,4454.05,DEBIT,Uber,Delhi,0.037687825775068275,100,0,NORMAL
3898,29,2026-06-11 21:15:00,3537.28,DEBIT,Apple,Mumbai,0.6059748002795758,99,0,NORMAL
3899,93,2026-04-28 15:50:00,1861.03,DEBIT,Flipkart,Chandigarh,-0.6903419385640136,100,0,NORMAL
3900,48,2026-01-08 14:14:00,2847.95,DEBIT,Shell,Hyderabad,-0.15632196975676224,102,0,NORMAL
3901,36,2026-06-06 12:44:00,1349.2,DEBIT,Local Store,Pune,-0.2950867693351079,85,0,NORMAL
3902,7,2026-02-25 18:54:00,3582.48,DEBIT,Shell,Ludhiana,0.050470134040847076,93,0,NORMAL
3903,70,2026-06-03 01:19:00,1727.99,DEBIT,Myntra,Mumbai,-0.8279824026538501,90,0,NORMAL
3904,30,2026-06-11 16:11:00,3248.38,DEBIT,Amazon,Delhi,0.04257224532420864,92,0,NORMAL
3905,52,2026-07-23 22:34:00,1731.83,DEBIT,Walmart,Bangalore,-0.26417897414545716,116,0,NORMAL
3906,76,2026-05-11 05:45:00,4717.92,DEBIT,Netflix,Pune,0.2894423797877358,74,0,NORMAL
3907,3,2026-02-28 12:28:00,3188.21,DEBIT,Local Store,Hyderabad,-0.08795707156405849,94,0,NORMAL
3908,51,2026-07-01 15:25:00,2520.03,DEBIT,Uber,Bangalore,-0.17296489791327152,108,0,NORMAL
3909,2,2026-04-02 05:11:00,2649.32,DEBIT,Uber,Mumbai,-0.13254090914745262,117,0,NORMAL
3910,39,2026-04-10 17:25:00,2341.44,CREDIT,Walmart,Chandigarh,-0.1670911120035052,101,0,NORMAL
3911,91,2026-05-26 00:34:00,1250.8,DEBIT,Local Store,Delhi,-0.34694615150819097,100,0,NORMAL
3912,42,2026-04-13 14:18:00,3322.68,DEBIT,Local Store,Delhi,0.01393501794047203,104,0,NORMAL
3913,50,2026-04-12 01:16:00,699.67,DEBIT,Uber,Bangalore,-0.38658382583636414,118,0,NORMAL
3914,58,2026-03-19 12:18:00,778.7,CREDIT,Netflix,Pune,-0.4455973813478015,99,0,NORMAL
3915,19,2026-03-22 21:58:00,2707.95,DEBIT,Walmart,Bangalore,-0.10925042322514755,98,0,NORMAL
3916,82,2026-07-11 06:40:00,3761.18,CREDIT,Swiggy,Mumbai,0.057068306433434794,107,0,NORMAL
3917,6,2026-03-08 22:15:00,1962.89,DEBIT,Local Store,Ludhiana,-0.48432943825186764,117,0,NORMAL
3918,12,2026-04-18 14:02:00,2311.6,DEBIT,Uber,Ludhiana,-0.21029115015341177,99,0,NORMAL
3919,18,2026-03-06 09:11:00,4676.66,DEBIT,Walmart,Bangalore,1.1044870598712968,96,0,NORMAL
3920,88,2026-05-28 20:43:00,1611.25,DEBIT,Swiggy,Ludhiana,-0.26607673319466024,104,0,NORMAL
3921,27,2026-02-15 22:46:00,2702.36,DEBIT,Flipkart,Hyderabad,-0.03879973337535633,90,0,NORMAL
3922,5,2026-03-25 23:15:00,4863.07,DEBIT,Local Store,Mumbai,1.614230287565689,87,0,NORMAL
3923,65,2026-03-09 08:05:00,297.24,DEBIT,Uber,Delhi,-0.42766020676149885,112,0,NORMAL
3924,54,2026-02-08 16:21:00,820.5,DEBIT,Local Store,Mumbai,-0.43330829305601637,89,0,NORMAL
3925,83,2026-01-31 20:34:00,1395.75,DEBIT,Local Store,Delhi,-0.2720586889111319,101,0,NORMAL
3926,1,2026-05-05 08:52:00,858.7,DEBIT,Swiggy,Delhi,-0.3540211017452597,112,0,NORMAL
3927,49,2026-04-13 05:25:00,1311.32,DEBIT,Myntra,Delhi,-0.7617550860311602,95,0,NORMAL
3928,66,2026-04-23 12:59:00,3049.28,DEBIT,Amazon,Pune,0.13887400511315162,95,0,NORMAL
3929,58,2026-04-15 00:05:00,1907.73,DEBIT,Flipkart,Pune,-0.2505988163086196,99,0,NORMAL
3930,28,2026-05-21 04:47:00,702.48,DEBIT,Myntra,Chandigarh,-1.485348820839061,98,0,NORMAL
3931,69,2026-04-15 20:03:00,3748.59,DEBIT,Netflix,Chandigarh,-0.07455956384070948,112,0,NORMAL
3932,2,2026-04-18 15:56:00,4974.92,DEBIT,Flipkart,Mumbai,1.5372663228144152,117,0,NORMAL
3933,87,2026-07-01 15:55:00,4827.73,DEBIT,Swiggy,Chandigarh,1.0335704495687439,85,0,NORMAL
3934,92,2026-03-06 08:51:00,1713.35,DEBIT,Myntra,Pune,-0.35458008279679726,119,0,NORMAL
3935,98,2026-02-01 12:12:00,3118.04,DEBIT,Flipkart,Chandigarh,0.2645517820784986,114,0,NORMAL
3936,71,2026-01-22 19:11:00,978.45,DEBIT,Uber,Mumbai,-1.0895258948740403,99,0,NORMAL
3937,32,2026-06-10 20:29:00,986.35,DEBIT,Amazon,Chandigarh,-0.6146445733560756,107,0,NORMAL
3938,81,2026-03-16 10:55:00,5005.62,DEBIT,Flipkart,Mumbai,0.15172958469837478,105,0,NORMAL
3939,18,2026-02-26 13:08:00,1119.28,DEBIT,Walmart,Hyderabad,-1.293091110374711,96,0,NORMAL
3940,18,2026-04-14 13:51:00,1945.08,DEBIT,Shell,Bangalore,-0.7365241838756714,96,0,NORMAL
3941,54,2026-04-24 10:31:00,1337.52,CREDIT,Netflix,Delhi,-0.3677661824774889,89,0,NORMAL
3942,6,2026-06-15 03:13:00,630.96,DEBIT,Flipkart,Hyderabad,-1.3336429827064324,117,0,NORMAL
3943,32,2026-03-30 13:53:00,1438.39,DEBIT,Walmart,Mumbai,-0.471152512135762,107,0,NORMAL
3944,19,2026-07-02 20:19:00,1453.72,DEBIT,Swiggy,Chandigarh,-0.9414382375327477,98,0,NORMAL
3945,79,2026-04-04 21:10:00,2032.44,DEBIT,Walmart,Chandigarh,-0.4556858636223236,122,10,NORMAL
3946,85,2026-06-30 22:15:00,2763.76,CREDIT,Swiggy,Bangalore,-0.09230971011471699,89,0,NORMAL
3947,73,2026-02-20 18:37:00,1257.1,CREDIT,Amazon,Delhi,-0.7501525850549967,111,0,NORMAL
3948,13,2026-01-12 01:03:00,3810.71,DEBIT,Swiggy,Hyderabad,0.716747968968951,101,0,NORMAL
3949,46,2026-03-22 05:15:00,1005.08,DEBIT,Flipkart,Delhi,-0.3748302866442221,94,0,NORMAL
3950,19,2026-04-26 00:34:00,2940.62,CREDIT,Flipkart,Mumbai,0.04512727365257776,98,0,NORMAL
3951,32,2026-05-21 12:04:00,3210.99,DEBIT,Local Store,Chandigarh,0.09152784296362702,107,0,NORMAL
3952,53,2026-04-17 20:41:00,1132.35,DEBIT,Local Store,Chandigarh,-0.4627381650191696,105,0,NORMAL
3953,21,2026-02-13 19:19:00,1400.89,DEBIT,Amazon,Bangalore,-0.35403071039924666,122,10,NORMAL
3954,53,2026-05-31 11:15:00,2313.68,DEBIT,Local Store,Mumbai,-0.20661270267948134,105,0,NORMAL
3955,73,2026-02-22 01:30:00,1367.64,CREDIT,Amazon,Hyderabad,-0.6754235031810933,111,0,NORMAL
3956,54,2026-06-02 03:35:00,5467.04,CREDIT,Myntra,Mumbai,0.1557289559624955,89,0,NORMAL
3957,77,2026-03-20 11:09:00,4631.35,DEBIT,Apple,Pune,1.3588084689511697,84,0,NORMAL
3958,35,2026-02-10 03:21:00,2691.02,DEBIT,Apple,Chandigarh,-0.10220801488703386,103,0,NORMAL
3959,85,2026-06-29 15:38:00,2476.9,DEBIT,Myntra,Ludhiana,-0.26578623434267834,89,0,NORMAL
3960,89,2026-01-03 06:38:00,4725.37,DEBIT,Apple,Bangalore,0.26380504909462155,103,0,NORMAL
3961,64,2026-07-09 05:39:00,1881.63,DEBIT,Apple,Pune,-0.5321919621523177,110,0,NORMAL
3962,84,2026-03-25 19:19:00,818.81,DEBIT,Local Store,Ludhiana,-0.3693945941596847,95,0,NORMAL
3963,18,2026-02-22 10:27:00,588.46,CREDIT,Netflix,Mumbai,-1.6508494730826548,96,0,NORMAL
3964,57,2026-01-21 10:12:00,3778.75,CREDIT,Local Store,Pune,0.030066735613904442,107,0,NORMAL
3965,91,2026-06-12 02:48:00,2605.44,DEBIT,Amazon,Chandigarh,-0.18428617461378866,100,0,NORMAL
3966,26,2026-02-21 04:47:00,2847.68,DEBIT,Shell,Chandigarh,0.10605805145072367,98,0,NORMAL
3967,26,2026-02-25 04:15:00,584.17,CREDIT,Amazon,Hyderabad,-1.3481903023725492,98,0,NORMAL
3968,7,2026-07-08 14:17:00,4763.79,DEBIT,Apple,Ludhiana,0.25525759337498355,93,0,NORMAL
3969,35,2026-03-16 02:33:00,1257.72,CREDIT,Netflix,Hyderabad,-1.1315331169378666,103,0,NORMAL
3970,28,2026-05-19 17:27:00,1458.65,DEBIT,Amazon,Hyderabad,-0.9695216363256784,98,0,NORMAL
3971,66,2026-02-01 05:40:00,1633.98,DEBIT,Netflix,Chandigarh,-0.8142288998900064,95,0,NORMAL
3972,2,2026-04-03 04:26:00,4141.34,DEBIT,Local Store,Bangalore,0.938746408633656,117,0,NORMAL
3973,56,2026-06-02 15:57:00,4246.36,CREDIT,Apple,Ludhiana,0.3111829721686037,101,0,NORMAL
3974,92,2026-03-10 08:59:00,4115.64,DEBIT,Uber,Bangalore,0.14738123551323176,119,0,NORMAL
3975,80,2026-05-17 05:48:00,2956.56,CREDIT,Amazon,Hyderabad,-0.10216846075622606,84,0,NORMAL
3976,84,2026-01-29 04:43:00,2893.36,CREDIT,Walmart,Bangalore,-0.11435990750570235,95,0,NORMAL
3977,38,2026-01-22 20:24:00,1279.27,DEBIT,Shell,Delhi,-0.9780711513853588,95,0,NORMAL
3978,28,2026-01-14 00:08:00,5108.91,DEBIT,Apple,Bangalore,1.5205313128019249,98,0,NORMAL
3979,82,2026-05-28 16:46:00,774.69,DEBIT,Swiggy,Ludhiana,-0.44153988698024765,107,0,NORMAL
3980,44,2026-05-01 05:05:00,1005.54,DEBIT,Netflix,Ludhiana,-0.35991362238858216,99,0,NORMAL
3981,82,2026-06-16 18:46:00,3255.58,DEBIT,Flipkart,Bangalore,-0.02734393087188276,107,0,NORMAL
3982,65,2026-01-05 09:03:00,982.66,DEBIT,Walmart,Chandigarh,-0.3365944720341402,112,0,NORMAL
3983,67,2026-06-14 03:10:00,3752.31,DEBIT,Shell,Bangalore,-0.005067012712448523,98,0,NORMAL
3984,5,2026-01-14 13:04:00,1078.51,CREDIT,Uber,Chandigarh,-0.9061309390341321,87,0,NORMAL
3985,85,2026-03-16 08:22:00,1197.56,DEBIT,Myntra,Pune,-1.0394579086988103,89,0,NORMAL
3986,14,2026-07-07 20:30:00,2009.3,DEBIT,Swiggy,Chandigarh,-0.23203122836844206,112,0,NORMAL
3987,67,2026-05-21 07:30:00,6105.96,DEBIT,Myntra,Bangalore,0.33541007891714114,98,0,NORMAL
3988,75,2026-03-14 12:41:00,4615.78,DEBIT,Uber,Chandigarh,0.13788991467933928,89,0,NORMAL
3989,9,2026-07-15 06:20:00,3205.88,DEBIT,Netflix,Bangalore,0.021101720743314772,84,0,NORMAL
3990,25,2026-01-25 09:13:00,1744.09,DEBIT,Local Store,Bangalore,-0.6485387652778444,97,0,NORMAL
3991,55,2026-03-29 04:02:00,1801.64,DEBIT,Netflix,Ludhiana,-0.54205217945013,118,0,NORMAL
3992,84,2026-03-01 09:08:00,2213.13,CREDIT,Apple,Mumbai,-0.1979839439968153,95,0,NORMAL
3993,50,2026-06-25 11:35:00,2706.44,CREDIT,Flipkart,Ludhiana,-0.13621441771971562,118,0,NORMAL
3994,6,2026-04-08 11:03:00,974.26,DEBIT,Swiggy,Chandigarh,-1.114735577804334,117,0,NORMAL
3995,71,2026-03-15 16:32:00,2724.28,CREDIT,Amazon,Mumbai,0.08606897899443756,99,0,NORMAL
3996,66,2026-06-18 05:14:00,1999.75,DEBIT,Uber,Chandigarh,-0.5679090740135102,95,0,NORMAL
3997,97,2026-04-26 06:58:00,1378.83,DEBIT,Walmart,Pune,-1.1392316198826447,96,0,NORMAL
3998,48,2026-03-01 22:21:00,3109.42,DEBIT,Flipkart,Mumbai,-0.12545580462631215,102,0,NORMAL
3999,67,2026-07-18 04:45:00,2088.57,DEBIT,Myntra,Hyderabad,-0.24574228576826115,98,0,NORMAL
4000,25,2026-07-25 10:57:00,5270.79,DEBIT,Myntra,Mumbai,1.6462900100717037,97,0,NORMAL
4001,93,2026-03-02 18:32:00,3116.5,DEBIT,Myntra,Hyderabad,0.14193094210798818,100,0,NORMAL
4002,61,2026-02-12 05:13:00,1759.36,CREDIT,Walmart,Hyderabad,-0.39216768345750597,81,0,NORMAL
4003,65,2026-07-03 11:37:00,1522.79,DEBIT,Swiggy,Mumbai,-0.2648321433914274,112,0,NORMAL
4004,1,2026-06-11 03:22:00,5409.95,DEBIT,Walmart,Mumbai,0.133682579442767,112,0,NORMAL
4005,10,2026-04-18 11:31:00,938.88,DEBIT,Apple,Chandigarh,-0.3945435706432248,91,0,NORMAL
4006,28,2026-05-07 23:51:00,6222.32,CREDIT,Myntra,Hyderabad,2.280052512411861,98,40,REVIEW
4007,89,2026-06-05 12:52:00,3864.78,DEBIT,Walmart,Pune,0.10095441125069116,103,0,NORMAL
4008,75,2026-05-17 23:16:00,3089.91,DEBIT,Flipkart,Pune,-0.1140579133314952,89,0,NORMAL
4009,79,2026-04-18 18:26:00,2540.65,DEBIT,Amazon,Ludhiana,-0.10678359023155141,122,10,NORMAL
4010,79,2026-03-27 09:20:00,2811.38,DEBIT,Netflix,Bangalore,0.07908113591528505,122,10,NORMAL
4011,100,2026-04-13 12:12:00,2363.76,DEBIT,Uber,Pune,-0.22800106424603264,87,0,NORMAL
4012,49,2026-06-17 01:52:00,3724.19,DEBIT,Local Store,Mumbai,1.0869060832010224,95,0,NORMAL
4013,89,2026-03-30 19:01:00,1548.02,CREDIT,Local Store,Pune,-0.33744929287241554,103,0,NORMAL
4014,2,2026-04-14 14:07:00,1845.4,DEBIT,Myntra,Pune,-0.7097646062229536,117,0,NORMAL
4015,32,2026-02-11 14:40:00,2437.62,CREDIT,Walmart,Bangalore,-0.15396471385867608,107,0,NORMAL
4016,5,2026-01-26 05:03:00,2986.55,DEBIT,Swiggy,Pune,0.3645451857469584,87,0,NORMAL
4017,20,2026-07-24 01:56:00,2536.7,DEBIT,Local Store,Pune,-0.1687814006955911,98,0,NORMAL
4018,27,2026-05-03 10:19:00,3555.86,CREDIT,Local Store,Chandigarh,0.5672685762122481,90,0,NORMAL
4019,72,2026-03-17 08:56:00,4926.74,DEBIT,Flipkart,Chandigarh,1.261938217666324,98,0,NORMAL
4020,12,2026-07-27 16:42:00,3871.51,DEBIT,Swiggy,Chandigarh,-0.020108994799137206,99,0,NORMAL
4021,73,2026-07-03 23:52:00,908.51,CREDIT,Swiggy,Pune,-0.9858121711815021,111,0,NORMAL
4022,50,2026-03-29 09:43:00,5147.07,DEBIT,Uber,Delhi,0.1682843980547557,118,0,NORMAL
4023,27,2026-05-29 10:15:00,1178.69,DEBIT,Swiggy,Bangalore,-1.1207541578268447,90,0,NORMAL
4024,19,2026-05-24 00:44:00,3966.69,DEBIT,Shell,Bangalore,0.725929798410078,98,0,NORMAL
4025,34,2026-02-16 19:09:00,3811.79,DEBIT,Apple,Delhi,0.6786354100582717,118,0,NORMAL
4026,6,2026-02-21 10:15:00,3806.02,DEBIT,Amazon,Ludhiana,0.6909540024623905,117,0,NORMAL
4027,51,2026-01-07 08:38:00,4595.13,DEBIT,Flipkart,Delhi,0.1486567806218915,108,0,NORMAL
4028,76,2026-04-12 20:57:00,724.8,CREDIT,Netflix,Hyderabad,-0.5347807659037459,74,0,NORMAL
4029,19,2026-01-21 18:14:00,4004.96,DEBIT,Netflix,Mumbai,0.7513221328730967,98,0,NORMAL
4030,41,2026-03-21 00:47:00,6404.13,CREDIT,Swiggy,Ludhiana,0.6360156651292957,100,0,NORMAL
4031,92,2026-01-22 04:40:00,5363.53,DEBIT,Amazon,Pune,0.4081293173459421,119,0,NORMAL
4032,5,2026-03-27 11:40:00,2281.89,DEBIT,Walmart,Ludhiana,-0.10472937772563312,87,0,NORMAL
4033,57,2026-07-13 14:01:00,2659.12,DEBIT,Amazon,Mumbai,-0.13753388871844463,107,0,NORMAL
4034,68,2026-05-03 07:20:00,1866.13,CREDIT,Apple,Delhi,-0.31522417908856415,100,0,NORMAL
4035,43,2026-01-19 09:54:00,4106.69,DEBIT,Local Store,Pune,0.20471386895086086,97,0,NORMAL
4036,30,2026-03-22 07:51:00,616.44,DEBIT,Myntra,Chandigarh,-0.539974090102947,92,0,NORMAL
4037,55,2026-01-10 00:06:00,926.95,DEBIT,Shell,Hyderabad,-1.2112149435725283,118,0,NORMAL
4038,11,2026-06-06 05:26:00,850.71,DEBIT,Shell,Delhi,-0.39463608714405285,118,0,NORMAL
4039,45,2026-07-16 03:53:00,67570.45,DEBIT,Apple,Bangalore,9.525280669485626,97,90,HIGH
4040,1,2026-03-22 04:54:00,3343.73,CREDIT,Walmart,Hyderabad,-0.08772980180289613,112,0,NORMAL
4041,12,2026-03-31 00:32:00,541.78,DEBIT,Amazon,Hyderabad,-0.42606525390882205,99,0,NORMAL
4042,79,2026-06-13 01:30:00,3074.28,CREDIT,Local Store,Ludhiana,0.2595703188798746,122,10,NORMAL
4043,38,2026-04-23 07:03:00,6250.25,DEBIT,Uber,Pune,2.6434701098784887,95,40,REVIEW
4044,55,2026-05-29 14:50:00,3828.31,DEBIT,Flipkart,Pune,1.0084080969494418,118,0,NORMAL
4045,4,2026-02-05 18:54:00,5328.8,DEBIT,Shell,Chandigarh,2.1618436742229536,105,40,REVIEW
4046,62,2026-07-13 05:56:00,2927.83,CREDIT,Shell,Hyderabad,0.2254419014028697,102,0,NORMAL
4047,28,2026-05-11 04:11:00,2404.9,CREDIT,Amazon,Delhi,-0.32402991707499634,98,0,NORMAL
4048,94,2026-02-28 18:54:00,4523.13,CREDIT,Myntra,Chandigarh,0.13681173188359588,103,0,NORMAL
4049,23,2026-07-07 11:04:00,3503.36,DEBIT,Amazon,Ludhiana,0.5625204708502325,96,0,NORMAL
4050,90,2026-05-25 13:45:00,4470.48,DEBIT,Walmart,Chandigarh,-0.028236695645208684,93,0,NORMAL
4051,42,2026-07-15 19:09:00,831.9,DEBIT,Local Store,Delhi,-0.5096372256061454,104,0,NORMAL
4052,60,2026-04-26 18:38:00,1610.04,DEBIT,Local Store,Ludhiana,-0.3841002968954513,106,0,NORMAL
4053,14,2026-06-07 22:54:00,938.55,DEBIT,Flipkart,Ludhiana,-0.3827661517459277,112,0,NORMAL
4054,64,2026-03-10 10:25:00,2738.87,DEBIT,Shell,Bangalore,0.03521345336673222,110,0,NORMAL
4055,95,2026-04-16 21:59:00,2222.17,CREDIT,Walmart,Hyderabad,-0.2814025008767208,113,0,NORMAL
4056,57,2026-05-22 02:18:00,1506.29,CREDIT,Flipkart,Chandigarh,-0.3101043162249083,107,0,NORMAL
4057,71,2026-05-09 08:00:00,1381.93,DEBIT,Swiggy,Bangalore,-0.8178333362008284,99,0,NORMAL
4058,12,2026-02-11 13:27:00,2122.16,DEBIT,Apple,Ludhiana,-0.23338742334245072,99,0,NORMAL
4059,55,2026-03-08 20:37:00,789.1,DEBIT,Apple,Bangalore,-1.3166741200056336,118,0,NORMAL
4060,77,2026-06-12 19:44:00,3046.76,DEBIT,Shell,Hyderabad,0.2941696530795508,84,0,NORMAL
4061,63,2026-01-07 01:34:00,1911.91,DEBIT,Uber,Ludhiana,-0.3550867455408357,88,0,NORMAL
4062,26,2026-02-24 14:04:00,591.76,DEBIT,Flipkart,Pune,-1.3433139179052753,98,0,NORMAL
4063,2,2026-04-11 05:03:00,413.57,DEBIT,Uber,Ludhiana,-1.7378348199054274,117,0,NORMAL
4064,97,2026-05-06 11:25:00,4756.6,DEBIT,Uber,Mumbai,1.263400986329571,96,0,NORMAL
4065,21,2026-07-24 04:17:00,1715.52,CREDIT,Amazon,Chandigarh,-0.3034656853352781,122,10,NORMAL
4066,22,2026-07-01 11:44:00,5907.17,DEBIT,Netflix,Delhi,0.377308235342139,108,0,NORMAL
4067,18,2026-06-04 04:22:00,4654.0,DEBIT,Uber,Bangalore,1.0892148310574579,96,0,NORMAL
4068,90,2026-03-29 02:19:00,1943.02,DEBIT,Myntra,Hyderabad,-0.23810812712037446,93,0,NORMAL
4069,95,2026-02-03 12:05:00,4654.6,DEBIT,Apple,Bangalore,1.2670390701720338,113,0,NORMAL
4070,51,2026-05-14 19:04:00,4689.51,CREDIT,Swiggy,Pune,0.16328482458129046,108,0,NORMAL
4071,100,2026-06-29 11:26:00,4521.73,DEBIT,Netflix,Bangalore,1.2899329167177058,87,0,NORMAL
4072,83,2026-03-21 16:30:00,2612.59,CREDIT,Apple,Bangalore,-0.0825090944280261,101,0,NORMAL
4073,93,2026-07-15 07:39:00,640.95,DEBIT,Swiggy,Bangalore,-1.4991541732253721,100,0,NORMAL
4074,66,2026-04-08 10:55:00,1645.01,DEBIT,Shell,Mumbai,-0.8068009870501951,95,0,NORMAL
4075,38,2026-07-19 04:02:00,3715.94,CREDIT,Swiggy,Pune,0.797132318571024,95,0,NORMAL
4076,21,2026-03-20 13:59:00,3089.78,CREDIT,Swiggy,Chandigarh,-0.08260470149899618,122,10,NORMAL
4077,39,2026-06-17 17:51:00,2839.6,DEBIT,Myntra,Bangalore,-0.048303742926752234,101,0,NORMAL
4078,68,2026-04-16 20:25:00,2778.91,CREDIT,Netflix,Mumbai,-0.09600760398732745,100,0,NORMAL
4079,99,2026-04-02 16:27:00,2780.75,DEBIT,Apple,Mumbai,-0.044106531404762825,103,0,NORMAL
4080,94,2026-05-03 18:38:00,3036.18,DEBIT,Shell,Delhi,-0.1128859056773551,103,0,NORMAL
4081,46,2026-05-12 12:01:00,585.98,CREDIT,Amazon,Ludhiana,-0.4435759498228293,94,0,NORMAL
4082,23,2026-03-02 03:24:00,2284.32,DEBIT,Amazon,Delhi,-0.2556906146342147,96,0,NORMAL
4083,59,2026-03-13 09:59:00,1861.72,DEBIT,Local Store,Delhi,-0.2569147548419775,92,0,NORMAL
4084,90,2026-06-28 09:52:00,4279.97,DEBIT,Uber,Hyderabad,-0.04405597919878963,93,0,NORMAL
4085,76,2026-01-02 17:49:00,1200.19,DEBIT,Netflix,Ludhiana,-0.4366551295015657,74,0,NORMAL
4086,4,2026-07-23 13:26:00,452.8,DEBIT,Flipkart,Delhi,-1.7415934350413953,105,0,NORMAL
4087,46,2026-05-06 01:31:00,847.89,DEBIT,Amazon,Pune,-0.4006144212064871,94,0,NORMAL
4088,24,2026-03-18 08:32:00,6195.54,DEBIT,Flipkart,Mumbai,2.174426637526122,95,40,REVIEW
4089,9,2026-03-26 15:58:00,911.39,DEBIT,Netflix,Hyderabad,-0.616010036545181,84,0,NORMAL
4090,63,2026-05-01 08:55:00,3436.78,CREDIT,Netflix,Delhi,0.8775304169651469,88,0,NORMAL
4091,93,2026-01-11 15:05:00,4182.36,DEBIT,Apple,Hyderabad,0.8485080587201411,100,0,NORMAL
4092,22,2026-06-17 17:49:00,2493.52,DEBIT,Apple,Mumbai,-0.18894477462402695,108,0,NORMAL
4093,71,2026-05-06 05:26:00,1852.68,CREDIT,Walmart,Pune,-0.5008429723775548,99,0,NORMAL
4094,7,2026-07-12 10:21:00,1469.41,DEBIT,Netflix,Ludhiana,-0.31584373504955576,93,0,NORMAL
4095,92,2026-06-07 01:32:00,3075.05,DEBIT,Amazon,Hyderabad,-0.07005126773168582,119,0,NORMAL
4096,78,2026-03-26 12:33:00,4991.0,DEBIT,Flipkart,Delhi,0.5020797855759352,102,0,NORMAL
4097,11,2026-04-24 20:06:00,3104.55,CREDIT,Netflix,Pune,-0.07870885184580306,118,0,NORMAL
4098,59,2026-06-02 03:28:00,3194.66,CREDIT,Uber,Chandigarh,-0.06793040120273836,92,0,NORMAL
4099,24,2026-04-02 02:06:00,3580.83,DEBIT,Swiggy,Delhi,0.5075034606206211,95,0,NORMAL
4100,18,2026-06-23 04:05:00,5049.6,DEBIT,Flipkart,Chandigarh,1.3558385609230672,96,0,NORMAL
4101,93,2026-02-06 22:57:00,4134.82,DEBIT,Uber,Hyderabad,0.8169929665656914,100,0,NORMAL
4102,55,2026-02-13 03:42:00,559.87,DEBIT,Shell,Hyderabad,-1.4920415992494542,118,0,NORMAL
4103,84,2026-06-04 08:03:00,2935.07,CREDIT,Local Store,Mumbai,-0.10923229102003673,95,0,NORMAL
4104,11,2026-01-08 08:18:00,4120.39,DEBIT,Netflix,Ludhiana,0.06368436271484636,118,0,NORMAL
4105,77,2026-04-24 03:30:00,2755.73,CREDIT,Flipkart,Delhi,0.09863526589856554,84,0,NORMAL
4106,92,2026-07-16 13:18:00,2351.2,DEBIT,Uber,Hyderabad,-0.22130057579137663,119,0,NORMAL
4107,17,2026-02-06 09:26:00,4271.43,DEBIT,Uber,Hyderabad,0.057744722243171544,97,0,NORMAL
4108,28,2026-07-13 08:05:00,1322.07,DEBIT,Shell,Ludhiana,-1.0626907343602976,98,0,NORMAL
4109,5,2026-02-25 10:24:00,1271.62,DEBIT,Amazon,Mumbai,-0.7775276254471652,87,0,NORMAL
4110,48,2026-04-19 10:02:00,4808.14,DEBIT,Flipkart,Delhi,0.07507569814799535,102,0,NORMAL
4111,87,2026-04-03 23:17:00,1358.77,DEBIT,Uber,Chandigarh,-0.9544542904298978,85,0,NORMAL
4112,47,2026-06-19 20:50:00,5364.42,DEBIT,Uber,Ludhiana,0.507049306526684,103,0,NORMAL
4113,79,2026-04-14 20:26:00,755.26,DEBIT,Apple,Mumbai,-1.3325104155383158,122,10,NORMAL
4114,11,2026-04-19 22:03:00,2265.44,DEBIT,Netflix,Chandigarh,-0.19632931399534093,118,0,NORMAL
4115,79,2026-02-27 01:59:00,2373.41,DEBIT,Local Store,Chandigarh,-0.22159915112541975,122,10,NORMAL
4116,62,2026-04-27 18:15:00,979.05,DEBIT,Amazon,Chandigarh,-1.1572188827207868,102,0,NORMAL
4117,19,2026-02-16 01:26:00,4579.22,DEBIT,Swiggy,Hyderabad,1.132346485858022,98,0,NORMAL
4118,44,2026-03-19 18:43:00,5161.4,CREDIT,Uber,Ludhiana,0.11450794871739985,99,0,NORMAL
4119,15,2026-07-03 06:56:00,5222.73,DEBIT,Myntra,Mumbai,0.4789300476229468,91,0,NORMAL
4120,80,2026-07-20 05:29:00,1521.55,DEBIT,Netflix,Chandigarh,-0.3173352620283874,84,0,NORMAL
4121,73,2026-06-08 10:23:00,4831.7,DEBIT,Myntra,Delhi,1.6664077195085487,111,0,NORMAL
4122,99,2026-07-07 02:02:00,457.67,DEBIT,Myntra,Chandigarh,-0.7664375171620204,103,0,NORMAL
4123,1,2026-01-30 11:34:00,2172.75,DEBIT,Flipkart,Hyderabad,-0.21320989114045297,112,0,NORMAL
4124,26,2026-01-19 14:40:00,1108.96,DEBIT,Amazon,Hyderabad,-1.0110259012420415,98,0,NORMAL
4125,23,2026-03-30 20:25:00,547.38,CREDIT,Shell,Chandigarh,-1.4215125423981567,96,0,NORMAL
4126,72,2026-04-23 18:00:00,2475.99,CREDIT,Flipkart,Delhi,-0.25839319744102873,98,0,NORMAL
4127,22,2026-03-28 13:24:00,2303.8,DEBIT,Amazon,Bangalore,-0.2204153474861484,108,0,NORMAL
4128,2,2026-03-16 21:34:00,3203.99,DEBIT,Apple,Chandigarh,0.265718455039118,117,0,NORMAL
4129,88,2026-02-23 05:28:00,3279.04,DEBIT,Netflix,Hyderabad,-0.09339364054991253,104,0,NORMAL
4130,55,2026-01-28 11:52:00,2380.08,DEBIT,Netflix,Hyderabad,-0.09952910352727715,118,0,NORMAL
4131,71,2026-04-25 04:02:00,3174.8,CREDIT,Walmart,Mumbai,0.3894370059931869,99,0,NORMAL
4132,32,2026-07-18 14:34:00,1819.86,DEBIT,Apple,Mumbai,-0.35006164275758084,107,0,NORMAL
4133,20,2026-03-27 22:36:00,530.8,DEBIT,Uber,Delhi,-0.38077358379309195,98,0,NORMAL
4134,99,2026-01-28 23:03:00,4060.06,DEBIT,Swiggy,Ludhiana,0.3536779845779485,103,0,NORMAL
4135,16,2026-03-28 11:49:00,3323.01,CREDIT,Shell,Ludhiana,0.13310497003079422,95,0,NORMAL
4136,87,2026-06-24 08:33:00,3032.56,DEBIT,Netflix,Pune,0.004777274523957685,85,0,NORMAL
4137,49,2026-06-26 23:32:00,2266.71,DEBIT,Swiggy,Chandigarh,-0.029766875115223954,95,0,NORMAL
4138,24,2026-02-17 02:43:00,752.79,DEBIT,Walmart,Bangalore,-1.2954213077918733,95,0,NORMAL
4139,90,2026-06-16 07:09:00,4191.03,CREDIT,Walmart,Chandigarh,-0.05144124548011608,93,0,NORMAL
4140,31,2026-01-11 01:02:00,616.35,DEBIT,Shell,Hyderabad,-0.3990239066562418,104,0,NORMAL
4141,78,2026-01-30 11:09:00,2171.12,DEBIT,Walmart,Hyderabad,-0.3243403969062159,102,0,NORMAL
4142,75,2026-04-21 15:48:00,4866.72,DEBIT,Flipkart,Bangalore,0.17932449820286286,89,0,NORMAL
4143,47,2026-05-22 19:22:00,1575.55,DEBIT,Walmart,Ludhiana,-0.325554020944399,103,0,NORMAL
4144,24,2026-03-28 01:03:00,2691.5,DEBIT,Myntra,Chandigarh,-0.05945990775192082,95,0,NORMAL
4145,94,2026-06-01 04:43:00,4697.53,DEBIT,Uber,Hyderabad,0.16609803471195578,103,0,NORMAL
4146,55,2026-02-08 19:03:00,2025.39,DEBIT,Uber,Pune,-0.37087705629519885,118,0,NORMAL
4147,52,2026-01-10 04:43:00,2686.44,DEBIT,Flipkart,Bangalore,-0.06700840376730131,116,0,NORMAL
4148,64,2026-07-18 05:39:00,1853.46,DEBIT,Shell,Chandigarh,-0.5508376279578934,110,0,NORMAL
4149,96,2026-04-16 02:36:00,2058.35,DEBIT,Swiggy,Delhi,-0.4908230303116567,96,0,NORMAL
4150,39,2026-05-19 19:31:00,1824.45,DEBIT,Uber,Chandigarh,-0.2903685368047549,101,0,NORMAL
4151,55,2026-01-27 01:48:00,1480.38,DEBIT,Myntra,Chandigarh,-0.7878252300188591,118,0,NORMAL
4152,100,2026-02-07 05:36:00,1127.85,DEBIT,Flipkart,Mumbai,-1.0973504001556584,87,0,NORMAL
4153,38,2026-06-03 11:06:00,3335.96,DEBIT,Netflix,Chandigarh,0.5203029512319808,95,0,NORMAL
4154,34,2026-05-22 09:00:00,3090.66,CREDIT,Flipkart,Chandigarh,0.1656130744485731,118,0,NORMAL
4155,69,2026-01-08 22:54:00,3783.71,DEBIT,Netflix,Chandigarh,-0.07122862126111174,112,0,NORMAL
4156,71,2026-01-02 02:07:00,3599.3,CREDIT,Amazon,Bangalore,0.6752838662013222,99,0,NORMAL
4157,70,2026-03-24 15:40:00,1146.61,DEBIT,Walmart,Hyderabad,-1.277358998557476,90,0,NORMAL
4158,45,2026-02-22 18:44:00,1506.06,DEBIT,Local Store,Delhi,-0.28142180765254937,97,0,NORMAL
4159,85,2026-03-23 05:04:00,3106.39,DEBIT,Apple,Delhi,0.1148933209674357,89,0,NORMAL
4160,6,2026-02-22 20:22:00,4628.51,DEBIT,Local Store,Delhi,1.2154199257304563,117,0,NORMAL
4161,11,2026-02-15 04:12:00,3368.57,DEBIT,Shell,Mumbai,-0.04170040907105246,118,0,NORMAL
4162,3,2026-05-26 19:26:00,1129.12,DEBIT,Amazon,Hyderabad,-0.34010865991936245,94,0,NORMAL
4163,62,2026-07-09 13:25:00,1351.41,CREDIT,Apple,Hyderabad,-0.8930292001623219,102,0,NORMAL
4164,74,2026-06-13 09:38:00,2938.26,DEBIT,Local Store,Ludhiana,-0.15175034514100438,119,0,NORMAL
4165,8,2026-02-10 04:30:00,2154.49,DEBIT,Apple,Ludhiana,-0.22159221364369266,91,0,NORMAL
4166,53,2026-05-10 14:18:00,3824.5,CREDIT,Shell,Pune,0.12094985055462584,105,0,NORMAL
4167,13,2026-01-04 10:15:00,2649.62,CREDIT,Swiggy,Delhi,-0.08362212859552906,101,0,NORMAL
4168,64,2026-04-25 02:22:00,1414.45,CREDIT,Swiggy,Hyderabad,-0.8414174556222793,110,0,NORMAL
4169,32,2026-06-17 20:15:00,561.77,DEBIT,Flipkart,Hyderabad,-0.7494199457853312,107,0,NORMAL
4170,46,2026-05-31 21:14:00,3165.99,DEBIT,Walmart,Chandigarh,-0.020372660733260172,94,0,NORMAL
4171,77,2026-01-26 20:40:00,1414.51,DEBIT,Walmart,Ludhiana,-0.802490496994885,84,0,NORMAL
4172,28,2026-01-20 11:56:00,3306.79,DEBIT,Swiggy,Ludhiana,0.2912012868087528,98,0,NORMAL
4173,22,2026-07-01 21:29:00,4107.74,CREDIT,Walmart,Chandigarh,0.07882050117975616,108,0,NORMAL
4174,64,2026-03-04 12:41:00,2297.09,CREDIT,Walmart,Chandigarh,-0.25719983167363664,110,0,NORMAL
4175,29,2026-03-30 03:18:00,3721.86,DEBIT,Walmart,Chandigarh,0.7249735854376422,99,0,NORMAL
4176,79,2026-01-14 08:05:00,3307.67,DEBIT,Amazon,Bangalore,0.4197999514858294,122,10,NORMAL
4177,89,2026-05-11 01:45:00,4065.21,DEBIT,Apple,Bangalore,0.13888205779905793,103,0,NORMAL
4178,67,2026-05-05 10:13:00,4387.65,DEBIT,Swiggy,Hyderabad,0.08684075411607033,98,0,NORMAL
4179,31,2026-02-25 18:13:00,4533.43,CREDIT,Myntra,Hyderabad,0.14664316992418838,104,0,NORMAL
4180,36,2026-02-26 02:47:00,4212.57,DEBIT,Uber,Bangalore,0.09253701683531028,85,0,NORMAL
4181,100,2026-03-09 02:03:00,4117.18,DEBIT,Flipkart,Ludhiana,1.0053690942369116,87,0,NORMAL
4182,9,2026-04-03 12:01:00,4080.92,CREDIT,Myntra,Hyderabad,0.2640743517409331,84,0,NORMAL
4183,54,2026-03-08 08:03:00,4985.53,DEBIT,Netflix,Chandigarh,0.09468841272496742,89,0,NORMAL
4184,5,2026-03-26 22:21:00,976.82,DEBIT,Local Store,Ludhiana,-0.9738522945240531,87,0,NORMAL
4185,34,2026-04-02 15:17:00,2405.62,CREDIT,Flipkart,Mumbai,-0.32173431199501934,118,0,NORMAL
4186,13,2026-01-20 04:41:00,2100.8,DEBIT,Local Store,Mumbai,-0.46193829439261425,101,0,NORMAL
4187,2,2026-05-03 22:38:00,5007.3,DEBIT,Local Store,Delhi,1.560515530834249,117,0,NORMAL
4188,84,2026-04-22 08:35:00,2135.83,DEBIT,Flipkart,Hyderabad,-0.2074868151150592,95,0,NORMAL
4189,75,2026-07-24 18:21:00,3310.66,DEBIT,Local Store,Ludhiana,-0.07760822690120185,89,0,NORMAL
4190,23,2026-03-10 12:21:00,4217.39,DEBIT,Flipkart,Pune,1.0417723915160515,96,0,NORMAL
4191,98,2026-03-17 01:45:00,3454.17,DEBIT,Netflix,Ludhiana,0.5124481299723549,114,0,NORMAL
4192,61,2026-01-11 11:30:00,1563.55,DEBIT,Myntra,Pune,-0.4444934445125765,81,0,NORMAL
4193,18,2026-03-07 15:07:00,818.7,CREDIT,Apple,Mumbai,-1.495673923122448,96,0,NORMAL
4194,84,2026-04-09 10:33:00,857.15,DEBIT,Walmart,Pune,-0.36468126843299037,95,0,NORMAL
4195,79,2026-01-23 07:55:00,3161.55,CREDIT,Swiggy,Pune,0.31948394001840524,122,10,NORMAL
4196,32,2026-04-24 20:09:00,817.48,DEBIT,Apple,Delhi,-0.6682493525310919,107,0,NORMAL
4197,13,2026-03-03 05:43:00,6127.41,DEBIT,Apple,Hyderabad,2.3137106549171813,101,40,REVIEW
4198,71,2026-01-12 05:17:00,5576.38,DEBIT,Uber,Pune,2.006596258145492,99,40,REVIEW
4199,36,2026-04-23 00:17:00,1799.74,DEBIT,Myntra,Chandigarh,-0.23409569217036139,85,0,NORMAL
4200,45,2026-02-12 23:14:00,2908.35,CREDIT,Shell,Chandigarh,-0.07326366350460382,97,0,NORMAL
4201,85,2026-04-14 18:25:00,483.37,DEBIT,Walmart,Bangalore,-1.471359180533042,89,0,NORMAL
4202,64,2026-01-24 15:34:00,3430.27,DEBIT,Netflix,Chandigarh,0.4928497095958761,110,0,NORMAL
4203,5,2026-02-03 23:36:00,2066.23,CREDIT,Local Store,Delhi,-0.24835006338751114,87,0,NORMAL
4204,66,2026-01-28 16:54:00,4053.25,DEBIT,Walmart,Delhi,0.8149756962994867,95,0,NORMAL
4205,83,2026-03-05 20:55:00,1038.67,DEBIT,Amazon,Pune,-0.3276817529113516,101,0,NORMAL
4206,23,2026-05-19 22:30:00,1956.26,DEBIT,Swiggy,Ludhiana,-0.4758821823465358,96,0,NORMAL
4207,85,2026-05-07 07:54:00,4069.91,DEBIT,Netflix,Mumbai,0.6975751191411973,89,0,NORMAL
4208,69,2026-03-06 01:00:00,69097.34,DEBIT,Uber,Pune,6.123416913906709,112,90,HIGH
4209,70,2026-03-25 22:05:00,4560.57,CREDIT,Apple,Mumbai,1.3614550702979062,90,0,NORMAL
4210,36,2026-04-18 01:30:00,4649.59,CREDIT,Amazon,Chandigarh,0.1516978472666539,85,0,NORMAL
4211,55,2026-03-15 09:21:00,2962.53,DEBIT,Apple,Pune,0.34606173661390566,118,0,NORMAL
4212,67,2026-03-28 16:48:00,2887.92,DEBIT,Apple,Mumbai,-0.1301089659483591,98,0,NORMAL
4213,61,2026-04-03 14:59:00,2992.0,DEBIT,Amazon,Ludhiana,-0.0627727286190291,81,0,NORMAL
4214,56,2026-04-15 20:19:00,3382.38,DEBIT,Uber,Bangalore,0.08620903220273242,101,0,NORMAL
4215,32,2026-07-21 21:09:00,4780.91,CREDIT,Flipkart,Bangalore,0.5898710354930374,107,0,NORMAL
4216,3,2026-01-08 21:41:00,3879.72,DEBIT,Local Store,Hyderabad,-0.0032762927425518114,94,0,NORMAL
4217,45,2026-07-10 10:35:00,1256.52,CREDIT,Local Store,Bangalore,-0.31846391969119925,97,0,NORMAL
4218,78,2026-06-24 14:50:00,1172.99,CREDIT,Amazon,Mumbai,-0.6168616306966288,102,0,NORMAL
4219,73,2026-04-29 23:15:00,3436.36,DEBIT,Netflix,Bangalore,0.7231068591690151,111,0,NORMAL
4220,77,2026-05-28 09:41:00,664.32,CREDIT,Flipkart,Delhi,-1.3065208097437535,84,0,NORMAL
4221,34,2026-05-04 20:54:00,2813.2,DEBIT,Apple,Mumbai,-0.03177599165360954,118,0,NORMAL
4222,71,2026-04-11 00:59:00,1986.42,DEBIT,Apple,Pune,-0.41078606051834154,99,0,NORMAL
4223,94,2026-06-06 10:46:00,2602.39,CREDIT,Myntra,Ludhiana,-0.18573054618145066,103,0,NORMAL
4224,69,2026-01-06 23:18:00,3707.82,DEBIT,Swiggy,Pune,-0.07842637844692249,112,0,NORMAL
4225,14,2026-06-07 17:37:00,3113.96,CREDIT,Local Store,Delhi,-0.0765226218233351,112,0,NORMAL
4226,11,2026-01-30 20:50:00,3077.89,DEBIT,Walmart,Delhi,-0.08244586072533819,118,0,NORMAL
4227,98,2026-06-13 02:57:00,820.13,CREDIT,Walmart,Bangalore,-1.4301600758002122,114,0,NORMAL
4228,51,2026-06-07 08:03:00,2486.62,DEBIT,Flipkart,Delhi,-0.17814314487961527,108,0,NORMAL
4229,84,2026-02-04 22:10:00,1445.49,CREDIT,Swiggy,Chandigarh,-0.29235372388308606,95,0,NORMAL
4230,85,2026-03-07 18:59:00,1673.21,DEBIT,Netflix,Bangalore,-0.7518119882183327,89,0,NORMAL
4231,89,2026-06-08 08:32:00,1914.54,DEBIT,Local Store,Ludhiana,-0.2680922055456311,103,0,NORMAL
4232,42,2026-04-12 07:17:00,540.85,CREDIT,Flipkart,Hyderabad,-0.5708171377157027,104,0,NORMAL
4233,3,2026-03-25 11:52:00,3577.5,DEBIT,Myntra,Bangalore,-0.04028548274043433,94,0,NORMAL
4234,40,2026-04-07 05:25:00,527.93,CREDIT,Uber,Hyderabad,-0.4587347442848573,109,0,NORMAL
4235,72,2026-05-01 13:29:00,1514.31,DEBIT,Myntra,Delhi,-0.8549747807442782,98,0,NORMAL
4236,39,2026-05-01 07:24:00,5147.97,CREDIT,Amazon,Hyderabad,0.5021322598749669,101,0,NORMAL
4237,88,2026-06-05 18:27:00,2221.86,CREDIT,Uber,Hyderabad,-0.2028541313084459,104,0,NORMAL
4238,49,2026-01-26 23:25:00,3891.85,DEBIT,Swiggy,Hyderabad,1.2153616285198616,95,0,NORMAL
4239,97,2026-05-29 06:12:00,1302.72,CREDIT,Shell,Hyderabad,-1.1933692218090077,96,0,NORMAL
4240,7,2026-07-06 11:13:00,2605.11,DEBIT,Flipkart,Mumbai,-0.11896305380095985,93,0,NORMAL
4241,3,2026-02-21 10:43:00,5122.04,CREDIT,Myntra,Ludhiana,0.14885545538189213,94,0,NORMAL
4242,74,2026-03-17 20:59:00,2675.48,DEBIT,Amazon,Hyderabad,-0.18157147163628273,119,0,NORMAL
4243,38,2026-06-28 07:17:00,2578.74,CREDIT,Myntra,Bangalore,-0.03135959294526631,95,0,NORMAL
4244,68,2026-03-20 17:29:00,2179.94,DEBIT,Swiggy,Bangalore,-0.239858424544732,100,0,NORMAL
4245,54,2026-04-21 16:46:00,1613.06,DEBIT,Apple,Mumbai,-0.3328362510458084,89,0,NORMAL
4246,81,2026-05-18 10:49:00,2734.43,DEBIT,Netflix,Mumbai,-0.16038900411857013,105,0,NORMAL
4247,14,2026-06-10 02:32:00,2726.61,DEBIT,Swiggy,Delhi,-0.13105185140098538,112,0,NORMAL
4248,62,2026-01-18 09:49:00,3241.92,DEBIT,Myntra,Mumbai,0.44828897787399496,102,0,NORMAL
4249,16,2026-06-05 19:59:00,3771.64,DEBIT,Uber,Pune,0.26224729889792225,95,0,NORMAL
4250,53,2026-05-23 20:57:00,6648.91,DEBIT,Myntra,Ludhiana,0.7333133028387792,105,0,NORMAL
4251,41,2026-06-27 19:34:00,1680.83,DEBIT,Myntra,Bangalore,-0.3272599425341275,100,0,NORMAL
4252,64,2026-04-10 06:08:00,4693.09,CREDIT,Apple,Pune,1.3287077036532777,110,0,NORMAL
4253,31,2026-05-09 22:32:00,5729.28,DEBIT,Netflix,Chandigarh,0.3132305190538225,104,0,NORMAL
4254,96,2026-01-11 00:16:00,1709.76,DEBIT,Netflix,Chandigarh,-0.707946059301181,96,0,NORMAL
4255,50,2026-02-24 17:19:00,2102.37,DEBIT,Amazon,Hyderabad,-0.21157963065444355,118,0,NORMAL
4256,62,2026-04-23 04:26:00,2223.32,DEBIT,Local Store,Chandigarh,-0.27440844036118617,102,0,NORMAL
4257,45,2026-03-17 14:53:00,1658.38,DEBIT,Netflix,Delhi,-0.2588111860859582,97,0,NORMAL
4258,80,2026-01-17 22:25:00,3509.54,CREDIT,Local Store,Hyderabad,-0.019254099345866714,84,0,NORMAL
4259,36,2026-07-04 07:35:00,4087.89,DEBIT,Uber,Mumbai,0.07565867639739005,85,0,NORMAL
4260,96,2026-03-30 21:33:00,1389.34,DEBIT,Shell,Hyderabad,-0.9075231009513242,96,0,NORMAL
4261,43,2026-03-14 22:06:00,2873.63,CREDIT,Uber,Chandigarh,-0.04326629839945584,97,0,NORMAL
4262,56,2026-01-05 21:46:00,5359.65,DEBIT,Amazon,Bangalore,0.6010753743360207,101,0,NORMAL
4263,60,2026-03-31 09:20:00,887.45,DEBIT,Apple,Ludhiana,-0.5474928565687288,106,0,NORMAL
4264,97,2026-01-29 07:47:00,3491.41,CREDIT,Walmart,Ludhiana,0.3634620481977166,96,0,NORMAL
4265,89,2026-04-25 10:54:00,2624.74,DEBIT,Walmart,Delhi,-0.13370007573148107,103,0,NORMAL
4266,71,2026-07-02 21:53:00,954.36,CREDIT,Netflix,Pune,-1.1057474516759578,99,0,NORMAL
4267,58,2026-04-22 13:28:00,3866.14,DEBIT,Myntra,Chandigarh,0.08764475539309279,99,0,NORMAL
4268,55,2026-05-29 16:19:00,5864.67,DEBIT,Shell,Chandigarh,2.5662814993529075,118,40,REVIEW
4269,86,2026-05-20 14:11:00,462.87,DEBIT,Shell,Mumbai,-1.531987538638009,76,0,NORMAL
4270,91,2026-02-18 11:37:00,1960.1,DEBIT,Flipkart,Chandigarh,-0.2617761272868484,100,0,NORMAL
4271,44,2026-01-25 16:26:00,4707.64,DEBIT,Apple,Pune,0.06270795254210759,99,0,NORMAL
4272,22,2026-01-02 07:32:00,3569.58,DEBIT,Uber,Ludhiana,-0.010448966938941357,108,0,NORMAL
4273,91,2026-04-12 07:17:00,1094.16,DEBIT,Myntra,Pune,-0.36575488207922036,100,0,NORMAL
4274,31,2026-02-26 15:21:00,3620.08,DEBIT,Walmart,Bangalore,0.01940935688112159,104,0,NORMAL
4275,8,2026-01-12 17:38:00,2142.84,DEBIT,Apple,Chandigarh,-0.22293110785174197,91,0,NORMAL
4276,40,2026-07-20 21:22:00,2795.57,DEBIT,Local Store,Hyderabad,-0.07317941554251854,109,0,NORMAL
4277,12,2026-06-15 17:39:00,1589.2,DEBIT,Apple,Hyderabad,-0.2983651986741135,99,0,NORMAL
4278,39,2026-04-30 04:06:00,2987.12,DEBIT,Local Store,Bangalore,-0.01312726812708425,101,0,NORMAL
4279,37,2026-03-24 06:12:00,1325.2,DEBIT,Shell,Chandigarh,-0.904430119252716,87,0,NORMAL
4280,83,2026-01-30 21:17:00,1248.37,DEBIT,Shell,Pune,-0.2950163655448061,101,0,NORMAL
4281,88,2026-06-30 21:59:00,4246.58,CREDIT,Myntra,Bangalore,0.0067855183714739834,104,0,NORMAL
4282,13,2026-05-14 10:15:00,1134.13,CREDIT,Walmart,Ludhiana,-1.128289535220333,101,0,NORMAL
4283,87,2026-06-02 08:06:00,1600.51,DEBIT,Flipkart,Ludhiana,-0.8159156215933383,85,0,NORMAL
4284,11,2026-07-11 22:59:00,2554.51,CREDIT,Shell,Bangalore,-0.15580954067173983,118,0,NORMAL
4285,82,2026-01-22 01:48:00,1546.06,DEBIT,Local Store,Ludhiana,-0.3127561300771567,107,0,NORMAL
4286,39,2026-01-28 15:53:00,4466.27,DEBIT,Uber,Ludhiana,0.33957936622709767,101,0,NORMAL
4287,49,2026-02-10 06:27:00,2322.91,CREDIT,Swiggy,Chandigarh,0.013291705625076321,95,0,NORMAL
4288,45,2026-07-15 21:26:00,2161.83,DEBIT,Netflix,Hyderabad,-0.1840782723011611,97,0,NORMAL
4289,13,2026-07-19 10:09:00,2645.59,DEBIT,Amazon,Pune,-0.08640011436164938,101,0,NORMAL
4290,8,2026-01-24 16:14:00,6919.24,CREDIT,Apple,Hyderabad,0.326004024794341,91,0,NORMAL
4291,50,2026-04-24 12:10:00,1672.68,CREDIT,Uber,Delhi,-0.26518877917352773,118,0,NORMAL
4292,89,2026-06-18 16:28:00,4029.41,DEBIT,Netflix,Hyderabad,0.13210757420662397,103,0,NORMAL
4293,7,2026-04-25 11:13:00,4236.81,DEBIT,Uber,Chandigarh,0.16390232226079407,93,0,NORMAL
4294,25,2026-04-18 16:03:00,1617.65,CREDIT,Swiggy,Delhi,-0.7308134555988801,97,0,NORMAL
4295,26,2026-01-20 15:37:00,1335.35,DEBIT,Walmart,Bangalore,-0.8655760093387362,98,0,NORMAL
4296,29,2026-04-22 21:19:00,885.57,DEBIT,Apple,Delhi,-1.1035834865960137,99,0,NORMAL
4297,58,2026-05-29 06:45:00,3318.62,CREDIT,Flipkart,Ludhiana,-0.006919263570311997,99,0,NORMAL
4298,71,2026-04-27 10:09:00,2249.89,CREDIT,Myntra,Chandigarh,-0.23337246273497914,99,0,NORMAL
4299,95,2026-04-21 12:41:00,2657.72,DEBIT,Walmart,Hyderabad,-0.004139136146683521,113,0,NORMAL
4300,72,2026-02-05 18:47:00,4499.01,DEBIT,Uber,Chandigarh,0.9965944020246359,98,0,NORMAL
4301,79,2026-04-22 16:44:00,3546.49,DEBIT,Walmart,Ludhiana,0.5837574512028442,122,10,NORMAL
4302,94,2026-02-08 02:22:00,3573.75,DEBIT,Swiggy,Pune,-0.022613899877805394,103,0,NORMAL
4303,49,2026-07-11 16:04:00,3866.66,CREDIT,Uber,Mumbai,1.1960618838784352,95,0,NORMAL
4304,86,2026-02-14 23:08:00,1703.56,CREDIT,Swiggy,Ludhiana,-0.7220443882494084,76,0,NORMAL
4305,19,2026-07-01 18:15:00,2069.88,DEBIT,Flipkart,Pune,-0.5326130271137886,98,0,NORMAL
4306,52,2026-07-26 23:27:00,1263.68,CREDIT,Swiggy,Mumbai,-0.3608733336457071,116,0,NORMAL
4307,4,2026-02-01 10:32:00,2308.77,CREDIT,Amazon,Delhi,-0.25581366234218433,105,0,NORMAL
4308,45,2026-05-09 01:09:00,2400.52,DEBIT,Myntra,Mumbai,-0.14864675141270497,97,0,NORMAL
4309,98,2026-02-23 01:44:00,1036.33,DEBIT,Amazon,Delhi,-1.2707122716332182,114,0,NORMAL
4310,83,2026-04-08 07:58:00,3276.72,CREDIT,Shell,Bangalore,0.020943760658973787,101,0,NORMAL
4311,79,2026-02-14 10:53:00,3568.48,DEBIT,Uber,Ludhiana,0.5988542832050936,122,10,NORMAL
4312,45,2026-01-17 06:33:00,1191.44,DEBIT,Flipkart,Pune,-0.32812449776074853,97,0,NORMAL
4313,66,2026-07-07 20:57:00,4559.51,CREDIT,Swiggy,Delhi,1.1559054473677401,95,0,NORMAL
4314,49,2026-03-05 04:05:00,662.01,DEBIT,Uber,Bangalore,-1.2592349269650474,95,0,NORMAL
4315,2,2026-06-14 06:15:00,2065.63,DEBIT,Swiggy,Pune,-0.5516369631652643,117,0,NORMAL
4316,78,2026-01-09 11:32:00,5642.13,DEBIT,Apple,Hyderabad,0.6929059815203028,102,0,NORMAL
4317,11,2026-05-23 18:35:00,4450.14,DEBIT,Apple,Mumbai,0.10990636864232918,118,0,NORMAL
4318,5,2026-05-10 00:57:00,868.6,DEBIT,Swiggy,Hyderabad,-1.0459223613066204,87,0,NORMAL
4319,18,2026-06-11 05:13:00,1064.49,CREDIT,Swiggy,Bangalore,-1.330018092577281,96,0,NORMAL
4320,55,2026-03-28 12:39:00,3233.22,CREDIT,Walmart,Mumbai,0.5531472967784117,118,0,NORMAL
4321,50,2026-02-20 06:19:00,4648.71,CREDIT,Local Store,Delhi,0.10610781666824261,118,0,NORMAL
4322,12,2026-03-12 11:05:00,5545.33,CREDIT,Shell,Chandigarh,0.18396091646182766,99,0,NORMAL
4323,2,2026-06-12 19:50:00,3109.06,DEBIT,Walmart,Hyderabad,0.1975576360977094,117,0,NORMAL
4324,74,2026-01-07 01:43:00,3392.36,DEBIT,Netflix,Bangalore,-0.10021760466796271,119,0,NORMAL
4325,16,2026-04-28 11:22:00,3680.85,DEBIT,Netflix,Ludhiana,0.23611255080295188,95,0,NORMAL
4326,22,2026-04-23 03:41:00,2441.05,DEBIT,Walmart,Ludhiana,-0.19764844823817151,108,0,NORMAL
4327,92,2026-05-12 16:28:00,3783.84,DEBIT,Netflix,Bangalore,0.07805123563175713,119,0,NORMAL
4328,57,2026-05-11 11:48:00,1565.44,DEBIT,Walmart,Pune,-0.301249983160183,107,0,NORMAL
4329,53,2026-03-22 11:40:00,1854.28,DEBIT,Uber,Pune,-0.30621572418816456,105,0,NORMAL
4330,94,2026-07-22 15:35:00,1463.27,DEBIT,Apple,Hyderabad,-0.3770184663525596,103,0,NORMAL
4331,66,2026-05-31 16:27:00,2784.07,DEBIT,Flipkart,Chandigarh,-0.03972588285115809,95,0,NORMAL
4332,89,2026-03-02 17:30:00,4165.32,DEBIT,Flipkart,Hyderabad,0.1578260117777886,103,0,NORMAL
4333,85,2026-07-11 08:12:00,3987.57,CREDIT,Uber,Pune,0.6477805956630885,89,0,NORMAL
4334,69,2026-02-10 08:02:00,4396.57,CREDIT,Shell,Mumbai,-0.013102155733427105,112,0,NORMAL
4335,20,2026-05-05 19:51:00,1712.38,DEBIT,Swiggy,Ludhiana,-0.2558991016632026,98,0,NORMAL
4336,94,2026-06-03 19:02:00,2318.57,CREDIT,Myntra,Chandigarh,-0.2333913172178332,103,0,NORMAL
4337,82,2026-07-20 20:30:00,4381.84,DEBIT,Netflix,Chandigarh,0.16069033809071018,107,0,NORMAL
4338,35,2026-06-22 22:07:00,4072.0,DEBIT,Flipkart,Mumbai,0.889543453354199,103,0,NORMAL
4339,11,2026-05-06 11:16:00,1435.87,DEBIT,Flipkart,Ludhiana,-0.3126125269059154,118,0,NORMAL
4340,81,2026-06-27 20:58:00,1119.61,DEBIT,Apple,Ludhiana,-0.38230585809968964,105,0,NORMAL
4341,91,2026-04-16 23:57:00,2281.96,DEBIT,Shell,Chandigarh,-0.22312841264441027,100,0,NORMAL
4342,88,2026-06-06 00:39:00,7386.05,CREDIT,Myntra,Bangalore,0.33184646061564516,104,0,NORMAL
4343,98,2026-06-29 12:04:00,1039.87,DEBIT,Swiggy,Bangalore,-1.2681015166528706,114,0,NORMAL
4344,43,2026-05-10 11:12:00,1319.32,DEBIT,Flipkart,Delhi,-0.3558529153639758,97,0,NORMAL
4345,99,2026-05-27 20:06:00,1824.49,DEBIT,Myntra,Ludhiana,-0.3414429246586478,103,0,NORMAL
4346,77,2026-01-03 21:20:00,2015.51,CREDIT,Amazon,Ludhiana,-0.3986965008578129,84,0,NORMAL
4347,27,2026-05-25 04:19:00,1748.26,CREDIT,Netflix,Hyderabad,-0.7163038624644407,90,0,NORMAL
4348,5,2026-06-23 02:06:00,882.55,DEBIT,Uber,Mumbai,-1.0366322353445356,87,0,NORMAL
4349,36,2026-03-20 06:24:00,670.78,CREDIT,Apple,Hyderabad,-0.3869267093406731,85,0,NORMAL
4350,85,2026-05-30 08:28:00,2995.28,DEBIT,Shell,Delhi,0.04770034666997797,89,0,NORMAL
4351,73,2026-01-31 03:37:00,3418.91,DEBIT,Shell,Delhi,0.711310021113111,111,0,NORMAL
4352,36,2026-04-20 05:32:00,393.71,DEBIT,Shell,Delhi,-0.42443458378031507,85,0,NORMAL
4353,10,2026-05-17 10:25:00,3896.26,DEBIT,Shell,Chandigarh,-0.03566765834159941,91,0,NORMAL
4354,52,2026-05-06 22:41:00,5692.0,DEBIT,Flipkart,Bangalore,0.5537770264144168,116,0,NORMAL
4355,35,2026-05-24 01:39:00,2818.88,DEBIT,Amazon,Ludhiana,-0.010385292813344039,103,0,NORMAL
4356,56,2026-05-27 16:35:00,2730.21,DEBIT,Uber,Chandigarh,-0.08361116551890738,101,0,NORMAL
4357,18,2026-04-19 19:56:00,655.88,CREDIT,Local Store,Ludhiana,-1.605410211536802,96,0,NORMAL
4358,9,2026-07-13 05:27:00,1126.66,DEBIT,Flipkart,Chandigarh,-0.5562359481893832,84,0,NORMAL
4359,57,2026-01-16 12:00:00,4317.75,DEBIT,Uber,Delhi,0.11075119075992244,107,0,NORMAL
4360,46,2026-03-21 04:36:00,4547.44,DEBIT,Shell,Mumbai,0.20622885775418182,94,0,NORMAL
4361,3,2026-02-02 12:40:00,1806.36,DEBIT,Uber,Chandigarh,-0.25717535360553156,94,0,NORMAL
4362,24,2026-05-15 23:55:00,2720.64,DEBIT,Swiggy,Chandigarh,-0.0408826500923616,95,0,NORMAL
4363,83,2026-01-09 03:31:00,2635.22,DEBIT,Myntra,Hyderabad,-0.07898397417955251,101,0,NORMAL
4364,44,2026-07-24 19:52:00,1081.62,CREDIT,Local Store,Delhi,-0.3512285384036204,99,0,NORMAL
4365,78,2026-04-11 23:24:00,2125.86,DEBIT,Apple,Delhi,-0.33760471221720145,102,0,NORMAL
4366,40,2026-03-17 00:07:00,3430.45,DEBIT,Walmart,Chandigarh,0.034766011029572205,109,0,NORMAL
4367,36,2026-07-08 08:40:00,3897.58,CREDIT,Flipkart,Pune,0.049895787652277715,85,0,NORMAL
4368,74,2026-06-08 03:36:00,3643.36,DEBIT,Flipkart,Chandigarh,-0.07173331077072981,119,0,NORMAL
4369,100,2026-04-21 07:35:00,2381.07,DEBIT,Local Store,Bangalore,-0.21582506679913477,87,0,NORMAL
4370,84,2026-04-22 09:08:00,3373.88,DEBIT,Netflix,Hyderabad,-0.05528720854401351,95,0,NORMAL
4371,56,2026-07-25 05:29:00,2730.68,CREDIT,Uber,Mumbai,-0.08348878102877576,101,0,NORMAL
4372,93,2026-01-20 13:50:00,462.49,DEBIT,Myntra,Chandigarh,-1.6174584085195054,100,0,NORMAL
4373,89,2026-06-18 20:51:00,1825.99,DEBIT,Myntra,Delhi,-0.2848486447107156,103,0,NORMAL
4374,7,2026-05-02 06:01:00,2885.84,DEBIT,Apple,Chandigarh,-0.07029675667414967,93,0,NORMAL
4375,59,2026-01-27 03:01:00,4520.56,DEBIT,Apple,Pune,0.12005582060039409,92,0,NORMAL
4376,69,2026-05-13 23:53:00,1757.77,DEBIT,Myntra,Ludhiana,-0.2633781033143661,112,0,NORMAL
4377,44,2026-06-27 14:26:00,2725.31,DEBIT,Apple,Delhi,-0.16358939940201986,99,0,NORMAL
4378,51,2026-05-17 04:52:00,3306.49,CREDIT,Myntra,Mumbai,-0.05107073122214136,108,0,NORMAL
4379,80,2026-05-16 18:16:00,4498.02,DEBIT,Flipkart,Ludhiana,0.12895955750774832,84,0,NORMAL
4380,3,2026-05-06 06:00:00,5973.62,DEBIT,Myntra,Pune,0.2531380509030251,94,0,NORMAL
4381,77,2026-05-29 20:00:00,794.98,DEBIT,Swiggy,Delhi,-1.2187342481210084,84,0,NORMAL
4382,20,2026-04-06 13:41:00,4220.94,CREDIT,Walmart,Hyderabad,0.009216363131187323,98,0,NORMAL
4383,25,2026-04-20 22:29:00,2418.15,DEBIT,Myntra,Delhi,-0.20992695131234781,97,0,NORMAL
4384,39,2026-05-26 19:09:00,820.88,DEBIT,Local Store,Chandigarh,-0.5296720537157011,101,0,NORMAL
4385,82,2026-06-28 02:10:00,3650.48,DEBIT,Netflix,Bangalore,0.03858643406456882,107,0,NORMAL
4386,16,2026-07-28 05:23:00,5088.01,DEBIT,Flipkart,Delhi,0.6411766782323883,95,0,NORMAL
4387,67,2026-05-27 12:25:00,2951.15,DEBIT,Amazon,Delhi,-0.12096216565785757,98,0,NORMAL
4388,60,2026-05-22 09:03:00,614.83,DEBIT,Walmart,Delhi,-0.6091378829573156,106,0,NORMAL
4389,10,2026-02-08 04:16:00,2449.6,CREDIT,Myntra,Pune,-0.21121879728562062,91,0,NORMAL
4390,5,2026-04-09 04:45:00,4532.4,DEBIT,Local Store,Delhi,1.3940176745275121,87,0,NORMAL
4391,63,2026-04-25 06:09:00,2803.07,DEBIT,Walmart,Chandigarh,0.3652757184979555,88,0,NORMAL
4392,91,2026-05-13 22:51:00,1023.11,DEBIT,Local Store,Hyderabad,-0.37428629364122007,100,0,NORMAL
4393,100,2026-06-12 01:57:00,904.88,DEBIT,Swiggy,Pune,-1.2541893458942388,87,0,NORMAL
4394,32,2026-06-05 23:44:00,1804.36,DEBIT,Myntra,Mumbai,-0.35498184218443435,107,0,NORMAL
4395,48,2026-01-17 13:22:00,4946.96,DEBIT,Myntra,Delhi,0.09146320357274416,102,0,NORMAL
4396,59,2026-03-20 01:26:00,674.03,DEBIT,Apple,Hyderabad,-0.42530555035699547,92,0,NORMAL
4397,11,2026-03-12 13:53:00,4988.25,DEBIT,Local Store,Delhi,0.1853347950551806,118,0,NORMAL
4398,10,2026-06-20 10:16:00,2118.37,DEBIT,Apple,Mumbai,-0.251413316904901,91,0,NORMAL
4399,64,2026-03-23 22:13:00,3953.67,DEBIT,Flipkart,Chandigarh,0.8392871069206286,110,0,NORMAL
4400,92,2026-06-10 19:01:00,3864.64,DEBIT,Walmart,Pune,0.09493449057576897,119,0,NORMAL
4401,35,2026-01-05 00:09:00,3937.35,CREDIT,Amazon,Chandigarh,0.7928444894309836,103,0,NORMAL
4402,87,2026-06-09 02:09:00,3948.41,CREDIT,Flipkart,Ludhiana,0.529641342754135,85,0,NORMAL
4403,20,2026-03-08 01:45:00,2598.47,CREDIT,Swiggy,Mumbai,-0.16225328007645126,98,0,NORMAL
4404,94,2026-04-07 06:30:00,2682.77,DEBIT,Walmart,Mumbai,-0.17223265041686592,103,0,NORMAL
4405,65,2026-02-02 04:58:00,3238.52,DEBIT,Uber,Pune,-0.036878169121970734,112,0,NORMAL
4406,17,2026-03-02 12:41:00,4622.17,CREDIT,Walmart,Bangalore,0.09818331137482085,97,0,NORMAL
4407,81,2026-02-09 09:30:00,3236.22,DEBIT,Local Store,Chandigarh,-0.09143044640985587,105,0,NORMAL
4408,83,2026-02-23 10:17:00,3350.87,CREDIT,Flipkart,Hyderabad,0.03249425409354391,101,0,NORMAL
4409,80,2026-04-07 03:47:00,2935.72,DEBIT,Apple,Chandigarh,-0.10529323071498026,84,0,NORMAL
4410,48,2026-04-26 10:12:00,4598.03,DEBIT,Apple,Bangalore,0.05027250865949232,102,0,NORMAL
4411,10,2026-05-05 17:45:00,1341.31,DEBIT,Walmart,Mumbai,-0.34570898280279067,91,0,NORMAL
4412,49,2026-01-07 15:49:00,5795.98,DEBIT,Flipkart,Mumbai,2.6742430403531037,95,40,REVIEW
4413,8,2026-03-20 18:49:00,1661.53,DEBIT,Myntra,Hyderabad,-0.27824640152352115,91,0,NORMAL
4414,93,2026-02-06 07:20:00,1653.78,DEBIT,Shell,Hyderabad,-0.8277315651733889,100,0,NORMAL
4415,36,2026-03-02 08:53:00,5167.17,DEBIT,Amazon,Delhi,0.22176434906212042,85,0,NORMAL
4416,34,2026-03-30 10:47:00,3226.38,DEBIT,Flipkart,Bangalore,0.2621662498662487,118,0,NORMAL
4417,8,2026-05-22 16:35:00,5488.41,DEBIT,Amazon,Mumbai,0.1615636814721747,91,0,NORMAL
4418,1,2026-05-24 18:37:00,3271.77,CREDIT,Apple,Chandigarh,-0.09544090466437165,112,0,NORMAL
4419,62,2026-06-25 21:59:00,218.62,DEBIT,Swiggy,Delhi,-1.6967445039151503,102,0,NORMAL
4420,70,2026-02-22 13:37:00,1032.46,DEBIT,Local Store,Bangalore,-1.3655910299696312,90,0,NORMAL
4421,1,2026-06-01 11:22:00,2095.72,DEBIT,Uber,Delhi,-0.22146428599064,112,0,NORMAL
4422,64,2026-07-10 14:52:00,796.54,DEBIT,Shell,Chandigarh,-1.2504108300604486,110,0,NORMAL
4423,72,2026-03-22 23:06:00,656.45,CREDIT,Amazon,Mumbai,-1.387151260501085,98,0,NORMAL
4424,86,2026-04-30 14:32:00,1572.74,CREDIT,Swiggy,Bangalore,-0.8074458688237959,76,0,NORMAL
4425,79,2026-01-14 11:21:00,2189.01,DEBIT,Flipkart,Pune,-0.3481955959282734,122,10,NORMAL
4426,88,2026-01-08 10:32:00,5123.22,DEBIT,Swiggy,Hyderabad,0.09755288496804292,104,0,NORMAL
4427,33,2026-06-27 03:28:00,1682.45,DEBIT,Amazon,Mumbai,-0.25963800235292045,91,0,NORMAL
4428,39,2026-02-11 16:27:00,791.36,CREDIT,Local Store,Chandigarh,-0.5367111639115133,101,0,NORMAL
4429,88,2026-02-06 08:25:00,452.97,DEBIT,Netflix,Chandigarh,-0.38600512498772677,104,0,NORMAL
4430,70,2026-01-04 22:09:00,989.48,DEBIT,Myntra,Bangalore,-1.3988123414903884,90,0,NORMAL
4431,23,2026-05-25 21:32:00,934.76,DEBIT,Uber,Hyderabad,-1.161505807348474,96,0,NORMAL
4432,44,2026-01-02 06:07:00,5570.03,DEBIT,Uber,Mumbai,0.1611560279599724,99,0,NORMAL
4433,15,2026-07-05 16:49:00,2310.15,DEBIT,Myntra,Bangalore,-0.17804762986843495,91,0,NORMAL
4434,36,2026-03-26 10:25:00,1636.85,DEBIT,Netflix,Hyderabad,-0.25614664560261063,85,0,NORMAL
4435,48,2026-01-31 02:29:00,3005.79,DEBIT,Amazon,Chandigarh,-0.13768918012816148,102,0,NORMAL
4436,47,2026-04-29 19:00:00,1339.03,CREDIT,Walmart,Chandigarh,-0.37752923756926615,103,0,NORMAL
4437,40,2026-05-06 16:03:00,2005.89,CREDIT,Walmart,Delhi,-0.20744470103812193,109,0,NORMAL
4438,21,2026-02-02 04:41:00,5046.96,DEBIT,Uber,Ludhiana,0.231938907675901,122,10,NORMAL
4439,32,2026-06-25 13:26:00,1060.61,CREDIT,Local Store,Ludhiana,-0.591072056618131,107,0,NORMAL
4440,2,2026-06-15 05:19:00,4205.91,DEBIT,Walmart,Chandigarh,0.9851084025138492,117,0,NORMAL
4441,64,2026-05-30 13:40:00,816.19,DEBIT,Shell,Chandigarh,-1.2374045349564529,110,0,NORMAL
4442,8,2026-02-17 04:11:00,4542.89,DEBIT,Apple,Pune,0.05289833798764157,91,0,NORMAL
4443,49,2026-03-26 10:00:00,630.1,DEBIT,Shell,Ludhiana,-1.2836833132893,95,0,NORMAL
4444,42,2026-07-23 09:15:00,1638.3,DEBIT,Apple,Delhi,-0.34012861497172875,104,0,NORMAL
4445,97,2026-06-08 14:11:00,3075.1,DEBIT,Amazon,Delhi,0.06733768795643097,96,0,NORMAL
4446,50,2026-04-15 18:11:00,54033.67,DEBIT,Shell,Pune,6.267493129915083,118,90,HIGH
4447,11,2026-03-06 11:03:00,2765.29,DEBIT,Apple,Ludhiana,-0.12626390182596328,118,0,NORMAL
4448,54,2026-06-14 06:32:00,3990.31,DEBIT,Flipkart,Hyderabad,-0.03147463568701295,89,0,NORMAL
4449,64,2026-01-01 02:48:00,4331.79,DEBIT,Apple,Ludhiana,1.0895639672118693,110,0,NORMAL
4450,36,2026-04-21 11:45:00,6810.55,CREDIT,Myntra,Pune,0.4442340884659495,85,0,NORMAL
4451,28,2026-05-05 02:52:00,1117.0,DEBIT,Apple,Mumbai,-1.2025808129513014,98,0,NORMAL
4452,62,2026-05-12 00:40:00,587.49,DEBIT,Local Store,Pune,-1.4350309788175544,102,0,NORMAL
4453,39,2026-06-26 06:16:00,3672.56,DEBIT,Local Store,Chandigarh,0.15031743690738175,101,0,NORMAL
4454,51,2026-04-16 13:26:00,2001.41,DEBIT,Flipkart,Chandigarh,-0.2533462939529353,108,0,NORMAL
4455,44,2026-05-22 01:09:00,1440.9,DEBIT,Local Store,Mumbai,-0.3102141197112301,99,0,NORMAL
4456,38,2026-01-10 00:05:00,2690.56,DEBIT,Netflix,Ludhiana,0.050105378515999686,95,0,NORMAL
4457,2,2026-05-08 00:30:00,3179.35,DEBIT,Swiggy,Delhi,0.24802665498943613,117,0,NORMAL
4458,56,2026-03-08 06:18:00,3042.62,DEBIT,Swiggy,Delhi,-0.002261934535854711,101,0,NORMAL
4459,28,2026-06-11 05:45:00,3962.08,DEBIT,Myntra,Chandigarh,0.7382124030124827,98,0,NORMAL
4460,57,2026-03-16 16:22:00,2603.3,DEBIT,Local Store,Ludhiana,-0.14588974453709155,107,0,NORMAL
4461,53,2026-06-11 16:04:00,1204.32,DEBIT,Walmart,Pune,-0.4471342698124218,105,0,NORMAL
4462,11,2026-03-28 18:50:00,955.53,DEBIT,Flipkart,Delhi,-0.37994316626059954,118,0,NORMAL
4463,17,2026-05-29 03:15:00,2570.96,CREDIT,Shell,Pune,-0.13831106740356325,97,0,NORMAL
4464,22,2026-03-12 02:53:00,1933.44,DEBIT,Netflix,Delhi,-0.281850311460507,108,0,NORMAL
4465,19,2026-01-09 05:06:00,1245.69,DEBIT,Swiggy,Hyderabad,-1.079467172425399,98,0,NORMAL
4466,91,2026-05-18 13:40:00,4069.93,CREDIT,Local Store,Bangalore,-0.008435830934225626,100,0,NORMAL
4467,91,2026-02-17 12:27:00,1852.0,DEBIT,Netflix,Bangalore,-0.27475636078230464,100,0,NORMAL
4468,57,2026-02-21 04:21:00,2553.27,DEBIT,Local Store,Bangalore,-0.15337887865760233,107,0,NORMAL
4469,12,2026-01-13 00:24:00,936.98,CREDIT,Swiggy,Hyderabad,-0.3778829948066884,99,0,NORMAL
4470,34,2026-07-22 07:39:00,2034.07,CREDIT,Flipkart,Bangalore,-0.5860603680400923,118,0,NORMAL
4471,69,2026-07-09 10:17:00,3125.76,DEBIT,Amazon,Bangalore,-0.13363163009500548,112,0,NORMAL
4472,22,2026-02-22 03:03:00,1999.09,CREDIT,Shell,Hyderabad,-0.2709603520023673,108,0,NORMAL
4473,1,2026-02-18 01:32:00,2454.43,CREDIT,Flipkart,Bangalore,-0.18302557410292628,112,0,NORMAL
4474,4,2026-06-04 11:23:00,2549.25,CREDIT,Shell,Ludhiana,-0.0632996024496719,105,0,NORMAL
4475,82,2026-03-25 06:16:00,4549.33,DEBIT,Local Store,Mumbai,0.18865356124392937,107,0,NORMAL
4476,22,2026-06-24 22:59:00,1033.51,CREDIT,Amazon,Delhi,-0.43112984253687736,108,0,NORMAL
4477,80,2026-03-18 00:56:00,6139.78,CREDIT,Local Store,Hyderabad,0.3751266557555538,84,0,NORMAL
4478,74,2026-06-21 20:11:00,2843.52,DEBIT,Local Store,Ludhiana,-0.1625017475466771,119,0,NORMAL
4479,100,2026-01-28 18:37:00,3387.64,DEBIT,Apple,Hyderabad,0.4922046125841144,87,0,NORMAL
4480,21,2026-05-29 19:12:00,3521.47,DEBIT,Uber,Ludhiana,-0.013226652139861484,122,10,NORMAL
4481,15,2026-06-05 12:08:00,2303.6,DEBIT,Amazon,Mumbai,-0.17952508414868432,91,0,NORMAL
4482,25,2026-07-04 10:22:00,3074.19,DEBIT,Amazon,Chandigarh,0.21695922266908452,97,0,NORMAL
4483,1,2026-04-24 16:12:00,624.8,DEBIT,Flipkart,Pune,-0.37908540079055036,112,0,NORMAL
4484,11,2026-02-27 23:12:00,1215.74,DEBIT,Amazon,Delhi,-0.3434687821441771,118,0,NORMAL
4485,93,2026-05-26 00:49:00,3804.8,DEBIT,Apple,Ludhiana,0.5982169734480751,100,0,NORMAL
4486,64,2026-01-25 19:30:00,3890.35,DEBIT,Amazon,Hyderabad,0.7973757274811877,110,0,NORMAL
4487,35,2026-01-07 12:28:00,2767.45,DEBIT,Walmart,Bangalore,-0.04731977268390473,103,0,NORMAL
4488,22,2026-06-12 20:42:00,2805.51,DEBIT,Apple,Bangalore,-0.13719217064314307,108,0,NORMAL
4489,22,2026-07-14 15:00:00,4426.59,DEBIT,Flipkart,Bangalore,0.13171103542542054,108,0,NORMAL
4490,95,2026-03-10 16:21:00,4109.45,CREDIT,Netflix,Delhi,0.9200062994624021,113,0,NORMAL
4491,74,2026-07-22 05:04:00,3440.55,CREDIT,Netflix,Chandigarh,-0.09474884720617922,119,0,NORMAL
4492,69,2026-01-18 19:56:00,3630.63,DEBIT,Walmart,Hyderabad,-0.08574743362115801,112,0,NORMAL
4493,34,2026-06-26 17:43:00,2297.41,DEBIT,Walmart,Bangalore,-0.3987164746235683,118,0,NORMAL
4494,95,2026-02-06 07:23:00,3416.57,DEBIT,Local Store,Pune,0.4789312445797291,113,0,NORMAL
4495,59,2026-06-30 17:11:00,390.73,DEBIT,Local Store,Hyderabad,-0.4654718499548742,92,0,NORMAL
4496,62,2026-02-17 00:19:00,4566.32,DEBIT,Flipkart,Delhi,1.3879517117348565,102,0,NORMAL
4497,74,2026-05-09 11:05:00,1344.33,DEBIT,Uber,Mumbai,-0.33263469004784285,119,0,NORMAL
4498,30,2026-06-13 19:50:00,4476.09,CREDIT,Amazon,Hyderabad,0.314310188236005,92,0,NORMAL
4499,35,2026-07-04 01:18:00,3855.78,DEBIT,Uber,Ludhiana,0.7342649536922784,103,0,NORMAL
4500,14,2026-05-16 10:11:00,1356.52,CREDIT,Flipkart,Hyderabad,-0.3239263890337281,112,0,NORMAL
4501,16,2026-01-31 07:43:00,1057.09,DEBIT,Apple,Ludhiana,-0.5191612311296343,95,0,NORMAL
4502,22,2026-06-19 21:36:00,3044.01,CREDIT,Flipkart,Hyderabad,-0.0976300178515767,108,0,NORMAL
4503,59,2026-03-08 19:36:00,2820.9,CREDIT,Apple,Ludhiana,-0.12092212777422844,92,0,NORMAL
4504,60,2026-02-27 16:34:00,1567.15,DEBIT,Swiggy,Mumbai,-0.3937986139000969,106,0,NORMAL
4505,45,2026-03-06 17:47:00,2205.26,DEBIT,Apple,Pune,-0.17763145445296613,97,0,NORMAL
4506,74,2026-06-21 01:24:00,4624.7,CREDIT,Myntra,Mumbai,0.039632334540467516,119,0,NORMAL
4507,98,2026-04-04 21:24:00,2775.49,DEBIT,Apple,Mumbai,0.011920675152486382,114,0,NORMAL
4508,82,2026-05-05 17:45:00,2208.06,DEBIT,Apple,Ludhiana,-0.20223219594717204,107,0,NORMAL
4509,60,2026-06-23 12:10:00,3814.44,DEBIT,Walmart,Bangalore,0.11436018352051502,106,0,NORMAL
4510,52,2026-03-23 02:51:00,6150.99,CREDIT,Shell,Hyderabad,0.6485794274974451,116,0,NORMAL
4511,87,2026-03-24 10:15:00,4012.63,DEBIT,Apple,Ludhiana,0.5664451539259886,85,0,NORMAL
4512,83,2026-04-17 16:22:00,411.0,DEBIT,Myntra,Ludhiana,-0.42545516105803566,101,0,NORMAL
4513,54,2026-01-04 10:52:00,3474.57,DEBIT,Local Store,Delhi,-0.09685448194009744,89,0,NORMAL
4514,54,2026-06-23 23:47:00,2606.25,DEBIT,Swiggy,Mumbai,-0.20693054371246017,89,0,NORMAL
4515,37,2026-02-20 09:32:00,3033.52,CREDIT,Uber,Bangalore,0.24399079486789815,87,0,NORMAL
4516,34,2026-03-22 09:35:00,3855.83,CREDIT,Swiggy,Hyderabad,0.7099661044687817,118,0,NORMAL
4517,77,2026-01-22 08:28:00,1405.67,CREDIT,Walmart,Pune,-0.8084298296502122,84,0,NORMAL
4518,43,2026-02-11 09:04:00,1098.17,DEBIT,Myntra,Mumbai,-0.4003282969427493,97,0,NORMAL
4519,24,2026-04-30 12:22:00,2656.79,CREDIT,Swiggy,Ludhiana,-0.08158813744867112,95,0,NORMAL
4520,2,2026-07-09 22:42:00,3999.58,DEBIT,Apple,Mumbai,0.8369611174387322,117,0,NORMAL
4521,79,2026-04-10 08:36:00,4273.18,DEBIT,Myntra,Hyderabad,1.0826531696073234,122,10,NORMAL
4522,40,2026-03-30 05:44:00,1506.91,DEBIT,Flipkart,Ludhiana,-0.2922837398343383,109,0,NORMAL
4523,54,2026-01-31 00:11:00,4451.02,DEBIT,Flipkart,Mumbai,0.026929112262067203,89,0,NORMAL
4524,77,2026-06-07 00:32:00,500.41,DEBIT,Uber,Pune,-1.416647055844964,84,0,NORMAL
4525,39,2026-03-15 20:01:00,2713.12,DEBIT,Uber,Ludhiana,-0.07846318254620727,101,0,NORMAL
4526,73,2026-01-21 05:51:00,428.95,DEBIT,Swiggy,Bangalore,-1.310012266200943,111,0,NORMAL
4527,59,2026-06-14 10:13:00,2882.53,DEBIT,Shell,Chandigarh,-0.11218422080558293,92,0,NORMAL
4528,32,2026-04-26 19:35:00,3129.54,DEBIT,Apple,Pune,0.06567298855606461,107,0,NORMAL
4529,7,2026-06-29 09:21:00,3431.71,DEBIT,Local Store,Mumbai,0.02433321380500064,93,0,NORMAL
4530,93,2026-06-07 14:27:00,4959.09,DEBIT,Myntra,Bangalore,1.363415873804822,100,0,NORMAL
4531,35,2026-05-26 17:23:00,4882.24,CREDIT,Local Store,Delhi,1.4714177090478198,103,0,NORMAL
4532,36,2026-03-08 17:02:00,2253.91,DEBIT,Flipkart,Mumbai,-0.1726132100024897,85,0,NORMAL
4533,66,2026-07-06 00:40:00,2406.47,DEBIT,Walmart,Mumbai,-0.29401236411251097,95,0,NORMAL
4534,32,2026-04-11 22:30:00,464.01,DEBIT,Flipkart,Mumbai,-0.780452119718828,107,0,NORMAL
4535,81,2026-06-04 01:06:00,4384.44,CREDIT,Apple,Delhi,0.06636384030829294,105,0,NORMAL
4536,23,2026-04-03 07:06:00,1100.2,CREDIT,Amazon,Pune,-1.0504636413961288,96,0,NORMAL
4537,73,2026-03-30 00:14:00,3414.91,DEBIT,Netflix,Bangalore,0.708605874853878,111,0,NORMAL
4538,6,2026-01-18 13:09:00,2802.49,DEBIT,Uber,Mumbai,0.051046784165265605,117,0,NORMAL
4539,17,2026-05-10 19:05:00,2208.67,DEBIT,Flipkart,Ludhiana,-0.18008131447120662,97,0,NORMAL
4540,64,2026-04-08 03:05:00,548.48,DEBIT,Amazon,Bangalore,-1.4146012404165398,110,0,NORMAL
4541,20,2026-05-05 02:43:00,914.47,DEBIT,Swiggy,Bangalore,-0.3402256796657585,98,0,NORMAL
4542,10,2026-06-03 10:05:00,44596.35,DEBIT,Myntra,Ludhiana,4.903258664791802,91,90,HIGH
4543,12,2026-06-27 01:28:00,1145.79,DEBIT,Shell,Delhi,-0.35242515694455145,99,0,NORMAL
4544,76,2026-05-06 16:55:00,1316.36,DEBIT,Amazon,Bangalore,-0.41267638535288514,74,0,NORMAL
4545,92,2026-01-25 21:31:00,3735.41,CREDIT,Local Store,Pune,0.06793173022410241,119,0,NORMAL
4546,61,2026-04-25 08:17:00,782.77,DEBIT,Flipkart,Chandigarh,-0.6531391097828791,81,0,NORMAL
4547,16,2026-07-07 11:32:00,2947.49,DEBIT,Uber,Bangalore,0.02500803639687758,95,0,NORMAL
4548,53,2026-06-06 18:29:00,2056.73,CREDIT,Walmart,Pune,-0.26232231603746164,105,0,NORMAL
4549,53,2026-05-13 18:39:00,1349.82,CREDIT,Swiggy,Mumbai,-0.41558825407556194,105,0,NORMAL
4550,41,2026-01-01 06:46:00,765.24,CREDIT,Myntra,Chandigarh,-0.5139864925353034,100,0,NORMAL
4551,10,2026-05-21 07:47:00,1868.01,DEBIT,Shell,Hyderabad,-0.2817943208353512,91,0,NORMAL
4552,46,2026-06-12 03:53:00,3789.5,DEBIT,Myntra,Delhi,0.08190271137004072,94,0,NORMAL
4553,40,2026-07-03 22:23:00,1540.9,DEBIT,Amazon,Pune,-0.286504592516443,109,0,NORMAL
4554,98,2026-01-29 15:13:00,5165.84,DEBIT,Apple,Hyderabad,1.7748071630829871,114,0,NORMAL
4555,97,2026-02-24 04:13:00,2536.14,DEBIT,Myntra,Hyderabad,-0.3160285179853992,96,0,NORMAL
4556,66,2026-07-15 20:39:00,2990.04,DEBIT,Local Store,Mumbai,0.09898011965255153,95,0,NORMAL
4557,5,2026-03-30 12:00:00,2197.97,DEBIT,Shell,Ludhiana,-0.16061664444521406,87,0,NORMAL
4558,15,2026-07-15 00:38:00,2239.18,DEBIT,Flipkart,Delhi,-0.19405601616909057,91,0,NORMAL
4559,68,2026-05-08 14:52:00,3518.86,DEBIT,Amazon,Pune,0.08170148773922241,100,0,NORMAL
4560,76,2026-07-22 17:25:00,2679.77,CREDIT,Shell,Hyderabad,-0.1312538187715595,74,0,NORMAL
4561,21,2026-02-26 19:52:00,2276.24,DEBIT,Myntra,Mumbai,-0.21335088110850886,122,10,NORMAL
4562,1,2026-02-10 20:56:00,3979.87,CREDIT,Apple,Chandigarh,-0.019562195156161446,112,0,NORMAL
4563,20,2026-06-19 16:55:00,2593.43,DEBIT,Shell,Mumbai,-0.16278592906334563,98,0,NORMAL
4564,94,2026-07-14 05:30:00,3987.67,CREDIT,Netflix,Delhi,0.04689405004601775,103,0,NORMAL
4565,99,2026-07-27 10:03:00,1181.16,CREDIT,Flipkart,Delhi,-0.5414778752704289,103,0,NORMAL
4566,83,2026-07-19 17:57:00,1946.73,CREDIT,Netflix,Chandigarh,-0.1862314350665002,101,0,NORMAL
4567,60,2026-06-08 07:10:00,4429.82,DEBIT,Swiggy,Ludhiana,0.253510342492742,106,0,NORMAL
4568,66,2026-01-25 21:29:00,4826.96,DEBIT,Shell,Bangalore,1.3360138144581764,95,0,NORMAL
4569,98,2026-01-17 13:00:00,3285.74,DEBIT,Flipkart,Pune,0.38823076801191614,114,0,NORMAL
4570,78,2026-03-17 10:47:00,4716.29,CREDIT,Apple,Mumbai,0.42157072549902713,102,0,NORMAL
4571,97,2026-02-23 08:34:00,1203.86,DEBIT,Amazon,Pune,-1.2636890658037558,96,0,NORMAL
4572,5,2026-05-07 00:16:00,1223.23,DEBIT,Swiggy,Bangalore,-0.8097533742145688,87,0,NORMAL
4573,98,2026-03-30 02:13:00,4129.69,DEBIT,Amazon,Pune,1.0106450803464888,114,0,NORMAL
4574,26,2026-07-22 20:58:00,1213.68,DEBIT,Myntra,Delhi,-0.943745930041396,98,0,NORMAL
4575,76,2026-06-24 22:33:00,4278.82,DEBIT,Uber,Delhi,0.1988073917900974,74,0,NORMAL
4576,14,2026-02-20 10:11:00,1030.43,DEBIT,Flipkart,Hyderabad,-0.36983173684055914,112,0,NORMAL
4577,38,2026-01-12 09:56:00,2188.6,DEBIT,Shell,Pune,-0.31559089294435644,95,0,NORMAL
4578,93,2026-07-20 10:52:00,672.68,DEBIT,Netflix,Ludhiana,-1.4781198048185427,100,0,NORMAL
4579,64,2026-04-23 19:33:00,1631.42,DEBIT,Swiggy,Delhi,-0.6978054531431972,110,0,NORMAL
4580,51,2026-04-13 17:00:00,1580.69,DEBIT,Netflix,Ludhiana,-0.3185540779601223,108,0,NORMAL
4581,29,2026-03-23 08:06:00,4204.08,DEBIT,Flipkart,Mumbai,1.035860973989613,99,0,NORMAL
4582,79,2026-01-07 11:11:00,1924.77,CREDIT,Myntra,Pune,-0.5296047313659423,122,10,NORMAL
4583,92,2026-05-31 06:53:00,1226.6,CREDIT,Flipkart,Bangalore,-0.45628706725221546,119,0,NORMAL
4584,53,2026-06-30 18:45:00,4377.31,DEBIT,Netflix,Bangalore,0.24080519735526848,105,0,NORMAL
4585,13,2026-06-14 16:37:00,2973.05,DEBIT,Flipkart,Pune,0.13932673898173023,101,0,NORMAL
4586,52,2026-04-01 22:53:00,646.05,DEBIT,Amazon,Mumbai,-0.4884421412034118,116,0,NORMAL
4587,29,2026-06-14 10:12:00,4283.01,DEBIT,Walmart,Mumbai,1.0867471702867537,99,0,NORMAL
4588,47,2026-07-25 07:06:00,1055.31,DEBIT,Amazon,Hyderabad,-0.43987664354257633,103,0,NORMAL
4589,34,2026-07-04 12:50:00,624.04,CREDIT,Amazon,Bangalore,-1.5891761500485277,118,0,NORMAL
4590,9,2026-07-17 10:23:00,2271.35,DEBIT,Walmart,Hyderabad,-0.2383895171957558,84,0,NORMAL
4591,24,2026-04-11 06:34:00,1794.54,DEBIT,Myntra,Pune,-0.6312875340497353,95,0,NORMAL
4592,79,2026-03-12 12:35:00,794.19,DEBIT,Swiggy,Delhi,-1.3057837366002731,122,10,NORMAL
4593,42,2026-04-13 14:49:00,938.85,DEBIT,Apple,Bangalore,-0.48715589387579966,104,0,NORMAL
4594,20,2026-04-05 11:44:00,645.86,DEBIT,Shell,Mumbai,-0.3686135456121266,98,0,NORMAL
4595,33,2026-06-18 00:33:00,3160.49,DEBIT,Netflix,Chandigarh,-0.10433253599788847,91,0,NORMAL
4596,10,2026-01-27 19:46:00,1592.65,DEBIT,Walmart,Ludhiana,-0.3152090565850268,91,0,NORMAL
4597,5,2026-02-14 08:09:00,2981.07,DEBIT,Apple,Hyderabad,0.36089573124715735,87,0,NORMAL
4598,16,2026-05-29 19:50:00,3757.63,DEBIT,Amazon,Chandigarh,0.2582143897580332,95,0,NORMAL
4599,11,2026-07-02 12:57:00,354.74,DEBIT,Local Store,Hyderabad,-0.4641576285537683,118,0,NORMAL
4600,96,2026-02-15 13:58:00,1189.84,DEBIT,Flipkart,Hyderabad,-1.031783820660467,96,0,NORMAL
4601,49,2026-06-27 00:29:00,4506.71,DEBIT,Swiggy,Ludhiana,1.686447019160095,95,0,NORMAL
4602,71,2026-01-24 01:54:00,3074.25,DEBIT,Amazon,Mumbai,0.32172934570124806,99,0,NORMAL
4603,34,2026-02-10 08:44:00,1151.58,DEBIT,Shell,Pune,-1.2138765467487895,118,0,NORMAL
4604,14,2026-05-05 10:44:00,2346.07,CREDIT,Walmart,Pune,-0.18462240264270227,112,0,NORMAL
4605,91,2026-01-01 19:27:00,1465.75,CREDIT,Apple,Bangalore,-0.3211357797242102,100,0,NORMAL
4606,58,2026-01-01 11:54:00,750.19,DEBIT,Local Store,Pune,-0.450521439246411,99,0,NORMAL
4607,36,2026-04-18 17:43:00,4830.68,DEBIT,Shell,Chandigarh,0.17621259437848402,85,0,NORMAL
4608,68,2026-02-08 01:42:00,720.0,DEBIT,Apple,Hyderabad,-0.5904829415732598,100,0,NORMAL
4609,46,2026-02-25 12:16:00,3275.44,DEBIT,Myntra,Bangalore,-0.002419396989765589,94,0,NORMAL
4610,85,2026-01-20 21:33:00,5574.82,DEBIT,Myntra,Pune,1.6076586305261977,89,0,NORMAL
4611,35,2026-04-05 00:48:00,730.78,DEBIT,Local Store,Pune,-1.5099553378788182,103,0,NORMAL
4612,75,2026-06-13 18:12:00,5770.3,CREDIT,Amazon,Ludhiana,0.3285213619160428,89,0,NORMAL
4613,30,2026-04-16 04:42:00,1838.86,DEBIT,Walmart,Mumbai,-0.26940702119071364,92,0,NORMAL
4614,81,2026-01-02 13:38:00,2579.79,DEBIT,Swiggy,Delhi,-0.18164042675368755,105,0,NORMAL
4615,29,2026-01-24 19:11:00,1274.82,DEBIT,Shell,Delhi,-0.8526338868410167,99,0,NORMAL
4616,45,2026-03-29 21:41:00,1962.15,CREDIT,Walmart,Pune,-0.21371908712795282,97,0,NORMAL
4617,5,2026-04-18 12:34:00,1159.32,DEBIT,Swiggy,Hyderabad,-0.8523148043390734,87,0,NORMAL
4618,13,2026-01-14 15:15:00,1236.41,DEBIT,Swiggy,Bangalore,-1.0577852215332846,101,0,NORMAL
4619,3,2026-04-20 08:10:00,332.92,DEBIT,Shell,Chandigarh,-0.43760954363425253,94,0,NORMAL
4620,100,2026-07-08 21:33:00,4108.72,DEBIT,Local Store,Bangalore,0.9994182601294155,87,0,NORMAL
4621,66,2026-05-28 13:27:00,1693.35,DEBIT,Walmart,Delhi,-0.7742474687658366,95,0,NORMAL
4622,7,2026-06-20 14:07:00,4722.63,DEBIT,Amazon,Hyderabad,0.2481222505554078,93,0,NORMAL
4623,10,2026-06-24 22:25:00,3511.73,DEBIT,Flipkart,Ludhiana,-0.08233009419946823,91,0,NORMAL
4624,40,2026-01-14 11:04:00,2759.07,CREDIT,Myntra,Ludhiana,-0.07938532543081446,109,0,NORMAL
4625,14,2026-06-04 01:18:00,1200.13,DEBIT,Amazon,Delhi,-0.34594220473954646,112,0,NORMAL
4626,36,2026-02-03 19:07:00,2687.54,DEBIT,Apple,Bangalore,-0.11391129498728784,85,0,NORMAL
4627,38,2026-06-03 23:07:00,1092.73,CREDIT,Myntra,Bangalore,-1.1139723835118527,95,0,NORMAL
4628,30,2026-07-08 22:56:00,1481.52,DEBIT,Apple,Pune,-0.3484996705298094,92,0,NORMAL
4629,73,2026-02-28 21:28:00,5935.41,DEBIT,Netflix,Ludhiana,2.4125560364530547,111,40,REVIEW
4630,14,2026-03-18 20:45:00,2516.83,DEBIT,Netflix,Bangalore,-0.1605836489504871,112,0,NORMAL
4631,32,2026-03-07 13:50:00,5955.55,DEBIT,Swiggy,Pune,0.9627396196710509,107,0,NORMAL
4632,52,2026-05-21 12:11:00,3462.77,DEBIT,Walmart,Pune,0.09333920300580359,116,0,NORMAL
4633,79,2026-03-20 19:25:00,2886.98,CREDIT,Local Store,Hyderabad,0.1309829321576698,122,10,NORMAL
4634,39,2026-02-26 08:24:00,3306.75,DEBIT,Apple,Ludhiana,0.06308922211300443,101,0,NORMAL
4635,64,2026-07-23 22:43:00,4932.04,CREDIT,Flipkart,Hyderabad,1.486868223505684,110,0,NORMAL
4636,68,2026-03-30 16:37:00,3194.94,DEBIT,Local Store,Mumbai,0.003907678708795995,100,0,NORMAL
4637,62,2026-01-29 11:40:00,2739.04,DEBIT,Netflix,Bangalore,0.09149526328327434,102,0,NORMAL
4638,74,2026-06-25 08:19:00,1652.84,DEBIT,Local Store,Chandigarh,-0.2976239748676224,119,0,NORMAL
4639,57,2026-02-06 20:53:00,3698.73,DEBIT,Myntra,Hyderabad,0.01808831242135461,107,0,NORMAL
4640,30,2026-02-15 14:50:00,4636.44,DEBIT,Walmart,Pune,0.34980161466888116,92,0,NORMAL
4641,16,2026-07-22 21:41:00,1950.51,CREDIT,Local Store,Mumbai,-0.2619819532024568,95,0,NORMAL
4642,48,2026-05-26 20:52:00,4696.45,DEBIT,Netflix,Hyderabad,0.06189085100140115,102,0,NORMAL
4643,76,2026-04-30 07:06:00,2801.92,CREDIT,Flipkart,Chandigarh,-0.10604073796101172,74,0,NORMAL
4644,1,2026-03-28 09:52:00,4202.99,DEBIT,Apple,Pune,0.0043469386744724395,112,0,NORMAL
4645,17,2026-05-24 20:36:00,2800.84,DEBIT,Swiggy,Pune,-0.11180703915020306,97,0,NORMAL
4646,75,2026-02-15 22:15:00,4374.99,DEBIT,Local Store,Hyderabad,0.09813127370289383,89,0,NORMAL
4647,84,2026-01-20 12:19:00,1165.23,DEBIT,Amazon,Delhi,-0.3268074710965276,95,0,NORMAL
4648,86,2026-02-10 10:41:00,933.86,CREDIT,Amazon,Delhi,-1.224517401535649,76,0,NORMAL
4649,42,2026-04-10 12:48:00,48842.68,DEBIT,Uber,Mumbai,9.582427026966572,104,90,HIGH
4650,33,2026-07-07 05:45:00,6047.69,DEBIT,Walmart,Mumbai,0.19904081144889801,91,0,NORMAL
4651,12,2026-02-20 22:44:00,5974.19,DEBIT,Netflix,Ludhiana,0.23624695805732618,99,0,NORMAL
4652,39,2026-01-19 15:41:00,3506.95,DEBIT,Shell,Hyderabad,0.11082736104259719,101,0,NORMAL
4653,52,2026-04-07 00:12:00,3157.22,DEBIT,Apple,Ludhiana,0.03022917086802425,116,0,NORMAL
4654,16,2026-06-19 17:45:00,4212.82,CREDIT,Netflix,Pune,0.38924507579558754,95,0,NORMAL
4655,53,2026-01-26 13:28:00,7015.47,DEBIT,Local Store,Mumbai,0.812787581385194,105,0,NORMAL
4656,17,2026-07-13 01:53:00,3718.26,CREDIT,Shell,Mumbai,-0.00603304576148851,97,0,NORMAL
4657,18,2026-05-25 18:35:00,608.47,DEBIT,Apple,Delhi,-1.6373632727929408,96,0,NORMAL
4658,62,2026-03-23 07:36:00,2453.78,DEBIT,Amazon,Mumbai,-0.11089690785924246,102,0,NORMAL
4659,25,2026-03-28 22:06:00,2443.21,DEBIT,Swiggy,Ludhiana,-0.1936203731769069,97,0,NORMAL
4660,25,2026-01-25 01:44:00,1191.81,DEBIT,Swiggy,Hyderabad,-1.0079081576418245,97,0,NORMAL
4661,60,2026-01-25 15:44:00,2912.37,DEBIT,Local Store,Pune,-0.08961652014888745,106,0,NORMAL
4662,30,2026-02-20 22:34:00,3524.37,CREDIT,Shell,Mumbai,0.10365911018987448,92,0,NORMAL
4663,82,2026-03-29 12:38:00,4892.12,DEBIT,Myntra,Ludhiana,0.24588392284576838,107,0,NORMAL
4664,34,2026-04-27 19:52:00,1553.43,DEBIT,Uber,Mumbai,-0.9279946314703273,118,0,NORMAL
4665,41,2026-07-09 09:53:00,909.14,DEBIT,Apple,Hyderabad,-0.4846393496600325,100,0,NORMAL
4666,32,2026-06-06 06:26:00,2957.58,DEBIT,Shell,Chandigarh,0.011087343817888503,107,0,NORMAL
4667,65,2026-03-23 00:47:00,1131.68,DEBIT,Netflix,Delhi,-0.3167954936135061,112,0,NORMAL
4668,55,2026-07-09 05:32:00,1622.69,DEBIT,Amazon,Bangalore,-0.6789540265499061,118,0,NORMAL
4669,72,2026-01-21 07:28:00,3281.44,DEBIT,Swiggy,Pune,0.24127055377725862,98,0,NORMAL
4670,22,2026-01-19 23:31:00,4470.9,DEBIT,Uber,Bangalore,0.13906113601323725,108,0,NORMAL
4671,74,2026-05-23 01:23:00,1155.69,DEBIT,Netflix,Chandigarh,-0.3540421689353887,119,0,NORMAL
4672,22,2026-05-25 11:36:00,1352.95,DEBIT,Swiggy,Pune,-0.37814143965328006,108,0,NORMAL
4673,3,2026-01-03 10:39:00,1634.66,DEBIT,Uber,Ludhiana,-0.27820135427602466,94,0,NORMAL
4674,41,2026-07-26 17:17:00,2619.97,DEBIT,Myntra,Chandigarh,-0.13573057658637339,100,0,NORMAL
4675,99,2026-05-11 17:00:00,706.88,DEBIT,Myntra,Hyderabad,-0.6889489653426399,103,0,NORMAL
4676,75,2026-07-25 11:08:00,2217.85,DEBIT,Uber,Bangalore,-0.25805027368665545,89,0,NORMAL
4677,93,2026-03-20 20:25:00,2429.28,DEBIT,Swiggy,Chandigarh,-0.3136391384637602,100,0,NORMAL
4678,2,2026-02-24 00:53:00,1350.98,DEBIT,Flipkart,Chandigarh,-1.0647637856289507,117,0,NORMAL
4679,84,2026-07-22 07:00:00,2309.64,DEBIT,Apple,Pune,-0.1861194926174917,95,0,NORMAL
4680,21,2026-01-06 05:56:00,1493.57,DEBIT,Shell,Delhi,-0.33913586082060315,122,10,NORMAL
4681,47,2026-02-23 05:06:00,2295.13,DEBIT,Local Store,Mumbai,-0.16742647833099658,103,0,NORMAL
4682,81,2026-02-20 17:21:00,2312.23,DEBIT,Shell,Chandigarh,-0.21840989545681752,105,0,NORMAL
4683,29,2026-06-21 17:48:00,5217.66,DEBIT,Shell,Ludhiana,1.6893163248429717,99,0,NORMAL
4684,26,2026-03-25 13:38:00,760.71,DEBIT,Swiggy,Bangalore,-1.2347677840784128,98,0,NORMAL
4685,98,2026-02-18 16:35:00,4004.82,DEBIT,Amazon,Delhi,0.9185532796696504,114,0,NORMAL
4686,79,2026-04-18 09:06:00,2421.83,DEBIT,Uber,Ludhiana,-0.1883572863892256,122,10,NORMAL
4687,61,2026-06-28 10:10:00,1436.85,DEBIT,Local Store,Pune,-0.47835113270867186,81,0,NORMAL
4688,56,2026-05-25 00:27:00,2996.01,DEBIT,Flipkart,Delhi,-0.014398830461465478,101,0,NORMAL
4689,21,2026-01-08 02:15:00,3217.47,DEBIT,Amazon,Bangalore,-0.06208330159937402,122,10,NORMAL
4690,11,2026-04-21 12:40:00,495.99,DEBIT,Shell,Hyderabad,-0.44435820979029006,118,0,NORMAL
4691,33,2026-01-18 08:25:00,5000.06,DEBIT,Amazon,Mumbai,0.08896079621418039,91,0,NORMAL
4692,54,2026-02-16 23:14:00,751.49,DEBIT,Netflix,Bangalore,-0.44205662203946805,89,0,NORMAL
4693,5,2026-03-11 07:44:00,1068.76,DEBIT,Apple,Pune,-0.9126240378248365,87,0,NORMAL
4694,19,2026-03-13 21:42:00,3783.16,DEBIT,Myntra,Bangalore,0.6041567348094035,98,0,NORMAL
4695,27,2026-07-23 23:34:00,4391.85,DEBIT,Amazon,Hyderabad,1.1609030766599828,90,0,NORMAL
4696,78,2026-05-25 07:45:00,951.29,DEBIT,Netflix,Delhi,-0.6818350885942318,102,0,NORMAL
4697,55,2026-06-21 13:48:00,4598.43,CREDIT,Apple,Delhi,1.597571832565422,118,0,NORMAL
4698,32,2026-05-17 02:27:00,948.5,DEBIT,Apple,Bangalore,-0.6266593829242307,107,0,NORMAL
4699,9,2026-06-19 01:10:00,3767.65,DEBIT,Amazon,Delhi,0.17708857267640588,84,0,NORMAL
4700,88,2026-05-01 14:50:00,3466.15,DEBIT,Shell,Delhi,-0.07402025813080775,104,0,NORMAL
4701,13,2026-05-31 07:44:00,1661.04,DEBIT,Uber,Ludhiana,-0.7650765128812378,101,0,NORMAL
4702,1,2026-02-13 07:58:00,2382.84,DEBIT,Flipkart,Delhi,-0.19069702843662598,112,0,NORMAL
4703,41,2026-06-01 08:27:00,2653.14,DEBIT,Walmart,Pune,-0.1289658460153328,100,0,NORMAL
4704,93,2026-03-01 03:19:00,1861.45,DEBIT,Flipkart,Bangalore,-0.6900635132652153,100,0,NORMAL
4705,21,2026-07-21 05:20:00,3480.51,CREDIT,Amazon,Bangalore,-0.01980944280387995,122,10,NORMAL
4706,65,2026-06-16 00:50:00,3730.2,DEBIT,Myntra,Pune,0.028447033601538448,112,0,NORMAL
4707,39,2026-04-22 10:24:00,2120.14,CREDIT,Myntra,Chandigarh,-0.21986059324785534,101,0,NORMAL
4708,23,2026-03-14 06:19:00,3802.21,DEBIT,Local Store,Bangalore,0.7631064917330804,96,0,NORMAL
4709,6,2026-04-29 04:36:00,5854.58,CREDIT,Flipkart,Ludhiana,1.9972311751575342,117,0,NORMAL
4710,88,2026-06-12 03:16:00,3167.89,DEBIT,Shell,Ludhiana,-0.10490211928372417,104,0,NORMAL
4711,69,2026-07-13 12:31:00,1427.5,DEBIT,Local Store,Delhi,-0.29470243149670533,112,0,NORMAL
4712,31,2026-05-11 14:45:00,604.77,CREDIT,Shell,Hyderabad,-0.40063705337440975,104,0,NORMAL
4713,65,2026-06-07 04:49:00,540.16,CREDIT,Walmart,Hyderabad,-0.39538556015070553,112,0,NORMAL
4714,40,2026-03-22 04:00:00,3032.11,DEBIT,Flipkart,Pune,-0.03296171896779205,109,0,NORMAL
4715,43,2026-03-07 22:00:00,5020.05,DEBIT,Amazon,Bangalore,0.38839930652168914,97,0,NORMAL
4716,95,2026-06-11 06:35:00,2583.95,DEBIT,Flipkart,Chandigarh,-0.05109980292692656,113,0,NORMAL
4717,64,2026-06-13 13:16:00,3539.78,DEBIT,Local Store,Hyderabad,0.5653341562543279,110,0,NORMAL
4718,71,2026-05-01 15:27:00,1488.05,DEBIT,Myntra,Chandigarh,-0.7463749880140504,99,0,NORMAL
4719,19,2026-02-01 22:53:00,2488.92,DEBIT,Swiggy,Delhi,-0.254577912575421,98,0,NORMAL
4720,71,2026-05-10 20:24:00,4372.92,CREDIT,Shell,Ludhiana,1.1962187260228005,99,0,NORMAL
4721,60,2026-03-03 03:01:00,6478.21,CREDIT,Uber,Delhi,0.7166937318409825,106,0,NORMAL
4722,100,2026-07-09 22:34:00,1567.96,DEBIT,Local Store,Hyderabad,-0.7877733789913459,87,0,NORMAL
4723,49,2026-01-26 14:42:00,883.59,DEBIT,Uber,Pune,-1.0894676614768664,95,0,NORMAL
4724,65,2026-03-24 18:00:00,3079.26,CREDIT,Amazon,Pune,-0.05803764639529091,112,0,NORMAL
4725,64,2026-06-24 11:00:00,2355.87,DEBIT,Local Store,Hyderabad,-0.2182934690164932,110,0,NORMAL
4726,77,2026-04-30 13:15:00,817.3,DEBIT,Swiggy,Delhi,-1.2037381050365168,84,0,NORMAL
4727,29,2026-05-09 10:30:00,1183.12,CREDIT,Uber,Ludhiana,-0.9117529062309544,99,0,NORMAL
4728,47,2026-07-24 04:31:00,2387.99,CREDIT,Local Store,Ludhiana,-0.14702051428658108,103,0,NORMAL
4729,51,2026-03-27 12:10:00,3761.42,DEBIT,Local Store,Chandigarh,0.01943929249527072,108,0,NORMAL
4730,51,2026-07-26 23:23:00,4593.51,DEBIT,Amazon,Pune,0.14840569531553185,108,0,NORMAL
4731,1,2026-04-19 04:52:00,2081.07,DEBIT,Apple,Bangalore,-0.22303415337419494,112,0,NORMAL
4732,60,2026-04-02 23:41:00,3594.33,DEBIT,Apple,Bangalore,0.06458875531131596,106,0,NORMAL
4733,15,2026-03-04 00:35:00,5382.99,CREDIT,Swiggy,Mumbai,0.5150791808981766,91,0,NORMAL
4734,50,2026-04-14 16:42:00,3611.39,CREDIT,Netflix,Bangalore,-0.023310698870439905,118,0,NORMAL
4735,99,2026-01-12 06:49:00,2032.03,DEBIT,Apple,Mumbai,-0.2769111079394383,103,0,NORMAL
4736,44,2026-03-18 04:52:00,3905.87,CREDIT,Local Store,Ludhiana,-0.02881991005808669,99,0,NORMAL
4737,43,2026-06-18 05:33:00,3238.41,DEBIT,Local Store,Pune,0.030094450830953468,97,0,NORMAL
4738,74,2026-04-25 09:44:00,3019.39,DEBIT,Myntra,Ludhiana,-0.14254344966736895,119,0,NORMAL
4739,97,2026-07-21 00:52:00,1344.94,DEBIT,Walmart,Chandigarh,-1.1633378257594604,96,0,NORMAL
4740,62,2026-03-21 09:37:00,2302.21,CREDIT,Apple,Pune,-0.21843592973427342,102,0,NORMAL
4741,5,2026-02-05 15:07:00,3145.44,CREDIT,Myntra,Chandigarh,0.47035938747567857,87,0,NORMAL
4742,50,2026-03-12 09:07:00,878.63,CREDIT,Flipkart,Pune,-0.3642563497047918,118,0,NORMAL
4743,4,2026-02-27 01:27:00,4397.29,DEBIT,Uber,Mumbai,1.41613188143156,105,0,NORMAL
4744,26,2026-04-13 20:42:00,3737.92,DEBIT,Amazon,Mumbai,0.6780149036438357,98,0,NORMAL
4745,25,2026-05-02 06:03:00,1885.56,CREDIT,Amazon,Pune,-0.5564840322841957,97,0,NORMAL
4746,24,2026-02-20 07:59:00,1328.55,CREDIT,Swiggy,Bangalore,-0.9283642772473344,95,0,NORMAL
4747,26,2026-02-13 06:47:00,1249.31,DEBIT,Apple,Ludhiana,-0.9208545494657753,98,0,NORMAL
4748,58,2026-01-20 12:37:00,1662.56,DEBIT,Netflix,Mumbai,-0.29294295082289845,99,0,NORMAL
4749,17,2026-05-01 01:18:00,1448.19,DEBIT,Amazon,Ludhiana,-0.26776090123871726,97,0,NORMAL
4750,32,2026-05-06 11:49:00,3737.6,DEBIT,Myntra,Delhi,0.25869082491042233,107,0,NORMAL
4751,20,2026-06-02 05:23:00,506.37,DEBIT,Apple,Bangalore,-0.38335545179901054,98,0,NORMAL
4752,47,2026-05-23 14:05:00,3489.81,CREDIT,Walmart,Hyderabad,0.09510418206726286,103,0,NORMAL
4753,21,2026-02-23 16:39:00,465.91,DEBIT,Myntra,Pune,-0.504293835766533,122,10,NORMAL
4754,94,2026-06-02 08:41:00,3031.14,DEBIT,Flipkart,Delhi,-0.11373225296092696,103,0,NORMAL
4755,57,2026-07-16 23:30:00,4245.36,CREDIT,Netflix,Pune,0.09991492414021878,107,0,NORMAL
4756,91,2026-04-18 18:50:00,3637.78,DEBIT,Apple,Chandigarh,-0.06032674587466435,100,0,NORMAL
4757,72,2026-05-15 14:38:00,3628.28,DEBIT,Flipkart,Hyderabad,0.45643397232906296,98,0,NORMAL
4758,44,2026-04-04 01:43:00,73133.24,DEBIT,Uber,Mumbai,7.873986642360698,99,90,HIGH
4759,43,2026-04-24 10:55:00,1727.21,DEBIT,Netflix,Mumbai,-0.2738223325370892,97,0,NORMAL
4760,83,2026-03-11 18:58:00,1116.61,DEBIT,Local Store,Pune,-0.3155408836154596,101,0,NORMAL
4761,77,2026-03-06 18:53:00,690.69,DEBIT,Netflix,Chandigarh,-1.2888035923092533,84,0,NORMAL
4762,73,2026-02-21 17:50:00,1687.81,DEBIT,Swiggy,Ludhiana,-0.45897687622643835,111,0,NORMAL
4763,3,2026-05-17 08:38:00,1252.53,DEBIT,Flipkart,Pune,-0.3249961454013336,94,0,NORMAL
4764,3,2026-01-14 12:24:00,2000.58,DEBIT,Swiggy,Pune,-0.2333916037498346,94,0,NORMAL
4765,60,2026-03-04 20:34:00,538.85,DEBIT,Amazon,Delhi,-0.6263185340651024,106,0,NORMAL
4766,27,2026-04-23 15:02:00,1203.87,DEBIT,Local Store,Delhi,-1.1028739000231942,90,0,NORMAL
4767,59,2026-03-08 09:08:00,2100.03,DEBIT,Walmart,Ludhiana,-0.22312714150921903,92,0,NORMAL
4768,84,2026-03-26 04:21:00,1402.63,DEBIT,Local Store,Pune,-0.29762271555356384,95,0,NORMAL
4769,82,2026-05-18 14:21:00,5662.8,DEBIT,Local Store,Mumbai,0.37455248108639766,107,0,NORMAL
4770,15,2026-01-10 01:29:00,586.76,DEBIT,Myntra,Delhi,-0.5667850240728423,91,0,NORMAL
4771,21,2026-02-15 20:20:00,722.02,CREDIT,Uber,Ludhiana,-0.4631337157235206,122,10,NORMAL
4772,30,2026-04-12 20:18:00,4284.91,DEBIT,Uber,Chandigarh,0.27199493469414465,92,0,NORMAL
4773,100,2026-07-17 03:28:00,690.13,DEBIT,Shell,Chandigarh,-1.4052462755141886,87,0,NORMAL
4774,22,2026-01-23 14:58:00,5914.52,CREDIT,Swiggy,Mumbai,0.3785274463401181,108,0,NORMAL
4775,20,2026-01-10 09:22:00,908.64,DEBIT,Walmart,Mumbai,-0.34084181926766216,98,0,NORMAL
4776,54,2026-04-16 23:59:00,2944.45,DEBIT,Apple,Chandigarh,-0.16405726647433017,89,0,NORMAL
4777,91,2026-04-09 13:51:00,1858.11,DEBIT,Myntra,Chandigarh,-0.27402269541082236,100,0,NORMAL
4778,2,2026-01-08 01:58:00,4281.34,DEBIT,Swiggy,Hyderabad,1.039267999825031,117,0,NORMAL
4779,34,2026-05-05 18:02:00,2317.29,CREDIT,Uber,Bangalore,-0.3845735544400773,118,0,NORMAL
4780,60,2026-04-02 05:50:00,1210.81,DEBIT,Myntra,Chandigarh,-0.47437446564725055,106,0,NORMAL
4781,71,2026-04-10 05:52:00,4493.32,CREDIT,Swiggy,Bangalore,1.277292841379831,99,0,NORMAL
4782,62,2026-01-20 05:52:00,3308.17,CREDIT,Swiggy,Delhi,0.49529339958819163,102,0,NORMAL
4783,19,2026-02-25 18:16:00,3016.54,CREDIT,Shell,Bangalore,0.09550056950918545,98,0,NORMAL
4784,20,2026-02-19 15:16:00,2226.38,DEBIT,Shell,Hyderabad,-0.2015773597458012,98,0,NORMAL
4785,19,2026-05-18 12:00:00,4353.65,DEBIT,Apple,Delhi,0.982679674130216,98,0,NORMAL
4786,57,2026-06-29 09:12:00,565.76,DEBIT,Walmart,Pune,-0.45089494813304243,107,0,NORMAL
4787,67,2026-07-17 14:36:00,5883.2,DEBIT,Shell,Delhi,0.3031857987856826,98,0,NORMAL
4788,26,2026-05-27 03:39:00,877.06,CREDIT,Swiggy,Bangalore,-1.1600158298271226,98,0,NORMAL
4789,61,2026-06-19 17:49:00,3832.84,DEBIT,Local Store,Ludhiana,0.1619226032105277,81,0,NORMAL
4790,25,2026-04-06 13:50:00,4032.29,CREDIT,Uber,Ludhiana,0.8403962742080308,97,0,NORMAL
4791,88,2026-05-26 05:43:00,2913.06,DEBIT,Amazon,Delhi,-0.13128723521478328,104,0,NORMAL
4792,74,2026-07-22 13:36:00,3089.45,CREDIT,Apple,Ludhiana,-0.1345928136895198,119,0,NORMAL
4793,3,2026-07-07 07:12:00,3959.7,DEBIT,Swiggy,Chandigarh,0.006517880429411151,94,0,NORMAL
4794,14,2026-06-20 03:40:00,2166.13,DEBIT,Walmart,Pune,-0.20995347162476605,112,0,NORMAL
4795,8,2026-07-19 12:15:00,2503.0,DEBIT,Local Store,Bangalore,-0.18153916467826128,91,0,NORMAL
4796,94,2026-02-25 05:16:00,2989.66,DEBIT,Apple,Chandigarh,-0.12069782544556212,103,0,NORMAL
4797,11,2026-07-27 18:24:00,3360.05,DEBIT,Amazon,Delhi,-0.042894681976290226,118,0,NORMAL
4798,87,2026-06-30 17:16:00,2825.82,CREDIT,Shell,Pune,-0.1137032599149862,85,0,NORMAL
4799,47,2026-04-16 05:50:00,693.58,DEBIT,Local Store,Chandigarh,-0.5193667294114804,103,0,NORMAL
4800,21,2026-03-25 14:39:00,4362.37,CREDIT,Local Store,Mumbai,0.12191662592100727,122,10,NORMAL
4801,5,2026-06-21 08:45:00,1001.79,CREDIT,Flipkart,Ludhiana,-0.9572233020313466,87,0,NORMAL
4802,78,2026-05-02 12:27:00,2604.18,DEBIT,Netflix,Hyderabad,-0.19742381739725795,102,0,NORMAL
4803,77,2026-04-23 14:06:00,1575.64,DEBIT,Apple,Hyderabad,-0.6942320500771371,84,0,NORMAL
4804,98,2026-04-04 21:41:00,959.3,DEBIT,Uber,Delhi,-1.32752200500502,114,0,NORMAL
4805,37,2026-06-10 11:50:00,831.95,DEBIT,Apple,Delhi,-1.236018238510228,87,0,NORMAL
4806,88,2026-03-10 07:44:00,5308.51,DEBIT,Netflix,Chandigarh,0.11673782446051217,104,0,NORMAL
4807,100,2026-05-24 23:40:00,5194.62,CREDIT,Local Store,Hyderabad,1.7632493189154614,87,0,NORMAL
4808,88,2026-02-11 22:44:00,1616.23,DEBIT,Swiggy,Hyderabad,-0.2655611036481521,104,0,NORMAL
4809,1,2026-06-16 16:21:00,3734.82,DEBIT,Apple,Ludhiana,-0.045821307943884775,112,0,NORMAL
4810,85,2026-04-19 14:21:00,896.62,DEBIT,Local Store,Pune,-1.221449211777534,89,0,NORMAL
4811,51,2026-07-07 16:34:00,3318.62,DEBIT,Amazon,Mumbai,-0.04919069124304081,108,0,NORMAL
4812,44,2026-01-17 10:22:00,3027.23,DEBIT,Flipkart,Chandigarh,-0.1291230408749477,99,0,NORMAL
4813,33,2026-03-18 03:08:00,2273.8,DEBIT,Uber,Bangalore,-0.1975017357234326,91,0,NORMAL
4814,48,2026-06-10 16:46:00,4170.79,DEBIT,Local Store,Delhi,-0.00016257142745259394,102,0,NORMAL
4815,13,2026-07-08 15:02:00,7018.38,CREDIT,Flipkart,Hyderabad,2.9278798802373758,101,40,REVIEW
4816,89,2026-04-02 03:01:00,5889.49,CREDIT,Swiggy,Pune,0.48409308930758743,103,0,NORMAL
4817,55,2026-03-22 23:07:00,3236.38,DEBIT,Uber,Delhi,0.5555647867858737,118,0,NORMAL
4818,32,2026-02-12 21:12:00,1608.86,DEBIT,Shell,Pune,-0.41703984140700606,107,0,NORMAL
4819,27,2026-04-11 02:58:00,576.08,DEBIT,Shell,Delhi,-1.5486660782024586,90,0,NORMAL
4820,98,2026-06-02 09:42:00,450.44,DEBIT,Apple,Mumbai,-1.7028069709088896,114,0,NORMAL
4821,45,2026-05-02 22:48:00,4416.05,DEBIT,Flipkart,Bangalore,0.15054170766103067,97,0,NORMAL
4822,70,2026-07-08 05:58:00,3721.6,CREDIT,Myntra,Hyderabad,0.712974760233465,90,0,NORMAL
4823,71,2026-04-13 15:25:00,4270.26,DEBIT,Myntra,Pune,1.1270902485929606,99,0,NORMAL
4824,33,2026-06-12 16:41:00,2802.27,DEBIT,Apple,Chandigarh,-0.14197260267923642,91,0,NORMAL
4825,1,2026-06-25 09:50:00,902.28,CREDIT,Shell,Bangalore,-0.34935114812237056,112,0,NORMAL
4826,88,2026-03-07 14:56:00,1859.3,CREDIT,Walmart,Bangalore,-0.24039361893535321,104,0,NORMAL
4827,56,2026-04-09 19:44:00,932.06,DEBIT,Flipkart,Hyderabad,-0.5518359972854201,101,0,NORMAL
4828,19,2026-06-04 07:25:00,3977.7,CREDIT,Myntra,Hyderabad,0.7332349879172071,98,0,NORMAL
4829,55,2026-07-17 05:57:00,2099.06,DEBIT,Shell,Chandigarh,-0.31451740792503685,118,0,NORMAL
4830,61,2026-07-06 16:13:00,1972.32,DEBIT,Apple,Chandigarh,-0.33525897565766005,81,0,NORMAL
4831,98,2026-02-19 14:04:00,2161.14,DEBIT,Local Store,Pune,-0.44116331416292887,114,0,NORMAL
4832,28,2026-01-02 04:29:00,2573.4,CREDIT,Flipkart,Ludhiana,-0.20908634540393697,98,0,NORMAL
4833,56,2026-03-18 00:28:00,852.78,DEBIT,Apple,Chandigarh,-0.572479917237843,101,0,NORMAL
4834,32,2026-02-25 18:36:00,3120.45,DEBIT,Apple,Hyderabad,0.06278752966638079,107,0,NORMAL
4835,68,2026-05-08 05:44:00,1620.18,DEBIT,Swiggy,Delhi,-0.3742924284434461,100,0,NORMAL
4836,9,2026-05-27 09:16:00,6522.79,DEBIT,Uber,Pune,0.9421091598115976,84,0,NORMAL
4837,17,2026-06-19 10:09:00,3777.79,CREDIT,Amazon,Pune,0.000830469124201958,97,0,NORMAL
4838,54,2026-01-12 00:22:00,3075.75,DEBIT,Flipkart,Mumbai,-0.1474124962160023,89,0,NORMAL
4839,14,2026-04-20 01:09:00,2402.23,DEBIT,Netflix,Mumbai,-0.17671647381068772,112,0,NORMAL
4840,7,2026-03-06 04:11:00,1601.06,DEBIT,Myntra,Delhi,-0.29302138611376494,93,0,NORMAL
4841,69,2026-05-09 05:04:00,2075.26,DEBIT,Swiggy,Mumbai,-0.2332658892028486,112,0,NORMAL
4842,9,2026-01-28 20:26:00,3425.09,DEBIT,Netflix,Ludhiana,0.08196983013372884,84,0,NORMAL
4843,90,2026-07-16 10:58:00,477.49,CREDIT,Amazon,Chandigarh,-0.3598006084928986,93,0,NORMAL
4844,54,2026-04-19 19:01:00,811.48,DEBIT,Flipkart,Ludhiana,-0.43445174947437215,89,0,NORMAL
4845,66,2026-04-18 22:26:00,1696.87,DEBIT,Walmart,Ludhiana,-0.7718770015676376,95,0,NORMAL
4846,4,2026-07-10 03:31:00,1374.74,CREDIT,Uber,Bangalore,-1.0035428180366428,105,0,NORMAL
4847,18,2026-05-19 19:12:00,989.34,DEBIT,Swiggy,Ludhiana,-1.380667165629355,96,0,NORMAL
4848,6,2026-04-10 05:13:00,6094.1,DEBIT,Swiggy,Ludhiana,2.1499626101186493,117,40,REVIEW
4849,92,2026-02-26 21:56:00,3260.92,DEBIT,Shell,Bangalore,-0.031213512825207002,119,0,NORMAL
4850,58,2026-01-17 04:27:00,3781.82,DEBIT,Netflix,Delhi,0.07308156486307696,99,0,NORMAL
4851,86,2026-06-17 13:54:00,1178.5,DEBIT,Walmart,Hyderabad,-1.0648123242713305,76,0,NORMAL
4852,94,2026-02-28 00:21:00,2305.44,DEBIT,Amazon,Mumbai,-0.2355961862323766,103,0,NORMAL
4853,56,2026-06-11 02:44:00,1459.72,DEBIT,Myntra,Ludhiana,-0.4144372737473848,101,0,NORMAL
4854,50,2026-05-04 00:49:00,1000.87,CREDIT,Uber,Chandigarh,-0.3490053959591313,118,0,NORMAL
4855,19,2026-02-24 10:43:00,2737.95,DEBIT,Amazon,Ludhiana,-0.08934527470435949,98,0,NORMAL
4856,62,2026-04-08 19:23:00,743.98,DEBIT,Myntra,Delhi,-1.3240012134733332,102,0,NORMAL
4857,96,2026-04-07 19:59:00,601.11,CREDIT,Flipkart,Hyderabad,-1.3984806302562747,96,0,NORMAL
4858,97,2026-05-15 02:06:00,5007.97,CREDIT,Myntra,Mumbai,1.4422023133067081,96,0,NORMAL
4859,44,2026-06-14 21:38:00,5801.78,DEBIT,Myntra,Pune,0.18761197188104078,99,0,NORMAL
4860,92,2026-05-01 08:45:00,6126.12,DEBIT,Netflix,Bangalore,0.5674733939270563,119,0,NORMAL
4861,68,2026-06-18 07:28:00,1785.1,CREDIT,Netflix,Pune,-0.33468463952859706,100,0,NORMAL
4862,82,2026-07-20 12:32:00,3201.03,DEBIT,Flipkart,Hyderabad,-0.03645130338969338,107,0,NORMAL
4863,58,2026-01-08 21:03:00,58954.93,DEBIT,Shell,Ludhiana,9.602214784307149,99,90,HIGH
4864,44,2026-07-09 18:22:00,2132.42,CREDIT,Local Store,Pune,-0.23127209451037906,99,0,NORMAL
4865,90,2026-06-16 19:24:00,5160.7,CREDIT,Amazon,Bangalore,0.02907675716226957,93,0,NORMAL
4866,14,2026-07-23 03:09:00,916.9,DEBIT,Shell,Hyderabad,-0.3858139323586968,112,0,NORMAL
4867,9,2026-05-26 12:54:00,1466.09,CREDIT,Myntra,Mumbai,-0.46198631372750537,84,0,NORMAL
4868,68,2026-05-05 23:32:00,1855.01,CREDIT,Swiggy,Ludhiana,-0.3178947988601693,100,0,NORMAL
4869,2,2026-04-07 07:43:00,2375.83,CREDIT,Swiggy,Chandigarh,-0.3289098375398037,117,0,NORMAL
4870,96,2026-03-06 22:08:00,1427.99,DEBIT,Local Store,Hyderabad,-0.8834495329475227,96,0,NORMAL
4871,10,2026-07-14 15:55:00,5630.44,DEBIT,Myntra,Pune,0.17477382350896847,91,0,NORMAL
4872,57,2026-06-04 02:19:00,799.4,DEBIT,Uber,Mumbai,-0.41592070675954407,107,0,NORMAL
4873,87,2026-04-12 14:21:00,4271.42,DEBIT,Uber,Chandigarh,0.7147549996619581,85,0,NORMAL
4874,36,2026-07-22 03:02:00,564.77,DEBIT,Local Store,Bangalore,-0.40127763065783645,85,0,NORMAL
4875,27,2026-03-31 04:18:00,976.67,DEBIT,Local Store,Ludhiana,-1.2642080768694783,90,0,NORMAL
4876,4,2026-07-03 16:51:00,4665.43,DEBIT,Myntra,Delhi,1.6307889008077177,105,0,NORMAL
4877,98,2026-01-20 10:06:00,1794.12,DEBIT,Flipkart,Ludhiana,-0.7118410805152422,114,0,NORMAL
4878,100,2026-01-07 03:44:00,4733.2,DEBIT,Walmart,Bangalore,1.4386826671564987,87,0,NORMAL
4879,28,2026-06-16 21:25:00,1307.62,DEBIT,Amazon,Mumbai,-1.072547913058498,98,0,NORMAL
4880,82,2026-07-06 05:30:00,4991.57,DEBIT,Myntra,Delhi,0.2624875561527577,107,0,NORMAL
4881,41,2026-06-18 10:57:00,3842.24,DEBIT,Local Store,Pune,0.11354066957177289,100,0,NORMAL
4882,38,2026-07-26 22:16:00,2505.3,DEBIT,Flipkart,Ludhiana,-0.08486332666119667,95,0,NORMAL
4883,73,2026-03-29 09:04:00,1398.66,DEBIT,Swiggy,Mumbai,-0.6544528489407417,111,0,NORMAL
4884,73,2026-02-11 18:33:00,5131.22,DEBIT,Apple,Ludhiana,1.868894191399914,111,0,NORMAL
4885,47,2026-03-23 15:34:00,5317.37,DEBIT,Local Store,Bangalore,0.4967100796443907,103,0,NORMAL
4886,21,2026-05-14 14:39:00,3406.41,DEBIT,Uber,Hyderabad,-0.031718251109636185,122,10,NORMAL
4887,8,2026-07-02 06:30:00,6348.93,DEBIT,Uber,Hyderabad,0.26046026893231367,91,0,NORMAL
4888,98,2026-02-05 01:18:00,612.61,DEBIT,Walmart,Ludhiana,-1.5832063677555064,114,0,NORMAL
4889,81,2026-04-18 13:12:00,5152.2,DEBIT,Apple,Bangalore,0.17187336075796808,105,0,NORMAL
4890,20,2026-02-19 08:04:00,970.0,DEBIT,Myntra,Pune,-0.33435702922086885,98,0,NORMAL
4891,50,2026-07-19 03:06:00,4752.2,DEBIT,Uber,Bangalore,0.11901947572533031,118,0,NORMAL
4892,8,2026-03-30 02:23:00,1094.01,DEBIT,Uber,Pune,-0.34346951233486556,91,0,NORMAL
4893,12,2026-01-04 11:56:00,3972.89,CREDIT,Uber,Ludhiana,-0.007748879850315619,99,0,NORMAL
4894,26,2026-04-16 10:13:00,3975.37,DEBIT,Amazon,Ludhiana,0.8305705679065674,98,0,NORMAL
4895,33,2026-01-15 02:54:00,934.66,DEBIT,Flipkart,Pune,-0.3382122457330924,91,0,NORMAL
4896,85,2026-04-26 09:51:00,1113.64,DEBIT,Local Store,Ludhiana,-1.0902079258263655,89,0,NORMAL
4897,8,2026-04-03 01:42:00,3340.95,DEBIT,Walmart,Mumbai,-0.08523646925895279,91,0,NORMAL
4898,84,2026-04-21 03:10:00,2271.59,DEBIT,Swiggy,Delhi,-0.19079716721062465,95,0,NORMAL
4899,12,2026-03-16 06:06:00,1447.83,CREDIT,Apple,Pune,-0.3156008413089026,99,0,NORMAL
4900,94,2026-07-02 21:30:00,3195.66,DEBIT,Flipkart,Chandigarh,-0.0861050594900452,103,0,NORMAL
4901,9,2026-03-06 01:02:00,977.51,DEBIT,Myntra,Chandigarh,-0.5976504754261893,84,0,NORMAL
4902,70,2026-03-29 02:18:00,1838.0,DEBIT,Apple,Hyderabad,-0.7429503765859464,90,0,NORMAL
4903,17,2026-02-01 10:12:00,1065.44,DEBIT,Netflix,Ludhiana,-0.3118900852215501,97,0,NORMAL
4904,11,2026-04-16 14:03:00,5163.11,DEBIT,Local Store,Hyderabad,0.20984542418779512,118,0,NORMAL
4905,40,2026-07-22 10:54:00,3503.02,DEBIT,Shell,Pune,0.04710472008693209,109,0,NORMAL
4906,68,2026-05-31 01:35:00,4665.87,DEBIT,Apple,Hyderabad,0.3571715942346205,100,0,NORMAL
4907,47,2026-01-14 03:26:00,1502.43,DEBIT,Shell,Mumbai,-0.3416221244435123,103,0,NORMAL
4908,9,2026-05-23 22:11:00,4287.05,DEBIT,Shell,Pune,0.32131053343267185,84,0,NORMAL
4909,90,2026-05-26 03:49:00,1239.24,CREDIT,Myntra,Delhi,-0.29654755486348106,93,0,NORMAL
4910,39,2026-01-26 04:43:00,5130.44,DEBIT,Myntra,Delhi,0.49795219206559727,101,0,NORMAL
4911,2,2026-02-11 22:12:00,4639.49,DEBIT,Shell,Hyderabad,1.2964237704335373,117,0,NORMAL
4912,98,2026-01-11 23:39:00,3475.53,DEBIT,Walmart,Mumbai,0.5282011600232661,114,0,NORMAL
4913,93,2026-04-10 04:32:00,1754.84,CREDIT,Apple,Ludhiana,-0.7607371349435049,100,0,NORMAL
4914,48,2026-01-28 21:27:00,3302.97,CREDIT,Apple,Ludhiana,-0.10260749980740899,102,0,NORMAL
4915,61,2026-05-07 05:58:00,2922.76,DEBIT,Uber,Bangalore,-0.08127554101601124,81,0,NORMAL
4916,91,2026-03-24 07:38:00,6059.19,DEBIT,Walmart,Hyderabad,0.23042688213858986,100,0,NORMAL
4917,49,2026-07-01 02:53:00,4150.63,CREDIT,Shell,Pune,1.4136303033236863,95,0,NORMAL
4918,10,2026-01-20 23:27:00,1139.87,CREDIT,Flipkart,Hyderabad,-0.3701535803093808,91,0,NORMAL
4919,89,2026-05-19 00:45:00,6463.1,CREDIT,Netflix,Delhi,0.5926381042085938,103,0,NORMAL
4920,55,2026-01-05 23:24:00,2071.04,DEBIT,Flipkart,Ludhiana,-0.3359535060291761,118,0,NORMAL
4921,78,2026-05-25 14:54:00,2517.85,CREDIT,Local Store,Mumbai,-0.22272448776397002,102,0,NORMAL
4922,92,2026-03-21 10:39:00,830.11,CREDIT,Myntra,Delhi,-0.539134118647652,119,0,NORMAL
4923,4,2026-01-10 14:55:00,2689.99,CREDIT,Local Store,Chandigarh,0.04936851460485305,105,0,NORMAL
4924,9,2026-06-03 05:29:00,1355.43,DEBIT,Netflix,Mumbai,-0.4927133106033012,84,0,NORMAL
4925,24,2026-05-03 22:23:00,1492.67,CREDIT,Shell,Hyderabad,-0.823734918047373,95,0,NORMAL
4926,63,2026-07-17 05:32:00,1929.96,CREDIT,Shell,Ludhiana,-0.34049616419079737,88,0,NORMAL
4927,25,2026-01-02 21:28:00,2944.56,DEBIT,Local Store,Chandigarh,0.13260879474820603,97,0,NORMAL
4928,24,2026-04-29 08:05:00,966.62,CREDIT,Shell,Hyderabad,-1.1591009575741806,95,0,NORMAL
4929,89,2026-05-10 15:23:00,655.16,DEBIT,Flipkart,Hyderabad,-0.5064064275187997,103,0,NORMAL
4930,15,2026-06-08 08:17:00,42991.64,DEBIT,Amazon,Hyderabad,8.998294588058238,91,90,HIGH
4931,40,2026-07-17 13:50:00,3438.69,DEBIT,Shell,Mumbai,0.036167016439971104,109,0,NORMAL
4932,71,2026-07-24 20:00:00,5023.96,DEBIT,Netflix,Mumbai,1.6346115172357674,99,0,NORMAL
4933,31,2026-06-09 19:49:00,3984.83,DEBIT,Flipkart,Ludhiana,0.07022069241236219,104,0,NORMAL
4934,40,2026-04-10 13:37:00,2544.39,CREDIT,Shell,Chandigarh,-0.11588627706970131,109,0,NORMAL
4935,95,2026-02-02 03:53:00,2586.22,DEBIT,Uber,Delhi,-0.049654761397969656,113,0,NORMAL
4936,52,2026-05-06 16:27:00,1357.42,DEBIT,Uber,Ludhiana,-0.34151174172099613,116,0,NORMAL
4937,57,2026-01-02 18:33:00,3166.31,DEBIT,Shell,Delhi,-0.06161116366184189,107,0,NORMAL
4938,15,2026-01-29 22:25:00,4046.4,DEBIT,Flipkart,Chandigarh,0.2135905371671183,91,0,NORMAL
4939,23,2026-01-25 22:03:00,2636.24,DEBIT,Walmart,Chandigarh,-0.019484382514114995,96,0,NORMAL
4940,69,2026-05-21 19:07:00,1374.41,DEBIT,Amazon,Hyderabad,-0.29973773165475903,112,0,NORMAL
4941,26,2026-01-09 01:25:00,5638.63,DEBIT,Flipkart,Bangalore,1.8991733648812206,98,0,NORMAL
4942,44,2026-05-08 15:53:00,4203.83,DEBIT,Apple,Mumbai,0.00519438573790702,99,0,NORMAL
4943,95,2026-03-26 06:39:00,2842.07,CREDIT,Myntra,Chandigarh,0.11321478714107334,113,0,NORMAL
4944,12,2026-03-14 05:41:00,4720.61,CREDIT,Apple,Hyderabad,0.08341214944079611,99,0,NORMAL
4945,87,2026-07-26 07:02:00,1589.87,DEBIT,Flipkart,Pune,-0.8220132944502134,85,0,NORMAL
4946,53,2026-03-26 01:20:00,3290.0,DEBIT,Amazon,Hyderabad,0.005064315081419059,105,0,NORMAL
4947,12,2026-06-30 18:51:00,1233.66,DEBIT,Uber,Mumbai,-0.34171216325197934,99,0,NORMAL
4948,67,2026-04-08 05:34:00,1975.39,DEBIT,Uber,Pune,-0.26211481236764383,98,0,NORMAL
4949,13,2026-03-17 14:33:00,3219.73,DEBIT,Swiggy,Hyderabad,0.3093697982339896,101,0,NORMAL
4950,68,2026-01-21 03:41:00,892.51,DEBIT,Local Store,Bangalore,-0.549052310566101,100,0,NORMAL
4951,87,2026-01-11 16:41:00,4800.94,DEBIT,Local Store,Ludhiana,1.0182173804112546,85,0,NORMAL
4952,11,2026-05-12 07:56:00,2467.11,CREDIT,Amazon,Ludhiana,-0.16806065005176105,118,0,NORMAL
4953,15,2026-01-08 00:18:00,547.5,DEBIT,Netflix,Bangalore,-0.5756407271327794,91,0,NORMAL
4954,68,2026-03-10 17:55:00,4000.17,DEBIT,Myntra,Hyderabad,0.19729465341109978,100,0,NORMAL
4955,60,2026-07-27 16:20:00,616.28,DEBIT,Flipkart,Pune,-0.6088100079361747,106,0,NORMAL
4956,85,2026-02-15 04:31:00,2649.83,CREDIT,Apple,Hyderabad,-0.161208059153592,89,0,NORMAL
4957,24,2026-06-05 17:42:00,2773.08,DEBIT,Local Store,Bangalore,-0.007451236514211603,95,0,NORMAL
4958,38,2026-06-23 07:10:00,1303.05,DEBIT,Flipkart,Hyderabad,-0.9607465491554456,95,0,NORMAL
4959,56,2026-02-10 20:49:00,910.66,CREDIT,Swiggy,Pune,-0.557408397474394,101,0,NORMAL
4960,92,2026-06-12 16:27:00,5468.92,DEBIT,Netflix,Bangalore,0.430150681684425,119,0,NORMAL
4961,40,2026-03-09 00:54:00,2298.45,CREDIT,Netflix,Bangalore,-0.15770220797182458,109,0,NORMAL
4962,87,2026-03-19 11:59:00,849.61,DEBIT,Shell,Mumbai,-1.2462485678553246,85,0,NORMAL
4963,21,2026-02-03 04:00:00,3009.48,DEBIT,Amazon,Delhi,-0.09550992831346614,122,10,NORMAL
4964,12,2026-02-07 15:52:00,2097.2,DEBIT,Uber,Pune,-0.23643051339100654,99,0,NORMAL
4965,92,2026-01-28 06:25:00,2811.89,DEBIT,Netflix,Delhi,-0.12503885895775235,119,0,NORMAL
4966,35,2026-07-26 04:13:00,3672.76,CREDIT,Apple,Ludhiana,0.6028290504080089,103,0,NORMAL
4967,37,2026-03-31 06:47:00,1068.39,DEBIT,Flipkart,Pune,-1.0770710617900128,87,0,NORMAL
4968,45,2026-07-17 06:30:00,3591.27,CREDIT,Netflix,Pune,0.028110060761785443,97,0,NORMAL
4969,28,2026-05-28 14:17:00,2118.79,DEBIT,Myntra,Ludhiana,-0.5192020552993691,98,0,NORMAL
4970,72,2026-02-20 10:24:00,631.26,DEBIT,Swiggy,Bangalore,-1.4027779659367898,98,0,NORMAL
4971,49,2026-01-31 03:24:00,1075.67,DEBIT,Flipkart,Ludhiana,-0.9423023200427578,95,0,NORMAL
4972,72,2026-01-24 13:47:00,1200.24,DEBIT,Shell,Hyderabad,-1.0498092140984623,98,0,NORMAL
4973,60,2026-01-27 13:44:00,4155.84,DEBIT,Amazon,Chandigarh,0.1915577919463955,106,0,NORMAL
4974,94,2026-06-01 15:37:00,2257.91,DEBIT,Walmart,Delhi,-0.24357771130939468,103,0,NORMAL
4975,39,2026-02-07 12:38:00,4642.21,DEBIT,Local Store,Hyderabad,0.38153265375593154,101,0,NORMAL
4976,65,2026-06-16 13:29:00,1973.21,CREDIT,Flipkart,Hyderabad,-0.20498879444348764,112,0,NORMAL
4977,39,2026-07-07 22:27:00,1347.0,DEBIT,Shell,Hyderabad,-0.4042175599412888,101,0,NORMAL
4978,84,2026-03-09 06:08:00,1952.45,CREDIT,Netflix,Chandigarh,-0.23003062502015054,95,0,NORMAL
4979,93,2026-06-30 10:25:00,4615.76,CREDIT,Myntra,Delhi,1.1358164503848134,100,0,NORMAL
4980,8,2026-02-14 01:18:00,2455.38,DEBIT,Uber,Bangalore,-0.18701196658275138,91,0,NORMAL
4981,32,2026-07-22 01:01:00,1445.99,CREDIT,Amazon,Ludhiana,-0.46874002725549835,107,0,NORMAL
4982,21,2026-07-28 04:02:00,3659.58,DEBIT,Local Store,Delhi,0.008969373705050632,122,10,NORMAL
4983,79,2026-06-06 16:41:00,1556.98,DEBIT,Flipkart,Pune,-0.782104223958359,122,10,NORMAL
4984,27,2026-07-27 22:16:00,3640.41,DEBIT,Flipkart,Chandigarh,0.6273073290835215,90,0,NORMAL
4985,9,2026-02-09 11:21:00,1448.66,DEBIT,Amazon,Hyderabad,-0.4668261072892722,84,0,NORMAL
4986,2,2026-06-21 23:46:00,1712.59,CREDIT,Amazon,Hyderabad,-0.8051236956952859,117,0,NORMAL
4987,97,2026-03-31 13:17:00,3981.92,DEBIT,Myntra,Ludhiana,0.7123654133389649,96,0,NORMAL
4988,100,2026-06-01 19:03:00,740.07,DEBIT,Swiggy,Hyderabad,-1.3701180656645016,87,0,NORMAL
4989,75,2026-01-13 18:54:00,2172.3,CREDIT,Local Store,Ludhiana,-0.2655713754619662,89,0,NORMAL
4990,31,2026-02-26 06:29:00,1905.11,DEBIT,Swiggy,Chandigarh,-0.21949377155208383,104,0,NORMAL
4991,93,2026-05-30 05:17:00,1423.73,DEBIT,Flipkart,Delhi,-0.9802357080032407,100,0,NORMAL
4992,61,2026-04-08 22:44:00,4477.97,DEBIT,Flipkart,Chandigarh,0.33431889670655784,81,0,NORMAL
4993,41,2026-02-02 16:47:00,1928.13,DEBIT,Local Store,Ludhiana,-0.27682527656432576,100,0,NORMAL
4994,21,2026-04-09 19:56:00,3065.7,DEBIT,Myntra,Chandigarh,-0.08647466241671027,122,10,NORMAL
4995,74,2026-05-02 13:10:00,2670.34,DEBIT,Uber,Hyderabad,-0.1821547755033416,119,0,NORMAL
4996,20,2026-03-07 08:56:00,502.89,DEBIT,Swiggy,Ludhiana,-0.38372323324234237,98,0,NORMAL
4997,29,2026-04-04 02:14:00,984.83,DEBIT,Flipkart,Mumbai,-1.039590532783089,99,0,NORMAL
4998,48,2026-01-04 16:20:00,6181.13,DEBIT,Local Store,Pune,0.2371552333239492,102,0,NORMAL
4999,98,2026-01-15 06:43:00,919.61,CREDIT,Swiggy,Mumbai,-1.3567934358440024,114,0,NORMAL
5000,43,2026-02-23 09:20:00,873.1,DEBIT,Uber,Bangalore,-0.4455920280389943,97,0,NORMAL
5001,60,2026-07-23 03:42:00,2007.97,DEBIT,Netflix,Chandigarh,-0.29412008505915777,106,0,NORMAL
5002,98,2026-01-10 00:02:00,3405.13,DEBIT,Amazon,Pune,0.4762810609790645,114,0,NORMAL
5003,46,2026-05-29 14:51:00,5069.47,CREDIT,Local Store,Mumbai,0.2918582983390742,94,0,NORMAL
5004,25,2026-03-21 01:02:00,919.5,DEBIT,Apple,Mumbai,-1.1851006673011193,97,0,NORMAL
5005,20,2026-07-09 04:38:00,2448.78,CREDIT,Netflix,Chandigarh,-0.17807316635585943,98,0,NORMAL
5006,18,2026-03-21 18:39:00,5433.19,CREDIT,Myntra,Pune,1.6143678747227355,96,0,NORMAL
5007,23,2026-03-25 12:46:00,1339.39,DEBIT,Myntra,Hyderabad,-0.8899209934624884,96,0,NORMAL
5008,99,2026-01-20 08:55:00,3151.47,DEBIT,Amazon,Ludhiana,0.0711639470290106,103,0,NORMAL
5009,89,2026-01-13 09:21:00,3461.7,CREDIT,Netflix,Pune,0.024679024478672477,103,0,NORMAL
5010,58,2026-03-26 21:55:00,623.39,DEBIT,Netflix,Pune,-0.4724214933166911,99,0,NORMAL
5011,16,2026-04-13 06:48:00,1861.29,DEBIT,Flipkart,Chandigarh,-0.2876647621575538,95,0,NORMAL
5012,82,2026-05-12 02:08:00,3527.93,DEBIT,Myntra,Ludhiana,0.018126149883859393,107,0,NORMAL
5013,81,2026-07-10 16:43:00,4549.35,DEBIT,Flipkart,Hyderabad,0.08902661906383635,105,0,NORMAL
5014,88,2026-06-03 06:27:00,4168.28,DEBIT,Local Store,Pune,-0.0013216690766362572,104,0,NORMAL
5015,50,2026-05-15 12:59:00,3768.05,DEBIT,Flipkart,Bangalore,-0.003765423888476733,118,0,NORMAL
5016,39,2026-02-04 21:37:00,2925.18,DEBIT,Flipkart,Chandigarh,-0.027897000021684555,101,0,NORMAL
5017,86,2026-06-08 09:45:00,3897.08,DEBIT,Apple,Delhi,0.7099220975289916,76,0,NORMAL
5018,42,2026-06-13 22:48:00,1043.18,DEBIT,Netflix,Pune,-0.4652252969667115,104,0,NORMAL
5019,78,2026-02-18 08:18:00,1602.25,DEBIT,Shell,Ludhiana,-0.49105871442633064,102,0,NORMAL
5020,28,2026-03-22 10:40:00,3147.33,DEBIT,Local Store,Chandigarh,0.18242442070390333,98,0,NORMAL
5021,79,2026-03-21 06:13:00,2085.94,DEBIT,Netflix,Delhi,-0.4189564178687841,122,10,NORMAL
5022,89,2026-02-04 10:39:00,2411.64,DEBIT,Local Store,Ludhiana,-0.17402528393113662,103,0,NORMAL
5023,48,2026-05-13 02:14:00,4368.4,DEBIT,Walmart,Pune,0.023165010671557736,102,0,NORMAL
5024,88,2026-01-05 06:05:00,2893.42,DEBIT,Swiggy,Chandigarh,-0.1333207621813335,104,0,NORMAL
5025,56,2026-01-14 09:46:00,4331.03,DEBIT,Swiggy,Pune,0.3332304078695578,101,0,NORMAL
5026,59,2026-06-02 00:37:00,1047.65,DEBIT,Myntra,Delhi,-0.3723336729981552,92,0,NORMAL
5027,39,2026-07-23 17:06:00,3076.43,DEBIT,Local Store,Bangalore,0.008168901642156163,101,0,NORMAL
5028,93,2026-01-01 08:28:00,2801.76,CREDIT,Netflix,Ludhiana,-0.06671567347239658,100,0,NORMAL
5029,43,2026-02-07 13:27:00,1560.45,DEBIT,Flipkart,Bangalore,-0.3073593645609476,97,0,NORMAL
5030,73,2026-06-10 20:12:00,4795.63,DEBIT,Apple,Mumbai,1.6420230806159155,111,0,NORMAL
5031,74,2026-05-03 15:09:00,2518.55,DEBIT,Local Store,Bangalore,-0.1993803969003973,119,0,NORMAL
5032,1,2026-04-27 15:34:00,1646.6,DEBIT,Apple,Chandigarh,-0.2695911692194599,112,0,NORMAL
5033,47,2026-01-22 04:37:00,2151.94,DEBIT,Shell,Chandigarh,-0.19889244851751245,103,0,NORMAL
5034,28,2026-02-03 03:31:00,510.02,DEBIT,Amazon,Pune,-1.6166368908913584,98,0,NORMAL
5035,19,2026-05-17 21:54:00,5940.72,DEBIT,Netflix,Pune,2.0357084762264535,98,40,REVIEW
5036,96,2026-05-23 04:25:00,3896.8,DEBIT,Myntra,Mumbai,0.654275316301244,96,0,NORMAL
5037,93,2026-07-03 20:41:00,4542.19,DEBIT,Myntra,Bangalore,1.0870456188786526,100,0,NORMAL
5038,73,2026-06-05 03:11:00,2277.53,CREDIT,Swiggy,Delhi,-0.060304593227721096,111,0,NORMAL
5039,13,2026-06-06 20:18:00,3221.05,DEBIT,Swiggy,Pune,0.31027970920453035,101,0,NORMAL
5040,94,2026-02-26 03:52:00,607.61,DEBIT,Swiggy,Bangalore,-0.5207060688646838,103,0,NORMAL
5041,39,2026-03-13 23:32:00,2773.37,CREDIT,Myntra,Ludhiana,-0.06409643494127237,101,0,NORMAL
5042,46,2026-04-12 17:22:00,3717.28,DEBIT,Walmart,Chandigarh,0.07005634583733016,94,0,NORMAL
5043,56,2026-03-14 00:38:00,4401.46,DEBIT,Myntra,Delhi,0.3515698539120546,101,0,NORMAL
5044,54,2026-05-14 03:56:00,1204.94,CREDIT,Shell,Delhi,-0.3845732170612597,89,0,NORMAL
5045,2,2026-06-02 08:37:00,1791.36,DEBIT,Swiggy,Ludhiana,-0.7485659404228244,117,0,NORMAL
5046,39,2026-03-19 16:47:00,891.21,DEBIT,Netflix,Ludhiana,-0.5129017075073182,101,0,NORMAL
5047,57,2026-01-12 11:01:00,46647.3,DEBIT,Myntra,Mumbai,6.447182875966095,107,90,HIGH
5048,74,2026-06-09 00:19:00,458.17,DEBIT,Flipkart,Delhi,-0.43319900032661535,119,0,NORMAL
5049,71,2026-06-11 02:59:00,665.68,DEBIT,Walmart,Ludhiana,-1.3001367840785127,99,0,NORMAL
5050,68,2026-03-28 01:36:00,4003.43,DEBIT,Myntra,Bangalore,0.19807758690529334,100,0,NORMAL
5051,32,2026-04-27 02:41:00,3298.39,DEBIT,Local Store,Mumbai,0.1192714190866591,107,0,NORMAL
5052,65,2026-04-28 17:39:00,866.9,DEBIT,Amazon,Mumbai,-0.3519744864078658,112,0,NORMAL
5053,31,2026-05-22 23:17:00,864.73,CREDIT,Apple,Chandigarh,-0.36442344190161663,104,0,NORMAL
5054,78,2026-03-22 22:24:00,3462.82,DEBIT,Apple,Hyderabad,0.054217183456138116,102,0,NORMAL
5055,30,2026-02-10 19:31:00,1413.8,DEBIT,Uber,Hyderabad,-0.3634886284221348,92,0,NORMAL
5056,14,2026-03-27 14:38:00,3373.23,DEBIT,Shell,Chandigarh,-0.04002386526570661,112,0,NORMAL
5057,9,2026-06-02 18:35:00,437.02,CREDIT,Local Store,Bangalore,-0.7477285030910991,84,0,NORMAL
5058,49,2026-01-22 08:02:00,2304.12,CREDIT,Netflix,Chandigarh,-0.0011045707469920633,95,0,NORMAL
5059,52,2026-02-14 14:38:00,1595.5,CREDIT,Walmart,Chandigarh,-0.29233734652753357,116,0,NORMAL
5060,11,2026-05-04 01:44:00,1688.27,DEBIT,Amazon,Hyderabad,-0.27723289295262754,118,0,NORMAL
5061,31,2026-05-08 20:22:00,4159.59,DEBIT,Shell,Hyderabad,0.09456555601055168,104,0,NORMAL
5062,53,2026-01-26 12:48:00,2834.29,DEBIT,Local Store,Pune,-0.09373867345084487,105,0,NORMAL
5063,6,2026-03-22 16:27:00,732.67,DEBIT,Netflix,Mumbai,-1.2687869612890352,117,0,NORMAL
5064,48,2026-05-27 00:48:00,966.89,DEBIT,Amazon,Delhi,-0.3783784526430759,102,0,NORMAL
5065,29,2026-03-02 22:19:00,2813.12,CREDIT,Local Store,Bangalore,0.13910861618560355,99,0,NORMAL
5066,62,2026-02-08 13:36:00,1376.58,DEBIT,Amazon,Delhi,-0.8751710674144529,102,0,NORMAL
5067,24,2026-07-17 07:52:00,5146.51,DEBIT,Walmart,Bangalore,1.5056517369562015,95,0,NORMAL
5068,72,2026-02-02 23:49:00,405.4,DEBIT,Local Store,Bangalore,-1.5428910143571293,98,0,NORMAL
5069,78,2026-05-17 01:14:00,2620.17,DEBIT,Amazon,Bangalore,-0.1927376397166865,102,0,NORMAL
5070,44,2026-03-23 01:12:00,963.63,DEBIT,Local Store,Chandigarh,-0.3646979529591624,99,0,NORMAL
5071,69,2026-06-25 20:45:00,1371.41,DEBIT,Amazon,Ludhiana,-0.30002226547420074,112,0,NORMAL
5072,2,2026-02-23 17:46:00,3373.26,DEBIT,Local Store,Hyderabad,0.38725623890314714,117,0,NORMAL
5073,27,2026-05-14 03:00:00,3699.16,CREDIT,Amazon,Chandigarh,0.669025563633342,90,0,NORMAL
5074,90,2026-02-25 23:02:00,375.51,DEBIT,Local Store,Mumbai,-0.36826867073002095,93,0,NORMAL
5075,27,2026-03-01 10:00:00,4768.49,DEBIT,Uber,Delhi,1.428354240248823,90,0,NORMAL
5076,73,2026-04-07 13:14:00,4749.03,CREDIT,Amazon,Pune,1.6105197766958512,111,0,NORMAL
5077,7,2026-06-21 13:16:00,5374.71,DEBIT,Myntra,Bangalore,0.3611643872363837,93,0,NORMAL
5078,67,2026-06-13 11:07:00,2242.96,DEBIT,Apple,Ludhiana,-0.22340835414006993,98,0,NORMAL
5079,1,2026-03-08 00:20:00,2925.32,CREDIT,Swiggy,Hyderabad,-0.13256585722632533,112,0,NORMAL
5080,95,2026-03-25 13:51:00,1349.41,DEBIT,Amazon,Chandigarh,-0.8369859567412311,113,0,NORMAL
5081,76,2026-02-03 23:17:00,4650.37,DEBIT,Uber,Delhi,0.2754993293681492,74,0,NORMAL
5082,16,2026-01-24 02:37:00,3207.05,DEBIT,Shell,Delhi,0.09972480273161184,95,0,NORMAL
5083,16,2026-03-25 17:57:00,4382.32,DEBIT,Local Store,Hyderabad,0.43803723134242617,95,0,NORMAL
5084,78,2026-03-08 07:17:00,5944.32,DEBIT,Flipkart,Bangalore,0.7814685852283616,102,0,NORMAL
5085,75,2026-02-19 09:23:00,3141.16,DEBIT,Amazon,Chandigarh,-0.10559564184994352,89,0,NORMAL
5086,20,2026-05-05 02:20:00,1473.35,CREDIT,Local Store,Chandigarh,-0.2811608253412502,98,0,NORMAL
5087,72,2026-02-08 09:29:00,2282.06,CREDIT,Amazon,Ludhiana,-0.3786983576294481,98,0,NORMAL
5088,91,2026-05-28 07:06:00,2217.57,DEBIT,Shell,Delhi,-0.2308601169438777,100,0,NORMAL
5089,37,2026-01-18 19:45:00,1989.87,DEBIT,Netflix,Hyderabad,-0.4576046246214125,87,0,NORMAL
5090,55,2026-04-10 18:59:00,573.75,DEBIT,Walmart,Pune,-1.481423003900223,118,0,NORMAL
5091,72,2026-01-16 11:22:00,3926.34,CREDIT,Shell,Pune,0.6413365456584101,98,0,NORMAL
5092,10,2026-02-07 05:05:00,5110.64,DEBIT,Apple,Delhi,0.11169647152363531,91,0,NORMAL
5093,100,2026-04-13 02:57:00,3051.64,DEBIT,Local Store,Bangalore,0.2558594281729241,87,0,NORMAL
5094,4,2026-05-02 00:42:00,5288.83,DEBIT,Shell,Delhi,2.129846057066002,105,40,REVIEW
5095,53,2026-06-07 08:36:00,3810.93,DEBIT,Local Store,Ludhiana,0.11800772386356609,105,0,NORMAL
5096,29,2026-05-07 20:15:00,2654.93,DEBIT,Local Store,Pune,0.037123472485557314,99,0,NORMAL
5097,6,2026-02-22 02:12:00,3899.39,DEBIT,Local Store,Pune,0.7504919704079451,117,0,NORMAL
5098,3,2026-06-11 07:32:00,2807.12,DEBIT,Swiggy,Mumbai,-0.13462450659910932,94,0,NORMAL
5099,41,2026-05-28 21:44:00,3623.46,DEBIT,Swiggy,Ludhiana,0.06892240745744531,100,0,NORMAL
5100,11,2026-03-13 02:07:00,3061.12,CREDIT,Amazon,Delhi,-0.08479655985923928,118,0,NORMAL
5101,51,2026-05-26 22:43:00,6073.04,DEBIT,Walmart,Chandigarh,0.37771942575894646,108,0,NORMAL
5102,38,2026-07-08 20:55:00,3314.35,DEBIT,Flipkart,Ludhiana,0.5045592735957979,95,0,NORMAL
5103,2,2026-06-12 09:07:00,1191.32,DEBIT,Swiggy,Delhi,-1.1794014802690573,117,0,NORMAL
5104,16,2026-07-16 15:50:00,2454.17,DEBIT,Swiggy,Chandigarh,-0.1169987256937798,95,0,NORMAL
5105,2,2026-05-26 15:26:00,3524.52,DEBIT,Shell,Ludhiana,0.49586263807177106,117,0,NORMAL
5106,81,2026-06-25 21:32:00,6405.72,DEBIT,Amazon,Delhi,0.34413851402731893,105,0,NORMAL
5107,51,2026-04-18 12:49:00,2511.81,DEBIT,Amazon,Mumbai,-0.17423892335665214,108,0,NORMAL
5108,9,2026-07-01 00:57:00,5647.46,CREDIT,Uber,Mumbai,0.6990560044231064,84,0,NORMAL
5109,12,2026-03-15 22:31:00,4042.01,DEBIT,Flipkart,Mumbai,0.0006781387456851247,99,0,NORMAL
5110,44,2026-01-13 07:45:00,4703.17,DEBIT,Amazon,Ludhiana,0.062197669610814466,99,0,NORMAL
5111,42,2026-01-23 18:17:00,2527.67,DEBIT,Myntra,Mumbai,-0.15317936765038556,104,0,NORMAL
5112,14,2026-05-04 14:24:00,2024.72,CREDIT,Uber,Delhi,-0.229860476541703,112,0,NORMAL
5113,81,2026-02-01 21:57:00,2077.28,DEBIT,Netflix,Pune,-0.2506979305584784,105,0,NORMAL
5114,16,2026-05-31 15:02:00,2314.51,DEBIT,Amazon,Bangalore,-0.1572011589897767,95,0,NORMAL
5115,79,2026-02-24 09:40:00,4114.27,DEBIT,Uber,Pune,0.9735564177438664,122,10,NORMAL
5116,92,2026-02-01 00:27:00,3165.21,DEBIT,Uber,Ludhiana,-0.051212229789209224,119,0,NORMAL
5117,35,2026-04-11 21:53:00,5258.81,DEBIT,Walmart,Bangalore,1.741851640310837,103,0,NORMAL
5118,4,2026-06-26 18:10:00,3658.55,DEBIT,Shell,Mumbai,0.8247403453163131,105,0,NORMAL
5119,34,2026-06-19 12:16:00,3812.76,CREDIT,Myntra,Ludhiana,0.6793254821195387,118,0,NORMAL
5120,98,2026-04-21 14:05:00,2484.22,DEBIT,Amazon,Hyderabad,-0.20289135962882884,114,0,NORMAL
5121,20,2026-02-03 18:16:00,1340.53,DEBIT,Netflix,Chandigarh,-0.29519781709508147,98,0,NORMAL
5122,80,2026-07-08 06:00:00,6535.04,CREDIT,Walmart,Ludhiana,0.434392326288048,84,0,NORMAL
5123,14,2026-02-24 19:59:00,4942.91,DEBIT,Apple,Mumbai,0.1809479717897887,112,0,NORMAL
5124,53,2026-06-08 11:00:00,1817.98,DEBIT,Netflix,Pune,-0.3140859672895255,105,0,NORMAL
5125,43,2026-05-07 06:37:00,721.98,CREDIT,Uber,Chandigarh,-0.47598370637579857,97,0,NORMAL
5126,28,2026-07-10 07:14:00,4391.91,DEBIT,Shell,Mumbai,1.0314242452164675,98,0,NORMAL
5127,26,2026-04-24 03:57:00,5671.77,DEBIT,Apple,Pune,1.9204649829636251,98,0,NORMAL
5128,24,2026-04-30 00:48:00,1052.4,DEBIT,Walmart,Delhi,-1.1044147131665965,95,0,NORMAL
5129,60,2026-05-01 13:21:00,3988.55,DEBIT,Amazon,Mumbai,0.15373005933489714,106,0,NORMAL
5130,33,2026-07-11 23:19:00,1248.32,DEBIT,Uber,Ludhiana,-0.30525433351358594,91,0,NORMAL
5131,61,2026-05-19 05:47:00,1541.41,DEBIT,Swiggy,Pune,-0.4504098550623914,81,0,NORMAL
5132,6,2026-06-30 06:38:00,2831.57,DEBIT,Apple,Bangalore,0.06958982912463965,117,0,NORMAL
5133,91,2026-01-21 05:58:00,3264.75,DEBIT,Myntra,Bangalore,-0.1051187579080599,100,0,NORMAL
5134,27,2026-03-20 07:59:00,824.86,CREDIT,Swiggy,Ludhiana,-1.3720079949462145,90,0,NORMAL
5135,47,2026-05-25 05:27:00,4332.65,DEBIT,Uber,Delhi,0.2803180818647559,103,0,NORMAL
5136,85,2026-04-18 14:25:00,4344.93,DEBIT,Walmart,Bangalore,0.8638914884264723,89,0,NORMAL
5137,34,2026-01-30 17:12:00,1364.43,CREDIT,Apple,Bangalore,-1.0624519712429523,118,0,NORMAL
5138,46,2026-05-20 01:32:00,1031.17,CREDIT,Apple,Bangalore,-0.37055070097891574,94,0,NORMAL
5139,91,2026-06-24 08:02:00,2518.17,DEBIT,Walmart,Hyderabad,-0.19476522158093454,100,0,NORMAL
5140,16,2026-03-24 16:16:00,4175.61,DEBIT,Netflix,Bangalore,0.3785338303212638,95,0,NORMAL
5141,75,2026-01-11 08:57:00,5336.28,DEBIT,Walmart,Delhi,0.25685706789803175,89,0,NORMAL
5142,97,2026-04-21 03:40:00,867.01,DEBIT,Netflix,Bangalore,-1.5032929445173997,96,0,NORMAL
5143,39,2026-05-10 14:17:00,1888.66,DEBIT,Shell,Pune,-0.27505751831989395,101,0,NORMAL
5144,53,2026-07-10 14:21:00,3352.38,DEBIT,Shell,Delhi,0.018588991793895487,105,0,NORMAL
5145,61,2026-02-17 15:14:00,3844.0,CREDIT,Walmart,Bangalore,0.16490485893482462,81,0,NORMAL
5146,74,2026-04-03 21:20:00,3569.95,DEBIT,Netflix,Chandigarh,-0.08006411561135084,119,0,NORMAL
5147,56,2026-01-17 09:31:00,5020.86,CREDIT,Netflix,Mumbai,0.5128569883536628,101,0,NORMAL
5148,16,2026-04-28 01:14:00,1377.35,DEBIT,Apple,Ludhiana,-0.42697140378196147,95,0,NORMAL
5149,6,2026-02-12 20:07:00,3784.07,DEBIT,Apple,Pune,0.676957446862038,117,0,NORMAL
5150,95,2026-05-25 07:17:00,4794.9,DEBIT,Shell,Chandigarh,1.3563515488119695,113,0,NORMAL
5151,40,2026-01-07 13:16:00,2442.49,DEBIT,Netflix,Chandigarh,-0.13321181727839598,109,0,NORMAL
5152,50,2026-05-09 14:45:00,1671.79,CREDIT,Swiggy,Delhi,-0.26529981769474537,118,0,NORMAL
5153,1,2026-07-20 02:41:00,1381.67,DEBIT,Uber,Delhi,-0.29798058668875815,112,0,NORMAL
5154,24,2026-02-16 06:15:00,4854.64,DEBIT,Walmart,Ludhiana,1.3195795271725512,95,0,NORMAL
5155,28,2026-06-25 00:57:00,2180.42,DEBIT,Shell,Hyderabad,-0.47716067653327177,98,0,NORMAL
5156,34,2026-04-06 04:23:00,3888.92,DEBIT,Netflix,Ludhiana,0.7335068101464334,118,0,NORMAL
5157,27,2026-06-06 21:09:00,1681.23,CREDIT,Local Store,Mumbai,-0.7639017052197508,90,0,NORMAL
5158,85,2026-05-26 23:00:00,3979.81,CREDIT,Swiggy,Delhi,0.6430877914101114,89,0,NORMAL
5159,35,2026-04-07 08:19:00,3270.94,DEBIT,Netflix,Bangalore,0.3142618191890975,103,0,NORMAL
5160,67,2026-07-24 18:30:00,4117.9,DEBIT,Walmart,Delhi,0.04781893886440512,98,0,NORMAL
5161,67,2026-02-26 01:50:00,4997.71,DEBIT,Apple,Mumbai,0.17509153673861302,98,0,NORMAL
5162,16,2026-03-27 13:48:00,598.07,DEBIT,Myntra,Ludhiana,-0.6512944183810199,95,0,NORMAL
5163,88,2026-07-10 01:53:00,70045.58,DEBIT,Swiggy,Delhi,6.81961855666272,104,90,HIGH
5164,81,2026-05-30 13:21:00,4540.23,DEBIT,Flipkart,Ludhiana,0.08777330184686605,105,0,NORMAL
5165,45,2026-05-16 12:57:00,4504.47,CREDIT,Local Store,Bangalore,0.16366691222325486,97,0,NORMAL
5166,22,2026-06-06 23:40:00,53755.98,DEBIT,Walmart,Mumbai,8.31442325469069,108,90,HIGH
5167,98,2026-06-30 18:52:00,4916.63,DEBIT,Uber,Chandigarh,1.5910144374749549,114,0,NORMAL
5168,52,2026-06-23 09:27:00,3498.45,DEBIT,Myntra,Bangalore,0.1007087528231034,116,0,NORMAL
5169,73,2026-04-23 08:34:00,1533.71,DEBIT,Walmart,Chandigarh,-0.5631541108633885,111,0,NORMAL
5170,33,2026-05-06 23:47:00,3717.29,DEBIT,Netflix,Hyderabad,-0.04582662028080245,91,0,NORMAL
5171,72,2026-06-07 09:57:00,424.29,DEBIT,Myntra,Hyderabad,-1.531172536164177,98,0,NORMAL
5172,17,2026-01-05 17:28:00,1237.64,DEBIT,Myntra,Hyderabad,-0.29203627599400256,97,0,NORMAL
5173,52,2026-03-23 12:51:00,1061.37,DEBIT,Local Store,Delhi,-0.40265958991078366,116,0,NORMAL
5174,43,2026-04-23 01:45:00,1794.38,CREDIT,Apple,Mumbai,-0.2603138026675607,97,0,NORMAL
5175,96,2026-01-28 03:44:00,1798.39,DEBIT,Apple,Ludhiana,-0.6527419109912995,96,0,NORMAL
5176,78,2026-07-10 23:48:00,528.57,DEBIT,Swiggy,Delhi,-0.8057213318169416,102,0,NORMAL
5177,50,2026-01-07 18:04:00,4631.64,DEBIT,Apple,Hyderabad,0.103978122783766,118,0,NORMAL
5178,81,2026-07-27 18:44:00,4401.47,DEBIT,Walmart,Bangalore,0.06870419033077137,105,0,NORMAL
5179,62,2026-05-19 16:16:00,1462.39,DEBIT,Myntra,Pune,-0.8142888119081099,102,0,NORMAL
5180,30,2026-01-14 07:32:00,2131.1,DEBIT,Local Store,Pune,-0.20472342617516162,92,0,NORMAL
5181,51,2026-06-07 09:55:00,1169.28,DEBIT,Apple,Mumbai,-0.38231889641039046,108,0,NORMAL
5182,87,2026-05-21 21:15:00,765.92,DEBIT,Local Store,Ludhiana,-1.2942104326477946,85,0,NORMAL
5183,57,2026-06-20 17:56:00,7058.54,DEBIT,Walmart,Pune,0.5210279028557567,107,0,NORMAL
5184,97,2026-06-11 15:07:00,2264.58,DEBIT,Local Store,Mumbai,-0.509191140231138,96,0,NORMAL
5185,21,2026-05-03 04:53:00,3839.08,DEBIT,Apple,Pune,0.03781729665894044,122,10,NORMAL
5186,80,2026-07-01 17:31:00,933.38,CREDIT,Netflix,Pune,-0.4055260464161248,84,0,NORMAL
5187,24,2026-06-04 09:03:00,3839.16,CREDIT,Shell,Bangalore,0.6721933360905578,95,0,NORMAL
5188,53,2026-07-20 08:34:00,2733.59,DEBIT,Swiggy,Hyderabad,-0.11557155169621793,105,0,NORMAL
5189,9,2026-03-14 23:42:00,663.05,DEBIT,Flipkart,Ludhiana,-0.6849666821636082,84,0,NORMAL
5190,49,2026-04-17 19:16:00,3807.58,DEBIT,Netflix,Pune,1.1507967424169236,95,0,NORMAL
5191,25,2026-03-03 05:53:00,4130.74,DEBIT,Swiggy,Mumbai,0.9044578311686916,97,0,NORMAL
5192,20,2026-06-04 11:33:00,2991.39,CREDIT,Flipkart,Ludhiana,-0.12072779596325017,98,0,NORMAL
5193,51,2026-05-21 23:48:00,4644.23,DEBIT,Swiggy,Ludhiana,0.15626683527760754,108,0,NORMAL
5194,34,2026-06-11 03:39:00,2558.65,DEBIT,Walmart,Bangalore,-0.21286655164896212,118,0,NORMAL
5195,46,2026-04-03 00:29:00,4576.32,CREDIT,Flipkart,Pune,0.21096609171409159,94,0,NORMAL
5196,5,2026-01-09 13:30:00,3085.19,DEBIT,Flipkart,Mumbai,0.430235366743377,87,0,NORMAL
5197,57,2026-07-10 20:41:00,2670.07,DEBIT,Local Store,Chandigarh,-0.1358947518281869,107,0,NORMAL
5198,41,2026-04-05 04:32:00,4383.82,DEBIT,Flipkart,Delhi,0.2239911604570346,100,0,NORMAL
5199,31,2026-01-12 20:19:00,2683.19,CREDIT,Myntra,Ludhiana,-0.11110368532823822,104,0,NORMAL
5200,1,2026-03-14 08:27:00,1779.22,DEBIT,Shell,Bangalore,-0.25537985096641813,112,0,NORMAL
5201,52,2026-05-19 06:31:00,3524.48,DEBIT,Apple,Pune,0.10608513684060106,116,0,NORMAL
5202,68,2026-01-11 14:56:00,911.31,CREDIT,Myntra,Mumbai,-0.5445372339738189,100,0,NORMAL
5203,59,2026-01-01 11:25:00,2160.61,DEBIT,Swiggy,Mumbai,-0.21453810363544742,92,0,NORMAL
5204,23,2026-01-11 16:09:00,3720.46,DEBIT,Flipkart,Delhi,0.7082364659436449,96,0,NORMAL
5205,6,2026-07-14 01:06:00,4873.91,DEBIT,Myntra,Pune,1.3719007796861071,117,0,NORMAL
5206,75,2026-04-17 01:52:00,2014.12,DEBIT,Swiggy,Chandigarh,-0.291689660397612,89,0,NORMAL
5207,36,2026-05-24 11:39:00,3162.05,CREDIT,Swiggy,Pune,-0.049675320322565775,85,0,NORMAL
5208,5,2026-02-19 16:40:00,2764.1,CREDIT,Myntra,Mumbai,0.2164026394913485,87,0,NORMAL
5209,74,2026-01-20 13:06:00,3219.58,DEBIT,Local Store,Bangalore,-0.11982523932757987,119,0,NORMAL
5210,9,2026-03-07 04:28:00,906.84,DEBIT,Myntra,Chandigarh,-0.6172734364709433,84,0,NORMAL
5211,6,2026-02-11 20:45:00,1683.59,DEBIT,Swiggy,Bangalore,-0.6624268404923458,117,0,NORMAL
5212,67,2026-06-23 05:23:00,1548.47,CREDIT,Local Store,Pune,-0.32387271178280935,98,0,NORMAL
5213,61,2026-06-05 12:11:00,1495.44,CREDIT,Walmart,Bangalore,-0.4626942901561128,81,0,NORMAL
5214,33,2026-05-16 03:38:00,1721.36,DEBIT,Apple,Pune,-0.2555495232211823,91,0,NORMAL
5215,61,2026-05-06 05:22:00,3038.42,CREDIT,Uber,Chandigarh,-0.050368041278360205,81,0,NORMAL
5216,5,2026-05-27 21:43:00,1631.57,DEBIT,Shell,Chandigarh,-0.5378157372713652,87,0,NORMAL
5217,43,2026-07-17 05:53:00,1758.68,DEBIT,Walmart,Mumbai,-0.2674934143445321,97,0,NORMAL
5218,77,2026-05-26 07:37:00,1390.3,CREDIT,Walmart,Hyderabad,-0.8187564747760472,84,0,NORMAL
5219,28,2026-07-09 15:50:00,3686.02,DEBIT,Apple,Pune,0.549895949626651,98,0,NORMAL
5220,14,2026-04-01 11:04:00,4411.43,CREDIT,Myntra,Chandigarh,0.10612882906117231,112,0,NORMAL
5221,65,2026-01-05 06:18:00,2018.81,CREDIT,Myntra,Ludhiana,-0.19893032299011956,112,0,NORMAL
5222,9,2026-05-28 06:14:00,5210.65,DEBIT,Flipkart,Delhi,0.5777668348467788,84,0,NORMAL
5223,4,2026-07-12 03:12:00,4050.97,CREDIT,Netflix,Hyderabad,1.138888579610307,105,0,NORMAL
5224,69,2026-07-13 07:08:00,4599.87,DEBIT,Apple,Ludhiana,0.0061797527640736335,112,0,NORMAL
5225,26,2026-06-18 08:51:00,4296.46,CREDIT,Netflix,Chandigarh,1.036862832543841,98,0,NORMAL
5226,43,2026-01-03 15:15:00,4507.01,DEBIT,Apple,Bangalore,0.28522205232691633,97,0,NORMAL
5227,80,2026-02-12 20:20:00,1119.04,DEBIT,Myntra,Ludhiana,-0.3776880046434616,84,0,NORMAL
5228,65,2026-05-22 23:31:00,1728.53,DEBIT,Apple,Mumbai,-0.2374972767945864,112,0,NORMAL
5229,95,2026-07-02 23:34:00,2996.92,DEBIT,Apple,Bangalore,0.21178953637410347,113,0,NORMAL
5230,35,2026-04-25 20:27:00,5311.1,DEBIT,Local Store,Mumbai,1.779403729605638,103,0,NORMAL
5231,4,2026-05-16 08:20:00,1590.98,DEBIT,Swiggy,Delhi,-0.8304338679736152,105,0,NORMAL
5232,92,2026-01-20 16:36:00,5570.77,DEBIT,Walmart,Pune,0.45143235886323213,119,0,NORMAL
5233,47,2026-02-19 04:49:00,46245.85,DEBIT,Flipkart,Bangalore,9.49073432337238,103,90,HIGH
5234,29,2026-03-02 02:56:00,409.32,DEBIT,Netflix,Bangalore,-1.4106220142345938,99,0,NORMAL
5235,52,2026-02-12 17:19:00,3505.05,DEBIT,Flipkart,Bangalore,0.10207195430276096,116,0,NORMAL
5236,8,2026-03-17 21:43:00,3568.06,DEBIT,Uber,Delhi,-0.059135502427185765,91,0,NORMAL
5237,16,2026-07-23 07:36:00,1548.35,DEBIT,Flipkart,Delhi,-0.37774745924798264,95,0,NORMAL
5238,3,2026-07-13 14:03:00,1716.4,DEBIT,Uber,Pune,-0.2681916554128557,94,0,NORMAL
5239,5,2026-01-21 04:40:00,3572.84,DEBIT,Apple,Ludhiana,0.7549902001061466,87,0,NORMAL
5240,16,2026-03-28 11:25:00,3091.37,DEBIT,Amazon,Bangalore,0.06642523604336223,95,0,NORMAL
5241,39,2026-06-11 11:03:00,2758.69,DEBIT,Myntra,Ludhiana,-0.06759691385978593,101,0,NORMAL
5242,58,2026-07-11 07:19:00,3723.66,DEBIT,Uber,Bangalore,0.06303655583525761,99,0,NORMAL
5243,92,2026-05-17 10:35:00,1827.47,CREDIT,Walmart,Ludhiana,-0.3307345747001309,119,0,NORMAL
5244,21,2026-03-10 08:58:00,2240.45,CREDIT,Shell,Hyderabad,-0.21910278730639027,122,10,NORMAL
5245,18,2026-02-05 20:24:00,2414.51,DEBIT,Shell,Bangalore,-0.42014102535491066,96,0,NORMAL
5246,24,2026-06-20 01:02:00,4998.38,DEBIT,Swiggy,Hyderabad,1.411216281324406,95,0,NORMAL
5247,68,2026-01-15 22:25:00,3809.35,CREDIT,Netflix,Delhi,0.1514666259994365,100,0,NORMAL
5248,66,2026-04-30 13:07:00,966.47,DEBIT,Apple,Bangalore,-1.2637489451939403,95,0,NORMAL
5249,95,2026-04-18 02:30:00,1971.04,DEBIT,Shell,Ludhiana,-0.4412673815670074,113,0,NORMAL
5250,37,2026-04-29 10:51:00,3895.38,DEBIT,Amazon,Ludhiana,0.8233775895222912,87,0,NORMAL
5251,74,2026-03-28 09:47:00,1103.55,DEBIT,Flipkart,Delhi,-0.35995918520551506,119,0,NORMAL
5252,57,2026-05-12 11:26:00,5897.83,DEBIT,Flipkart,Hyderabad,0.34727789555977423,107,0,NORMAL
5253,46,2026-05-02 02:39:00,3782.88,DEBIT,Shell,Ludhiana,0.08081682186815008,94,0,NORMAL
5254,10,2026-02-18 19:49:00,1943.6,DEBIT,Uber,Chandigarh,-0.2726215293067415,91,0,NORMAL
5255,57,2026-06-30 19:49:00,3464.71,DEBIT,Myntra,Bangalore,-0.01694281224148608,107,0,NORMAL
5256,48,2026-04-14 08:30:00,4337.99,DEBIT,Walmart,Mumbai,0.019575153014400194,102,0,NORMAL
5257,28,2026-04-01 09:50:00,3160.36,DEBIT,Myntra,Ludhiana,0.19131293547466846,98,0,NORMAL
5258,61,2026-01-23 14:50:00,3812.32,DEBIT,Apple,Hyderabad,0.15643910074972361,81,0,NORMAL
5259,43,2026-07-27 05:39:00,3769.53,CREDIT,Swiggy,Chandigarh,0.1369077660654922,97,0,NORMAL
5260,34,2026-02-08 10:04:00,4091.18,CREDIT,Swiggy,Chandigarh,0.8773975061380265,118,0,NORMAL
5261,17,2026-06-27 21:16:00,825.33,DEBIT,Walmart,Mumbai,-0.33957358193250503,97,0,NORMAL
5262,43,2026-01-11 21:01:00,1771.51,DEBIT,Uber,Hyderabad,-0.26491317855137964,97,0,NORMAL
5263,58,2026-04-20 15:16:00,2355.02,DEBIT,Walmart,Hyderabad,-0.17334585743562622,99,0,NORMAL
5264,20,2026-06-28 16:50:00,6466.42,CREDIT,Uber,Pune,0.24652839628427392,98,0,NORMAL
5265,62,2026-05-14 22:02:00,2354.75,DEBIT,Walmart,Pune,-0.18115876268727127,102,0,NORMAL
5266,81,2026-01-18 23:53:00,1528.74,DEBIT,Amazon,Bangalore,-0.3260811132554993,105,0,NORMAL
5267,37,2026-05-10 11:41:00,4359.69,DEBIT,Local Store,Bangalore,1.1355107464456673,87,0,NORMAL
5268,47,2026-02-14 19:01:00,5395.97,CREDIT,Swiggy,Ludhiana,0.5139824119068402,103,0,NORMAL
5269,85,2026-05-31 22:56:00,788.1,DEBIT,Swiggy,Ludhiana,-1.2870759021812792,89,0,NORMAL
5270,7,2026-05-10 15:50:00,4455.21,CREDIT,Amazon,Bangalore,0.20176332497691038,93,0,NORMAL
5271,96,2026-04-17 22:25:00,3906.86,DEBIT,Netflix,Delhi,0.6605412954504869,96,0,NORMAL
5272,61,2026-06-21 16:27:00,943.33,CREDIT,Shell,Bangalore,-0.6102331080720262,81,0,NORMAL
5273,99,2026-03-23 05:11:00,933.04,DEBIT,Swiggy,Ludhiana,-0.618627506013275,103,0,NORMAL
5274,50,2026-03-30 07:36:00,3442.65,CREDIT,Walmart,Pune,-0.04436310344376082,118,0,NORMAL
5275,88,2026-07-04 07:04:00,915.06,CREDIT,Shell,Bangalore,-0.33816029423552685,104,0,NORMAL
5276,83,2026-01-13 03:57:00,3229.77,CREDIT,Flipkart,Bangalore,0.01363026549035525,101,0,NORMAL
5277,98,2026-03-16 11:54:00,2713.7,DEBIT,Uber,Delhi,-0.03364953677849676,114,0,NORMAL
5278,21,2026-03-11 03:01:00,2179.28,DEBIT,Netflix,Pune,-0.22893358088349017,122,10,NORMAL
5279,28,2026-01-01 21:18:00,3459.57,DEBIT,Netflix,Ludhiana,0.39542133950848257,98,0,NORMAL
5280,72,2026-01-23 20:36:00,3765.26,DEBIT,Shell,Ludhiana,0.5414099989500587,98,0,NORMAL
5281,79,2026-02-06 04:02:00,1189.18,DEBIT,Swiggy,Hyderabad,-1.034610581867739,122,10,NORMAL
5282,58,2026-04-10 09:14:00,3889.04,DEBIT,Uber,Pune,0.09159989134111657,99,0,NORMAL
5283,2,2026-03-09 20:19:00,2600.62,DEBIT,Swiggy,Chandigarh,-0.16750806265473825,117,0,NORMAL
5284,38,2026-05-31 09:05:00,3647.1,DEBIT,Apple,Bangalore,0.7469798535791302,95,0,NORMAL
5285,4,2026-03-02 14:29:00,1496.82,DEBIT,Myntra,Ludhiana,-0.9058127929548152,105,0,NORMAL
5286,56,2026-04-30 03:39:00,2022.1,DEBIT,Shell,Delhi,-0.2679977214915378,101,0,NORMAL
5287,88,2026-07-26 05:57:00,1952.07,DEBIT,Uber,Bangalore,-0.23078820668042113,104,0,NORMAL
5288,50,2026-04-22 09:28:00,3083.78,DEBIT,Apple,Chandigarh,-0.0891365799711265,118,0,NORMAL
5289,79,2026-02-03 10:36:00,1614.56,DEBIT,Flipkart,Bangalore,-0.742573728883802,122,10,NORMAL
5290,56,2026-03-13 08:32:00,1543.03,DEBIT,Local Store,Bangalore,-0.392743971890216,101,0,NORMAL
5291,2,2026-01-05 01:04:00,3267.52,DEBIT,Shell,Ludhiana,0.3113337170990328,117,0,NORMAL
5292,49,2026-05-22 11:38:00,1166.83,CREDIT,Swiggy,Chandigarh,-0.8724585438810891,95,0,NORMAL
5293,86,2026-07-15 19:08:00,1860.37,DEBIT,Uber,Hyderabad,-0.6196762016657845,76,0,NORMAL
5294,18,2026-03-30 11:18:00,2857.39,CREDIT,Uber,Bangalore,-0.12165185072679922,96,0,NORMAL
5295,50,2026-03-17 15:41:00,4082.05,DEBIT,Netflix,Chandigarh,0.035409964496155105,118,0,NORMAL
5296,91,2026-05-21 19:57:00,4247.43,DEBIT,Walmart,Mumbai,0.01287768845008053,100,0,NORMAL
5297,66,2026-04-29 23:27:00,3171.77,CREDIT,Myntra,Ludhiana,0.22136222304139055,95,0,NORMAL
5298,32,2026-05-01 00:59:00,593.4,DEBIT,Flipkart,Ludhiana,-0.7393795646323392,107,0,NORMAL
5299,50,2026-05-26 09:57:00,4270.46,CREDIT,Flipkart,Hyderabad,0.0589164451507681,118,0,NORMAL
5300,59,2026-01-01 18:36:00,2443.63,DEBIT,Amazon,Bangalore,-0.1744115024628684,92,0,NORMAL
5301,44,2026-06-24 09:22:00,759.25,DEBIT,Swiggy,Bangalore,-0.3880294128020446,99,0,NORMAL
5302,82,2026-03-20 05:15:00,734.63,DEBIT,Swiggy,Mumbai,-0.44822808758636123,107,0,NORMAL
5303,22,2026-05-10 07:11:00,2392.22,CREDIT,Netflix,Bangalore,-0.20574832211998367,108,0,NORMAL
5304,33,2026-02-24 22:48:00,1413.47,DEBIT,Walmart,Pune,-0.28790115107702563,91,0,NORMAL
5305,66,2026-02-19 23:38:00,2440.46,CREDIT,Amazon,Mumbai,-0.27112254022990123,95,0,NORMAL
5306,42,2026-07-28 03:08:00,1218.56,DEBIT,Shell,Bangalore,-0.4283596966032889,104,0,NORMAL
5307,86,2026-02-06 21:00:00,5820.99,DEBIT,Netflix,Mumbai,1.9658826730669041,76,0,NORMAL
5308,41,2026-01-19 01:57:00,4594.19,DEBIT,Shell,Delhi,0.2668942768341765,100,0,NORMAL
5309,81,2026-07-24 20:33:00,1787.19,DEBIT,Shell,Hyderabad,-0.29056358751800515,105,0,NORMAL
5310,61,2026-03-16 13:40:00,5218.59,DEBIT,Uber,Hyderabad,0.5322327170048385,81,0,NORMAL
5311,63,2026-03-17 10:36:00,3423.98,DEBIT,Netflix,Ludhiana,0.8671836335147041,88,0,NORMAL
5312,13,2026-07-04 00:18:00,470.05,DEBIT,Local Store,Delhi,-1.5860574725814502,101,0,NORMAL
5313,95,2026-01-30 16:20:00,5168.64,DEBIT,Shell,Bangalore,1.5942677695310705,113,0,NORMAL
5314,45,2026-04-18 13:52:00,2729.67,CREDIT,Local Store,Hyderabad,-0.09978720513747211,97,0,NORMAL
5315,99,2026-06-22 05:50:00,2240.68,CREDIT,Amazon,Pune,-0.21203415140834522,103,0,NORMAL
5316,24,2026-02-04 20:05:00,2008.73,DEBIT,Walmart,Hyderabad,-0.49473767756033893,95,0,NORMAL
5317,38,2026-04-24 15:16:00,1827.7,DEBIT,Amazon,Pune,-0.5785197804454371,95,0,NORMAL
5318,62,2026-05-14 08:36:00,2208.4,CREDIT,Walmart,Mumbai,-0.2849941908815759,102,0,NORMAL
5319,6,2026-02-20 22:45:00,3435.93,CREDIT,Walmart,Chandigarh,0.45496378550865413,117,0,NORMAL
5320,71,2026-03-15 05:49:00,3233.77,DEBIT,Myntra,Delhi,0.4291458148188022,99,0,NORMAL
5321,37,2026-03-31 12:05:00,5152.93,DEBIT,Walmart,Ludhiana,1.668767633865493,87,0,NORMAL
5322,17,2026-02-01 16:07:00,3676.02,DEBIT,Uber,Chandigarh,-0.010903109070266743,97,0,NORMAL
5323,55,2026-05-27 06:09:00,2210.41,DEBIT,Walmart,Chandigarh,-0.2293314863013427,118,0,NORMAL
5324,46,2026-02-22 23:47:00,2118.94,DEBIT,Apple,Chandigarh,-0.19212199652701029,94,0,NORMAL
5325,42,2026-01-20 17:04:00,2317.08,DEBIT,Netflix,Chandigarh,-0.19744625543994634,104,0,NORMAL
5326,81,2026-02-22 10:03:00,5519.9,DEBIT,Myntra,Pune,0.22240458232375104,105,0,NORMAL
5327,41,2026-06-08 23:16:00,1645.92,CREDIT,Shell,Chandigarh,-0.3343795308438961,100,0,NORMAL
5328,6,2026-06-18 08:09:00,2492.46,DEBIT,Walmart,Hyderabad,-0.14664579591570598,117,0,NORMAL
5329,10,2026-06-15 03:58:00,6154.64,CREDIT,Local Store,Mumbai,0.23838511229448547,91,0,NORMAL
5330,24,2026-03-10 07:28:00,5613.16,DEBIT,Local Store,Hyderabad,1.8031492416519235,95,0,NORMAL
5331,30,2026-04-10 06:23:00,4078.2,CREDIT,Shell,Bangalore,0.22624231381519327,92,0,NORMAL
5332,94,2026-01-30 19:39:00,3052.66,DEBIT,Swiggy,Bangalore,-0.11011848440091374,103,0,NORMAL
5333,61,2026-02-09 10:06:00,5277.0,DEBIT,Shell,Mumbai,0.5478414586586186,81,0,NORMAL
5334,5,2026-04-07 12:11:00,932.44,DEBIT,Swiggy,Pune,-1.003407548301639,87,0,NORMAL
5335,68,2026-01-09 22:31:00,2968.53,DEBIT,Uber,Pune,-0.05046777295389488,100,0,NORMAL
5336,5,2026-01-24 14:10:00,1359.0,CREDIT,Flipkart,Pune,-0.7193361411054471,87,0,NORMAL
5337,40,2026-03-22 14:15:00,3578.87,DEBIT,Netflix,Bangalore,0.06000111090959634,109,0,NORMAL
5338,51,2026-03-23 15:42:00,4163.73,DEBIT,Swiggy,Mumbai,0.08179369348388875,108,0,NORMAL
5339,98,2026-04-21 04:38:00,1323.95,DEBIT,Netflix,Chandigarh,-1.0585921169870072,114,0,NORMAL
5340,90,2026-07-16 16:51:00,6005.95,DEBIT,Apple,Delhi,0.0992633585147673,93,0,NORMAL
5341,52,2026-02-23 10:04:00,3877.43,DEBIT,Walmart,Hyderabad,0.17898543415046586,116,0,NORMAL
5342,60,2026-04-09 03:24:00,697.78,CREDIT,Myntra,Delhi,-0.5903811705410098,106,0,NORMAL
5343,15,2026-07-20 21:41:00,3306.41,DEBIT,Netflix,Hyderabad,0.046674293985180706,91,0,NORMAL
5344,28,2026-07-25 20:31:00,6156.37,DEBIT,Myntra,Delhi,2.2350642124017344,98,40,REVIEW
5345,58,2026-06-15 07:13:00,3857.59,DEBIT,Swiggy,Ludhiana,0.08616805616359051,99,0,NORMAL
5346,57,2026-02-04 08:49:00,1753.03,DEBIT,Myntra,Pune,-0.27316909829776825,107,0,NORMAL
5347,31,2026-01-26 04:35:00,4991.48,CREDIT,Amazon,Pune,0.21045162020543504,104,0,NORMAL
5348,45,2026-01-31 13:40:00,3061.06,CREDIT,Swiggy,Ludhiana,-0.050595149721554114,97,0,NORMAL
5349,99,2026-03-19 03:27:00,2984.8,DEBIT,Swiggy,Bangalore,0.019340115996001907,103,0,NORMAL
5350,83,2026-04-04 19:49:00,3744.03,DEBIT,Apple,Delhi,0.09373757167595237,101,0,NORMAL
5351,50,2026-05-10 05:32:00,1927.81,CREDIT,Uber,Pune,-0.23335815229909745,118,0,NORMAL
5352,43,2026-05-15 04:56:00,2010.6,CREDIT,Myntra,Delhi,-0.21682989127274988,97,0,NORMAL
5353,85,2026-04-06 00:18:00,3364.09,DEBIT,Swiggy,Mumbai,0.2707355446777671,89,0,NORMAL
5354,2,2026-04-27 15:09:00,2376.47,CREDIT,Swiggy,Mumbai,-0.3284503102657861,117,0,NORMAL
5355,84,2026-02-28 07:06:00,4974.83,DEBIT,Swiggy,Delhi,0.14152548895601924,95,0,NORMAL
5356,98,2026-05-20 10:55:00,1198.01,CREDIT,Walmart,Delhi,-1.1514730441692052,114,0,NORMAL
5357,72,2026-03-22 04:50:00,2541.75,DEBIT,Swiggy,Hyderabad,-0.21759874926905695,98,0,NORMAL
5358,1,2026-04-12 08:09:00,3023.18,DEBIT,Local Store,Delhi,-0.12207935742054449,112,0,NORMAL
5359,72,2026-02-19 11:48:00,740.33,DEBIT,Myntra,Pune,-1.3351160063547196,98,0,NORMAL
5360,52,2026-05-06 12:15:00,3556.97,DEBIT,Shell,Chandigarh,0.11279580594273306,116,0,NORMAL
5361,60,2026-06-18 23:46:00,5298.56,DEBIT,Uber,Pune,0.449950443089987,106,0,NORMAL
5362,50,2026-02-06 14:40:00,1799.02,CREDIT,Walmart,Ludhiana,-0.24942629965596605,118,0,NORMAL
5363,43,2026-04-22 09:04:00,1871.4,CREDIT,Swiggy,Delhi,-0.24482434352581467,97,0,NORMAL
5364,63,2026-05-12 19:21:00,1668.87,DEBIT,Swiggy,Pune,-0.5515462963061168,88,0,NORMAL
5365,73,2026-05-09 22:10:00,5236.88,DEBIT,Walmart,Mumbai,1.9403242148375528,111,0,NORMAL
5366,48,2026-07-27 03:25:00,2242.22,CREDIT,Myntra,Hyderabad,-0.2278275428797497,102,0,NORMAL
5367,37,2026-01-18 17:36:00,4050.67,DEBIT,Myntra,Bangalore,0.9277715460139263,87,0,NORMAL
5368,14,2026-07-11 03:00:00,1600.42,DEBIT,Swiggy,Pune,-0.28959134554853666,112,0,NORMAL
5369,61,2026-06-28 10:14:00,938.0,DEBIT,Myntra,Bangalore,-0.611657429130315,81,0,NORMAL
5370,66,2026-07-01 17:25:00,2316.83,CREDIT,Myntra,Ludhiana,-0.3543784662848299,95,0,NORMAL
5371,31,2026-05-02 06:36:00,3429.67,DEBIT,Shell,Bangalore,-0.007115622963987422,104,0,NORMAL
5372,28,2026-06-21 00:05:00,2758.09,DEBIT,Walmart,Mumbai,-0.08309864064472058,98,0,NORMAL
5373,45,2026-05-19 08:11:00,1265.33,DEBIT,Apple,Chandigarh,-0.317156149365558,97,0,NORMAL
5374,82,2026-06-28 17:34:00,3171.98,DEBIT,Walmart,Ludhiana,-0.04130133403391706,107,0,NORMAL
5375,12,2026-03-29 00:11:00,4031.14,DEBIT,Amazon,Mumbai,-0.0006471172169672269,99,0,NORMAL
5376,81,2026-06-24 04:14:00,778.39,CREDIT,Shell,Mumbai,-0.429198062131989,105,0,NORMAL
5377,6,2026-06-23 19:56:00,1741.05,CREDIT,Flipkart,Mumbai,-0.6257871099777096,117,0,NORMAL
5378,31,2026-06-04 04:49:00,2146.64,DEBIT,Uber,Delhi,-0.18584754298221257,104,0,NORMAL
5379,18,2026-06-24 18:46:00,3023.47,DEBIT,Shell,Delhi,-0.009718410241257393,96,0,NORMAL
5380,15,2026-03-13 17:07:00,1754.53,DEBIT,Apple,Pune,-0.3033763546305914,91,0,NORMAL
5381,48,2026-02-20 01:00:00,1135.33,CREDIT,Local Store,Mumbai,-0.35849434794818547,102,0,NORMAL
5382,11,2026-06-07 02:31:00,4142.69,DEBIT,Flipkart,Delhi,0.06681021785414229,118,0,NORMAL
5383,32,2026-05-16 23:52:00,2849.13,CREDIT,Amazon,Bangalore,-0.02333818055903164,107,0,NORMAL
5384,42,2026-06-30 04:55:00,6752.64,DEBIT,Myntra,Hyderabad,0.7349267765362357,104,0,NORMAL
5385,73,2026-04-20 16:31:00,828.69,DEBIT,Netflix,Bangalore,-1.039773409784496,111,0,NORMAL
5386,83,2026-07-03 02:26:00,2117.22,DEBIT,Walmart,Delhi,-0.15967386762671792,101,0,NORMAL
5387,89,2026-06-17 06:32:00,1402.5,DEBIT,Uber,Delhi,-0.3649862440559626,103,0,NORMAL
5388,80,2026-03-10 11:36:00,2404.28,DEBIT,Swiggy,Ludhiana,-0.18497786348275005,84,0,NORMAL
5389,90,2026-04-04 10:02:00,3381.4,DEBIT,Netflix,Mumbai,-0.1186700867140974,93,0,NORMAL
5390,74,2026-06-17 16:53:00,1019.49,DEBIT,Amazon,Hyderabad,-0.36949858658002266,119,0,NORMAL
5391,67,2026-03-24 22:48:00,2584.5,CREDIT,Local Store,Pune,-0.17400145597119604,98,0,NORMAL
5392,35,2026-01-25 13:27:00,2079.63,DEBIT,Amazon,Bangalore,-0.5412780449874026,103,0,NORMAL
5393,19,2026-03-12 06:02:00,4631.13,DEBIT,Flipkart,Bangalore,1.166789027848492,98,0,NORMAL
5394,75,2026-01-01 12:12:00,788.64,CREDIT,Walmart,Hyderabad,-0.49403784488955266,89,0,NORMAL
5395,68,2026-02-11 08:51:00,2000.74,DEBIT,Netflix,Mumbai,-0.2828957503605273,100,0,NORMAL
5396,98,2026-03-31 08:30:00,4245.43,DEBIT,Flipkart,Chandigarh,1.0960034931785332,114,0,NORMAL
5397,42,2026-02-06 16:19:00,1296.64,DEBIT,Walmart,Bangalore,-0.41194695811328974,104,0,NORMAL
5398,92,2026-04-20 01:39:00,3508.77,CREDIT,Myntra,Bangalore,0.02057503591084927,119,0,NORMAL
5399,51,2026-02-28 18:05:00,1165.51,DEBIT,Swiggy,Mumbai,-0.38290321221593127,108,0,NORMAL
5400,39,2026-04-28 17:20:00,5851.54,DEBIT,Apple,Chandigarh,0.6699001040642456,101,0,NORMAL
5401,21,2026-04-02 06:18:00,543.53,DEBIT,Swiggy,Ludhiana,-0.49181931888808766,122,10,NORMAL
5402,91,2026-04-02 00:10:00,4049.87,DEBIT,Local Store,Bangalore,-0.010844558815066073,100,0,NORMAL
5403,1,2026-04-18 10:39:00,3425.15,DEBIT,Netflix,Bangalore,-0.07900498252855849,112,0,NORMAL
5404,50,2026-05-04 23:31:00,1509.98,DEBIT,Apple,Chandigarh,-0.2854876189511698,118,0,NORMAL
5405,88,2026-04-01 23:05:00,624.49,CREDIT,Local Store,Ludhiana,-0.3682459322533735,104,0,NORMAL
5406,10,2026-05-11 03:37:00,569.9,DEBIT,Walmart,Chandigarh,-0.4393190253095354,91,0,NORMAL
5407,25,2026-03-06 13:27:00,2654.64,DEBIT,Amazon,Mumbai,-0.056042567303950706,97,0,NORMAL
5408,22,2026-05-04 01:05:00,2098.81,DEBIT,Swiggy,Delhi,-0.2544188934012142,108,0,NORMAL
5409,50,2026-02-01 06:33:00,3344.94,DEBIT,Shell,Pune,-0.0565536359248512,118,0,NORMAL
5410,43,2026-03-13 17:55:00,1496.5,DEBIT,Swiggy,Chandigarh,-0.32022032161255315,97,0,NORMAL
5411,47,2026-01-25 12:24:00,4929.4,CREDIT,Flipkart,Chandigarh,0.4114537596970301,103,0,NORMAL
5412,90,2026-02-12 10:37:00,4007.12,DEBIT,Myntra,Pune,-0.06671248813582487,93,0,NORMAL
5413,79,2026-01-22 16:18:00,757.99,DEBIT,Flipkart,Mumbai,-1.3306361840073408,122,10,NORMAL
5414,95,2026-03-03 23:05:00,4946.27,DEBIT,Walmart,Hyderabad,1.452710992088714,113,0,NORMAL
5415,75,2026-07-27 16:29:00,4065.28,DEBIT,Local Store,Ludhiana,0.046992735155550046,89,0,NORMAL
5416,35,2026-04-14 11:45:00,2514.95,DEBIT,Amazon,Hyderabad,-0.22865277224284933,103,0,NORMAL
5417,11,2026-03-11 00:24:00,1125.8,DEBIT,Local Store,Delhi,-0.35607593062975035,118,0,NORMAL
5418,37,2026-02-26 00:14:00,4260.74,DEBIT,Amazon,Delhi,1.0689914471034863,87,0,NORMAL
5419,21,2026-02-25 09:28:00,5319.3,CREDIT,Amazon,Ludhiana,0.27570739423446566,122,10,NORMAL
5420,65,2026-06-08 16:25:00,3587.47,DEBIT,Local Store,Ludhiana,0.009483752230064176,112,0,NORMAL
5421,66,2026-01-27 23:31:00,3933.42,DEBIT,Shell,Mumbai,0.7342787973335232,95,0,NORMAL
5422,60,2026-02-15 08:59:00,1541.34,CREDIT,Netflix,Pune,-0.39963478927640617,106,0,NORMAL
5423,50,2026-06-01 14:03:00,1787.55,CREDIT,Apple,Bangalore,-0.25085732419345563,118,0,NORMAL
5424,89,2026-04-25 02:08:00,1581.9,DEBIT,Netflix,Hyderabad,-0.33103813353968753,103,0,NORMAL
5425,20,2026-03-11 10:15:00,3539.65,DEBIT,Amazon,Ludhiana,-0.06278530914684063,98,0,NORMAL
5426,41,2026-05-11 19:38:00,4378.96,DEBIT,Swiggy,Hyderabad,0.2230000060833459,100,0,NORMAL
5427,69,2026-04-02 06:41:00,4504.16,DEBIT,Amazon,Pune,-0.00289782452218212,112,0,NORMAL
5428,17,2026-04-02 16:14:00,1025.08,DEBIT,Swiggy,Mumbai,-0.3165433938186687,97,0,NORMAL
5429,51,2026-01-04 15:37:00,3074.27,CREDIT,Uber,Bangalore,-0.08706272495229196,108,0,NORMAL
5430,32,2026-04-03 03:57:00,5149.58,CREDIT,Uber,Mumbai,0.706898772441301,107,0,NORMAL
5431,69,2026-01-11 18:58:00,2747.45,DEBIT,Apple,Hyderabad,-0.1695122931726715,112,0,NORMAL
5432,18,2026-07-14 21:11:00,1853.51,DEBIT,Myntra,Pune,-0.7982398940470411,96,0,NORMAL
5433,91,2026-01-19 20:42:00,3563.16,DEBIT,Shell,Pune,-0.06928682934766113,100,0,NORMAL
5434,64,2026-01-15 11:03:00,2990.71,DEBIT,Myntra,Pune,0.20190583804817225,110,0,NORMAL
5435,44,2026-03-21 14:42:00,1173.08,DEBIT,Amazon,Hyderabad,-0.34078771583179335,99,0,NORMAL
5436,48,2026-06-29 12:18:00,5945.72,DEBIT,Uber,Bangalore,0.20936541447911328,102,0,NORMAL
5437,60,2026-04-16 08:17:00,4657.33,DEBIT,Walmart,Chandigarh,0.3049550639132812,106,0,NORMAL
5438,96,2026-03-17 12:00:00,4783.48,CREDIT,Local Store,Mumbai,1.2065534864852174,96,0,NORMAL
5439,63,2026-03-27 04:08:00,3157.0,CREDIT,Local Store,Ludhiana,0.651372364327267,88,0,NORMAL
5440,41,2026-02-07 15:30:00,4232.9,DEBIT,Shell,Mumbai,0.1932123501531022,100,0,NORMAL
5441,66,2026-03-02 14:07:00,4030.33,CREDIT,Myntra,Ludhiana,0.7995407223839406,95,0,NORMAL
5442,84,2026-01-15 11:10:00,1940.8,DEBIT,Apple,Mumbai,-0.23146281710976946,95,0,NORMAL
5443,84,2026-03-26 02:22:00,2968.63,CREDIT,Walmart,Ludhiana,-0.10510659432238778,95,0,NORMAL
5444,79,2026-01-26 18:27:00,4632.42,DEBIT,Walmart,Pune,1.329282816196137,122,10,NORMAL
5445,55,2026-04-27 01:16:00,2453.88,DEBIT,Netflix,Bangalore,-0.04307000145427627,118,0,NORMAL
5446,91,2026-01-03 11:44:00,2065.18,DEBIT,Myntra,Hyderabad,-0.24915852381133918,100,0,NORMAL
5447,84,2026-04-19 07:52:00,500.68,DEBIT,Local Store,Bangalore,-0.4085038876764625,95,0,NORMAL
5448,85,2026-05-26 10:52:00,3111.46,DEBIT,Netflix,Hyderabad,0.11795936704508957,89,0,NORMAL
5449,45,2026-01-26 17:43:00,1556.59,DEBIT,Netflix,Ludhiana,-0.273921054581647,97,0,NORMAL
5450,2,2026-05-11 11:46:00,4106.87,CREDIT,Walmart,Ludhiana,0.913996556859608,117,0,NORMAL
5451,100,2026-03-04 08:58:00,2572.33,DEBIT,Uber,Bangalore,-0.08129119783936038,87,0,NORMAL
5452,75,2026-03-10 18:52:00,1732.45,DEBIT,Amazon,Pune,-0.3381983044602201,89,0,NORMAL
5453,42,2026-05-10 00:40:00,3038.37,DEBIT,Walmart,Pune,-0.045828118331193386,104,0,NORMAL
5454,91,2026-05-30 12:56:00,5079.12,DEBIT,Myntra,Bangalore,0.11274383457252297,100,0,NORMAL
5455,44,2026-03-25 12:20:00,1042.57,CREDIT,Swiggy,Hyderabad,-0.3556863792239774,99,0,NORMAL
5456,46,2026-05-03 00:48:00,5676.85,DEBIT,Amazon,Bangalore,0.3914878399793091,94,0,NORMAL
5457,9,2026-03-28 09:11:00,1181.88,DEBIT,Apple,Mumbai,-0.5409029934859542,84,0,NORMAL
5458,54,2026-03-29 05:23:00,41058.78,DEBIT,Amazon,Bangalore,4.66765839536948,89,90,HIGH
5459,6,2026-03-20 19:37:00,5951.25,DEBIT,Shell,Delhi,2.058873408865329,117,40,REVIEW
5460,18,2026-07-11 15:07:00,4493.34,DEBIT,Local Store,Pune,0.9809343243835227,96,0,NORMAL
5461,93,2026-06-11 08:02:00,3296.27,DEBIT,Flipkart,Mumbai,0.2611035991674207,100,0,NORMAL
5462,16,2026-04-26 11:30:00,1305.53,DEBIT,Local Store,Chandigarh,-0.44764546048623255,95,0,NORMAL
5463,32,2026-04-22 08:14:00,2108.51,DEBIT,Local Store,Hyderabad,-0.25843483214072493,107,0,NORMAL
5464,27,2026-01-06 21:06:00,1582.63,CREDIT,Shell,Ludhiana,-0.8339173295025132,90,0,NORMAL
5465,52,2026-05-02 17:24:00,1261.78,DEBIT,Local Store,Bangalore,-0.3612657704353055,116,0,NORMAL
5466,87,2026-07-13 21:28:00,6184.54,DEBIT,Walmart,Ludhiana,1.8111440876267086,85,0,NORMAL
5467,3,2026-02-03 17:50:00,1159.45,DEBIT,Amazon,Delhi,-0.336394515479432,94,0,NORMAL
5468,17,2026-01-28 14:22:00,930.24,DEBIT,Apple,Delhi,-0.327477977251541,97,0,NORMAL
5469,70,2026-01-23 19:42:00,1151.16,CREDIT,Swiggy,Pune,-1.2738420844714022,90,0,NORMAL
5470,71,2026-03-11 17:52:00,2840.71,DEBIT,Uber,Hyderabad,0.16446980333844968,99,0,NORMAL
5471,9,2026-01-04 21:53:00,1371.92,CREDIT,Netflix,Pune,-0.48813452713608746,84,0,NORMAL
5472,17,2026-04-24 08:56:00,3976.6,DEBIT,Myntra,Bangalore,0.023752279882208467,97,0,NORMAL
5473,28,2026-05-12 12:25:00,3586.04,DEBIT,Walmart,Hyderabad,0.4816938232428378,98,0,NORMAL
5474,6,2026-05-24 20:25:00,4630.48,DEBIT,Amazon,Delhi,1.216676108624884,117,0,NORMAL
5475,2,2026-05-02 14:10:00,3656.84,DEBIT,Myntra,Ludhiana,0.5908699019749335,117,0,NORMAL
5476,39,2026-02-23 10:14:00,1188.91,DEBIT,Uber,Pune,-0.4419144749431835,101,0,NORMAL
5477,30,2026-06-19 00:42:00,2351.46,CREDIT,Uber,Pune,-0.15594955197030586,92,0,NORMAL
5478,11,2026-01-28 22:41:00,3585.66,CREDIT,Shell,Hyderabad,-0.011270279376443728,118,0,NORMAL
5479,98,2026-07-21 14:31:00,3301.22,DEBIT,Myntra,Chandigarh,0.39964728979038544,114,0,NORMAL
5480,55,2026-05-16 02:25:00,1073.29,DEBIT,Walmart,Mumbai,-1.0992606753155783,118,0,NORMAL
5481,65,2026-07-15 12:46:00,2467.65,DEBIT,Walmart,Ludhiana,-0.13929689476359036,112,0,NORMAL
5482,74,2026-02-28 12:32:00,1340.19,DEBIT,Amazon,Bangalore,-0.33310451067228325,119,0,NORMAL
5483,65,2026-04-27 04:12:00,3251.9,DEBIT,Flipkart,Pune,-0.035100486050785085,112,0,NORMAL
5484,65,2026-01-31 18:19:00,2478.57,DEBIT,Myntra,Hyderabad,-0.13784605028396799,112,0,NORMAL
5485,93,2026-07-01 13:06:00,1867.51,DEBIT,Local Store,Pune,-0.6860462339539835,100,0,NORMAL
5486,52,2026-01-15 13:57:00,4838.81,DEBIT,Netflix,Pune,0.3775543187736644,116,0,NORMAL
5487,82,2026-05-01 16:16:00,3402.1,DEBIT,Local Store,Mumbai,-0.00288174533000157,107,0,NORMAL
5488,73,2026-04-29 10:25:00,1206.93,CREDIT,Netflix,Pune,-0.7840693395114261,111,0,NORMAL
5489,51,2026-03-11 14:50:00,5707.85,CREDIT,Netflix,Ludhiana,0.32111828808642173,108,0,NORMAL
5490,24,2026-04-26 02:59:00,2794.22,DEBIT,Apple,Delhi,0.006025881774157692,95,0,NORMAL
5491,53,2026-02-21 01:43:00,1369.62,DEBIT,Amazon,Pune,-0.4112953942020924,105,0,NORMAL
5492,60,2026-05-10 07:02:00,5997.97,DEBIT,Netflix,Chandigarh,0.6081015248390937,106,0,NORMAL
5493,72,2026-05-07 18:59:00,3971.09,DEBIT,Flipkart,Hyderabad,0.6690973661525665,98,0,NORMAL
5494,29,2026-01-14 02:40:00,4769.78,DEBIT,Myntra,Hyderabad,1.4005679452970037,99,0,NORMAL
5495,67,2026-07-03 06:12:00,3239.63,DEBIT,Shell,Ludhiana,-0.07923088386434365,98,0,NORMAL
5496,76,2026-02-19 07:21:00,3514.48,DEBIT,Walmart,Hyderabad,0.041039350965422265,74,0,NORMAL
5497,5,2026-04-11 22:29:00,3325.87,DEBIT,Amazon,Hyderabad,0.590518342840478,87,0,NORMAL
5498,97,2026-01-25 18:38:00,3407.73,DEBIT,Walmart,Hyderabad,0.3039398496798075,96,0,NORMAL
5499,23,2026-07-15 16:00:00,2217.41,DEBIT,Amazon,Bangalore,-0.30060013665954993,96,0,NORMAL
5500,13,2026-04-24 02:17:00,5532.63,DEBIT,Shell,Chandigarh,1.9037130435094511,101,0,NORMAL
5501,53,2026-06-07 19:08:00,2164.76,DEBIT,Uber,Hyderabad,-0.23890021239448586,105,0,NORMAL
5502,38,2026-07-01 03:47:00,1803.99,CREDIT,Amazon,Pune,-0.5957933851078108,95,0,NORMAL
5503,34,2026-02-12 18:28:00,2763.57,CREDIT,Shell,Chandigarh,-0.06708349309760599,118,0,NORMAL
5504,60,2026-02-27 04:09:00,4215.91,DEBIT,Flipkart,Chandigarh,0.20514086264980094,106,0,NORMAL
5505,100,2026-01-11 14:42:00,678.92,CREDIT,Myntra,Mumbai,-1.4131314824107644,87,0,NORMAL
5506,18,2026-06-04 01:29:00,2269.4,DEBIT,Shell,Ludhiana,-0.5179412514438858,96,0,NORMAL
5507,79,2026-01-22 18:54:00,3967.11,CREDIT,Netflix,Pune,0.872526413312261,122,10,NORMAL
5508,100,2026-03-24 20:37:00,635.13,CREDIT,Shell,Delhi,-1.4439337312957823,87,0,NORMAL
5509,60,2026-02-21 23:12:00,1643.64,CREDIT,Apple,Chandigarh,-0.3765026412331502,106,0,NORMAL
5510,74,2026-04-13 20:36:00,941.77,DEBIT,Shell,Delhi,-0.3783185041963292,119,0,NORMAL
5511,14,2026-04-16 00:11:00,4507.06,DEBIT,Netflix,Mumbai,0.11959115053919143,112,0,NORMAL
5512,32,2026-05-11 01:54:00,807.52,DEBIT,Swiggy,Hyderabad,-0.6714109774531216,107,0,NORMAL
5513,48,2026-01-30 08:56:00,968.65,DEBIT,Myntra,Delhi,-0.37817068712263535,102,0,NORMAL
5514,3,2026-06-17 14:06:00,1370.42,DEBIT,Apple,Mumbai,-0.3105595978239053,94,0,NORMAL
5515,94,2026-04-18 18:38:00,3653.02,DEBIT,Amazon,Hyderabad,-0.009302402026864493,103,0,NORMAL
5516,89,2026-04-25 18:16:00,2374.19,DEBIT,Walmart,Pune,-0.1811119993092553,103,0,NORMAL
5517,86,2026-01-25 04:44:00,1593.34,DEBIT,Walmart,Ludhiana,-0.7939978448226311,76,0,NORMAL
5518,4,2026-01-05 05:11:00,4479.2,DEBIT,Myntra,Delhi,1.4817041811895262,105,0,NORMAL
5519,32,2026-05-12 05:55:00,3436.52,CREDIT,Uber,Mumbai,0.1631183317854511,107,0,NORMAL
5520,10,2026-03-01 16:37:00,4231.87,DEBIT,Swiggy,Hyderabad,0.0050583710924091895,91,0,NORMAL
5521,57,2026-03-14 21:04:00,4791.76,DEBIT,Shell,Bangalore,0.18170710649974436,107,0,NORMAL
5522,86,2026-02-13 15:52:00,959.3,CREDIT,Walmart,Hyderabad,-1.2079097447109097,76,0,NORMAL
5523,53,2026-04-24 06:17:00,844.06,DEBIT,Apple,Pune,-0.5252426383990962,105,0,NORMAL
5524,19,2026-07-14 09:37:00,1554.18,DEBIT,Apple,Hyderabad,-0.8747825301861354,98,0,NORMAL
5525,43,2026-07-14 21:39:00,1150.43,CREDIT,Uber,Chandigarh,-0.389818310773603,97,0,NORMAL
5526,68,2026-05-15 06:08:00,1246.69,DEBIT,Amazon,Ludhiana,-0.46399114953128867,100,0,NORMAL
5527,14,2026-01-12 10:22:00,1111.8,DEBIT,Uber,Hyderabad,-0.3583768680894725,112,0,NORMAL
5528,25,2026-05-15 20:56:00,772.68,DEBIT,Local Store,Mumbai,-1.2806366530092377,97,0,NORMAL
5529,45,2026-05-02 08:03:00,2208.28,DEBIT,Uber,Ludhiana,-0.1771831608793638,97,0,NORMAL
5530,67,2026-04-10 04:59:00,57406.11,DEBIT,Amazon,Mumbai,7.7564479869160765,98,90,HIGH
5531,64,2026-06-14 05:27:00,2488.35,CREDIT,Netflix,Bangalore,-0.13060522599474464,110,0,NORMAL
5532,34,2026-02-17 21:09:00,3976.07,CREDIT,Flipkart,Mumbai,0.7955065834860328,118,0,NORMAL
5533,36,2026-04-10 13:38:00,2619.95,DEBIT,Local Store,Chandigarh,-0.12306117492151172,85,0,NORMAL
5534,34,2026-04-22 10:54:00,4271.0,DEBIT,Swiggy,Bangalore,1.0053240608359812,118,0,NORMAL
5535,7,2026-02-19 09:54:00,952.48,CREDIT,Swiggy,Bangalore,-0.4054567759563416,93,0,NORMAL
5536,70,2026-06-16 13:28:00,2498.26,CREDIT,Flipkart,Hyderabad,-0.23260363054836683,90,0,NORMAL
5537,47,2026-07-24 18:57:00,2731.55,CREDIT,Flipkart,Pune,-0.07152328181727875,103,0,NORMAL
5538,38,2026-02-06 15:43:00,3462.43,DEBIT,Uber,Delhi,0.6124409850426253,95,0,NORMAL
5539,3,2026-04-03 05:12:00,4453.83,CREDIT,Flipkart,Pune,0.06702794281328285,94,0,NORMAL
5540,26,2026-06-08 01:34:00,4115.79,DEBIT,Amazon,Ludhiana,0.9207868929256148,98,0,NORMAL
5541,79,2026-04-03 01:37:00,4580.54,DEBIT,Myntra,Delhi,1.2936655517906486,122,10,NORMAL
5542,57,2026-02-19 13:02:00,2651.12,DEBIT,Flipkart,Pune,-0.13873143165196622,107,0,NORMAL
5543,14,2026-01-21 16:04:00,3542.98,DEBIT,Netflix,Mumbai,-0.01612729441039194,112,0,NORMAL
5544,48,2026-04-19 04:30:00,858.5,CREDIT,Netflix,Pune,-0.391173739438844,102,0,NORMAL
5545,82,2026-02-26 06:31:00,3753.83,DEBIT,Myntra,Ludhiana,0.055841190246342085,107,0,NORMAL
5546,74,2026-03-30 09:35:00,1945.35,DEBIT,Swiggy,Delhi,-0.26442899156929733,119,0,NORMAL
5547,64,2026-04-22 12:26:00,3087.03,DEBIT,Local Store,Pune,0.26565985048669005,110,0,NORMAL
5548,96,2026-05-09 21:38:00,5697.86,DEBIT,Myntra,Pune,1.7760848994558742,96,0,NORMAL
5549,65,2026-06-29 12:00:00,5268.37,DEBIT,Apple,Pune,0.23281017034336274,112,0,NORMAL
5550,94,2026-06-09 23:57:00,5945.18,CREDIT,Walmart,Ludhiana,0.3756109689080757,103,0,NORMAL
5551,30,2026-02-28 18:20:00,1351.89,CREDIT,Netflix,Ludhiana,-0.37719161695010095,92,0,NORMAL
5552,27,2026-02-17 02:12:00,2954.43,DEBIT,Myntra,Chandigarh,0.1401945710156774,90,0,NORMAL
5553,14,2026-04-11 18:28:00,3023.17,DEBIT,Amazon,Bangalore,-0.08930359188491988,112,0,NORMAL
5554,94,2026-05-14 11:15:00,4198.79,DEBIT,Walmart,Delhi,0.08234659736897275,103,0,NORMAL
5555,21,2026-01-06 19:00:00,3021.35,DEBIT,Flipkart,Delhi,-0.09360226900726742,122,10,NORMAL
5556,18,2026-07-13 15:47:00,4055.19,CREDIT,Local Store,Mumbai,0.6856330421777171,96,0,NORMAL
5557,5,2026-05-10 19:12:00,2058.73,DEBIT,Uber,Hyderabad,-0.2533447547649761,87,0,NORMAL
5558,68,2026-06-11 01:20:00,3405.17,CREDIT,Swiggy,Chandigarh,0.054397282538342,100,0,NORMAL
5559,62,2026-04-07 11:33:00,4662.38,DEBIT,Netflix,Hyderabad,1.4561063494686792,102,0,NORMAL
5560,30,2026-06-16 07:38:00,5526.8,CREDIT,Netflix,Pune,0.5468714396690417,92,0,NORMAL
5561,18,2026-03-10 02:57:00,3076.03,DEBIT,Walmart,Hyderabad,0.025705612108936043,96,0,NORMAL
5562,45,2026-05-19 02:51:00,1015.89,DEBIT,Amazon,Chandigarh,-0.3541834172461416,97,0,NORMAL
5563,57,2026-04-02 12:36:00,4488.13,DEBIT,Shell,Chandigarh,0.13625586138659881,107,0,NORMAL
5564,73,2026-05-05 23:30:00,3736.1,DEBIT,Netflix,Hyderabad,0.9257420591046377,111,0,NORMAL
5565,64,2026-01-10 14:12:00,995.19,DEBIT,Flipkart,Mumbai,-1.1189247983857025,110,0,NORMAL
5566,1,2026-01-24 20:17:00,2527.79,DEBIT,Shell,Chandigarh,-0.1751644497850018,112,0,NORMAL
5567,29,2026-03-18 07:26:00,810.61,DEBIT,Netflix,Chandigarh,-1.1519102226207654,99,0,NORMAL
5568,58,2026-02-08 09:26:00,1330.18,CREDIT,Uber,Ludhiana,-0.35034941747810094,99,0,NORMAL
5569,61,2026-04-24 08:32:00,5711.39,DEBIT,Shell,Bangalore,0.6639222887730769,81,0,NORMAL
5570,7,2026-06-15 05:57:00,3939.69,CREDIT,Flipkart,Ludhiana,0.11239471636787969,93,0,NORMAL
5571,82,2026-01-07 17:58:00,3808.07,DEBIT,Amazon,Ludhiana,0.06489680684333664,107,0,NORMAL
5572,8,2026-07-24 04:07:00,1867.68,DEBIT,Myntra,Delhi,-0.2545542950008284,91,0,NORMAL
5573,21,2026-04-12 16:21:00,5884.85,CREDIT,Flipkart,Mumbai,0.36659844062205554,122,10,NORMAL
5574,32,2026-04-28 17:28:00,3910.69,DEBIT,Local Store,Chandigarh,0.31363516805842717,107,0,NORMAL
5575,99,2026-07-07 21:42:00,676.53,DEBIT,Myntra,Bangalore,-0.6983858962351331,103,0,NORMAL
5576,15,2026-01-11 18:15:00,2824.4,DEBIT,Netflix,Mumbai,-0.062050551453440995,91,0,NORMAL
5577,26,2026-06-07 23:54:00,719.81,DEBIT,Amazon,Ludhiana,-1.2610450073605595,98,0,NORMAL
5578,37,2026-01-05 06:59:00,4160.11,DEBIT,Uber,Hyderabad,1.0013427650135047,87,0,NORMAL
5579,94,2026-07-06 20:43:00,2723.55,DEBIT,Shell,Chandigarh,-0.16538462616606017,103,0,NORMAL
5580,64,2026-06-26 10:26:00,2771.12,DEBIT,Flipkart,Bangalore,0.05655966288855734,110,0,NORMAL
5581,88,2026-02-05 07:18:00,3004.45,DEBIT,Apple,Bangalore,-0.1218247082558715,104,0,NORMAL
5582,6,2026-06-09 09:00:00,1820.87,CREDIT,Uber,Mumbai,-0.5748893847831699,117,0,NORMAL
5583,51,2026-07-02 15:57:00,2204.41,DEBIT,Swiggy,Bangalore,-0.22188313519304997,108,0,NORMAL
5584,14,2026-02-18 21:49:00,3638.86,DEBIT,Amazon,Bangalore,-0.002629779160862789,112,0,NORMAL
5585,29,2026-04-05 09:21:00,3269.42,CREDIT,Swiggy,Mumbai,0.4332853724301898,99,0,NORMAL
5586,14,2026-03-12 09:46:00,3674.59,DEBIT,Apple,Ludhiana,0.0024001146633516064,112,0,NORMAL
5587,26,2026-05-18 12:02:00,4789.37,CREDIT,Myntra,Bangalore,1.3535451339620053,98,0,NORMAL
5588,5,2026-07-23 19:07:00,2320.17,CREDIT,Swiggy,Ludhiana,-0.07923647293505201,87,0,NORMAL
5589,66,2026-05-12 00:52:00,4783.17,CREDIT,Shell,Bangalore,1.3065243943987626,95,0,NORMAL
5590,58,2026-02-01 07:51:00,1220.41,DEBIT,Amazon,Chandigarh,-0.3693081630245886,99,0,NORMAL
5591,83,2026-04-16 11:24:00,2780.26,CREDIT,Walmart,Ludhiana,-0.056390804014346124,101,0,NORMAL
5592,58,2026-06-13 20:18:00,3770.36,DEBIT,Shell,Ludhiana,0.07110226975546333,99,0,NORMAL
5593,41,2026-03-19 11:08:00,1333.89,DEBIT,Walmart,Chandigarh,-0.39801531257684086,100,0,NORMAL
5594,95,2026-07-09 21:15:00,1724.94,DEBIT,Uber,Bangalore,-0.5979302539354202,113,0,NORMAL
5595,32,2026-04-17 13:52:00,4743.42,DEBIT,Amazon,Chandigarh,0.5779705015244738,107,0,NORMAL
5596,81,2026-01-25 20:34:00,3202.19,DEBIT,Shell,Hyderabad,-0.09610702370080931,105,0,NORMAL
5597,58,2026-02-20 19:30:00,2257.11,DEBIT,Amazon,Hyderabad,-0.19025622253042998,99,0,NORMAL
5598,100,2026-02-27 21:40:00,3388.02,CREDIT,Myntra,Mumbai,0.4924719077331509,87,0,NORMAL
5599,44,2026-03-09 04:58:00,4694.93,CREDIT,Walmart,Mumbai,0.06125701382695428,99,0,NORMAL
5600,32,2026-05-05 07:18:00,605.61,DEBIT,Myntra,Pune,-0.735503717212863,107,0,NORMAL
5601,65,2026-02-21 15:36:00,3533.13,DEBIT,Apple,Mumbai,0.0022640737481339156,112,0,NORMAL
5602,44,2026-01-03 12:21:00,5068.63,DEBIT,Local Store,Ludhiana,0.10391758014109995,99,0,NORMAL
5603,93,2026-07-15 18:25:00,5037.15,DEBIT,Netflix,Chandigarh,1.4151632043386109,100,0,NORMAL
5604,84,2026-03-16 20:01:00,2713.54,DEBIT,Amazon,Mumbai,-0.1364660690125926,95,0,NORMAL
5605,35,2026-05-04 04:47:00,960.91,DEBIT,Netflix,Mumbai,-1.3446873648550564,103,0,NORMAL
5606,76,2026-07-15 04:33:00,2536.91,DEBIT,Apple,Ludhiana,-0.16074166751977773,74,0,NORMAL
5607,87,2026-01-11 01:17:00,4227.27,CREDIT,Myntra,Hyderabad,0.6894530958432518,85,0,NORMAL
5608,6,2026-04-10 03:52:00,1480.22,DEBIT,Swiggy,Delhi,-0.7921070005125606,117,0,NORMAL
5609,36,2026-04-12 03:15:00,4059.39,CREDIT,Local Store,Delhi,0.07180053794310123,85,0,NORMAL
5610,94,2026-04-23 10:57:00,5599.61,DEBIT,Apple,Mumbai,0.31758076438745436,103,0,NORMAL
5611,50,2026-05-19 22:16:00,4077.68,CREDIT,Netflix,Ludhiana,0.03486475288073837,118,0,NORMAL
5612,90,2026-01-29 21:14:00,3075.07,DEBIT,Flipkart,Chandigarh,-0.1441066576603389,93,0,NORMAL
5613,91,2026-05-17 09:47:00,2680.27,DEBIT,Shell,Chandigarh,-0.1753008751460274,100,0,NORMAL
5614,55,2026-07-16 07:43:00,1076.5,DEBIT,Myntra,Bangalore,-1.0968049338839478,118,0,NORMAL
5615,9,2026-01-24 03:02:00,1323.73,DEBIT,Apple,Delhi,-0.5015154595366351,84,0,NORMAL
5616,93,2026-06-21 04:01:00,3865.07,DEBIT,Uber,Chandigarh,0.6381710038256242,100,0,NORMAL
5617,27,2026-02-19 15:28:00,3467.95,DEBIT,Netflix,Pune,0.5048438953735294,90,0,NORMAL
5618,29,2026-07-10 20:07:00,2655.8,DEBIT,Uber,Delhi,0.03768436176439337,99,0,NORMAL
5619,41,2026-03-19 01:10:00,3868.34,CREDIT,Uber,Pune,0.11886353565269422,100,0,NORMAL
5620,90,2026-07-06 05:10:00,552.21,DEBIT,Apple,Hyderabad,-0.3535961212369877,93,0,NORMAL
5621,45,2026-04-07 19:37:00,2998.35,DEBIT,Walmart,Pune,-0.05990392124493207,97,0,NORMAL
5622,60,2026-01-03 13:44:00,2970.76,DEBIT,Apple,Bangalore,-0.07641333222859692,106,0,NORMAL
5623,54,2026-05-27 07:35:00,3476.03,CREDIT,Apple,Bangalore,-0.09666939919388906,89,0,NORMAL
5624,57,2026-06-13 21:12:00,2478.29,DEBIT,Swiggy,Bangalore,-0.16460284980203355,107,0,NORMAL
5625,61,2026-05-24 11:15:00,2345.69,DEBIT,Amazon,Ludhiana,-0.23548435022927697,81,0,NORMAL
5626,46,2026-05-05 12:38:00,1416.33,DEBIT,Uber,Ludhiana,-0.30737227189308336,94,0,NORMAL
5627,56,2026-05-13 10:33:00,2691.84,DEBIT,Amazon,Bangalore,-0.09360242697923106,101,0,NORMAL
5628,74,2026-07-12 16:23:00,2016.04,DEBIT,Uber,Ludhiana,-0.25640686114859856,119,0,NORMAL
5629,72,2026-04-11 10:37:00,3529.56,DEBIT,Uber,Mumbai,0.3951926717886577,98,0,NORMAL
5630,1,2026-07-21 17:01:00,2423.13,DEBIT,Flipkart,Pune,-0.18637962523639184,112,0,NORMAL
5631,6,2026-03-26 12:38:00,1743.16,DEBIT,Shell,Chandigarh,-0.6244416552024592,117,0,NORMAL
5632,88,2026-06-24 09:09:00,1375.13,DEBIT,Uber,Bangalore,-0.29052461442387845,104,0,NORMAL
5633,54,2026-02-01 22:30:00,3056.27,DEBIT,Apple,Mumbai,-0.14988195641883723,89,0,NORMAL
5634,8,2026-03-11 03:31:00,1561.86,DEBIT,Local Store,Hyderabad,-0.2897011299111845,91,0,NORMAL
5635,31,2026-07-05 01:40:00,1747.98,CREDIT,Apple,Pune,-0.24138269588936642,104,0,NORMAL
5636,3,2026-07-13 14:44:00,2331.17,DEBIT,Flipkart,Bangalore,-0.19290828655904643,94,0,NORMAL
5637,67,2026-07-27 08:28:00,2009.7,DEBIT,Swiggy,Delhi,-0.2571515557178398,98,0,NORMAL
5638,44,2026-06-16 13:20:00,1070.03,DEBIT,Apple,Bangalore,-0.3525516209928121,99,0,NORMAL
5639,59,2026-07-28 05:04:00,2887.61,CREDIT,Shell,Mumbai,-0.11146397794657405,92,0,NORMAL
5640,84,2026-02-02 09:37:00,2669.71,DEBIT,Netflix,Bangalore,-0.14185430757808584,95,0,NORMAL
5641,45,2026-04-01 02:11:00,7444.78,DEBIT,Netflix,Hyderabad,0.6001311762625375,97,0,NORMAL
5642,70,2026-07-15 14:06:00,3135.07,DEBIT,Swiggy,Pune,0.25961748135329454,90,0,NORMAL
5643,33,2026-07-12 20:06:00,72075.85,DEBIT,Swiggy,Bangalore,7.136968189168493,91,90,HIGH
5644,16,2026-02-10 08:32:00,1710.87,DEBIT,Swiggy,Mumbai,-0.33096456178796957,95,0,NORMAL
5645,34,2026-03-03 05:03:00,5229.99,DEBIT,Local Store,Mumbai,1.6875634485002644,118,0,NORMAL
5646,51,2026-07-15 09:35:00,3755.05,DEBIT,Apple,Mumbai,0.018452000272115715,108,0,NORMAL
5647,56,2026-06-16 14:20:00,2632.65,CREDIT,Netflix,Chandigarh,-0.10901506095985554,101,0,NORMAL
5648,62,2026-01-18 16:46:00,3329.85,CREDIT,Walmart,Hyderabad,0.510675374875192,102,0,NORMAL
5649,1,2026-01-29 01:31:00,1590.62,DEBIT,Local Store,Hyderabad,-0.2755898843137539,112,0,NORMAL
5650,8,2026-04-24 21:21:00,3435.59,CREDIT,Uber,Hyderabad,-0.07435982137485064,91,0,NORMAL
5651,2,2026-02-16 19:46:00,1700.94,DEBIT,Walmart,Hyderabad,-0.8134885281051395,117,0,NORMAL
5652,47,2026-04-10 18:23:00,3108.47,DEBIT,Flipkart,Pune,0.011304803123719563,103,0,NORMAL
5653,49,2026-03-08 13:57:00,957.95,DEBIT,Uber,Delhi,-1.0324954895222624,95,0,NORMAL
5654,13,2026-03-21 00:45:00,3813.85,DEBIT,Netflix,Ludhiana,0.7189124541564492,101,0,NORMAL
5655,28,2026-02-17 20:51:00,4032.2,DEBIT,Swiggy,Mumbai,0.7860453006123324,98,0,NORMAL
5656,42,2026-04-11 16:13:00,1966.45,DEBIT,Amazon,Mumbai,-0.2711501296298589,104,0,NORMAL
5657,7,2026-07-11 21:27:00,2597.44,DEBIT,Apple,Delhi,-0.12029269615825205,93,0,NORMAL
5658,87,2026-02-21 09:19:00,2689.34,DEBIT,Apple,Ludhiana,-0.19191852227460254,85,0,NORMAL
5659,39,2026-01-06 06:33:00,1455.19,DEBIT,Local Store,Mumbai,-0.3784194118354314,101,0,NORMAL
5660,95,2026-07-07 16:25:00,4289.9,CREDIT,Amazon,Hyderabad,1.0348775522819067,113,0,NORMAL
5661,75,2026-02-20 20:50:00,4230.9,DEBIT,Apple,Bangalore,0.07433949423407854,89,0,NORMAL
5662,1,2026-02-01 07:49:00,1430.28,CREDIT,Amazon,Ludhiana,-0.29277162740448465,112,0,NORMAL
5663,2,2026-04-30 14:52:00,3290.66,DEBIT,Netflix,Mumbai,0.3279485001002357,117,0,NORMAL
5664,97,2026-03-22 07:44:00,5214.86,DEBIT,Myntra,Chandigarh,1.589364689637614,96,0,NORMAL
5665,46,2026-05-10 23:13:00,1869.78,DEBIT,Myntra,Mumbai,-0.2329921216465087,94,0,NORMAL
5666,44,2026-02-08 20:42:00,2006.8,DEBIT,Apple,Chandigarh,-0.24561252892403432,99,0,NORMAL
5667,13,2026-03-31 22:52:00,1042.8,DEBIT,Local Store,Mumbai,-1.1912457238108505,101,0,NORMAL
5668,99,2026-04-07 22:34:00,3620.04,CREDIT,Uber,Chandigarh,0.2168595881590097,103,0,NORMAL
5669,91,2026-02-05 18:16:00,773.86,DEBIT,Netflix,Bangalore,-0.4042152779034076,100,0,NORMAL
5670,29,2026-06-08 23:37:00,3608.19,DEBIT,Uber,Chandigarh,0.6516905000062986,99,0,NORMAL
5671,80,2026-07-03 14:10:00,2894.95,CREDIT,Uber,Bangalore,-0.11140632434350271,84,0,NORMAL
5672,58,2026-07-25 16:47:00,2406.18,DEBIT,Walmart,Hyderabad,-0.16450984192903692,99,0,NORMAL
5673,17,2026-02-10 17:59:00,3023.27,DEBIT,Local Store,Delhi,-0.08616195908932389,97,0,NORMAL
5674,19,2026-03-30 06:18:00,4715.78,DEBIT,Local Store,Pune,1.2229547219246488,98,0,NORMAL
5675,47,2026-03-07 19:30:00,1816.6,DEBIT,Walmart,Hyderabad,-0.2725833378418105,103,0,NORMAL
5676,95,2026-03-10 01:47:00,819.0,CREDIT,Uber,Delhi,-1.1746355062452127,113,0,NORMAL
5677,91,2026-01-17 16:42:00,1780.09,DEBIT,Amazon,Pune,-0.28339103784667335,100,0,NORMAL
5678,36,2026-04-02 10:53:00,2947.48,DEBIT,Netflix,Chandigarh,-0.07872236481859203,85,0,NORMAL
5679,35,2026-06-02 08:03:00,1871.39,CREDIT,Local Store,Delhi,-0.6908257037127675,103,0,NORMAL
5680,33,2026-01-03 17:08:00,1329.69,DEBIT,Amazon,Chandigarh,-0.29670435800730127,91,0,NORMAL
5681,81,2026-07-02 03:02:00,1823.67,DEBIT,Netflix,Bangalore,-0.28555031865012437,105,0,NORMAL
5682,21,2026-07-04 16:36:00,1796.01,DEBIT,Myntra,Ludhiana,-0.290529923114896,122,10,NORMAL
5683,41,2026-07-16 18:08:00,4442.75,DEBIT,Flipkart,Mumbai,0.23600941709108406,100,0,NORMAL
5684,6,2026-01-22 20:15:00,682.82,DEBIT,Swiggy,Mumbai,-1.300574127424688,117,0,NORMAL
5685,82,2026-06-23 05:59:00,3806.31,DEBIT,Myntra,Bangalore,0.06460296677676745,107,0,NORMAL
5686,37,2026-02-13 21:46:00,3094.93,DEBIT,Myntra,Mumbai,0.28527376780982167,87,0,NORMAL
5687,71,2026-04-10 20:09:00,4690.16,DEBIT,Swiggy,Pune,1.4098395927658602,99,0,NORMAL
5688,28,2026-05-18 19:44:00,1368.91,DEBIT,Flipkart,Pune,-1.030738467908829,98,0,NORMAL
5689,98,2026-01-24 16:29:00,4179.72,CREDIT,Flipkart,Bangalore,1.0475422757325887,114,0,NORMAL
5690,96,2026-02-14 02:04:00,1781.74,DEBIT,Myntra,Bangalore,-0.6631125424858221,96,0,NORMAL
5691,64,2026-07-07 09:17:00,2005.14,CREDIT,Flipkart,Delhi,-0.45044094391850004,110,0,NORMAL
5692,94,2026-07-27 02:57:00,3988.04,DEBIT,Swiggy,Bangalore,0.046956182683899,103,0,NORMAL
5693,91,2026-05-30 22:43:00,3293.81,DEBIT,Amazon,Delhi,-0.10162934453731097,100,0,NORMAL
5694,82,2026-03-25 06:06:00,5820.18,CREDIT,Netflix,Chandigarh,0.4008277934026771,107,0,NORMAL
5695,96,2026-07-07 19:27:00,2296.77,DEBIT,Apple,Pune,-0.3423205701960986,96,0,NORMAL
5696,18,2026-03-08 23:55:00,1290.47,DEBIT,Uber,Bangalore,-1.1777136677162336,96,0,NORMAL
5697,12,2026-05-15 01:57:00,3222.75,DEBIT,Netflix,Chandigarh,-0.09920495232722483,99,0,NORMAL
5698,83,2026-05-31 10:42:00,1351.02,DEBIT,Amazon,Bangalore,-0.27902637025069116,101,0,NORMAL
5699,9,2026-06-21 19:12:00,2131.95,DEBIT,Amazon,Ludhiana,-0.27709675887735663,84,0,NORMAL
5700,10,2026-03-07 03:34:00,1367.45,DEBIT,Local Store,Ludhiana,-0.3425369128126087,91,0,NORMAL
5701,19,2026-02-24 02:31:00,920.57,DEBIT,Apple,Pune,-1.295185901994686,98,0,NORMAL
5702,25,2026-05-15 10:49:00,2858.34,DEBIT,Amazon,Delhi,0.0765053164226786,97,0,NORMAL
5703,92,2026-02-18 10:55:00,3509.29,DEBIT,Shell,Bangalore,0.020683690521875082,119,0,NORMAL
5704,4,2026-04-30 13:47:00,1268.1,DEBIT,Netflix,Ludhiana,-1.0889124926330231,105,0,NORMAL
5705,7,2026-04-18 01:31:00,1993.88,DEBIT,Myntra,Chandigarh,-0.22492358809661828,93,0,NORMAL
5706,59,2026-06-09 13:56:00,4011.67,DEBIT,Shell,Mumbai,0.04790535041908623,92,0,NORMAL
5707,40,2026-07-24 14:54:00,1443.29,DEBIT,Netflix,Chandigarh,-0.30310072578210234,109,0,NORMAL
5708,88,2026-07-25 17:38:00,4627.33,DEBIT,Apple,Mumbai,0.046208399864040614,104,0,NORMAL
5709,67,2026-01-06 23:18:00,2818.2,DEBIT,Shell,Bangalore,-0.14019460435186645,98,0,NORMAL
5710,43,2026-06-05 12:42:00,4094.92,DEBIT,Uber,Ludhiana,0.20234680930273902,97,0,NORMAL
5711,62,2026-03-18 17:15:00,3127.33,CREDIT,Uber,Bangalore,0.36698729207429975,102,0,NORMAL
5712,58,2026-03-31 05:15:00,4662.36,DEBIT,Apple,Pune,0.22516258703219663,99,0,NORMAL
5713,53,2026-01-20 23:18:00,5323.54,DEBIT,Apple,Chandigarh,0.4459583689751233,105,0,NORMAL
5714,23,2026-03-29 17:34:00,944.44,DEBIT,Apple,Pune,-1.1550086593406241,96,0,NORMAL
5715,33,2026-05-09 16:23:00,5578.96,DEBIT,Walmart,Bangalore,0.14978887561184753,91,0,NORMAL
5716,77,2026-07-19 02:24:00,3645.68,DEBIT,Amazon,Chandigarh,0.6965661591800749,84,0,NORMAL
5717,66,2026-07-09 07:25:00,1561.77,CREDIT,Shell,Chandigarh,-0.8628571488621523,95,0,NORMAL
5718,79,2026-04-02 05:36:00,4830.65,DEBIT,Local Store,Bangalore,1.4653739943592048,122,10,NORMAL
5719,3,2026-05-12 03:42:00,3155.23,DEBIT,Walmart,Ludhiana,-0.09199572911858886,94,0,NORMAL
5720,55,2026-02-01 13:24:00,1965.91,DEBIT,Netflix,Pune,-0.416380950486284,118,0,NORMAL
5721,39,2026-03-27 16:23:00,2419.49,DEBIT,Walmart,Ludhiana,-0.14847991448375142,101,0,NORMAL
5722,32,2026-03-11 09:36:00,1329.95,DEBIT,Apple,Chandigarh,-0.5055748621904713,107,0,NORMAL
5723,54,2026-03-16 02:07:00,3514.27,CREDIT,Myntra,Chandigarh,-0.0918217524712809,89,0,NORMAL
5724,78,2026-07-20 15:00:00,3213.66,DEBIT,Amazon,Delhi,-0.018803956687149195,102,0,NORMAL
5725,100,2026-05-21 09:02:00,4646.5,DEBIT,Netflix,Delhi,1.3776971686789685,87,0,NORMAL
5726,65,2026-01-03 03:35:00,5842.12,DEBIT,Uber,Mumbai,0.30903929307077366,112,0,NORMAL
5727,75,2026-05-24 19:22:00,1000.71,DEBIT,Netflix,Pune,-0.4590213782926226,89,0,NORMAL
5728,9,2026-07-21 10:55:00,1953.86,DEBIT,Uber,Delhi,-0.3265470649826385,84,0,NORMAL
5729,22,2026-06-05 06:21:00,2821.42,DEBIT,Myntra,Mumbai,-0.13455303499989857,108,0,NORMAL
5730,5,2026-05-07 14:06:00,4747.98,DEBIT,Local Store,Delhi,1.5375850834813638,87,0,NORMAL
5731,32,2026-01-06 00:04:00,979.08,DEBIT,Amazon,Pune,-0.6169523056033804,107,0,NORMAL
5732,1,2026-01-29 19:54:00,2577.22,DEBIT,Myntra,Chandigarh,-0.16986762079052248,112,0,NORMAL
5733,44,2026-04-18 01:14:00,5774.1,DEBIT,Apple,Ludhiana,0.1844520990537046,99,0,NORMAL
5734,31,2026-07-05 19:10:00,1144.06,DEBIT,Myntra,Delhi,-0.3255115012465339,104,0,NORMAL
5735,48,2026-02-11 23:14:00,3905.52,DEBIT,Walmart,Chandigarh,-0.03147732120430842,102,0,NORMAL
5736,81,2026-07-21 03:22:00,1044.48,DEBIT,Myntra,Delhi,-0.3926306083750154,105,0,NORMAL
5737,18,2026-04-03 15:59:00,2252.04,DEBIT,Amazon,Delhi,-0.5296414232094748,96,0,NORMAL
5738,80,2026-07-09 04:59:00,1516.47,CREDIT,Amazon,Hyderabad,-0.3180969621910779,84,0,NORMAL
5739,70,2026-02-11 12:25:00,5187.99,DEBIT,Uber,Hyderabad,1.8464181990636925,90,0,NORMAL
5740,27,2026-01-05 14:15:00,1675.61,DEBIT,Amazon,Bangalore,-0.7678924537843465,90,0,NORMAL
5741,77,2026-03-26 23:47:00,4607.72,DEBIT,Uber,Pune,1.342932175891737,84,0,NORMAL
5742,95,2026-06-14 03:44:00,4639.2,DEBIT,Swiggy,Mumbai,1.257235704733295,113,0,NORMAL
5743,47,2026-02-10 16:04:00,1574.59,DEBIT,Walmart,Chandigarh,-0.32576498072775717,103,0,NORMAL
5744,60,2026-03-02 07:14:00,1881.55,DEBIT,Shell,Pune,-0.32270626448856554,106,0,NORMAL
5745,28,2026-01-31 09:07:00,896.39,DEBIT,Swiggy,Chandigarh,-1.353071622128467,98,0,NORMAL
5746,65,2026-06-20 11:54:00,1245.52,CREDIT,Shell,Chandigarh,-0.3016705727746592,112,0,NORMAL
5747,95,2026-03-10 17:46:00,967.93,DEBIT,Shell,Chandigarh,-1.0798293234665548,113,0,NORMAL
5748,33,2026-03-27 03:30:00,3540.06,DEBIT,Amazon,Mumbai,-0.06444911209570754,91,0,NORMAL
5749,22,2026-05-04 01:33:00,619.6,DEBIT,Netflix,Pune,-0.49978883902307125,108,0,NORMAL
5750,3,2026-05-12 10:35:00,1690.68,DEBIT,Netflix,Delhi,-0.27134126949116144,94,0,NORMAL
5751,78,2026-06-12 21:04:00,2894.7,DEBIT,Flipkart,Hyderabad,-0.11228133210897812,102,0,NORMAL
5752,41,2026-04-27 11:24:00,467.33,DEBIT,Uber,Ludhiana,-0.5747426241125926,100,0,NORMAL
5753,38,2026-07-03 13:50:00,2146.94,CREDIT,Apple,Chandigarh,-0.3459417309972658,95,0,NORMAL
5754,58,2026-01-03 12:37:00,3264.26,DEBIT,Shell,Pune,-0.016307961829463542,99,0,NORMAL
5755,93,2026-04-18 02:01:00,1933.79,DEBIT,Amazon,Bangalore,-0.6421080701341071,100,0,NORMAL
5756,66,2026-01-03 19:58:00,1607.93,DEBIT,Walmart,Chandigarh,-0.8317717040130419,95,0,NORMAL
5757,21,2026-02-20 01:53:00,1685.89,DEBIT,Shell,Mumbai,-0.30822760153095363,122,10,NORMAL
5758,73,2026-07-19 05:00:00,674.41,CREDIT,Netflix,Mumbai,-1.1440723310031118,111,0,NORMAL
5759,2,2026-04-04 01:37:00,2387.22,CREDIT,Amazon,Chandigarh,-0.3207316880850198,117,0,NORMAL
5760,26,2026-01-27 13:50:00,4663.52,DEBIT,Local Store,Ludhiana,1.2726896681904123,98,0,NORMAL
5761,6,2026-01-25 01:58:00,2204.74,DEBIT,Myntra,Pune,-0.33011226413135364,117,0,NORMAL
5762,92,2026-06-22 19:16:00,4521.97,CREDIT,Walmart,Pune,0.2322843664711569,119,0,NORMAL
5763,12,2026-06-10 04:11:00,2322.44,DEBIT,Local Store,Chandigarh,-0.20896955175091395,99,0,NORMAL
5764,66,2026-02-02 14:37:00,2482.19,CREDIT,Uber,Hyderabad,-0.24302038222397895,95,0,NORMAL
5765,33,2026-04-19 09:53:00,2760.54,DEBIT,Shell,Pune,-0.14635739409962795,91,0,NORMAL
5766,11,2026-05-12 21:08:00,37813.06,DEBIT,Amazon,Ludhiana,4.786482823526741,118,90,HIGH
5767,8,2026-05-03 01:37:00,6174.36,CREDIT,Swiggy,Chandigarh,0.2403975425890369,91,0,NORMAL
5768,89,2026-01-26 22:23:00,2876.14,DEBIT,Local Store,Hyderabad,-0.08612730547623278,103,0,NORMAL
5769,44,2026-01-15 04:52:00,675.0,DEBIT,Local Store,Mumbai,-0.397647161562994,99,0,NORMAL
5770,13,2026-01-28 08:14:00,2117.25,DEBIT,Myntra,Hyderabad,-0.4505988735854972,101,0,NORMAL
5771,60,2026-07-22 02:42:00,5880.13,DEBIT,Amazon,Bangalore,0.5814554610520236,106,0,NORMAL
5772,91,2026-04-22 04:02:00,5572.22,CREDIT,Myntra,Ludhiana,0.1719533918029531,100,0,NORMAL
5773,21,2026-02-24 03:57:00,2180.17,DEBIT,Amazon,Ludhiana,-0.22879054661369094,122,10,NORMAL
5774,46,2026-03-08 11:27:00,2743.37,DEBIT,Shell,Bangalore,-0.08969571530864308,94,0,NORMAL
5775,68,2026-07-01 15:01:00,2488.45,DEBIT,Uber,Chandigarh,-0.16576553733808583,100,0,NORMAL
5776,22,2026-03-11 05:46:00,3384.17,CREDIT,Netflix,Pune,-0.04120460110700977,108,0,NORMAL
5777,93,2026-04-03 19:39:00,1269.02,DEBIT,Amazon,Hyderabad,-1.082795655567711,100,0,NORMAL
5778,79,2026-06-04 06:14:00,1695.62,DEBIT,Netflix,Pune,-0.6869234695794673,122,10,NORMAL
5779,78,2026-04-08 01:17:00,3737.96,DEBIT,Uber,Pune,0.13485226332057879,102,0,NORMAL
5780,59,2026-04-27 04:17:00,1989.91,DEBIT,Swiggy,Hyderabad,-0.23873996505923106,92,0,NORMAL
5781,87,2026-07-21 06:56:00,1887.0,DEBIT,Swiggy,Pune,-0.6517311952055417,85,0,NORMAL
5782,59,2026-02-26 14:57:00,1558.91,CREDIT,Myntra,Mumbai,-0.29984718400270344,92,0,NORMAL
5783,43,2026-01-02 01:58:00,6416.19,CREDIT,Swiggy,Pune,0.6691764226753809,97,0,NORMAL
5784,21,2026-06-04 10:04:00,490.11,DEBIT,Netflix,Mumbai,-0.5004045893292954,122,10,NORMAL
5785,35,2026-05-17 07:32:00,5149.24,DEBIT,Swiggy,Pune,1.6631638907596542,103,0,NORMAL
5786,26,2026-05-06 00:24:00,2072.45,DEBIT,Uber,Hyderabad,-0.39200776285290917,98,0,NORMAL
5787,54,2026-03-08 05:52:00,1800.31,DEBIT,Netflix,Mumbai,-0.309098754999564,89,0,NORMAL
5788,47,2026-04-07 23:21:00,3705.7,DEBIT,Flipkart,Bangalore,0.14254596084767285,103,0,NORMAL
5789,92,2026-04-09 15:07:00,1339.79,DEBIT,Apple,Mumbai,-0.43263588374834533,119,0,NORMAL
5790,11,2026-04-07 12:48:00,679.8,DEBIT,Local Store,Bangalore,-0.418593033415671,118,0,NORMAL
5791,38,2026-01-30 12:15:00,4082.34,DEBIT,Shell,Ludhiana,1.0640681578073665,95,0,NORMAL
5792,92,2026-04-20 07:40:00,2421.35,CREDIT,Swiggy,Mumbai,-0.20664265086164352,119,0,NORMAL
5793,65,2026-05-29 12:01:00,894.57,DEBIT,Apple,Hyderabad,-0.34829821655885934,112,0,NORMAL
5794,63,2026-04-02 15:10:00,3760.12,DEBIT,Swiggy,Bangalore,1.1388998670328143,88,0,NORMAL
5795,23,2026-06-10 12:52:00,4873.85,DEBIT,Netflix,Bangalore,1.4823837325525395,96,0,NORMAL
5796,28,2026-07-12 08:27:00,1617.48,DEBIT,Myntra,Bangalore,-0.8611745295689167,98,0,NORMAL
5797,98,2026-01-23 06:22:00,3708.41,CREDIT,Myntra,Bangalore,0.6999504876569826,114,0,NORMAL
5798,16,2026-01-28 09:55:00,1308.85,CREDIT,Shell,Mumbai,-0.446689767528029,95,0,NORMAL
5799,36,2026-01-18 17:41:00,1311.86,CREDIT,Flipkart,Chandigarh,-0.3001416075766218,85,0,NORMAL
5800,72,2026-03-13 13:39:00,974.19,DEBIT,Walmart,Delhi,-1.1900401296896148,98,0,NORMAL
5801,93,2026-03-28 21:01:00,3211.72,DEBIT,Myntra,Ludhiana,0.2050539348498202,100,0,NORMAL
5802,82,2026-03-03 03:55:00,4262.36,CREDIT,Apple,Mumbai,0.14074260448066392,107,0,NORMAL
5803,96,2026-06-01 08:59:00,741.86,DEBIT,Amazon,Chandigarh,-1.3108129796344108,96,0,NORMAL
5804,54,2026-02-11 14:10:00,3480.64,DEBIT,Amazon,Chandigarh,-0.09608499408428597,89,0,NORMAL
5805,77,2026-02-07 07:07:00,3363.31,DEBIT,Uber,Hyderabad,0.5068501680166391,84,0,NORMAL
5806,9,2026-01-14 11:05:00,3604.15,DEBIT,Swiggy,Bangalore,0.13168947644296444,84,0,NORMAL
5807,2,2026-01-04 06:32:00,2688.96,DEBIT,Walmart,Delhi,-0.10407893861298055,117,0,NORMAL
5808,22,2026-03-11 13:04:00,1624.58,DEBIT,Walmart,Chandigarh,-0.33308371402320386,108,0,NORMAL
5809,6,2026-06-24 23:31:00,506.28,CREDIT,Uber,Ludhiana,-1.413145969141602,117,0,NORMAL
5810,80,2026-07-06 05:00:00,3176.47,CREDIT,Netflix,Pune,-0.06919494052447787,84,0,NORMAL
5811,18,2026-04-07 05:15:00,1157.26,CREDIT,Local Store,Ludhiana,-1.2674936147723452,96,0,NORMAL
5812,38,2026-06-18 05:50:00,1453.33,DEBIT,Local Store,Chandigarh,-0.8512620570145134,95,0,NORMAL
5813,98,2026-07-03 22:59:00,1589.67,CREDIT,Apple,Mumbai,-0.8626232431514212,114,0,NORMAL
5814,5,2026-04-15 02:23:00,3672.62,DEBIT,Walmart,Bangalore,0.8214395741919398,87,0,NORMAL
5815,35,2026-06-27 19:09:00,802.9,DEBIT,Uber,Mumbai,-1.4581623243018238,103,0,NORMAL
5816,91,2026-01-25 15:49:00,5261.98,CREDIT,Flipkart,Ludhiana,0.1347009622041523,100,0,NORMAL
5817,48,2026-04-10 11:47:00,1092.51,DEBIT,Myntra,Bangalore,-0.3635491886216312,102,0,NORMAL
5818,85,2026-06-28 07:44:00,1408.93,DEBIT,Local Store,Ludhiana,-0.9116334196586368,89,0,NORMAL
5819,22,2026-06-20 20:11:00,3845.75,DEBIT,Local Store,Pune,0.03536184956607705,108,0,NORMAL
5820,69,2026-06-11 12:02:00,4487.11,DEBIT,Swiggy,Delhi,-0.0045149250626759264,112,0,NORMAL
5821,61,2026-04-10 05:57:00,1807.33,DEBIT,Shell,Delhi,-0.37934879393290694,81,0,NORMAL
5822,41,2026-03-25 16:46:00,493.48,DEBIT,Local Store,Delhi,-0.5694095609702136,100,0,NORMAL
5823,31,2026-07-13 05:40:00,2335.33,CREDIT,Flipkart,Hyderabad,-0.15956216696743591,104,0,NORMAL
5824,71,2026-05-20 11:17:00,2061.49,DEBIT,Swiggy,Pune,-0.36023594556940247,99,0,NORMAL
5825,2,2026-05-24 00:18:00,3453.26,DEBIT,Amazon,Chandigarh,0.4446971481553614,117,0,NORMAL
5826,42,2026-02-01 16:51:00,4795.75,CREDIT,Amazon,Delhi,0.3235804160893314,104,0,NORMAL
5827,65,2026-04-15 00:35:00,1296.64,DEBIT,Walmart,Ludhiana,-0.2948787074085149,112,0,NORMAL
5828,3,2026-04-12 00:09:00,5493.53,DEBIT,Flipkart,Ludhiana,0.19434729573763754,94,0,NORMAL
5829,38,2026-04-28 02:37:00,575.87,DEBIT,Swiggy,Bangalore,-1.4905238514913723,95,0,NORMAL
5830,31,2026-03-30 21:36:00,2732.13,CREDIT,Myntra,Hyderabad,-0.10428612052796703,104,0,NORMAL
5831,59,2026-06-01 22:54:00,4767.54,CREDIT,Flipkart,Hyderabad,0.15507266731653976,92,0,NORMAL
5832,100,2026-06-26 21:20:00,1804.7,CREDIT,Apple,Ludhiana,-0.6212485011416281,87,0,NORMAL
5833,96,2026-01-28 16:31:00,2710.47,DEBIT,Uber,Mumbai,-0.08464307774661302,96,0,NORMAL
5834,43,2026-04-16 17:54:00,6845.02,DEBIT,Swiggy,Chandigarh,0.7554182399144743,97,0,NORMAL
5835,76,2026-03-03 20:35:00,5804.44,CREDIT,Uber,Hyderabad,0.5137118563516028,74,0,NORMAL
5836,62,2026-03-05 18:32:00,3517.31,DEBIT,Local Store,Bangalore,0.643678377056978,102,0,NORMAL
5837,73,2026-03-18 02:29:00,4130.34,CREDIT,Local Store,Chandigarh,1.1922627144146396,111,0,NORMAL
5838,64,2026-07-25 06:01:00,1290.55,CREDIT,Local Store,Delhi,-0.923426614064268,110,0,NORMAL
5839,19,2026-06-09 08:18:00,808.71,DEBIT,Amazon,Delhi,-1.369405565779198,98,0,NORMAL
5840,72,2026-07-27 15:47:00,2180.03,DEBIT,Walmart,Mumbai,-0.44199302835612475,98,0,NORMAL
5841,37,2026-03-22 14:24:00,914.46,CREDIT,Shell,Bangalore,-1.1805507560572381,87,0,NORMAL
5842,9,2026-06-25 12:25:00,3364.82,DEBIT,Swiggy,Pune,0.06523464034786024,84,0,NORMAL
5843,32,2026-01-28 23:32:00,30779.92,DEBIT,Shell,Delhi,8.842794525864564,107,90,HIGH
5844,35,2026-01-09 03:55:00,636.01,DEBIT,Swiggy,Hyderabad,-1.5780144601291202,103,0,NORMAL
5845,32,2026-07-01 09:09:00,1526.36,DEBIT,Shell,Chandigarh,-0.4432279996467102,107,0,NORMAL
5846,25,2026-05-20 05:26:00,2353.98,DEBIT,Flipkart,Ludhiana,-0.25168246284272483,97,0,NORMAL
5847,25,2026-01-25 00:20:00,3375.45,DEBIT,Myntra,Delhi,0.41298953907303276,97,0,NORMAL
5848,50,2026-03-26 06:03:00,668.75,DEBIT,Amazon,Ludhiana,-0.3904414787307999,118,0,NORMAL
5849,48,2026-06-06 12:23:00,2375.07,DEBIT,Amazon,Pune,-0.21214478754422247,102,0,NORMAL
5850,24,2026-03-14 12:46:00,4213.21,DEBIT,Walmart,Mumbai,0.9106567275647568,95,0,NORMAL
5851,61,2026-01-25 07:49:00,2793.96,DEBIT,Amazon,Ludhiana,-0.11569440636452814,81,0,NORMAL
5852,31,2026-05-31 10:33:00,4208.74,DEBIT,Myntra,Chandigarh,0.10141237476685176,104,0,NORMAL
5853,60,2026-05-18 10:25:00,2899.37,CREDIT,Apple,Bangalore,-0.0925560893039444,106,0,NORMAL
5854,45,2026-01-22 04:19:00,1508.43,DEBIT,Netflix,Bangalore,-0.281070001106378,97,0,NORMAL
5855,65,2026-05-11 10:14:00,757.58,DEBIT,Walmart,Delhi,-0.36649887455001934,112,0,NORMAL
5856,7,2026-04-25 17:41:00,1618.4,DEBIT,Flipkart,Mumbai,-0.2900153889200952,93,0,NORMAL
5857,31,2026-04-01 20:04:00,2544.73,DEBIT,Netflix,Pune,-0.13039179366999443,104,0,NORMAL
5858,11,2026-01-26 10:12:00,1291.52,DEBIT,Apple,Pune,-0.33284648158561864,118,0,NORMAL
5859,67,2026-05-18 02:02:00,1914.67,DEBIT,Apple,Delhi,-0.2708985181028843,98,0,NORMAL
5860,56,2026-01-06 04:07:00,1056.23,CREDIT,Swiggy,Chandigarh,-0.5195030565627619,101,0,NORMAL
5861,37,2026-04-19 02:49:00,2248.11,DEBIT,Apple,Hyderabad,-0.2840023622452138,87,0,NORMAL
5862,65,2026-06-02 22:35:00,4889.54,DEBIT,Apple,Ludhiana,0.1824783558547787,112,0,NORMAL
5863,32,2026-06-15 03:43:00,3790.35,DEBIT,Netflix,Delhi,0.2754353745727786,107,0,NORMAL
5864,23,2026-07-26 08:38:00,3545.88,DEBIT,Flipkart,Hyderabad,0.5910595961904992,96,0,NORMAL
5865,62,2026-05-12 12:25:00,3668.26,DEBIT,Shell,Ludhiana,0.7507775084948346,102,0,NORMAL
5866,27,2026-02-28 13:09:00,3322.57,CREDIT,Flipkart,Ludhiana,0.4016099049249696,90,0,NORMAL
5867,24,2026-01-31 19:31:00,1696.0,DEBIT,Local Store,Pune,-0.6941085007543671,95,0,NORMAL
5868,92,2026-05-11 10:19:00,2894.72,CREDIT,Walmart,Chandigarh,-0.10773143312838969,119,0,NORMAL
5869,87,2026-04-11 14:19:00,3515.24,DEBIT,Flipkart,Hyderabad,0.28139614055370266,85,0,NORMAL
5870,51,2026-04-19 16:34:00,3227.84,DEBIT,Swiggy,Bangalore,-0.06326076785497374,108,0,NORMAL
5871,99,2026-01-27 09:57:00,1993.96,DEBIT,Flipkart,Mumbai,-0.2887484706767434,103,0,NORMAL
5872,39,2026-07-11 15:02:00,5891.32,CREDIT,Swiggy,Chandigarh,0.6793857342671387,101,0,NORMAL
5873,69,2026-07-02 19:28:00,2104.65,CREDIT,Local Store,Chandigarh,-0.23047840621838453,112,0,NORMAL
5874,98,2026-01-17 09:40:00,4113.4,DEBIT,Walmart,Pune,0.9986311824284484,114,0,NORMAL
5875,39,2026-03-25 04:45:00,3034.78,DEBIT,Swiggy,Chandigarh,-0.0017626342540352602,101,0,NORMAL
5876,19,2026-01-17 04:30:00,3305.24,CREDIT,Uber,Ludhiana,0.28705444877423575,98,0,NORMAL
5877,90,2026-06-26 01:23:00,664.9,DEBIT,Amazon,Hyderabad,-0.3442387380883182,93,0,NORMAL
5878,82,2026-06-04 03:21:00,2167.49,DEBIT,Amazon,Pune,-0.2090055433907574,107,0,NORMAL
5879,32,2026-06-27 10:19:00,1270.76,DEBIT,Local Store,Ludhiana,-0.52436367535663,107,0,NORMAL
5880,17,2026-05-21 07:09:00,4982.24,DEBIT,Apple,Bangalore,0.1396976034106108,97,0,NORMAL
5881,62,2026-07-03 01:51:00,2154.33,DEBIT,Netflix,Hyderabad,-0.3233568940074117,102,0,NORMAL
5882,17,2026-06-28 08:41:00,4731.53,CREDIT,Shell,Bangalore,0.1107919790700856,97,0,NORMAL
5883,12,2026-07-09 17:10:00,4280.3,CREDIT,Shell,Delhi,0.029730139052991357,99,0,NORMAL
5884,45,2026-04-29 08:46:00,1612.17,DEBIT,Flipkart,Hyderabad,-0.26567067152839635,97,0,NORMAL
5885,54,2026-04-20 18:41:00,4358.43,DEBIT,Amazon,Ludhiana,0.015191570158346135,89,0,NORMAL
5886,31,2026-05-22 06:28:00,2697.3,DEBIT,Apple,Chandigarh,-0.10913809809219761,104,0,NORMAL
5887,82,2026-05-31 11:39:00,440.53,DEBIT,Walmart,Hyderabad,-0.4973294305283983,107,0,NORMAL
5888,10,2026-06-01 05:10:00,1336.4,DEBIT,Netflix,Mumbai,-0.34630480773208655,91,0,NORMAL
5889,17,2026-05-24 18:55:00,1559.69,DEBIT,Local Store,Chandigarh,-0.25490550211635055,97,0,NORMAL
5890,9,2026-02-22 21:51:00,3396.2,DEBIT,Swiggy,Ludhiana,0.07394793478092065,84,0,NORMAL
5891,58,2026-05-22 04:56:00,5376.18,CREDIT,Local Store,Chandigarh,0.34844883779282215,99,0,NORMAL
5892,71,2026-07-04 18:19:00,1493.97,DEBIT,Local Store,Chandigarh,-0.7423886195513126,99,0,NORMAL
5893,95,2026-02-28 23:53:00,669.92,DEBIT,Myntra,Pune,-1.2695371763495726,113,0,NORMAL
5894,7,2026-07-27 18:53:00,1250.9,DEBIT,Uber,Mumbai,-0.35372380695202177,93,0,NORMAL
5895,98,2026-03-27 13:59:00,1871.54,DEBIT,Amazon,Delhi,-0.654743721594758,114,0,NORMAL
5896,18,2026-01-04 15:13:00,2567.21,DEBIT,Walmart,Chandigarh,-0.3172253439836304,96,0,NORMAL
5897,50,2026-07-02 22:07:00,1793.63,DEBIT,Swiggy,Mumbai,-0.2500987689024411,118,0,NORMAL
5898,60,2026-07-10 20:13:00,6049.33,DEBIT,Flipkart,Pune,0.619715084208611,106,0,NORMAL
5899,45,2026-03-12 03:23:00,1215.47,DEBIT,Amazon,Chandigarh,-0.32455744657741614,97,0,NORMAL
5900,25,2026-05-09 10:41:00,2415.64,DEBIT,Myntra,Chandigarh,-0.2115602119316599,97,0,NORMAL
5901,48,2026-04-23 15:28:00,2222.43,DEBIT,Walmart,Delhi,-0.23016372449879435,102,0,NORMAL
5902,39,2026-01-13 20:45:00,3791.82,CREDIT,Netflix,Hyderabad,0.17875525133666872,101,0,NORMAL
5903,96,2026-07-10 16:41:00,1278.86,DEBIT,Uber,Pune,-0.9763367566579212,96,0,NORMAL
5904,57,2026-05-19 16:40:00,2184.65,DEBIT,Netflix,Pune,-0.20855866317694396,107,0,NORMAL
5905,42,2026-01-30 10:35:00,998.07,CREDIT,Walmart,Ludhiana,-0.47470760528233463,104,0,NORMAL
5906,66,2026-03-30 09:55:00,2041.26,DEBIT,Shell,Delhi,-0.5399550702074754,95,0,NORMAL
5907,88,2026-04-30 23:20:00,5292.43,DEBIT,Shell,Pune,0.11507290014166656,104,0,NORMAL
5908,53,2026-07-24 16:25:00,3431.73,DEBIT,Flipkart,Mumbai,0.03579295295348192,105,0,NORMAL
5909,84,2026-03-01 13:22:00,6202.49,DEBIT,Shell,Hyderabad,0.2924478014660228,95,0,NORMAL
5910,11,2026-01-11 22:19:00,1874.81,CREDIT,Netflix,Pune,-0.25108504462597814,118,0,NORMAL
5911,51,2026-04-21 13:55:00,1936.98,DEBIT,Myntra,Mumbai,-0.2633323595632773,108,0,NORMAL
5912,65,2026-05-31 18:51:00,960.31,DEBIT,Flipkart,Ludhiana,-0.33956392021358706,112,0,NORMAL
5913,66,2026-01-18 22:20:00,2053.58,DEBIT,Uber,Pune,-0.5316584350137787,95,0,NORMAL
5914,85,2026-01-12 05:42:00,3239.77,CREDIT,Netflix,Chandigarh,0.1955539177795583,89,0,NORMAL
5915,47,2026-03-15 03:13:00,1318.83,DEBIT,Uber,Pune,-0.38196818301076085,103,0,NORMAL
5916,33,2026-06-13 04:33:00,3357.02,DEBIT,Flipkart,Chandigarh,-0.08368209128546225,91,0,NORMAL
5917,58,2026-04-01 20:22:00,3393.43,CREDIT,Amazon,Bangalore,0.006001422904432866,99,0,NORMAL
5918,52,2026-06-16 01:17:00,2445.02,DEBIT,Walmart,Mumbai,-0.11687266152774212,116,0,NORMAL
5919,90,2026-04-17 08:29:00,3860.05,CREDIT,Shell,Ludhiana,-0.07892466614341057,93,0,NORMAL
5920,10,2026-07-03 23:39:00,2988.24,DEBIT,Netflix,Ludhiana,-0.14585522500131917,91,0,NORMAL
5921,65,2026-02-13 23:36:00,6633.75,DEBIT,Apple,Ludhiana,0.41421621755826876,112,0,NORMAL
5922,60,2026-02-02 11:54:00,1756.65,DEBIT,Netflix,Chandigarh,-0.3509487404475358,106,0,NORMAL
5923,93,2026-02-20 02:56:00,1030.17,CREDIT,Shell,Mumbai,-1.2411334713247641,100,0,NORMAL
5924,18,2026-05-21 19:17:00,2892.25,CREDIT,Walmart,Hyderabad,-0.09815715097170527,96,0,NORMAL
5925,73,2026-01-09 15:04:00,2699.64,DEBIT,Uber,Ludhiana,0.22505720114348615,111,0,NORMAL
5926,40,2026-04-18 22:52:00,2038.92,DEBIT,Netflix,Pune,-0.20182877765153523,109,0,NORMAL
5927,96,2026-05-30 00:20:00,4109.42,DEBIT,Swiggy,Delhi,0.7867079690559203,96,0,NORMAL
5928,93,2026-07-15 04:07:00,3487.8,CREDIT,Swiggy,Bangalore,0.3880721645932044,100,0,NORMAL
5929,81,2026-02-02 21:57:00,2243.88,CREDIT,Flipkart,Ludhiana,-0.22780290332742198,105,0,NORMAL
5930,45,2026-07-07 17:06:00,1431.71,DEBIT,Netflix,Mumbai,-0.2924584391748449,97,0,NORMAL
5931,27,2026-03-10 13:07:00,2312.5,CREDIT,Swiggy,Hyderabad,-0.3156383873599182,90,0,NORMAL
5932,2,2026-04-14 16:25:00,3099.69,DEBIT,Walmart,Mumbai,0.19082986960154388,117,0,NORMAL
5933,82,2026-03-25 15:30:00,2306.72,CREDIT,Swiggy,Delhi,-0.18576045676097225,107,0,NORMAL
5934,91,2026-06-09 14:16:00,3063.77,DEBIT,Uber,Delhi,-0.12925166565937168,100,0,NORMAL
5935,86,2026-03-20 03:45:00,1628.26,CREDIT,Shell,Ludhiana,-0.7712014856905595,76,0,NORMAL
5936,13,2026-06-05 10:30:00,3269.95,DEBIT,Swiggy,Hyderabad,0.34398777470410646,101,0,NORMAL
5937,62,2026-06-11 13:58:00,2497.18,DEBIT,Netflix,Bangalore,-0.08010457725703687,102,0,NORMAL
5938,100,2026-05-17 15:43:00,1864.86,DEBIT,Flipkart,Chandigarh,-0.5789314585994342,87,0,NORMAL
5939,62,2026-05-07 12:33:00,399.05,DEBIT,Swiggy,Pune,-1.5687292916903575,102,0,NORMAL
5940,42,2026-03-12 13:20:00,2018.47,DEBIT,Local Store,Chandigarh,-0.26021531077420124,104,0,NORMAL
5941,63,2026-03-30 20:00:00,2380.06,DEBIT,Walmart,Chandigarh,0.02333877573453568,88,0,NORMAL
5942,33,2026-05-05 09:59:00,4620.51,DEBIT,Apple,Chandigarh,0.049079473817592735,91,0,NORMAL
5943,71,2026-01-19 05:35:00,1196.25,DEBIT,Flipkart,Ludhiana,-0.9428652443361561,99,0,NORMAL
5944,65,2026-02-28 13:20:00,2477.67,DEBIT,Flipkart,Mumbai,-0.13796562537844237,112,0,NORMAL
5945,13,2026-06-02 18:17:00,968.12,CREDIT,Uber,Bangalore,-1.2427246262956841,101,0,NORMAL
5946,35,2026-01-18 17:34:00,4519.75,CREDIT,Amazon,Ludhiana,1.2110953367305057,103,0,NORMAL
5947,42,2026-05-21 13:50:00,2348.84,CREDIT,Walmart,Hyderabad,-0.19077017226317414,104,0,NORMAL
5948,41,2026-01-05 17:33:00,4716.87,DEBIT,Amazon,Delhi,0.29191378682679797,100,0,NORMAL
5949,10,2026-06-14 02:40:00,3199.67,CREDIT,Netflix,Ludhiana,-0.12019834825976661,91,0,NORMAL
5950,65,2026-06-10 13:45:00,2015.62,DEBIT,Netflix,Pune,-0.19935415026942319,112,0,NORMAL
5951,40,2026-03-26 11:02:00,3402.28,CREDIT,Local Store,Pune,0.029976408795235387,109,0,NORMAL
5952,5,2026-03-18 16:50:00,4408.82,DEBIT,Walmart,Ludhiana,1.3117184798038968,87,0,NORMAL
5953,68,2026-02-22 05:29:00,1426.4,DEBIT,Walmart,Mumbai,-0.4208313402547453,100,0,NORMAL
5954,2,2026-07-17 04:15:00,1798.36,DEBIT,Apple,Pune,-0.7435398608632556,117,0,NORMAL
5955,91,2026-01-16 05:41:00,1185.24,CREDIT,Netflix,Hyderabad,-0.35481834492134656,100,0,NORMAL
5956,46,2026-01-06 05:50:00,2931.68,CREDIT,Local Store,Bangalore,-0.058806915897611056,94,0,NORMAL
5957,22,2026-06-13 06:53:00,3146.77,DEBIT,Local Store,Ludhiana,-0.08058428694649766,108,0,NORMAL
5958,95,2026-03-25 02:38:00,6109.68,DEBIT,Uber,Mumbai,2.1933170560551307,113,40,REVIEW
5959,72,2026-06-06 15:11:00,2215.46,DEBIT,Amazon,Pune,-0.42001390276712003,98,0,NORMAL
5960,50,2026-07-10 15:11:00,4597.99,CREDIT,Local Store,Bangalore,0.09977986858267401,118,0,NORMAL
5961,10,2026-03-19 08:26:00,4938.5,DEBIT,Local Store,Ludhiana,0.09080740770917727,91,0,NORMAL
5962,61,2026-04-15 09:50:00,1598.48,DEBIT,Apple,Pune,-0.43515919787729934,81,0,NORMAL
5963,90,2026-03-28 22:49:00,3826.77,DEBIT,Uber,Pune,-0.08168812085268136,93,0,NORMAL
5964,97,2026-06-13 00:12:00,3105.05,DEBIT,Amazon,Mumbai,0.08864134289920579,96,0,NORMAL
5965,50,2026-02-14 13:37:00,3912.67,DEBIT,Flipkart,Bangalore,0.014277711997464198,118,0,NORMAL
5966,72,2026-03-22 23:54:00,988.95,DEBIT,Netflix,Hyderabad,-1.1808837115780226,98,0,NORMAL
5967,14,2026-06-13 12:05:00,633.56,DEBIT,Swiggy,Hyderabad,-0.4257011452373116,112,0,NORMAL
5968,58,2026-07-23 09:50:00,2852.16,DEBIT,Shell,Ludhiana,-0.08748313755787374,99,0,NORMAL
5969,18,2026-06-11 14:57:00,4176.65,DEBIT,Flipkart,Hyderabad,0.7674938061551609,96,0,NORMAL
5970,57,2026-03-09 14:40:00,1608.14,DEBIT,Netflix,Pune,-0.29485809775251137,107,0,NORMAL
5971,2,2026-02-10 07:52:00,1827.0,DEBIT,Local Store,Hyderabad,-0.7229760153509629,117,0,NORMAL
5972,83,2026-06-21 21:42:00,1291.45,CREDIT,Uber,Chandigarh,-0.2883057079971152,101,0,NORMAL
5973,42,2026-04-13 14:26:00,2172.76,CREDIT,Local Store,Hyderabad,-0.22778291551777244,104,0,NORMAL
5974,54,2026-05-13 08:12:00,2480.49,DEBIT,Walmart,Pune,-0.22287301368723025,89,0,NORMAL
5975,96,2026-06-11 10:30:00,1950.02,DEBIT,Apple,Hyderabad,-0.5582975354048468,96,0,NORMAL
5976,39,2026-07-08 16:10:00,4376.67,CREDIT,Shell,Mumbai,0.31821404530755953,101,0,NORMAL
5977,42,2026-01-18 16:04:00,653.01,DEBIT,Walmart,Hyderabad,-0.5472406424667492,104,0,NORMAL
5978,67,2026-02-07 12:15:00,2645.45,DEBIT,Walmart,Bangalore,-0.1651844786233221,98,0,NORMAL
5979,95,2026-05-06 08:42:00,3290.53,DEBIT,Walmart,Bangalore,0.3986964277031962,113,0,NORMAL
5980,59,2026-06-30 00:31:00,1761.6,DEBIT,Amazon,Pune,-0.27110977748842874,92,0,NORMAL
5981,48,2026-01-04 08:47:00,440.34,CREDIT,Local Store,Ludhiana,-0.4405369383180615,102,0,NORMAL
5982,26,2026-01-25 15:40:00,3483.5,DEBIT,Local Store,Mumbai,0.5145564403811519,98,0,NORMAL
5983,34,2026-07-05 08:58:00,2340.04,DEBIT,Swiggy,Delhi,-0.3683888746526317,118,0,NORMAL
5984,32,2026-05-06 06:48:00,3953.53,DEBIT,Swiggy,Mumbai,0.3272339644098081,107,0,NORMAL
5985,89,2026-04-20 11:08:00,1717.86,DEBIT,Local Store,Bangalore,-0.30531023439925975,103,0,NORMAL
5986,18,2026-01-20 12:20:00,2281.94,DEBIT,Flipkart,Delhi,-0.5094896296731206,96,0,NORMAL
5987,41,2026-02-18 14:20:00,5618.07,CREDIT,Swiggy,Mumbai,0.4757056225404466,100,0,NORMAL
5988,69,2026-03-15 17:43:00,2107.0,CREDIT,Uber,Bangalore,-0.2302555213931552,112,0,NORMAL
5989,87,2026-07-11 06:26:00,4719.94,DEBIT,Swiggy,Hyderabad,0.97179712651963,85,0,NORMAL
5990,21,2026-05-18 13:33:00,3151.36,DEBIT,Local Store,Chandigarh,-0.07270801573019099,122,10,NORMAL
5991,95,2026-03-20 11:56:00,987.99,CREDIT,Myntra,Delhi,-1.0670594851093407,113,0,NORMAL
5992,27,2026-04-12 14:53:00,4378.7,DEBIT,Myntra,Ludhiana,1.1515652930969162,90,0,NORMAL
5993,97,2026-07-27 19:42:00,2771.77,DEBIT,Netflix,Delhi,-0.1484231685975532,96,0,NORMAL
5994,79,2026-04-13 03:12:00,1058.02,DEBIT,Walmart,Hyderabad,-1.1246560791580986,122,10,NORMAL
5995,92,2026-01-01 08:31:00,6549.76,DEBIT,Swiggy,Mumbai,0.6559934697250911,119,0,NORMAL
5996,45,2026-02-04 12:18:00,1331.97,DEBIT,Shell,Bangalore,-0.3072640024301744,97,0,NORMAL
5997,36,2026-04-26 21:19:00,1864.85,DEBIT,Shell,Ludhiana,-0.22528153796830022,85,0,NORMAL
5998,31,2026-01-19 15:05:00,1304.2,CREDIT,Netflix,Bangalore,-0.30320327020616955,104,0,NORMAL
5999,52,2026-06-06 22:56:00,1754.85,DEBIT,Myntra,Mumbai,-0.25942429262095484,116,0,NORMAL
6000,42,2026-01-04 07:16:00,5365.58,CREDIT,Apple,Chandigarh,0.44336103563026596,104,0,NORMAL
6001,75,2026-06-05 07:58:00,3185.97,DEBIT,Shell,Ludhiana,-0.09819672701895171,89,0,NORMAL
6002,92,2026-03-12 21:18:00,2290.84,DEBIT,Uber,Hyderabad,-0.23391286871737357,119,0,NORMAL
6003,95,2026-05-29 11:15:00,5057.2,CREDIT,Shell,Bangalore,1.5233270523561984,113,0,NORMAL
6004,50,2026-04-19 12:27:00,1987.63,DEBIT,Myntra,Chandigarh,-0.22589486652467491,118,0,NORMAL
6005,7,2026-03-18 18:52:00,1783.12,DEBIT,Amazon,Ludhiana,-0.2614601491426288,93,0,NORMAL
6006,22,2026-03-06 11:27:00,4001.22,DEBIT,Shell,Ludhiana,0.06115106505666328,108,0,NORMAL
6007,84,2026-05-24 01:29:00,1827.19,DEBIT,Netflix,Delhi,-0.24542945601977834,95,0,NORMAL
6008,51,2026-07-21 17:52:00,1912.79,DEBIT,Apple,Chandigarh,-0.2670815901563887,108,0,NORMAL
6009,6,2026-07-07 04:42:00,1096.29,CREDIT,Amazon,Mumbai,-1.0369223805418724,117,0,NORMAL
6010,27,2026-01-18 21:03:00,4419.56,DEBIT,Shell,Hyderabad,1.180579881415311,90,0,NORMAL
6011,37,2026-02-02 21:05:00,3617.95,DEBIT,Swiggy,Hyderabad,0.6368748182590136,87,0,NORMAL
6012,31,2026-03-23 00:50:00,1353.49,DEBIT,Amazon,Mumbai,-0.29633694881251677,104,0,NORMAL
6013,13,2026-05-17 15:49:00,858.54,DEBIT,Swiggy,Mumbai,-1.3182610233804197,101,0,NORMAL
6014,97,2026-05-13 02:29:00,4701.6,DEBIT,Flipkart,Bangalore,1.2242790824279817,96,0,NORMAL
6015,10,2026-05-18 18:10:00,2446.79,DEBIT,Uber,Mumbai,-0.21155978874210155,91,0,NORMAL
6016,74,2026-02-07 21:34:00,2096.35,CREDIT,Amazon,Ludhiana,-0.2472930219339102,119,0,NORMAL
6017,40,2026-05-31 22:35:00,3490.05,CREDIT,Amazon,Pune,0.04489949676498149,109,0,NORMAL
6018,85,2026-05-22 19:12:00,4535.48,DEBIT,Amazon,Bangalore,0.9791252320353334,89,0,NORMAL
6019,54,2026-05-03 03:38:00,2604.27,DEBIT,Netflix,Ludhiana,-0.20718154634087974,89,0,NORMAL
6020,82,2026-05-19 06:10:00,2630.75,CREDIT,Uber,Bangalore,-0.131662163141427,107,0,NORMAL
6021,36,2026-07-18 04:34:00,1029.45,DEBIT,Apple,Bangalore,-0.3383723753266463,85,0,NORMAL
6022,61,2026-02-23 16:53:00,4595.9,DEBIT,Walmart,Chandigarh,0.3658330022232548,81,0,NORMAL
6023,45,2026-03-18 23:45:00,876.99,DEBIT,Shell,Ludhiana,-0.37480195280023504,97,0,NORMAL
6024,25,2026-01-06 02:12:00,2761.02,DEBIT,Myntra,Delhi,0.013179052091428878,97,0,NORMAL
6025,9,2026-07-07 19:12:00,4332.29,DEBIT,Flipkart,Delhi,0.333872338408824,84,0,NORMAL
6026,22,2026-05-06 23:53:00,1640.32,DEBIT,Amazon,Hyderabad,-0.3304727778180078,108,0,NORMAL
6027,55,2026-03-22 23:08:00,3086.22,DEBIT,Netflix,Hyderabad,0.44068810972243466,118,0,NORMAL
6028,16,2026-06-15 16:33:00,3226.96,DEBIT,Local Store,Hyderabad,0.10545608188758558,95,0,NORMAL
6029,41,2026-07-21 02:58:00,2088.1,DEBIT,Uber,Bangalore,-0.24420079813654905,100,0,NORMAL
6030,97,2026-01-03 02:33:00,3552.99,DEBIT,Uber,Ludhiana,0.4072643544206234,96,0,NORMAL
6031,86,2026-07-05 07:48:00,6348.59,DEBIT,Local Store,Hyderabad,2.310308763504504,76,40,REVIEW
6032,88,2026-06-10 09:02:00,2497.04,DEBIT,Swiggy,Ludhiana,-0.1743619749614348,104,0,NORMAL
6033,1,2026-05-02 15:58:00,1148.8,DEBIT,Amazon,Hyderabad,-0.3229345128053758,112,0,NORMAL
6034,42,2026-03-25 00:03:00,2983.9,DEBIT,Uber,Bangalore,-0.05727793730596601,104,0,NORMAL
6035,96,2026-01-20 17:24:00,6861.69,DEBIT,Netflix,Hyderabad,2.5009889266192413,96,40,REVIEW
6036,89,2026-03-03 07:23:00,4662.01,DEBIT,Myntra,Bangalore,0.25181534852432513,103,0,NORMAL
6037,77,2026-07-04 03:59:00,3177.68,DEBIT,Apple,Bangalore,0.38213090095686414,84,0,NORMAL
6038,7,2026-03-26 10:58:00,6062.57,CREDIT,Myntra,Pune,0.48040921016819593,93,0,NORMAL
6039,51,2026-07-24 16:04:00,2267.1,DEBIT,Flipkart,Pune,-0.21216675380064992,108,0,NORMAL
6040,68,2026-01-10 13:49:00,774.37,DEBIT,Shell,Chandigarh,-0.5774252440029205,100,0,NORMAL
6041,82,2026-02-16 14:50:00,2078.13,DEBIT,Local Store,Pune,-0.22392460495247246,107,0,NORMAL
6042,6,2026-05-02 03:10:00,3329.07,CREDIT,Amazon,Hyderabad,0.38682383418957994,117,0,NORMAL
6043,35,2026-01-11 02:19:00,3341.55,DEBIT,Flipkart,Delhi,0.36497042552120484,103,0,NORMAL
6044,72,2026-06-27 18:11:00,1041.87,DEBIT,Uber,Delhi,-1.1480546027388994,98,0,NORMAL
6045,8,2026-03-26 06:55:00,2594.07,DEBIT,Local Store,Delhi,-0.1710728045471837,91,0,NORMAL
6046,89,2026-04-02 12:58:00,840.54,DEBIT,Amazon,Delhi,-0.47132671331864884,103,0,NORMAL
6047,26,2026-04-11 20:49:00,2992.79,CREDIT,Shell,Chandigarh,0.19928758373611022,98,0,NORMAL
6048,43,2026-03-17 18:28:00,4382.73,DEBIT,Myntra,Bangalore,0.2602281548699414,97,0,NORMAL
6049,100,2026-02-19 04:31:00,1444.07,DEBIT,Netflix,Chandigarh,-0.874918631660103,87,0,NORMAL
6050,49,2026-06-21 02:36:00,4420.03,CREDIT,Apple,Delhi,1.6200356707869767,95,0,NORMAL
6051,19,2026-03-18 17:10:00,535.92,DEBIT,Shell,Pune,-1.5504030812787237,98,0,NORMAL
6052,20,2026-07-14 05:36:00,2118.3,CREDIT,Local Store,Pune,-0.212999721353647,98,0,NORMAL
6053,37,2026-05-27 10:04:00,542.21,DEBIT,Amazon,Mumbai,-1.4307964274076868,87,0,NORMAL
6054,51,2026-06-25 21:50:00,3829.98,DEBIT,Myntra,Bangalore,0.030065470645899973,108,0,NORMAL
6055,17,2026-01-19 16:26:00,2557.22,CREDIT,Netflix,Pune,-0.1398952215196289,97,0,NORMAL
6056,95,2026-06-21 01:52:00,1071.81,DEBIT,Shell,Delhi,-1.0137011675070637,113,0,NORMAL
6057,59,2026-05-04 04:08:00,1867.41,DEBIT,Netflix,Chandigarh,-0.2561080261278514,92,0,NORMAL
6058,50,2026-07-07 13:23:00,6105.13,DEBIT,Netflix,Hyderabad,0.2878142470859035,118,0,NORMAL
6059,79,2026-03-29 12:01:00,1623.2,CREDIT,Local Store,Bangalore,-0.7366420950275294,122,10,NORMAL
6060,18,2026-05-25 14:11:00,5128.67,CREDIT,Amazon,Ludhiana,1.4091296082447902,96,0,NORMAL
6061,84,2026-06-20 09:20:00,2657.13,CREDIT,Netflix,Bangalore,-0.14340082916498761,95,0,NORMAL
6062,91,2026-04-03 11:07:00,4964.77,DEBIT,Local Store,Hyderabad,0.09901312504240808,100,0,NORMAL
6063,78,2026-06-28 04:49:00,2559.47,DEBIT,Netflix,Pune,-0.21052694460791124,102,0,NORMAL
6064,84,2026-04-11 07:00:00,1840.12,DEBIT,Local Store,Ludhiana,-0.24383990720271634,95,0,NORMAL
6065,6,2026-05-13 17:52:00,2263.43,DEBIT,Swiggy,Hyderabad,-0.29268821637806447,117,0,NORMAL
6066,44,2026-03-26 20:06:00,3562.46,CREDIT,Local Store,Chandigarh,-0.0680226531085035,99,0,NORMAL
6067,13,2026-01-08 17:34:00,4666.77,DEBIT,Flipkart,Chandigarh,1.3068528064243154,101,0,NORMAL
6068,27,2026-02-05 03:51:00,4738.42,DEBIT,Amazon,Ludhiana,1.4070016051354086,90,0,NORMAL
6069,96,2026-04-25 05:46:00,676.34,DEBIT,Swiggy,Ludhiana,-1.351622816002045,96,0,NORMAL
6070,82,2026-03-06 01:13:00,62673.4,DEBIT,Uber,Delhi,9.892733446510722,107,90,HIGH
6071,14,2026-06-15 06:26:00,2526.06,DEBIT,Walmart,Pune,-0.15928429490633655,112,0,NORMAL
6072,93,2026-02-06 17:23:00,2390.33,CREDIT,Swiggy,Bangalore,-0.3394597703404077,100,0,NORMAL
6073,65,2026-02-13 05:20:00,2637.79,CREDIT,Amazon,Bangalore,-0.11669188745929113,112,0,NORMAL
6074,69,2026-07-22 09:48:00,5182.62,DEBIT,Swiggy,Chandigarh,0.061450447190628206,112,0,NORMAL
6075,15,2026-07-19 23:07:00,3117.77,DEBIT,Walmart,Ludhiana,0.004123610714000454,91,0,NORMAL
6076,19,2026-02-12 20:12:00,5573.63,DEBIT,Uber,Hyderabad,1.7921424438765836,98,0,NORMAL
6077,63,2026-03-01 22:20:00,2559.58,DEBIT,Apple,Ludhiana,0.16845241362699467,88,0,NORMAL
6078,87,2026-05-28 05:07:00,2058.64,DEBIT,Amazon,Pune,-0.553366104119635,85,0,NORMAL
6079,68,2026-05-02 20:57:00,1733.85,CREDIT,Flipkart,Mumbai,-0.34699302651553626,100,0,NORMAL
6080,60,2026-04-12 06:04:00,2868.58,DEBIT,Netflix,Chandigarh,-0.09951834578734468,106,0,NORMAL
6081,54,2026-06-29 20:48:00,1081.27,DEBIT,Amazon,Chandigarh,-0.40025073981714243,89,0,NORMAL
6082,16,2026-04-04 00:10:00,2349.44,DEBIT,Apple,Ludhiana,-0.1471462327759061,95,0,NORMAL
6083,91,2026-01-22 12:30:00,6245.53,DEBIT,Apple,Delhi,0.2528018748263172,100,0,NORMAL
6084,57,2026-03-28 19:32:00,2671.34,DEBIT,Walmart,Delhi,-0.13570464188749035,107,0,NORMAL
6085,94,2026-06-27 01:04:00,2571.77,CREDIT,Uber,Ludhiana,-0.1908724417812464,103,0,NORMAL
6086,53,2026-07-24 13:13:00,2818.54,DEBIT,Shell,Pune,-0.09715344835019567,105,0,NORMAL
6087,43,2026-04-08 08:23:00,3507.69,DEBIT,Apple,Ludhiana,0.0842492360515375,97,0,NORMAL
6088,92,2026-02-24 07:44:00,3377.68,CREDIT,Flipkart,Delhi,-0.006816373626409666,119,0,NORMAL
6089,83,2026-04-28 11:00:00,65488.2,DEBIT,Apple,Ludhiana,9.711750116625119,101,90,HIGH
6090,94,2026-06-18 00:08:00,4823.84,DEBIT,Shell,Pune,0.1873087738762342,103,0,NORMAL
6091,86,2026-01-22 18:52:00,4928.61,CREDIT,Flipkart,Mumbai,1.3833221071368333,76,0,NORMAL
6092,76,2026-01-21 01:51:00,5278.33,DEBIT,Swiggy,Pune,0.40511706351298404,74,0,NORMAL
6093,64,2026-02-08 21:23:00,2173.23,DEBIT,Myntra,Bangalore,-0.33918251419683854,110,0,NORMAL
6094,29,2026-02-27 10:55:00,3437.61,DEBIT,Flipkart,Chandigarh,0.5417175193352456,99,0,NORMAL
6095,8,2026-05-23 08:13:00,58883.23,DEBIT,Local Store,Delhi,6.298045676136299,91,90,HIGH
6096,46,2026-01-01 05:13:00,1595.1,CREDIT,Myntra,Delhi,-0.27804833439263094,94,0,NORMAL
6097,20,2026-02-07 08:24:00,2911.36,DEBIT,Myntra,Chandigarh,-0.1291857123166541,98,0,NORMAL
6098,28,2026-05-30 10:26:00,3148.52,DEBIT,Apple,Mumbai,0.18323618836140224,98,0,NORMAL
6099,90,2026-04-18 01:58:00,1769.09,DEBIT,Netflix,Ludhiana,-0.2525506655093007,93,0,NORMAL
6100,71,2026-05-29 06:11:00,2849.38,DEBIT,Myntra,Chandigarh,0.1703079476918173,99,0,NORMAL
6101,18,2026-05-07 14:36:00,5899.64,DEBIT,Apple,Mumbai,1.928742593620141,96,0,NORMAL
6102,10,2026-03-26 12:25:00,3313.64,CREDIT,Local Store,Delhi,-0.10636817164228214,91,0,NORMAL
6103,41,2026-05-03 03:19:00,3353.9,DEBIT,Swiggy,Delhi,0.01394800972667396,100,0,NORMAL
6104,37,2026-07-06 13:10:00,2215.52,DEBIT,Uber,Pune,-0.30591104304927336,87,0,NORMAL
6105,6,2026-02-09 03:20:00,3398.35,DEBIT,Flipkart,Pune,0.4310006620707839,117,0,NORMAL
6106,90,2026-03-09 06:39:00,2121.6,DEBIT,Swiggy,Delhi,-0.22327946900794732,93,0,NORMAL
6107,31,2026-02-04 01:51:00,1406.86,DEBIT,Uber,Mumbai,-0.2889022648445872,104,0,NORMAL
6108,99,2026-06-07 06:31:00,1823.44,CREDIT,Swiggy,Chandigarh,-0.3417694082644836,103,0,NORMAL
6109,56,2026-03-07 02:01:00,1950.65,DEBIT,Apple,Mumbai,-0.2866027679168734,101,0,NORMAL
6110,81,2026-05-30 23:00:00,6468.04,DEBIT,Local Store,Bangalore,0.35270284834328186,105,0,NORMAL
6111,29,2026-06-08 03:17:00,1642.92,DEBIT,Walmart,Chandigarh,-0.6153196988646148,99,0,NORMAL
6112,71,2026-01-25 16:17:00,1488.08,DEBIT,Netflix,Ludhiana,-0.7463547868225163,99,0,NORMAL
6113,5,2026-06-11 12:04:00,4054.05,DEBIT,Shell,Hyderabad,1.0754562584727996,87,0,NORMAL
6114,84,2026-05-01 23:13:00,3161.49,DEBIT,Flipkart,Mumbai,-0.08139736115467094,95,0,NORMAL
6115,53,2026-05-07 14:57:00,1192.55,CREDIT,Flipkart,Chandigarh,-0.4496861365149842,105,0,NORMAL
6116,2,2026-05-16 23:31:00,2530.94,CREDIT,Amazon,Ludhiana,-0.21753909461341672,117,0,NORMAL
6117,52,2026-03-11 12:33:00,3330.08,DEBIT,Flipkart,Pune,0.06593265689432613,116,0,NORMAL
6118,76,2026-07-18 20:26:00,2727.89,CREDIT,Local Store,Chandigarh,-0.12132133044897617,74,0,NORMAL
6119,84,2026-05-26 07:58:00,1655.64,DEBIT,Netflix,Bangalore,-0.26651894554545413,95,0,NORMAL
6120,56,2026-03-10 02:47:00,532.75,DEBIT,Flipkart,Pune,-0.6558133393162218,101,0,NORMAL
6121,45,2026-06-12 15:38:00,1082.85,CREDIT,Flipkart,Delhi,-0.34424376900494585,97,0,NORMAL
6122,75,2026-04-02 04:35:00,1732.11,CREDIT,Local Store,Bangalore,-0.33825444440760993,89,0,NORMAL
6123,28,2026-04-02 10:49:00,1019.71,DEBIT,Flipkart,Ludhiana,-1.2689479351345496,98,0,NORMAL
6124,83,2026-06-29 07:38:00,568.44,DEBIT,Swiggy,Pune,-0.40093041815393965,101,0,NORMAL
6125,21,2026-04-11 22:29:00,1245.1,DEBIT,Swiggy,Delhi,-0.3790681361206199,122,10,NORMAL
6126,41,2026-06-07 02:46:00,1053.7,DEBIT,Flipkart,Mumbai,-0.45515760557352003,100,0,NORMAL
6127,20,2026-06-13 17:07:00,5240.03,DEBIT,Amazon,Pune,0.11691819964987331,98,0,NORMAL
6128,87,2026-01-01 21:04:00,3547.84,CREDIT,Walmart,Bangalore,0.3000788600211962,85,0,NORMAL
6129,68,2026-07-23 07:06:00,4320.81,DEBIT,Shell,Bangalore,0.27430072567436214,100,0,NORMAL
6130,6,2026-04-02 09:53:00,5368.13,DEBIT,Netflix,Chandigarh,1.6870432721146396,117,0,NORMAL
6131,99,2026-02-13 11:12:00,3576.46,CREDIT,Uber,Chandigarh,0.2033089638329851,103,0,NORMAL
6132,66,2026-04-01 22:15:00,1343.67,CREDIT,Amazon,Pune,-1.0097318352051103,95,0,NORMAL
6133,2,2026-01-05 08:08:00,3695.57,CREDIT,Flipkart,Hyderabad,0.6186784821666618,117,0,NORMAL
6134,84,2026-07-18 23:26:00,4747.68,DEBIT,Walmart,Bangalore,0.11360081658203355,95,0,NORMAL
6135,3,2026-01-13 03:15:00,1233.68,DEBIT,Shell,Hyderabad,-0.32730447453726136,94,0,NORMAL
6136,95,2026-01-18 13:23:00,1475.98,DEBIT,Flipkart,Chandigarh,-0.7564137513138844,113,0,NORMAL
6137,91,2026-06-07 07:53:00,1931.87,CREDIT,Local Store,Ludhiana,-0.26516587744019465,100,0,NORMAL
6138,5,2026-03-27 21:26:00,3086.98,CREDIT,Walmart,Delhi,0.4314274330854653,87,0,NORMAL
6139,53,2026-01-28 08:06:00,2792.56,CREDIT,Uber,Bangalore,-0.1027862008508391,105,0,NORMAL
6140,56,2026-04-05 00:52:00,4308.82,CREDIT,Uber,Ludhiana,0.3274470897295059,101,0,NORMAL
6141,15,2026-03-11 05:31:00,984.44,DEBIT,Swiggy,Hyderabad,-0.4770821205355067,91,0,NORMAL
6142,21,2026-04-08 09:14:00,461.03,CREDIT,Local Store,Ludhiana,-0.5050781135604883,122,10,NORMAL
6143,72,2026-01-28 06:03:00,3842.4,DEBIT,Uber,Chandigarh,0.589264070300209,98,0,NORMAL
6144,1,2026-03-31 02:08:00,6727.19,DEBIT,Netflix,Delhi,0.2748356246519109,112,0,NORMAL
6145,93,2026-05-09 20:52:00,4263.6,CREDIT,Myntra,Pune,0.9023634665162604,100,0,NORMAL
6146,16,2026-06-28 18:08:00,2975.91,DEBIT,Shell,Pune,0.03318899840655993,95,0,NORMAL
6147,13,2026-01-21 21:02:00,1345.28,DEBIT,Apple,Mumbai,-0.9827382462584611,101,0,NORMAL
6148,65,2026-04-16 20:11:00,4041.15,CREDIT,Walmart,Chandigarh,0.06976022874243334,112,0,NORMAL
6149,35,2026-07-25 04:16:00,1796.76,DEBIT,Flipkart,Mumbai,-0.7444212750279519,103,0,NORMAL
6150,17,2026-01-09 08:41:00,3861.96,CREDIT,Myntra,Mumbai,0.010534854273346418,97,0,NORMAL
6151,35,2026-04-03 17:22:00,5940.75,DEBIT,Walmart,Mumbai,2.231587187713715,103,40,REVIEW
6152,53,2026-07-26 23:43:00,904.9,DEBIT,Flipkart,Hyderabad,-0.5120518507878896,105,0,NORMAL
6153,100,2026-01-05 20:24:00,2128.23,DEBIT,Flipkart,Hyderabad,-0.39367481806855553,87,0,NORMAL
6154,65,2026-01-14 03:46:00,1839.12,DEBIT,Shell,Mumbai,-0.22280415490800798,112,0,NORMAL
6155,48,2026-06-22 12:21:00,1860.26,DEBIT,Shell,Ludhiana,-0.2729173827589967,102,0,NORMAL
6156,46,2026-02-15 12:07:00,2476.99,CREDIT,Local Store,Mumbai,-0.13339046538623173,94,0,NORMAL
6157,2,2026-05-15 21:05:00,2005.06,DEBIT,Local Store,Chandigarh,-0.5951269115828471,117,0,NORMAL
6158,19,2026-03-01 10:20:00,5568.43,DEBIT,Uber,Mumbai,1.7886922181329803,98,0,NORMAL
6159,54,2026-04-03 14:15:00,3317.11,DEBIT,Walmart,Ludhiana,-0.1168155293496656,89,0,NORMAL
6160,27,2026-05-06 09:18:00,3509.3,DEBIT,Flipkart,Pune,0.5342064315205096,90,0,NORMAL
6161,61,2026-02-18 20:40:00,5057.7,DEBIT,Shell,Delhi,0.4892385303128906,81,0,NORMAL
6162,12,2026-01-10 17:37:00,2660.7,DEBIT,Swiggy,Mumbai,-0.16772934182204827,99,0,NORMAL
6163,73,2026-07-28 00:53:00,1891.25,DEBIT,Apple,Bangalore,-0.3214439974818493,111,0,NORMAL
6164,59,2026-03-19 18:00:00,1451.84,DEBIT,Apple,Delhi,-0.31502757827712946,92,0,NORMAL
6165,83,2026-03-09 19:43:00,1772.0,DEBIT,Netflix,Pune,-0.21344947576538673,101,0,NORMAL
6166,90,2026-06-05 10:45:00,1159.63,DEBIT,Myntra,Hyderabad,-0.3031580906028154,93,0,NORMAL
6167,74,2026-04-04 13:45:00,4040.79,DEBIT,Myntra,Chandigarh,-0.026631665656876153,119,0,NORMAL
6168,83,2026-02-05 12:46:00,2789.68,CREDIT,Walmart,Pune,-0.054923431820770315,101,0,NORMAL
6169,8,2026-06-20 11:51:00,1311.31,DEBIT,Shell,Mumbai,-0.3184959748748551,91,0,NORMAL
6170,51,2026-07-18 21:16:00,525.46,DEBIT,Myntra,Chandigarh,-0.48210515686748107,108,0,NORMAL
6171,92,2026-04-13 20:32:00,2199.53,DEBIT,Uber,Mumbai,-0.2529922005111573,119,0,NORMAL
6172,42,2026-02-17 05:05:00,1222.46,DEBIT,Uber,Bangalore,-0.4275399004953099,104,0,NORMAL
6173,17,2026-06-16 00:29:00,2174.06,CREDIT,Myntra,Bangalore,-0.18407167647681302,97,0,NORMAL
6174,47,2026-03-02 00:31:00,1796.02,DEBIT,Walmart,Pune,-0.27710578819755105,103,0,NORMAL
6175,67,2026-04-13 15:55:00,2688.01,CREDIT,Shell,Bangalore,-0.15902778369427342,98,0,NORMAL
6176,56,2026-05-18 19:02:00,5435.63,DEBIT,Netflix,Ludhiana,0.6208599989322,101,0,NORMAL
6177,30,2026-07-04 01:06:00,2064.12,DEBIT,Apple,Mumbai,-0.21954859450989223,92,0,NORMAL
6178,3,2026-04-14 21:31:00,4922.6,CREDIT,Myntra,Bangalore,0.12443247591932287,94,0,NORMAL
6179,89,2026-07-03 03:00:00,4382.04,DEBIT,Local Store,Bangalore,0.19883623759209812,103,0,NORMAL
6180,58,2026-05-20 13:29:00,2778.09,DEBIT,Local Store,Pune,-0.10027601614608853,99,0,NORMAL
6181,93,2026-02-17 14:58:00,3959.82,DEBIT,Amazon,Mumbai,0.7009824253997536,100,0,NORMAL
6182,41,2026-06-02 19:16:00,1626.84,DEBIT,Myntra,Ludhiana,-0.33827072949615583,100,0,NORMAL
6183,38,2026-01-25 20:21:00,3195.03,DEBIT,Shell,Hyderabad,0.4176302770409936,95,0,NORMAL
6184,73,2026-05-31 19:54:00,2743.59,DEBIT,Walmart,Hyderabad,0.2547690081668086,111,0,NORMAL
6185,29,2026-04-30 10:21:00,3610.39,CREDIT,Local Store,Mumbai,0.6531088407114005,99,0,NORMAL
6186,91,2026-07-23 23:45:00,6602.09,DEBIT,Flipkart,Pune,0.29561623241318025,100,0,NORMAL
6187,57,2026-02-01 19:34:00,1552.75,DEBIT,Local Store,Bangalore,-0.3031495856384816,107,0,NORMAL
6188,59,2026-06-03 20:02:00,1366.07,DEBIT,Uber,Chandigarh,-0.32718805662697076,92,0,NORMAL
6189,87,2026-05-09 13:15:00,1780.01,CREDIT,Apple,Hyderabad,-0.7130460466112813,85,0,NORMAL
6190,73,2026-06-19 05:11:00,3949.4,CREDIT,Local Store,Delhi,1.069940658378236,111,0,NORMAL
6191,91,2026-02-19 04:55:00,2386.55,CREDIT,Amazon,Delhi,-0.21056964649001828,100,0,NORMAL
6192,71,2026-01-11 23:31:00,3345.5,DEBIT,Walmart,Pune,0.5043817858224652,99,0,NORMAL
6193,33,2026-05-24 20:32:00,1497.83,DEBIT,Uber,Bangalore,-0.2790370004845448,91,0,NORMAL
6194,11,2026-05-04 20:40:00,1288.21,DEBIT,Walmart,Bangalore,-0.33331045380584595,118,0,NORMAL
6195,75,2026-02-05 17:41:00,4041.77,DEBIT,Amazon,Pune,0.04311082291103723,89,0,NORMAL
6196,66,2026-05-09 12:53:00,363.28,DEBIT,Shell,Pune,-1.6699540898762375,95,0,NORMAL
6197,62,2026-04-17 16:15:00,4311.69,DEBIT,Local Store,Chandigarh,1.2072915471901637,102,0,NORMAL
6198,55,2026-04-19 06:49:00,2825.41,DEBIT,Shell,Mumbai,0.2411610309736634,118,0,NORMAL
6199,6,2026-02-26 12:55:00,4031.05,DEBIT,Flipkart,Delhi,0.8344457977583977,117,0,NORMAL
6200,24,2026-04-04 05:07:00,4220.11,CREDIT,Netflix,Hyderabad,0.9150555977724079,95,0,NORMAL
6201,31,2026-06-26 05:47:00,2491.43,DEBIT,Myntra,Chandigarh,-0.13781672631924768,104,0,NORMAL
6202,28,2026-02-17 08:39:00,1473.08,DEBIT,Swiggy,Hyderabad,-0.9596781007813855,98,0,NORMAL
6203,99,2026-01-26 08:09:00,2276.29,DEBIT,Amazon,Bangalore,-0.2009616931189983,103,0,NORMAL
6204,91,2026-02-03 13:13:00,2814.55,DEBIT,Apple,Delhi,-0.15917704763659288,100,0,NORMAL
6205,61,2026-07-05 16:29:00,6786.35,DEBIT,Amazon,Hyderabad,0.9511808562811646,81,0,NORMAL
6206,53,2026-01-13 19:50:00,1097.28,DEBIT,Myntra,Hyderabad,-0.47034173046172406,105,0,NORMAL
6207,34,2026-07-01 03:32:00,3454.14,DEBIT,Apple,Chandigarh,0.4241980155097038,118,0,NORMAL
6208,20,2026-02-02 19:19:00,5065.79,CREDIT,Myntra,Delhi,0.09850376324581105,98,0,NORMAL
6209,97,2026-07-02 05:00:00,4499.78,DEBIT,Netflix,Hyderabad,1.0807230343294578,96,0,NORMAL
6210,95,2026-03-13 19:23:00,854.25,DEBIT,Swiggy,Hyderabad,-1.152195984705243,113,0,NORMAL
6211,74,2026-05-19 06:22:00,2490.08,DEBIT,Myntra,Mumbai,-0.20261126481774483,119,0,NORMAL
6212,41,2026-07-23 23:25:00,4488.54,DEBIT,Walmart,Pune,0.24534788597404897,100,0,NORMAL
6213,8,2026-04-19 07:53:00,4071.46,DEBIT,Myntra,Hyderabad,-0.0012814814544786592,91,0,NORMAL
6214,50,2026-01-27 04:56:00,2288.23,DEBIT,Uber,Pune,-0.1883912940774764,118,0,NORMAL
6215,49,2026-05-28 09:55:00,649.39,DEBIT,Netflix,Delhi,-1.268903953458688,95,0,NORMAL
6216,99,2026-06-10 16:59:00,2381.81,DEBIT,Flipkart,Chandigarh,-0.16815164541633382,103,0,NORMAL
6217,90,2026-04-26 21:54:00,1997.98,DEBIT,Walmart,Pune,-0.23354444109809314,93,0,NORMAL
6218,78,2026-05-26 23:06:00,6379.02,DEBIT,Netflix,Delhi,0.9088657983455836,102,0,NORMAL
6219,8,2026-01-20 14:15:00,3579.84,CREDIT,Flipkart,Pune,-0.05778166776874615,91,0,NORMAL
6220,10,2026-07-05 20:05:00,2549.82,DEBIT,Myntra,Hyderabad,-0.19905717316871005,91,0,NORMAL
6221,95,2026-04-20 09:27:00,5703.59,DEBIT,Shell,Delhi,1.9348074020929658,113,0,NORMAL
6222,12,2026-03-13 03:31:00,780.38,DEBIT,Myntra,Pune,-0.3969754588132525,99,0,NORMAL
6223,81,2026-02-28 06:54:00,3820.42,DEBIT,Myntra,Pune,-0.01114668345437469,105,0,NORMAL
6224,21,2026-07-18 02:38:00,2959.75,DEBIT,Swiggy,Chandigarh,-0.10350216902932653,122,10,NORMAL
6225,59,2026-04-13 17:16:00,37437.98,DEBIT,Amazon,Bangalore,4.787090602489576,92,90,HIGH
6226,24,2026-05-20 21:01:00,3941.29,CREDIT,Local Store,Hyderabad,0.7373029903380112,95,0,NORMAL
6227,77,2026-06-24 03:05:00,3850.45,DEBIT,Amazon,Delhi,0.8341450220569272,84,0,NORMAL
6228,85,2026-02-08 04:21:00,1444.81,DEBIT,Netflix,Mumbai,-0.8899352474167793,89,0,NORMAL
6229,51,2026-02-27 00:25:00,3226.24,DEBIT,Walmart,Mumbai,-0.06350875334273644,108,0,NORMAL
6230,56,2026-04-15 12:57:00,5601.14,CREDIT,Walmart,Bangalore,0.6639575669358012,101,0,NORMAL
6231,64,2026-07-11 14:53:00,2285.41,CREDIT,Apple,Mumbai,-0.2649307999593707,110,0,NORMAL
6232,90,2026-05-09 14:15:00,2036.66,DEBIT,Swiggy,Hyderabad,-0.2303325892905633,93,0,NORMAL
6233,11,2026-02-26 23:36:00,1910.0,DEBIT,Uber,Mumbai,-0.24615236111244326,118,0,NORMAL
6234,89,2026-07-19 01:58:00,1140.47,CREDIT,Flipkart,Ludhiana,-0.41457054393656206,103,0,NORMAL
6235,63,2026-02-25 02:36:00,4786.63,DEBIT,Uber,Ludhiana,1.9686714826354665,88,0,NORMAL
6236,100,2026-03-23 02:49:00,2690.46,DEBIT,Netflix,Bangalore,0.0018024230966334671,87,0,NORMAL
6237,19,2026-03-12 14:12:00,2004.7,DEBIT,Flipkart,Hyderabad,-0.5758602797999541,98,0,NORMAL
6238,77,2026-02-27 00:49:00,3861.58,DEBIT,Swiggy,Ludhiana,0.8416229374928768,84,0,NORMAL
6239,86,2026-05-12 01:10:00,1864.93,DEBIT,Flipkart,Delhi,-0.6166993575179537,76,0,NORMAL
6240,59,2026-03-31 08:14:00,2878.18,CREDIT,Walmart,Hyderabad,-0.11280096419863196,92,0,NORMAL
6241,2,2026-01-18 22:37:00,5709.27,DEBIT,Shell,Ludhiana,2.0645379691814596,117,40,REVIEW
6242,7,2026-05-27 18:31:00,5744.08,DEBIT,Apple,Hyderabad,0.42519698143625506,93,0,NORMAL
6243,45,2026-01-05 08:39:00,3860.12,DEBIT,Flipkart,Ludhiana,0.06801857972303821,97,0,NORMAL
6244,2,2026-07-22 10:54:00,765.01,DEBIT,Swiggy,Chandigarh,-1.4854969055604506,117,0,NORMAL
6245,77,2026-03-19 05:45:00,3220.38,DEBIT,Myntra,Ludhiana,0.4108197589186829,84,0,NORMAL
6246,99,2026-05-18 05:38:00,3631.89,CREDIT,Netflix,Hyderabad,0.2205441888534427,103,0,NORMAL
6247,50,2026-03-21 19:54:00,3551.59,DEBIT,Netflix,Bangalore,-0.0307714893971946,118,0,NORMAL
6248,57,2026-05-29 16:51:00,3505.73,DEBIT,Netflix,Mumbai,-0.010802410849854064,107,0,NORMAL
6249,62,2026-06-06 16:55:00,3386.23,CREDIT,Uber,Ludhiana,0.5506770246298549,102,0,NORMAL
6250,15,2026-01-01 04:31:00,2906.35,DEBIT,Uber,Mumbai,-0.04356545553490189,91,0,NORMAL
6251,63,2026-04-25 00:58:00,1192.3,DEBIT,Amazon,Bangalore,-0.9367780610699826,88,0,NORMAL
6252,22,2026-04-27 07:45:00,907.81,DEBIT,Amazon,Bangalore,-0.45198083878802997,108,0,NORMAL
6253,61,2026-07-25 05:26:00,758.01,CREDIT,Swiggy,Mumbai,-0.6597556556371437,81,0,NORMAL
6254,77,2026-06-27 05:49:00,989.39,DEBIT,Myntra,Mumbai,-1.0881159606184991,84,0,NORMAL
6255,53,2026-02-11 19:35:00,1375.03,CREDIT,Local Store,Ludhiana,-0.41012244612555343,105,0,NORMAL
6256,12,2026-03-26 09:54:00,2023.84,DEBIT,Swiggy,Chandigarh,-0.2453744671555119,99,0,NORMAL
6257,47,2026-06-13 23:39:00,1015.65,DEBIT,Apple,Ludhiana,-0.4485919195925604,103,0,NORMAL
6258,96,2026-05-12 21:00:00,3532.23,DEBIT,Myntra,Delhi,0.4271989725199797,96,0,NORMAL
6259,32,2026-04-07 02:23:00,798.19,CREDIT,Local Store,Chandigarh,-0.6743726200758663,107,0,NORMAL
6260,9,2026-07-25 12:33:00,3578.4,DEBIT,Flipkart,Mumbai,0.12453946587408911,84,0,NORMAL
6261,44,2026-02-27 10:58:00,1899.8,DEBIT,Walmart,Mumbai,-0.2578273552435783,99,0,NORMAL
6262,29,2026-06-11 19:00:00,2897.01,DEBIT,Flipkart,Chandigarh,0.19319252607242893,99,0,NORMAL
6263,10,2026-07-24 21:41:00,4395.46,DEBIT,Shell,Chandigarh,0.024909898624692138,91,0,NORMAL
6264,43,2026-07-15 19:56:00,2068.6,DEBIT,Netflix,Mumbai,-0.2051655361673062,97,0,NORMAL
6265,94,2026-01-22 17:58:00,946.07,DEBIT,Flipkart,Ludhiana,-0.4638698185476729,103,0,NORMAL
6266,2,2026-02-11 06:07:00,1550.86,DEBIT,Myntra,Mumbai,-0.9212476738622934,117,0,NORMAL
6267,49,2026-01-25 10:49:00,1867.04,DEBIT,Local Store,Mumbai,-0.3359808068674636,95,0,NORMAL
6268,36,2026-05-29 19:42:00,1953.16,DEBIT,Uber,Hyderabad,-0.21332672369116884,85,0,NORMAL
6269,85,2026-03-27 07:16:00,1188.87,DEBIT,Netflix,Delhi,-1.0447131237707652,89,0,NORMAL
6270,100,2026-03-28 04:42:00,5564.98,DEBIT,Netflix,Bangalore,2.0237636120658435,87,40,REVIEW
6271,25,2026-07-17 05:27:00,2633.16,DEBIT,Amazon,Ludhiana,-0.07001963427718584,97,0,NORMAL
6272,51,2026-03-09 16:27:00,7198.11,DEBIT,Walmart,Ludhiana,0.5520950712071445,108,0,NORMAL
6273,52,2026-04-29 09:47:00,3160.51,CREDIT,Myntra,Ludhiana,0.030908706151065717,116,0,NORMAL
6274,84,2026-06-23 08:09:00,4146.08,DEBIT,Netflix,Chandigarh,0.03964315468377328,95,0,NORMAL
6275,55,2026-07-07 16:15:00,1227.69,DEBIT,Netflix,Hyderabad,-0.9811402774826335,118,0,NORMAL
6276,56,2026-07-27 05:54:00,3669.19,DEBIT,Myntra,Pune,0.16089221436159207,101,0,NORMAL
6277,73,2026-01-05 01:18:00,3875.26,DEBIT,Amazon,Pune,1.019819307463353,111,0,NORMAL
6278,83,2026-01-17 21:10:00,1807.3,CREDIT,Myntra,Pune,-0.20795072433935402,101,0,NORMAL
6279,18,2026-01-10 21:41:00,3808.22,CREDIT,Walmart,Delhi,0.5191819234595434,96,0,NORMAL
6280,57,2026-02-23 17:26:00,4186.08,DEBIT,Swiggy,Bangalore,0.09104113100282375,107,0,NORMAL
6281,19,2026-05-02 02:00:00,2802.51,DEBIT,Local Store,Bangalore,-0.04650939508762332,98,0,NORMAL
6282,86,2026-07-01 23:58:00,1000.73,DEBIT,Walmart,Delhi,-1.1808635488677903,76,0,NORMAL
6283,59,2026-06-11 00:53:00,2717.19,CREDIT,Uber,Bangalore,-0.13562614094505795,92,0,NORMAL
6284,82,2026-07-21 08:46:00,2502.62,DEBIT,Myntra,Pune,-0.15305405389682722,107,0,NORMAL
6285,5,2026-04-25 20:12:00,4422.61,DEBIT,Netflix,Pune,1.3209020523499289,87,0,NORMAL
6286,71,2026-05-23 16:19:00,3355.22,DEBIT,Flipkart,Ludhiana,0.5109269718795277,99,0,NORMAL
6287,81,2026-05-16 01:28:00,2219.99,DEBIT,Amazon,Hyderabad,-0.23108598976529682,105,0,NORMAL
6288,59,2026-05-08 03:21:00,4090.37,CREDIT,Walmart,Hyderabad,0.05906344353011005,92,0,NORMAL
6289,25,2026-02-16 18:46:00,3391.03,DEBIT,Shell,Delhi,0.4231274675387222,97,0,NORMAL
6290,41,2026-06-13 19:18:00,2562.26,DEBIT,Amazon,Hyderabad,-0.14750002492085473,100,0,NORMAL
6291,24,2026-07-27 05:24:00,4152.98,DEBIT,Shell,Hyderabad,0.8722590532739103,95,0,NORMAL
6292,20,2026-03-04 03:09:00,800.55,CREDIT,Apple,Delhi,-0.3522652377187359,98,0,NORMAL
6293,29,2026-03-11 23:36:00,2582.78,CREDIT,Local Store,Delhi,-0.009391655638586412,99,0,NORMAL
6294,68,2026-05-29 13:07:00,2178.88,DEBIT,Shell,Bangalore,-0.24011299801216918,100,0,NORMAL
6295,88,2026-07-07 19:55:00,5300.24,CREDIT,Walmart,Chandigarh,0.11588154808508593,104,0,NORMAL
6296,57,2026-06-04 22:39:00,1812.8,DEBIT,Flipkart,Pune,-0.264221955655695,107,0,NORMAL
6297,53,2026-05-08 09:26:00,543.72,CREDIT,Local Store,Bangalore,-0.590359685590907,105,0,NORMAL
6298,58,2026-04-30 02:37:00,4714.45,DEBIT,Apple,Delhi,0.2341592259637494,99,0,NORMAL
6299,1,2026-06-25 06:27:00,1911.59,CREDIT,Uber,Bangalore,-0.2411953222591709,112,0,NORMAL
6300,2,2026-07-14 03:06:00,1171.93,DEBIT,Local Store,Pune,-1.1933237206490626,117,0,NORMAL
6301,65,2026-04-29 10:48:00,3879.42,DEBIT,Shell,Chandigarh,0.048272584265389044,112,0,NORMAL
6302,20,2026-04-17 07:11:00,1523.51,DEBIT,Flipkart,Hyderabad,-0.2758596997097777,98,0,NORMAL
6303,61,2026-02-11 13:22:00,3497.23,DEBIT,Amazon,Hyderabad,0.07223847743711352,81,0,NORMAL
6304,37,2026-06-19 23:57:00,898.63,DEBIT,Apple,Ludhiana,-1.1911924994487157,87,0,NORMAL
6305,32,2026-02-11 17:13:00,800.06,DEBIT,Walmart,Bangalore,-0.673779021822433,107,0,NORMAL
6306,82,2026-06-09 00:10:00,2601.07,DEBIT,Walmart,Mumbai,-0.13661737517311573,107,0,NORMAL
6307,83,2026-01-17 09:33:00,1645.5,DEBIT,Amazon,Delhi,-0.23315463314196283,101,0,NORMAL
6308,40,2026-07-21 14:34:00,1490.89,DEBIT,Local Store,Mumbai,-0.29500753918805067,109,0,NORMAL
6309,17,2026-01-14 12:30:00,4988.88,DEBIT,Swiggy,Bangalore,0.14046316260498318,97,0,NORMAL
6310,78,2026-05-01 21:21:00,4351.79,DEBIT,Swiggy,Pune,0.3147469753696797,102,0,NORMAL
6311,45,2026-01-15 19:49:00,4656.14,DEBIT,Netflix,Hyderabad,0.18618104676241504,97,0,NORMAL
6312,84,2026-05-27 21:23:00,1613.56,DEBIT,Apple,Chandigarh,-0.27169204796014623,95,0,NORMAL
6313,18,2026-02-05 10:02:00,4090.3,DEBIT,Myntra,Delhi,0.709296235189804,96,0,NORMAL
6314,68,2026-01-24 12:40:00,4573.28,DEBIT,Apple,Hyderabad,0.3349348420176312,100,0,NORMAL
6315,83,2026-05-29 04:10:00,3421.04,CREDIT,Swiggy,Pune,0.043424774987728475,101,0,NORMAL
6316,32,2026-01-15 19:00:00,4787.44,DEBIT,Amazon,Bangalore,0.5919438678967376,107,0,NORMAL
6317,46,2026-07-20 07:10:00,1929.77,DEBIT,Shell,Hyderabad,-0.22315186315430005,94,0,NORMAL
6318,95,2026-04-26 02:48:00,1862.08,DEBIT,Walmart,Bangalore,-0.5106293749569394,113,0,NORMAL
6319,2,2026-07-02 18:12:00,2542.99,DEBIT,Myntra,Mumbai,-0.20888705765730214,117,0,NORMAL
6320,10,2026-07-02 10:32:00,3526.42,DEBIT,Walmart,Chandigarh,-0.08054747338249142,91,0,NORMAL
6321,53,2026-03-25 16:13:00,5291.73,CREDIT,Shell,Bangalore,0.4390616077339582,105,0,NORMAL
6322,49,2026-07-20 01:44:00,3014.1,DEBIT,Walmart,Bangalore,0.5428586170465753,95,0,NORMAL
6323,7,2026-02-25 20:59:00,952.38,DEBIT,Flipkart,Chandigarh,-0.40547411158029584,93,0,NORMAL
6324,30,2026-03-21 17:57:00,1197.65,CREDIT,Swiggy,Delhi,-0.41133067284662006,92,0,NORMAL
6325,17,2026-02-28 21:49:00,1918.41,DEBIT,Local Store,Bangalore,-0.2135468584107417,97,0,NORMAL
6326,64,2026-04-23 12:46:00,3445.1,DEBIT,Myntra,Bangalore,0.5026656564860672,110,0,NORMAL
6327,47,2026-06-14 07:58:00,866.9,DEBIT,Walmart,Chandigarh,-0.4812796985243589,103,0,NORMAL
6328,30,2026-05-03 15:27:00,3840.92,DEBIT,Myntra,Delhi,0.17372341350965617,92,0,NORMAL
6329,55,2026-01-31 00:46:00,637.35,CREDIT,Apple,Hyderabad,-1.432767192357637,118,0,NORMAL
6330,99,2026-03-27 12:39:00,31751.31,DEBIT,Uber,Hyderabad,8.963905746579542,103,90,HIGH
6331,34,2026-05-06 14:40:00,1894.09,DEBIT,Shell,Pune,-0.685644169211373,118,0,NORMAL
6332,82,2026-05-31 18:21:00,1257.65,CREDIT,Local Store,Bangalore,-0.3609075014403423,107,0,NORMAL
6333,94,2026-02-11 16:32:00,4857.96,CREDIT,Netflix,Pune,0.19303841064517707,103,0,NORMAL
6334,60,2026-07-04 05:20:00,4113.62,DEBIT,Myntra,Hyderabad,0.18201097581358738,106,0,NORMAL
6335,55,2026-06-11 17:51:00,704.55,CREDIT,Netflix,Ludhiana,-1.3813572782749046,118,0,NORMAL
6336,51,2026-04-24 18:18:00,3400.4,DEBIT,Uber,Hyderabad,-0.03651553299977268,108,0,NORMAL
6337,61,2026-02-14 01:53:00,5096.21,DEBIT,Apple,Chandigarh,0.4995294503794387,81,0,NORMAL
6338,34,2026-01-02 05:43:00,4331.4,CREDIT,Uber,Chandigarh,1.0482934964035286,118,0,NORMAL
6339,89,2026-07-20 06:43:00,54339.72,DEBIT,Netflix,Hyderabad,9.652397228543618,103,90,HIGH
6340,72,2026-06-06 15:30:00,1614.93,CREDIT,Uber,Hyderabad,-0.7925548084957413,98,0,NORMAL
6341,12,2026-05-06 11:50:00,1428.47,DEBIT,Walmart,Hyderabad,-0.3179611867952824,99,0,NORMAL
6342,2,2026-02-18 06:00:00,3485.74,DEBIT,Flipkart,Hyderabad,0.46801815731176005,117,0,NORMAL
6343,19,2026-07-03 06:03:00,3838.1,CREDIT,Amazon,Ludhiana,0.6406096968004734,98,0,NORMAL
6344,36,2026-07-11 08:42:00,69375.41,DEBIT,Local Store,Pune,8.913844342964024,85,90,HIGH
6345,21,2026-03-09 02:42:00,2864.31,DEBIT,Local Store,Mumbai,-0.11884058555701034,122,10,NORMAL
6346,63,2026-04-01 09:04:00,3261.41,DEBIT,Uber,Chandigarh,0.7357714002695108,88,0,NORMAL
6347,61,2026-06-13 09:53:00,1215.41,DEBIT,Myntra,Pune,-0.5375259272954387,81,0,NORMAL
6348,55,2026-05-03 05:46:00,2834.02,DEBIT,Shell,Hyderabad,0.2477479262155136,118,0,NORMAL
6349,66,2026-07-15 16:07:00,2526.72,CREDIT,Myntra,Pune,-0.21303262531039854,95,0,NORMAL
6350,91,2026-02-24 23:52:00,1960.91,DEBIT,Local Store,Bangalore,-0.26167886559275666,100,0,NORMAL
6351,35,2026-05-07 04:26:00,3340.52,DEBIT,Myntra,Mumbai,0.36423073051310284,103,0,NORMAL
6352,94,2026-07-03 17:33:00,4230.1,DEBIT,Apple,Pune,0.08760436194211473,103,0,NORMAL
6353,78,2026-06-03 21:32:00,6679.69,DEBIT,Myntra,Pune,0.9969829367581783,102,0,NORMAL
6354,65,2026-03-11 16:23:00,1457.36,DEBIT,Walmart,Chandigarh,-0.2735252527597141,112,0,NORMAL
6355,16,2026-06-13 21:46:00,4371.88,DEBIT,Local Store,Delhi,0.4350319799919307,95,0,NORMAL
6356,44,2026-03-17 12:02:00,1331.84,DEBIT,Shell,Pune,-0.3226641099767391,99,0,NORMAL
6357,69,2026-02-04 21:25:00,1666.76,CREDIT,Shell,Delhi,-0.27200991095016314,112,0,NORMAL
6358,14,2026-01-05 03:00:00,3084.41,DEBIT,Uber,Mumbai,-0.08068252561582141,112,0,NORMAL
6359,55,2026-07-02 07:28:00,1238.62,DEBIT,Shell,Hyderabad,-0.972778516159356,118,0,NORMAL
6360,89,2026-05-14 00:36:00,3991.6,DEBIT,Netflix,Delhi,0.12495273552981039,103,0,NORMAL
6361,15,2026-06-26 05:28:00,2212.22,DEBIT,Shell,Delhi,-0.20013726309970456,91,0,NORMAL
6362,47,2026-02-01 12:36:00,1697.68,DEBIT,Flipkart,Ludhiana,-0.2987159810053028,103,0,NORMAL
6363,11,2026-03-08 18:08:00,483.71,DEBIT,Netflix,Pune,-0.44607953271004586,118,0,NORMAL
6364,49,2026-01-14 18:56:00,2472.5,DEBIT,Uber,Chandigarh,0.1279026147521501,95,0,NORMAL
6365,84,2026-02-17 23:55:00,1682.9,DEBIT,Uber,Bangalore,-0.2631677389906892,95,0,NORMAL
6366,14,2026-02-23 07:24:00,4690.93,DEBIT,Swiggy,Pune,0.14547546560939295,112,0,NORMAL
6367,13,2026-02-15 15:31:00,4919.7,CREDIT,Walmart,Delhi,1.4812041562567861,101,0,NORMAL
6368,68,2026-06-24 18:53:00,1398.04,DEBIT,Local Store,Ludhiana,-0.42764238132693255,100,0,NORMAL
6369,64,2026-07-10 14:00:00,5279.72,DEBIT,Walmart,Delhi,1.716996909600201,110,0,NORMAL
6370,73,2026-05-09 19:42:00,5069.5,DEBIT,Uber,Hyderabad,1.827169214619949,111,0,NORMAL
6371,55,2026-03-20 01:39:00,2279.96,CREDIT,Swiggy,Ludhiana,-0.17612375528268132,118,0,NORMAL
6372,12,2026-03-01 16:41:00,4399.53,DEBIT,Walmart,Bangalore,0.04426650229374888,99,0,NORMAL
6373,6,2026-06-15 01:40:00,2763.53,DEBIT,Walmart,Bangalore,0.026203695045004416,117,0,NORMAL
6374,97,2026-01-04 15:29:00,2390.13,DEBIT,Local Store,Mumbai,-0.4198865032339641,96,0,NORMAL
6375,4,2026-03-06 11:22:00,3504.56,DEBIT,Swiggy,Hyderabad,0.7014650622040043,105,0,NORMAL
6376,6,2026-04-14 14:23:00,3662.22,DEBIT,Myntra,Bangalore,0.5992590277320619,117,0,NORMAL
6377,66,2026-07-14 12:26:00,5112.87,DEBIT,Shell,Ludhiana,1.5285536657755314,95,0,NORMAL
6378,22,2026-03-25 03:53:00,650.55,DEBIT,Shell,Delhi,-0.4946548825077715,108,0,NORMAL
6379,43,2026-02-19 05:15:00,5915.68,DEBIT,Local Store,Chandigarh,0.5685190714025257,97,0,NORMAL
6380,86,2026-04-30 09:52:00,4830.96,CREDIT,Apple,Delhi,1.3195745564711177,76,0,NORMAL
6381,15,2026-04-18 16:12:00,1506.3,DEBIT,Myntra,Hyderabad,-0.3593684883689559,91,0,NORMAL
6382,48,2026-07-04 04:16:00,1214.73,DEBIT,Shell,Chandigarh,-0.3491212898101285,102,0,NORMAL
6383,40,2026-03-05 05:48:00,2048.09,DEBIT,Apple,Hyderabad,-0.20026964905768116,109,0,NORMAL
6384,55,2026-07-10 12:08:00,1935.52,DEBIT,Netflix,Chandigarh,-0.43963016609601974,118,0,NORMAL
6385,45,2026-05-03 09:36:00,1792.16,DEBIT,Shell,Mumbai,-0.2389526714248595,97,0,NORMAL
6386,70,2026-07-01 23:19:00,2222.25,DEBIT,Myntra,Delhi,-0.44594504964664994,90,0,NORMAL
6387,79,2026-02-04 14:02:00,3070.59,CREDIT,Walmart,Hyderabad,0.2570370169204248,122,10,NORMAL
6388,30,2026-07-02 03:53:00,3460.72,CREDIT,Amazon,Bangalore,0.0895709948643205,92,0,NORMAL
6389,25,2026-06-03 02:35:00,1910.36,DEBIT,Apple,Delhi,-0.5403466365236637,97,0,NORMAL
6390,15,2026-01-12 06:49:00,912.35,DEBIT,Walmart,Ludhiana,-0.49334314023980796,91,0,NORMAL
6391,87,2026-06-08 07:09:00,1610.3,DEBIT,Uber,Mumbai,-0.8103050748575481,85,0,NORMAL
6392,50,2026-01-29 03:07:00,684.97,DEBIT,Swiggy,Pune,-0.38841783287220516,118,0,NORMAL
6393,36,2026-02-12 14:06:00,695.33,DEBIT,Swiggy,Delhi,-0.3836032953388208,85,0,NORMAL
6394,38,2026-02-26 20:34:00,966.15,DEBIT,Netflix,Delhi,-1.2061905563572026,95,0,NORMAL
6395,1,2026-04-18 10:39:00,971.53,DEBIT,Flipkart,Chandigarh,-0.3419304439373069,112,0,NORMAL
6396,95,2026-02-10 02:22:00,1852.7,DEBIT,Local Store,Pune,-0.516600515724171,113,0,NORMAL
6397,82,2026-01-05 05:29:00,3372.83,CREDIT,Amazon,Hyderabad,-0.007768505982546356,107,0,NORMAL
6398,97,2026-06-10 13:18:00,4235.78,DEBIT,Netflix,Pune,0.8929378956018283,96,0,NORMAL
6399,46,2026-02-01 16:27:00,1020.38,DEBIT,Myntra,Hyderabad,-0.37232060244800946,94,0,NORMAL
6400,56,2026-02-09 20:11:00,1713.79,DEBIT,Netflix,Pune,-0.3482793430925908,101,0,NORMAL
6401,4,2026-05-18 00:47:00,1440.53,DEBIT,Myntra,Delhi,-0.950875236531618,105,0,NORMAL
6402,7,2026-06-04 03:59:00,3492.71,DEBIT,Amazon,Mumbai,0.03490794441710273,93,0,NORMAL
6403,38,2026-06-11 13:56:00,3842.86,DEBIT,Apple,Delhi,0.889598193887281,95,0,NORMAL
6404,86,2026-06-21 10:04:00,1763.01,DEBIT,Walmart,Chandigarh,-0.6832344354887653,76,0,NORMAL
6405,44,2026-06-29 13:39:00,1638.04,DEBIT,Flipkart,Mumbai,-0.2877091583968852,99,0,NORMAL
6406,51,2026-06-19 03:38:00,5975.6,DEBIT,Shell,Ludhiana,0.36261710955420157,108,0,NORMAL
6407,91,2026-05-27 00:22:00,5969.32,DEBIT,Shell,Hyderabad,0.219635637141026,100,0,NORMAL
6408,32,2026-04-26 12:09:00,799.02,CREDIT,Walmart,Delhi,-0.6741091513323638,107,0,NORMAL
6409,9,2026-07-02 07:37:00,1626.85,DEBIT,Apple,Bangalore,-0.4173480341526549,84,0,NORMAL
6410,40,2026-01-28 01:47:00,4254.28,DEBIT,Netflix,Chandigarh,0.17483764783162228,109,0,NORMAL
6411,10,2026-02-03 15:28:00,2460.2,DEBIT,Local Store,Delhi,-0.2099324949942691,91,0,NORMAL
6412,88,2026-04-23 23:08:00,2555.47,DEBIT,Flipkart,Pune,-0.16831212869587822,104,0,NORMAL
6413,7,2026-01-03 17:00:00,1608.21,DEBIT,Walmart,Pune,-0.2917818890010349,93,0,NORMAL
6414,12,2026-02-02 12:37:00,5028.56,DEBIT,Myntra,Delhi,0.1209570044268844,99,0,NORMAL
6415,50,2026-03-24 04:09:00,71881.91,DEBIT,Apple,Ludhiana,8.494282091641585,118,90,HIGH
6416,69,2026-07-10 04:20:00,1414.46,DEBIT,Walmart,Chandigarh,-0.295939205165212,112,0,NORMAL
6417,21,2026-07-05 12:02:00,46068.79,DEBIT,Swiggy,Chandigarh,6.824666435628912,122,100,HIGH
6418,2,2026-04-26 11:40:00,777.36,DEBIT,Apple,Hyderabad,-1.4766294651946397,117,0,NORMAL
6419,17,2026-07-21 07:47:00,3746.68,CREDIT,Uber,Hyderabad,-0.00275636017352746,97,0,NORMAL
6420,38,2026-04-13 00:04:00,513.37,DEBIT,Netflix,Bangalore,-1.536057393937528,95,0,NORMAL
6421,98,2026-01-26 09:11:00,3166.19,CREDIT,Walmart,Bangalore,0.3000624748196678,114,0,NORMAL
6422,61,2026-05-25 02:09:00,2596.5,DEBIT,Swiggy,Mumbai,-0.1684610923250727,81,0,NORMAL
6423,36,2026-01-23 17:40:00,4004.14,CREDIT,Swiggy,Bangalore,0.06432116427294489,85,0,NORMAL
6424,17,2026-06-03 21:51:00,3752.46,CREDIT,Shell,Bangalore,-0.0020899547302334494,97,0,NORMAL
6425,52,2026-05-07 14:18:00,293.94,DEBIT,Walmart,Pune,-0.5611689401431383,116,0,NORMAL
6426,90,2026-04-12 14:37:00,1877.51,DEBIT,Swiggy,Chandigarh,-0.24354784821425451,93,0,NORMAL
6427,41,2026-04-29 05:43:00,1352.52,DEBIT,Netflix,Hyderabad,-0.39421588747770053,100,0,NORMAL
6428,30,2026-04-09 10:14:00,715.84,DEBIT,Local Store,Hyderabad,-0.5179731684476435,92,0,NORMAL
6429,41,2026-02-07 15:31:00,660.31,CREDIT,Walmart,Pune,-0.53538604571044,100,0,NORMAL
6430,28,2026-02-07 22:44:00,2763.94,CREDIT,Netflix,Pune,-0.07910801812676398,98,0,NORMAL
6431,87,2026-02-08 07:07:00,969.78,DEBIT,Amazon,Chandigarh,-1.1773803961249973,85,0,NORMAL
6432,70,2026-06-26 01:09:00,3944.69,DEBIT,Shell,Chandigarh,0.8854117631921837,90,0,NORMAL
6433,74,2026-02-10 14:05:00,4255.91,DEBIT,Shell,Hyderabad,-0.002219150504793526,119,0,NORMAL
6434,99,2026-04-10 20:46:00,2082.74,CREDIT,Walmart,Pune,-0.26114350446140466,103,0,NORMAL
6435,87,2026-04-22 13:43:00,2200.9,DEBIT,Myntra,Mumbai,-0.4718383841366409,85,0,NORMAL
6436,31,2026-06-20 16:24:00,1436.72,DEBIT,Netflix,Chandigarh,-0.2847426309063752,104,0,NORMAL
6437,98,2026-05-12 03:55:00,4373.6,DEBIT,Uber,Hyderabad,1.1905290484980688,114,0,NORMAL
6438,47,2026-06-26 02:31:00,4603.48,DEBIT,Flipkart,Delhi,0.339832913246934,103,0,NORMAL
6439,33,2026-02-12 01:54:00,5165.13,DEBIT,Shell,Bangalore,0.10630557262836747,91,0,NORMAL
6440,80,2026-06-12 23:57:00,1908.51,DEBIT,Apple,Pune,-0.2593141016042262,84,0,NORMAL
6441,3,2026-05-09 23:59:00,3044.0,DEBIT,Amazon,Ludhiana,-0.10561670788724903,94,0,NORMAL
6442,45,2026-07-02 20:12:00,3343.45,DEBIT,Walmart,Ludhiana,-0.008676731758124065,97,0,NORMAL
6443,35,2026-03-16 19:35:00,2872.24,DEBIT,Local Store,Ludhiana,0.027935217509290514,103,0,NORMAL
6444,82,2026-06-05 02:37:00,5446.45,DEBIT,Walmart,Delhi,0.33843185699421907,107,0,NORMAL
6445,77,2026-05-19 19:14:00,1943.94,DEBIT,Uber,Pune,-0.44678225177882824,84,0,NORMAL
6446,63,2026-01-10 10:34:00,4082.35,CREDIT,Shell,Ludhiana,1.399372056973139,88,0,NORMAL
6447,95,2026-02-14 16:30:00,4926.31,DEBIT,Uber,Pune,1.4400048119486346,113,0,NORMAL
6448,16,2026-02-20 19:21:00,2824.0,DEBIT,Shell,Mumbai,-0.010539711617748339,95,0,NORMAL
6449,100,2026-04-30 21:40:00,4636.13,DEBIT,Swiggy,Chandigarh,1.370402824743421,87,0,NORMAL
6450,64,2026-03-19 23:37:00,1291.84,DEBIT,Shell,Hyderabad,-0.922572765683395,110,0,NORMAL
6451,45,2026-06-17 15:51:00,5216.25,DEBIT,Walmart,Bangalore,0.2693246605075788,97,0,NORMAL
6452,12,2026-06-30 21:08:00,1243.7,CREDIT,Myntra,Mumbai,-0.3404880997869353,99,0,NORMAL
6453,19,2026-04-03 14:48:00,1257.29,DEBIT,Uber,Hyderabad,-1.071770514997361,98,0,NORMAL
6454,13,2026-02-24 23:59:00,3020.38,DEBIT,Amazon,Ludhiana,0.1719525618875573,101,0,NORMAL
6455,33,2026-02-10 18:05:00,1104.79,DEBIT,Flipkart,Pune,-0.3203357884038039,91,0,NORMAL
6456,66,2026-04-15 16:06:00,2724.16,DEBIT,Uber,Bangalore,-0.0800709651932336,95,0,NORMAL
6457,7,2026-05-01 03:38:00,2753.78,DEBIT,Netflix,Hyderabad,-0.09319018166815299,93,0,NORMAL
6458,83,2026-05-13 13:52:00,1178.52,DEBIT,Flipkart,Pune,-0.30589703940056767,101,0,NORMAL
6459,95,2026-03-23 11:02:00,2355.45,CREDIT,Swiggy,Bangalore,-0.1965588290796382,113,0,NORMAL
6460,86,2026-06-17 14:26:00,4098.49,DEBIT,Local Store,Bangalore,0.8414059088918364,76,0,NORMAL
6461,59,2026-01-27 00:16:00,762.94,DEBIT,Uber,Ludhiana,-0.412699882523436,92,0,NORMAL
6462,20,2026-02-07 03:05:00,842.86,DEBIT,Walmart,Mumbai,-0.34779373402121594,98,0,NORMAL
6463,84,2026-01-17 03:32:00,1752.33,DEBIT,Uber,Hyderabad,-0.2546323658763338,95,0,NORMAL
6464,34,2026-07-11 05:53:00,2732.98,DEBIT,Apple,Pune,-0.08884566253487908,118,0,NORMAL
6465,94,2026-03-08 00:44:00,4737.51,DEBIT,Netflix,Hyderabad,0.17281171812409937,103,0,NORMAL
6466,22,2026-04-01 18:09:00,5129.27,DEBIT,Shell,Hyderabad,0.24827092441316842,108,0,NORMAL
6467,42,2026-04-21 19:56:00,5301.36,CREDIT,Netflix,Ludhiana,0.4298617263855459,104,0,NORMAL
6468,14,2026-07-11 19:10:00,1265.01,DEBIT,Flipkart,Ludhiana,-0.33680871715726185,112,0,NORMAL
6469,57,2026-02-10 15:13:00,5279.38,DEBIT,Swiggy,Hyderabad,0.25470034215521986,107,0,NORMAL
6470,95,2026-01-20 16:35:00,3989.35,DEBIT,Shell,Delhi,0.8435527806836685,113,0,NORMAL
6471,80,2026-01-25 03:30:00,62395.66,DEBIT,Shell,Delhi,8.810188259751731,84,90,HIGH
6472,70,2026-07-18 05:36:00,1570.62,DEBIT,Shell,Hyderabad,-0.9496212531429513,90,0,NORMAL
6473,99,2026-06-09 08:25:00,3457.47,DEBIT,Netflix,Ludhiana,0.16631059787259792,103,0,NORMAL
6474,16,2026-06-12 03:51:00,892.07,CREDIT,Amazon,Pune,-0.5666637769015476,95,0,NORMAL
6475,33,2026-04-23 08:28:00,2563.74,DEBIT,Amazon,Chandigarh,-0.16703620913756353,91,0,NORMAL
6476,63,2026-04-27 19:49:00,5052.94,DEBIT,Netflix,Bangalore,2.1839411623766694,88,40,REVIEW
6477,42,2026-04-07 01:07:00,2973.37,DEBIT,Shell,Pune,-0.05949138679750922,104,0,NORMAL
6478,13,2026-01-10 23:43:00,3479.73,CREDIT,Shell,Hyderabad,0.48859468637079617,101,0,NORMAL
6479,23,2026-02-19 14:50:00,3018.05,DEBIT,Shell,Bangalore,0.23678380765915014,96,0,NORMAL
6480,63,2026-03-02 10:16:00,1861.34,CREDIT,Flipkart,Ludhiana,-0.3959646235946552,88,0,NORMAL
6481,63,2026-04-18 07:53:00,3883.41,DEBIT,Walmart,Bangalore,1.2385604085644613,88,0,NORMAL
6482,31,2026-01-06 21:00:00,1611.53,DEBIT,Swiggy,Chandigarh,-0.2603908020805598,104,0,NORMAL
6483,54,2026-05-27 05:08:00,2283.92,DEBIT,Netflix,Hyderabad,-0.24779199685310607,89,0,NORMAL
6484,30,2026-01-26 03:42:00,921.24,DEBIT,Swiggy,Pune,-0.472510499353083,92,0,NORMAL
6485,12,2026-03-22 04:17:00,6659.41,DEBIT,Amazon,Ludhiana,0.3197880703598667,99,0,NORMAL
6486,32,2026-03-11 06:58:00,2644.12,DEBIT,Apple,Pune,-0.08841496020414384,107,0,NORMAL
6487,8,2026-03-20 05:54:00,1382.83,DEBIT,Myntra,Ludhiana,-0.31027642862938826,91,0,NORMAL
6488,81,2026-02-05 12:09:00,3449.95,DEBIT,Shell,Ludhiana,-0.06205857263978571,105,0,NORMAL
6489,18,2026-07-08 08:45:00,5183.81,CREDIT,Uber,Delhi,1.4462924810071507,96,0,NORMAL
6490,62,2026-03-08 10:48:00,1004.26,DEBIT,Apple,Chandigarh,-1.1393323699447127,102,0,NORMAL
6491,89,2026-03-30 18:39:00,1666.44,CREDIT,Uber,Bangalore,-0.3150405122295098,103,0,NORMAL
6492,42,2026-04-30 14:15:00,1008.55,DEBIT,Uber,Ludhiana,-0.47250466599730406,104,0,NORMAL
6493,85,2026-06-10 14:53:00,2359.21,DEBIT,Local Store,Pune,-0.33695841637010904,89,0,NORMAL
6494,16,2026-02-27 20:32:00,1572.13,CREDIT,Amazon,Ludhiana,-0.3709021645051872,95,0,NORMAL
6495,45,2026-03-27 06:04:00,3316.34,DEBIT,Flipkart,Pune,-0.012700983009898475,97,0,NORMAL
6496,90,2026-07-15 13:20:00,757.16,CREDIT,Walmart,Ludhiana,-0.3365777906280621,93,0,NORMAL
6497,78,2026-04-06 18:35:00,4357.64,DEBIT,Apple,Bangalore,0.3164614306186694,102,0,NORMAL
6498,56,2026-07-16 02:36:00,1040.46,DEBIT,Walmart,Hyderabad,-0.5236094467954776,101,0,NORMAL
6499,94,2026-04-05 18:32:00,2401.83,CREDIT,Amazon,Pune,-0.2194097944340646,103,0,NORMAL
6500,47,2026-05-15 16:16:00,5272.1,CREDIT,Flipkart,Chandigarh,0.4867620073604075,103,0,NORMAL
6501,62,2026-02-12 14:44:00,3837.29,DEBIT,Swiggy,Pune,0.8707044126812595,102,0,NORMAL
6502,64,2026-03-30 09:02:00,5389.76,DEBIT,Amazon,Delhi,1.789832162182577,110,0,NORMAL
6503,10,2026-01-13 02:42:00,1483.39,DEBIT,Flipkart,Pune,-0.32846767812776917,91,0,NORMAL
6504,81,2026-06-24 07:25:00,3951.5,DEBIT,Amazon,Ludhiana,0.0068670030369030605,105,0,NORMAL
6505,10,2026-04-23 14:57:00,4471.28,DEBIT,Shell,Bangalore,0.034110600486038714,91,0,NORMAL
6506,1,2026-04-17 23:14:00,3940.38,DEBIT,Amazon,Delhi,-0.023793871809853304,112,0,NORMAL
6507,38,2026-05-21 04:33:00,3682.7,DEBIT,Shell,Hyderabad,0.7729157593564604,95,0,NORMAL
6508,28,2026-06-10 11:04:00,2261.86,CREDIT,Flipkart,Mumbai,-0.421605753821752,98,0,NORMAL
6509,47,2026-02-21 16:32:00,2080.99,DEBIT,Apple,Chandigarh,-0.2144836950063267,103,0,NORMAL
6510,55,2026-01-23 00:49:00,1680.6,DEBIT,Walmart,Mumbai,-0.6346512270777183,118,0,NORMAL
6511,68,2026-07-04 15:28:00,528.4,DEBIT,Walmart,Mumbai,-0.636498296630773,100,0,NORMAL
6512,86,2026-05-20 19:56:00,4702.65,CREDIT,Flipkart,Mumbai,1.235811645811435,76,0,NORMAL
6513,88,2026-05-01 02:43:00,4666.83,DEBIT,Local Store,Delhi,0.05029823261244871,104,0,NORMAL
6514,40,2026-01-08 20:10:00,1798.95,DEBIT,Myntra,Hyderabad,-0.2426296597308331,109,0,NORMAL
6515,10,2026-06-25 03:16:00,3931.89,DEBIT,Myntra,Hyderabad,-0.031343983752839505,91,0,NORMAL
6516,99,2026-03-10 16:48:00,6586.99,DEBIT,Walmart,Pune,1.1393934303824782,103,0,NORMAL
6517,6,2026-04-01 02:43:00,4829.32,DEBIT,Walmart,Ludhiana,1.3434676856442063,117,0,NORMAL
6518,59,2026-05-12 21:08:00,1684.89,DEBIT,Apple,Chandigarh,-0.2819857282196439,92,0,NORMAL
6519,13,2026-06-02 16:57:00,2347.56,DEBIT,Apple,Bangalore,-0.2918400890209283,101,0,NORMAL
6520,98,2026-03-07 12:58:00,5758.86,DEBIT,Apple,Pune,2.2121602473896975,114,40,REVIEW
6521,40,2026-01-25 12:10:00,797.01,DEBIT,Walmart,Hyderabad,-0.4129844365384828,109,0,NORMAL
6522,31,2026-04-09 23:30:00,3710.46,DEBIT,Apple,Hyderabad,0.03199970233777281,104,0,NORMAL
6523,64,2026-06-16 14:12:00,3175.56,CREDIT,Flipkart,Ludhiana,0.3242576777414861,110,0,NORMAL
6524,12,2026-04-19 23:38:00,2899.03,DEBIT,Shell,Ludhiana,-0.1386724647678693,99,0,NORMAL
6525,40,2026-07-18 05:10:00,806.81,DEBIT,Apple,Chandigarh,-0.4113181922397075,109,0,NORMAL
6526,31,2026-02-26 07:30:00,4520.1,CREDIT,Apple,Ludhiana,0.1447862402391125,104,0,NORMAL
6527,95,2026-06-23 12:30:00,2918.07,DEBIT,Netflix,Chandigarh,0.16159503216341944,113,0,NORMAL
6528,51,2026-06-23 19:04:00,3475.27,DEBIT,Swiggy,Hyderabad,-0.02491136208177951,108,0,NORMAL
6529,33,2026-04-28 02:26:00,3617.89,DEBIT,Netflix,Bangalore,-0.05627110307943455,91,0,NORMAL
6530,19,2026-07-15 21:17:00,2143.77,DEBIT,Myntra,Delhi,-0.4835866463070877,98,0,NORMAL
6531,55,2026-06-16 15:42:00,787.89,DEBIT,Swiggy,Chandigarh,-1.3175998044705162,118,0,NORMAL
6532,89,2026-01-30 17:09:00,4467.86,CREDIT,Local Store,Delhi,0.21507607507541315,103,0,NORMAL
6533,77,2026-05-05 16:54:00,1135.06,DEBIT,Local Store,Pune,-0.9902446271454752,84,0,NORMAL
6534,84,2026-06-08 11:05:00,3847.75,DEBIT,Local Store,Chandigarh,0.0029679730446310467,95,0,NORMAL
6535,2,2026-02-12 12:24:00,2149.72,DEBIT,Amazon,Pune,-0.49125938742753084,117,0,NORMAL
6536,48,2026-03-19 09:21:00,5725.86,DEBIT,Local Store,Pune,0.18341125122680604,102,0,NORMAL
6537,86,2026-04-12 00:35:00,3929.17,DEBIT,Myntra,Chandigarh,0.7308709854026509,76,0,NORMAL
6538,62,2026-04-09 22:04:00,4805.32,CREDIT,Amazon,Bangalore,1.5575223802585247,102,0,NORMAL
6539,58,2026-05-13 23:04:00,1903.65,DEBIT,Amazon,Pune,-0.25130348681813647,99,0,NORMAL
6540,11,2026-04-04 05:22:00,2360.42,CREDIT,Local Store,Bangalore,-0.18301569421371144,118,0,NORMAL
6541,5,2026-04-27 18:23:00,3656.34,CREDIT,Myntra,Hyderabad,0.8105977641085894,87,0,NORMAL
6542,42,2026-03-20 19:32:00,684.47,DEBIT,Myntra,Bangalore,-0.5406276205290523,104,0,NORMAL
6543,35,2026-06-22 08:37:00,3650.6,DEBIT,Swiggy,Hyderabad,0.5869148354764198,103,0,NORMAL
6544,97,2026-05-04 03:47:00,3274.92,DEBIT,Apple,Mumbai,0.20947112136762394,96,0,NORMAL
6545,1,2026-05-05 07:44:00,3900.63,DEBIT,Netflix,Hyderabad,-0.028053409591171415,112,0,NORMAL
6546,2,2026-06-21 04:13:00,3563.91,DEBIT,Uber,Ludhiana,0.52414510576483,117,0,NORMAL
6547,81,2026-07-04 18:41:00,3841.51,DEBIT,Shell,Chandigarh,-0.008248387390131093,105,0,NORMAL
6548,8,2026-04-10 06:54:00,3425.93,DEBIT,Uber,Pune,-0.07547001176538773,91,0,NORMAL
6549,83,2026-06-04 06:04:00,5029.28,DEBIT,Local Store,Ludhiana,0.29394352834191634,101,0,NORMAL
6550,4,2026-06-19 04:28:00,3847.27,DEBIT,Swiggy,Pune,0.9758184116125328,105,0,NORMAL
6551,40,2026-04-14 22:28:00,2117.19,DEBIT,Netflix,Pune,-0.18852092650203053,109,0,NORMAL
6552,47,2026-05-25 22:40:00,1046.72,CREDIT,Walmart,Chandigarh,-0.4417642941040832,103,0,NORMAL
6553,46,2026-04-04 05:23:00,851.1,DEBIT,Uber,Bangalore,-0.4000878796202229,94,0,NORMAL
6554,63,2026-07-25 10:30:00,989.2,CREDIT,Walmart,Ludhiana,-1.100952414100054,88,0,NORMAL
6555,15,2026-06-21 09:21:00,2813.44,DEBIT,Uber,Bangalore,-0.0645227497605452,91,0,NORMAL
6556,78,2026-05-22 08:07:00,1175.7,DEBIT,Local Store,Delhi,-0.6160674129659003,102,0,NORMAL
6557,45,2026-02-21 16:08:00,2207.69,DEBIT,Netflix,Delhi,-0.177270741411955,97,0,NORMAL
6558,62,2026-01-24 01:13:00,3560.88,DEBIT,Netflix,Mumbai,0.6745913227790542,102,0,NORMAL
6559,97,2026-03-17 21:54:00,3696.38,DEBIT,Myntra,Bangalore,0.5092587144287857,96,0,NORMAL
6560,30,2026-03-05 22:19:00,1796.86,CREDIT,Apple,Ludhiana,-0.2787031852704193,92,0,NORMAL
6561,37,2026-05-09 07:49:00,1302.22,DEBIT,Local Store,Ludhiana,-0.9198784618387021,87,0,NORMAL
6562,16,2026-04-20 10:02:00,1040.38,DEBIT,Swiggy,Bangalore,-0.5239713604463757,95,0,NORMAL
6563,6,2026-02-04 09:09:00,2116.08,DEBIT,Apple,Chandigarh,-0.3866468709435296,117,0,NORMAL
6564,46,2026-01-30 21:28:00,3099.3,DEBIT,Uber,Delhi,-0.031311931259104336,94,0,NORMAL
6565,25,2026-05-14 18:44:00,2102.27,CREDIT,Local Store,Chandigarh,-0.4154705227977068,97,0,NORMAL
6566,56,2026-04-03 09:48:00,2815.09,DEBIT,Uber,Mumbai,-0.061509047386192284,101,0,NORMAL
6567,74,2026-06-25 08:54:00,4571.49,DEBIT,Flipkart,Hyderabad,0.03359389120073937,119,0,NORMAL
6568,87,2026-02-27 21:31:00,4460.48,CREDIT,Shell,Ludhiana,0.8231033107823348,85,0,NORMAL
6569,39,2026-07-20 05:02:00,1603.0,DEBIT,Flipkart,Delhi,-0.3431737858854658,101,0,NORMAL
6570,95,2026-03-07 06:50:00,1670.41,CREDIT,Myntra,Chandigarh,-0.6326430797389535,113,0,NORMAL
6571,18,2026-01-28 04:02:00,4441.08,DEBIT,Swiggy,Mumbai,0.9457124939417209,96,0,NORMAL
6572,46,2026-05-09 08:11:00,802.91,CREDIT,Netflix,Mumbai,-0.40799256468005846,94,0,NORMAL
6573,55,2026-04-22 03:09:00,2100.53,CREDIT,Shell,Mumbai,-0.3133928160544769,118,0,NORMAL
6574,89,2026-07-23 06:56:00,2271.86,DEBIT,Myntra,Hyderabad,-0.20047604696327104,103,0,NORMAL
6575,91,2026-07-11 16:37:00,3515.37,CREDIT,Local Store,Hyderabad,-0.07502526929907515,100,0,NORMAL
6576,35,2026-03-04 10:17:00,3197.01,DEBIT,Shell,Chandigarh,0.26116895321922523,103,0,NORMAL
6577,57,2026-05-20 15:30:00,1006.44,CREDIT,Local Store,Delhi,-0.38492829564000497,107,0,NORMAL
6578,7,2026-03-02 05:15:00,1852.94,DEBIT,Local Store,Chandigarh,-0.24935641649776039,93,0,NORMAL
6579,80,2026-02-06 12:42:00,4248.03,DEBIT,Flipkart,Chandigarh,0.09147581269061969,84,0,NORMAL
6580,29,2026-02-21 05:40:00,924.53,DEBIT,Amazon,Bangalore,-1.0784659621092965,99,0,NORMAL
6581,3,2026-02-09 05:39:00,38560.23,DEBIT,Flipkart,Ludhiana,4.243621939715477,94,90,HIGH
6582,77,2026-04-01 11:22:00,3869.26,DEBIT,Myntra,Delhi,0.846782900704745,84,0,NORMAL
6583,24,2026-05-25 01:18:00,1143.47,DEBIT,Netflix,Hyderabad,-1.0463560015998132,95,0,NORMAL
6584,46,2026-03-18 06:45:00,2346.77,DEBIT,Flipkart,Mumbai,-0.15475066643399651,94,0,NORMAL
6585,9,2026-04-21 00:09:00,3897.38,DEBIT,Flipkart,Chandigarh,0.21311074242786984,84,0,NORMAL
6586,57,2026-02-03 08:39:00,4395.09,CREDIT,Netflix,Chandigarh,0.12232843706974256,107,0,NORMAL
6587,8,2026-06-17 21:47:00,3390.14,CREDIT,Apple,Ludhiana,-0.07958323268436505,91,0,NORMAL
6588,25,2026-05-11 21:00:00,557.15,CREDIT,Swiggy,Delhi,-1.4208823347942172,97,0,NORMAL
6589,64,2026-06-12 03:07:00,7988.18,DEBIT,Netflix,Chandigarh,3.509721084529889,110,70,HIGH
6590,28,2026-01-17 03:00:00,1602.3,DEBIT,Walmart,Hyderabad,-0.8715296833847428,98,0,NORMAL
6591,1,2026-02-26 23:23:00,1082.19,DEBIT,Walmart,Hyderabad,-0.33007231938684994,112,0,NORMAL
6592,71,2026-02-27 23:54:00,2814.88,DEBIT,Apple,Delhi,0.1470765774275519,99,0,NORMAL
6593,1,2026-06-05 05:33:00,2520.7,DEBIT,Swiggy,Delhi,-0.17592420130373254,112,0,NORMAL
6594,22,2026-01-31 22:48:00,5713.87,DEBIT,Apple,Mumbai,0.3452438154905256,108,0,NORMAL
6595,44,2026-01-24 08:30:00,3513.15,DEBIT,Shell,Pune,-0.07365174736847278,99,0,NORMAL
6596,4,2026-04-21 06:11:00,5230.1,DEBIT,Flipkart,Delhi,2.082830293852898,105,40,REVIEW
6597,11,2026-07-28 07:44:00,4465.31,DEBIT,Flipkart,Ludhiana,0.1120327911743077,118,0,NORMAL
6598,81,2026-02-17 07:48:00,53546.78,DEBIT,Swiggy,Pune,6.8225049750169005,105,90,HIGH
6599,77,2026-06-30 00:05:00,4484.02,DEBIT,Myntra,Ludhiana,1.2598218309297475,84,0,NORMAL
6600,56,2026-04-04 10:48:00,1494.63,CREDIT,Shell,Hyderabad,-0.4053469704484559,101,0,NORMAL
6601,43,2026-03-03 13:58:00,1984.77,CREDIT,Uber,Bangalore,-0.22202455148608796,97,0,NORMAL
6602,52,2026-05-21 19:49:00,5322.68,CREDIT,Local Store,Bangalore,0.477495576343644,116,0,NORMAL
6603,85,2026-06-29 03:23:00,2235.78,CREDIT,Flipkart,Hyderabad,-0.41160182216198393,89,0,NORMAL
6604,34,2026-02-28 00:30:00,4456.41,DEBIT,Myntra,Hyderabad,1.1372274225674222,118,0,NORMAL
6605,64,2026-02-05 08:47:00,1230.09,CREDIT,Swiggy,Delhi,-0.9634449653104554,110,0,NORMAL
6606,48,2026-01-28 12:56:00,5874.12,DEBIT,Local Store,Chandigarh,0.2009131353520997,102,0,NORMAL
6607,86,2026-03-04 01:00:00,2963.84,DEBIT,Swiggy,Chandigarh,0.10068744127428057,76,0,NORMAL
6608,95,2026-04-29 17:29:00,4394.67,CREDIT,Amazon,Bangalore,1.1015722663738965,113,0,NORMAL
6609,35,2026-02-20 00:36:00,4476.46,CREDIT,Local Store,Bangalore,1.1800066018754298,103,0,NORMAL
6610,99,2026-01-07 20:07:00,1284.19,DEBIT,Shell,Ludhiana,-0.5094420601187466,103,0,NORMAL
6611,8,2026-03-24 18:26:00,3842.89,CREDIT,Myntra,Pune,-0.027550241036782334,91,0,NORMAL
6612,66,2026-03-06 08:43:00,3202.2,CREDIT,Swiggy,Ludhiana,0.24185464259854872,95,0,NORMAL
6613,33,2026-04-03 18:21:00,5590.44,DEBIT,Walmart,Chandigarh,0.15099513982239374,91,0,NORMAL
6614,93,2026-04-18 08:06:00,2768.39,DEBIT,Uber,Hyderabad,-0.08883722637929597,100,0,NORMAL
6615,1,2026-01-04 20:42:00,1928.8,DEBIT,Amazon,Chandigarh,-0.2393511299266807,112,0,NORMAL
6616,69,2026-06-05 01:53:00,1028.57,DEBIT,Flipkart,Ludhiana,-0.3325387903600008,112,0,NORMAL
6617,61,2026-06-20 05:19:00,1559.27,DEBIT,Swiggy,Chandigarh,-0.4456371769946545,81,0,NORMAL
6618,95,2026-04-02 14:17:00,835.77,DEBIT,Walmart,Hyderabad,-1.1639600232317293,113,0,NORMAL
6619,59,2026-01-06 01:28:00,3917.54,DEBIT,Walmart,Pune,0.034559590513867984,92,0,NORMAL
6620,59,2026-07-15 11:22:00,2178.48,CREDIT,Amazon,Delhi,-0.21200449342078423,92,0,NORMAL
6621,58,2026-05-14 21:12:00,3923.92,DEBIT,Flipkart,Chandigarh,0.09762413334404535,99,0,NORMAL
6622,56,2026-06-25 22:12:00,912.0,DEBIT,Myntra,Hyderabad,-0.5570594714812526,101,0,NORMAL
6623,6,2026-02-28 00:10:00,1518.07,DEBIT,Uber,Ludhiana,-0.7679717098759616,117,0,NORMAL
6624,98,2026-02-12 17:09:00,1590.57,DEBIT,Apple,Mumbai,-0.8619594918852312,114,0,NORMAL
6625,2,2026-06-14 17:47:00,4205.23,DEBIT,Uber,Pune,0.9846201547852051,117,0,NORMAL
6626,47,2026-03-13 11:06:00,3042.1,DEBIT,Swiggy,Hyderabad,-0.003279989398656683,103,0,NORMAL
6627,60,2026-02-07 05:32:00,4268.86,CREDIT,Uber,Pune,0.21711395393905214,106,0,NORMAL
6628,99,2026-04-08 10:22:00,965.34,DEBIT,Apple,Pune,-0.6085842484242295,103,0,NORMAL
6629,60,2026-07-16 10:13:00,3488.08,CREDIT,Amazon,Delhi,0.040563430486331195,106,0,NORMAL
6630,23,2026-05-28 10:59:00,2356.16,DEBIT,Uber,Delhi,-0.20747211123711334,96,0,NORMAL
6631,69,2026-01-14 22:41:00,1524.72,DEBIT,Uber,Bangalore,-0.2854816388546639,112,0,NORMAL
6632,63,2026-01-26 10:28:00,4309.32,DEBIT,Swiggy,Hyderabad,1.5828415444533717,88,0,NORMAL
6633,84,2026-06-16 15:15:00,1695.75,DEBIT,Amazon,Mumbai,-0.2615880249690924,95,0,NORMAL
6634,48,2026-02-08 10:49:00,5169.65,DEBIT,Flipkart,Delhi,0.1177514443380324,102,0,NORMAL
6635,51,2026-02-25 05:20:00,2292.63,DEBIT,Local Store,Chandigarh,-0.2082098353615372,108,0,NORMAL
6636,45,2026-03-12 05:15:00,3140.32,DEBIT,Swiggy,Hyderabad,-0.03882967003820316,97,0,NORMAL
6637,7,2026-06-27 17:45:00,606.59,DEBIT,Netflix,Mumbai,-0.4654189656517513,93,0,NORMAL
6638,8,2026-04-11 10:55:00,5066.35,DEBIT,Flipkart,Delhi,0.11305778538210573,91,0,NORMAL
6639,71,2026-06-09 21:43:00,6027.88,DEBIT,Shell,Hyderabad,2.3106241907343565,99,40,REVIEW
6640,60,2026-07-23 11:16:00,3652.62,CREDIT,Myntra,Delhi,0.07776933116118288,106,0,NORMAL
6641,69,2026-01-21 08:41:00,3992.51,DEBIT,Amazon,Pune,-0.05142506742796784,112,0,NORMAL
6642,1,2026-04-17 15:09:00,2083.62,DEBIT,Shell,Bangalore,-0.22276090000709156,112,0,NORMAL
6643,31,2026-01-10 22:43:00,4395.5,DEBIT,Amazon,Bangalore,0.12742889299526713,104,0,NORMAL
6644,56,2026-04-25 00:36:00,435.03,DEBIT,Swiggy,Delhi,-0.6812588975623213,101,0,NORMAL
6645,91,2026-01-14 21:22:00,2310.47,DEBIT,Swiggy,Bangalore,-0.21970504116471135,100,0,NORMAL
6646,73,2026-06-21 05:38:00,1835.91,DEBIT,Flipkart,Ludhiana,-0.35885586097833744,111,0,NORMAL
6647,1,2026-04-25 15:28:00,1182.09,DEBIT,Shell,Hyderabad,-0.31936721688738634,112,0,NORMAL
6648,32,2026-02-16 01:16:00,812.51,DEBIT,Myntra,Pune,-0.6698269906698959,107,0,NORMAL
6649,68,2026-02-11 08:29:00,3554.45,DEBIT,Netflix,Delhi,0.09024891199024998,100,0,NORMAL
6650,88,2026-01-19 04:19:00,5852.4,DEBIT,Walmart,Ludhiana,0.17305223290435207,104,0,NORMAL
6651,70,2026-03-18 08:49:00,4036.77,DEBIT,Shell,Ludhiana,0.9565848289165049,90,0,NORMAL
6652,100,2026-06-26 11:30:00,629.6,DEBIT,Apple,Delhi,-1.4478235791225498,87,0,NORMAL
6653,49,2026-03-01 15:16:00,1357.92,DEBIT,Flipkart,Bangalore,-0.7260517076948968,95,0,NORMAL
6654,29,2026-02-20 23:38:00,1580.08,DEBIT,Shell,Bangalore,-0.655832667004895,99,0,NORMAL
6655,10,2026-02-27 03:53:00,1825.67,DEBIT,Apple,Chandigarh,-0.28693224904439124,91,0,NORMAL
6656,11,2026-07-05 17:42:00,970.05,DEBIT,Myntra,Pune,-0.37790785609815203,118,0,NORMAL
6657,98,2026-02-13 19:45:00,3805.48,DEBIT,Shell,Pune,0.7715397492226169,114,0,NORMAL
6658,35,2026-02-03 17:02:00,1189.52,DEBIT,Apple,Delhi,-1.1805109805811143,103,0,NORMAL
6659,17,2026-01-16 04:30:00,535.18,DEBIT,Apple,Pune,-0.37302644341550684,97,0,NORMAL
6660,48,2026-03-19 11:49:00,439.29,DEBIT,Netflix,Hyderabad,-0.4406608893387789,102,0,NORMAL
6661,99,2026-05-20 07:51:00,844.44,CREDIT,Shell,Ludhiana,-0.6461765036104705,103,0,NORMAL
6662,75,2026-06-19 11:19:00,2020.12,DEBIT,Local Store,Mumbai,-0.29069895544367425,89,0,NORMAL
6663,6,2026-01-18 15:14:00,3480.89,CREDIT,Swiggy,Delhi,0.4836328123784425,117,0,NORMAL
6664,47,2026-01-17 12:25:00,2817.34,DEBIT,Myntra,Delhi,-0.05267094867738633,103,0,NORMAL
6665,20,2026-04-19 03:54:00,1949.31,DEBIT,Local Store,Delhi,-0.2308593150630277,98,0,NORMAL
6666,18,2026-01-26 07:27:00,3000.95,DEBIT,Local Store,Mumbai,-0.024896282831180328,96,0,NORMAL
6667,56,2026-06-05 15:44:00,2167.67,DEBIT,Flipkart,Pune,-0.23009238057990564,101,0,NORMAL
6668,89,2026-04-25 17:32:00,1594.59,DEBIT,Local Store,Hyderabad,-0.3286367872606935,103,0,NORMAL
6669,36,2026-07-17 17:14:00,1369.0,DEBIT,Local Store,Bangalore,-0.29240637840897044,85,0,NORMAL
6670,14,2026-03-26 17:27:00,5556.44,DEBIT,Walmart,Ludhiana,0.26731771032799906,112,0,NORMAL
6671,58,2026-03-29 07:52:00,1801.38,CREDIT,Amazon,Mumbai,-0.26896688216330633,99,0,NORMAL
6672,26,2026-03-18 12:40:00,404.78,DEBIT,Netflix,Hyderabad,-1.4634438741227767,98,0,NORMAL
6673,29,2026-07-27 12:42:00,2107.72,DEBIT,Swiggy,Delhi,-0.31566298989577074,99,0,NORMAL
6674,99,2026-02-25 21:49:00,1076.75,DEBIT,Myntra,Delhi,-0.5739427831612098,103,0,NORMAL
6675,34,2026-06-08 13:36:00,543.34,CREDIT,Swiggy,Chandigarh,-1.64658729988795,118,0,NORMAL
6676,66,2026-07-01 21:57:00,1520.35,DEBIT,Uber,Chandigarh,-0.8907505441318695,95,0,NORMAL
6677,6,2026-06-02 08:36:00,2762.21,DEBIT,Swiggy,Mumbai,0.02536198874010839,117,0,NORMAL
6678,53,2026-06-26 18:38:00,2941.52,DEBIT,Netflix,Ludhiana,-0.07049001869164567,105,0,NORMAL
6679,8,2026-03-11 03:26:00,4746.29,DEBIT,Amazon,Ludhiana,0.07627439652130982,91,0,NORMAL
6680,59,2026-07-17 08:08:00,205.69,DEBIT,Uber,Bangalore,-0.49170683787436403,92,0,NORMAL
6681,60,2026-05-25 05:49:00,2225.42,DEBIT,Uber,Delhi,-0.2449501379232242,106,0,NORMAL
6682,1,2026-05-31 17:50:00,2411.88,DEBIT,Netflix,Chandigarh,-0.18758515479714225,112,0,NORMAL
6683,59,2026-01-25 18:22:00,3315.36,DEBIT,Swiggy,Ludhiana,-0.05081754429675892,92,0,NORMAL
6684,74,2026-05-26 06:03:00,2210.25,DEBIT,Shell,Pune,-0.23436728059966785,119,0,NORMAL
6685,68,2026-03-01 12:04:00,973.64,DEBIT,Flipkart,Mumbai,-0.5295678337612156,100,0,NORMAL
6686,70,2026-07-03 08:21:00,2962.31,DEBIT,Amazon,Chandigarh,0.12608295882360573,90,0,NORMAL
6687,70,2026-04-14 22:36:00,3402.04,DEBIT,Walmart,Pune,0.46597144916847716,90,0,NORMAL
6688,79,2026-06-11 05:49:00,2261.63,DEBIT,Amazon,Mumbai,-0.29833966414094565,122,10,NORMAL
6689,16,2026-01-02 14:18:00,795.23,DEBIT,Local Store,Ludhiana,-0.5945400739113167,95,0,NORMAL
6690,45,2026-07-13 05:23:00,4777.83,DEBIT,Myntra,Ludhiana,0.20424490271329782,97,0,NORMAL
6691,74,2026-07-14 10:01:00,880.03,CREDIT,Netflix,Mumbai,-0.3853249595955928,119,0,NORMAL
6692,33,2026-07-16 07:28:00,1078.35,CREDIT,Swiggy,Pune,-0.32311397879812814,91,0,NORMAL
6693,59,2026-03-20 20:15:00,3862.87,DEBIT,Walmart,Pune,0.02680847297410084,92,0,NORMAL
6694,65,2026-06-03 19:50:00,2930.24,DEBIT,Swiggy,Bangalore,-0.077836624815925,112,0,NORMAL
6695,8,2026-04-21 13:42:00,1298.51,DEBIT,Netflix,Pune,-0.31996703460558745,91,0,NORMAL
6696,4,2026-01-04 03:16:00,1734.6,DEBIT,Netflix,Chandigarh,-0.715460193315587,105,0,NORMAL
6697,68,2026-03-29 19:43:00,1824.73,DEBIT,Myntra,Delhi,-0.3251669541375258,100,0,NORMAL
6698,17,2026-07-11 11:14:00,2225.09,CREDIT,Shell,Chandigarh,-0.1781881695959666,97,0,NORMAL
6699,3,2026-06-27 04:04:00,2112.64,CREDIT,Shell,Pune,-0.21966898502452614,94,0,NORMAL
6700,13,2026-03-14 22:07:00,1342.8,DEBIT,Walmart,Bangalore,-0.9844477759606891,101,0,NORMAL
6701,22,2026-02-20 01:42:00,5896.02,DEBIT,Apple,Chandigarh,0.37545868396425236,108,0,NORMAL
6702,77,2026-04-02 18:16:00,3834.43,CREDIT,Netflix,Mumbai,0.8233816612946712,84,0,NORMAL
6703,15,2026-01-15 04:57:00,2017.36,DEBIT,Flipkart,Pune,-0.24409096402327424,91,0,NORMAL
6704,79,2026-01-12 15:50:00,2448.92,DEBIT,Shell,Bangalore,-0.1697591427357043,122,10,NORMAL
6705,2,2026-04-03 03:19:00,3781.12,CREDIT,Amazon,Hyderabad,0.6801043544982481,117,0,NORMAL
6706,15,2026-05-28 22:08:00,2139.95,DEBIT,Swiggy,Mumbai,-0.2164388846010203,91,0,NORMAL
6707,15,2026-06-05 14:58:00,2892.31,DEBIT,Flipkart,Pune,-0.046732395702031714,91,0,NORMAL
6708,17,2026-04-20 11:32:00,1378.0,DEBIT,Uber,Bangalore,-0.2758534614575417,97,0,NORMAL
6709,43,2026-01-20 23:07:00,2294.48,DEBIT,Myntra,Mumbai,-0.1597389063187266,97,0,NORMAL
6710,18,2026-04-09 18:43:00,5560.31,DEBIT,Amazon,Chandigarh,1.7000433260385002,96,0,NORMAL
6711,86,2026-07-08 03:33:00,502.84,DEBIT,Uber,Chandigarh,-1.5058944551755546,76,0,NORMAL
6712,92,2026-05-29 05:46:00,6503.66,DEBIT,Shell,Ludhiana,0.6463608205553021,119,0,NORMAL
6713,28,2026-07-11 01:13:00,3286.6,CREDIT,Swiggy,Mumbai,0.27742852293908693,98,0,NORMAL
6714,20,2026-06-04 02:01:00,1476.77,CREDIT,Shell,Pune,-0.2807993849572862,98,0,NORMAL
6715,54,2026-03-24 12:32:00,1037.23,DEBIT,Flipkart,Chandigarh,-0.40583364676441397,89,0,NORMAL
6716,48,2026-01-19 20:41:00,3118.01,DEBIT,Shell,Bangalore,-0.12444176722825281,102,0,NORMAL
6717,26,2026-02-28 14:14:00,3654.74,CREDIT,Swiggy,Mumbai,0.6245738417218559,98,0,NORMAL
6718,62,2026-05-26 04:40:00,1272.67,DEBIT,Amazon,Delhi,-0.9488952856834668,102,0,NORMAL
6719,94,2026-05-23 03:01:00,942.57,DEBIT,Amazon,Ludhiana,-0.46445755971682,103,0,NORMAL
6720,56,2026-01-14 04:50:00,644.82,DEBIT,Local Store,Hyderabad,-0.6266311482331235,101,0,NORMAL
6721,11,2026-04-28 15:04:00,413.91,DEBIT,Apple,Bangalore,-0.4558635994689187,118,0,NORMAL
6722,40,2026-01-20 21:47:00,3993.54,DEBIT,Walmart,Chandigarh,0.13050534798849142,109,0,NORMAL
6723,67,2026-06-28 17:40:00,4766.71,DEBIT,Apple,Hyderabad,0.14167526491976348,98,0,NORMAL
6724,98,2026-01-02 13:07:00,3069.42,DEBIT,Flipkart,Mumbai,0.22869446367609694,114,0,NORMAL
6725,92,2026-06-16 15:52:00,912.94,DEBIT,Netflix,Delhi,-0.5218266928182893,119,0,NORMAL
6726,64,2026-02-09 16:31:00,2898.25,DEBIT,Swiggy,Chandigarh,0.14070675177257685,110,0,NORMAL
6727,48,2026-06-12 21:44:00,5300.68,DEBIT,Amazon,Pune,0.13321935123764955,102,0,NORMAL
6728,69,2026-01-24 22:18:00,2882.0,DEBIT,Walmart,Hyderabad,-0.15675095137071024,112,0,NORMAL
6729,64,2026-05-11 04:45:00,833.87,DEBIT,Amazon,Delhi,-1.225702178852705,110,0,NORMAL
6730,53,2026-06-16 21:24:00,1428.2,DEBIT,Swiggy,Hyderabad,-0.3985945996875545,105,0,NORMAL
6731,33,2026-05-31 16:41:00,1888.33,CREDIT,Flipkart,Mumbai,-0.23800510377563297,91,0,NORMAL
6732,56,2026-01-23 03:54:00,2424.08,CREDIT,Flipkart,Mumbai,-0.16332513139977525,101,0,NORMAL
6733,37,2026-05-30 17:33:00,1411.72,DEBIT,Amazon,Mumbai,-0.8462669077409878,87,0,NORMAL
6734,66,2026-05-09 06:56:00,2247.47,DEBIT,Netflix,Pune,-0.40108744494025217,95,0,NORMAL
6735,71,2026-07-24 05:34:00,2230.37,DEBIT,Myntra,Bangalore,-0.24651670469319537,99,0,NORMAL
6736,73,2026-04-05 18:47:00,4704.17,DEBIT,Walmart,Pune,1.5801927763985537,111,0,NORMAL
6737,45,2026-03-01 23:04:00,5484.97,DEBIT,Netflix,Delhi,0.30921388206334544,97,0,NORMAL
6738,13,2026-03-26 02:26:00,3165.21,CREDIT,Amazon,Pune,0.27178771784468686,101,0,NORMAL
6739,32,2026-04-12 16:07:00,4451.12,DEBIT,Apple,Pune,0.4851850633006492,107,0,NORMAL
6740,100,2026-02-22 23:13:00,1778.47,DEBIT,Local Store,Pune,-0.6396989005080136,87,0,NORMAL
6741,40,2026-07-01 15:20:00,1529.91,CREDIT,Apple,Pune,-0.28837316648006966,109,0,NORMAL
6742,7,2026-06-22 00:18:00,1957.51,CREDIT,Myntra,Mumbai,-0.23122855452878474,93,0,NORMAL
6743,34,2026-06-25 01:31:00,3485.41,CREDIT,Uber,Hyderabad,0.4464439468043598,118,0,NORMAL
6744,95,2026-04-18 16:54:00,2487.59,DEBIT,Walmart,Ludhiana,-0.11244086095789044,113,0,NORMAL
6745,2,2026-01-08 22:20:00,1623.47,CREDIT,Amazon,Ludhiana,-0.8691128686022525,117,0,NORMAL
6746,74,2026-03-05 06:10:00,1696.19,DEBIT,Local Store,Ludhiana,-0.29270447630011226,119,0,NORMAL
6747,22,2026-02-14 02:12:00,3116.52,DEBIT,Uber,Ludhiana,-0.0856021281286565,108,0,NORMAL
6748,17,2026-06-21 01:28:00,2994.0,DEBIT,Amazon,Hyderabad,-0.08953664547776939,97,0,NORMAL
6749,99,2026-05-13 10:17:00,1184.25,DEBIT,Myntra,Ludhiana,-0.5405170806589692,103,0,NORMAL
6750,74,2026-07-12 12:39:00,3026.44,DEBIT,Apple,Mumbai,-0.14174339280690879,119,0,NORMAL
6751,34,2026-02-23 15:53:00,3040.56,CREDIT,Netflix,Bangalore,0.12997120819138527,118,0,NORMAL
6752,27,2026-06-20 04:11:00,5548.09,DEBIT,Amazon,Ludhiana,1.9819463365048238,90,0,NORMAL
6753,99,2026-03-29 03:23:00,652.81,CREDIT,Local Store,Bangalore,-0.7057613163593484,103,0,NORMAL
6754,79,2026-06-13 18:24:00,2942.66,DEBIT,Shell,Pune,0.16920901700920388,122,10,NORMAL
6755,84,2026-03-18 04:38:00,5623.39,DEBIT,Walmart,Mumbai,0.2212561757923485,95,0,NORMAL
6756,67,2026-01-26 23:39:00,899.72,DEBIT,Uber,Chandigarh,-0.41772035828704585,98,0,NORMAL
6757,40,2026-04-04 05:12:00,4392.74,DEBIT,Apple,Hyderabad,0.19837929942431964,109,0,NORMAL
6758,64,2026-03-21 03:45:00,5891.42,DEBIT,Myntra,Pune,2.1218798976467257,110,40,REVIEW
6759,59,2026-05-16 02:04:00,1070.19,DEBIT,Amazon,Pune,-0.369137949761529,92,0,NORMAL
6760,52,2026-03-21 02:54:00,5523.68,DEBIT,Uber,Chandigarh,0.5190112577695764,116,0,NORMAL
6761,52,2026-03-15 14:28:00,1290.75,CREDIT,Uber,Chandigarh,-0.35528214212232406,116,0,NORMAL
6762,43,2026-06-30 14:23:00,3466.09,DEBIT,Local Store,Ludhiana,0.07588307790694344,97,0,NORMAL
6763,7,2026-03-29 23:16:00,1177.41,DEBIT,Myntra,Ludhiana,-0.3664637569960117,93,0,NORMAL
6764,67,2026-03-01 09:02:00,2788.4,DEBIT,Netflix,Ludhiana,-0.14450544807568338,98,0,NORMAL
6765,76,2026-02-09 15:01:00,3576.62,DEBIT,Shell,Bangalore,0.05386571888656377,74,0,NORMAL
6766,47,2026-07-18 13:19:00,1500.02,DEBIT,Netflix,Ludhiana,-0.34215172139965105,103,0,NORMAL
6767,47,2026-05-26 13:14:00,2372.59,DEBIT,Uber,Pune,-0.15040466081128487,103,0,NORMAL
6768,78,2026-05-09 02:58:00,395.93,DEBIT,Walmart,Bangalore,-0.8445940402316375,102,0,NORMAL
6769,78,2026-07-17 20:15:00,3336.6,DEBIT,Myntra,Delhi,0.0172259797762307,102,0,NORMAL
6770,47,2026-03-12 07:02:00,4288.09,DEBIT,Netflix,Delhi,0.2705260319205479,103,0,NORMAL
6771,83,2026-03-19 14:39:00,2926.58,CREDIT,Apple,Hyderabad,-0.03359824569544801,101,0,NORMAL
6772,64,2026-01-24 03:30:00,1853.06,DEBIT,Local Store,Hyderabad,-0.551102387145761,110,0,NORMAL
6773,55,2026-02-21 21:09:00,4472.44,DEBIT,Walmart,Hyderabad,1.501185893945132,118,0,NORMAL
6774,3,2026-03-04 10:51:00,3332.42,CREDIT,Myntra,Ludhiana,-0.07029743524086796,94,0,NORMAL
6775,55,2026-07-09 23:35:00,1419.43,CREDIT,Myntra,Delhi,-0.834453716080504,118,0,NORMAL
6776,99,2026-02-15 14:19:00,414.7,DEBIT,Flipkart,Mumbai,-0.7797984700598928,103,0,NORMAL
6777,66,2026-02-04 18:57:00,6090.36,DEBIT,Local Store,Pune,2.186822978720869,95,40,REVIEW
6778,1,2026-06-30 13:36:00,2226.25,DEBIT,Swiggy,Ludhiana,-0.2074769283404399,112,0,NORMAL
6779,27,2026-03-03 01:57:00,846.35,CREDIT,Myntra,Bangalore,-1.3567479973210974,90,0,NORMAL
6780,87,2026-03-10 04:42:00,3764.83,DEBIT,Uber,Chandigarh,0.4244335623908704,85,0,NORMAL
6781,66,2026-05-07 16:06:00,2967.69,DEBIT,Uber,Pune,0.08392899980035023,95,0,NORMAL
6782,34,2026-06-29 03:09:00,4016.29,DEBIT,Uber,Hyderabad,0.8241196745212441,118,0,NORMAL
6783,85,2026-04-24 01:01:00,522.76,DEBIT,Apple,Bangalore,-1.447538361006655,89,0,NORMAL
6784,84,2026-02-11 21:15:00,4218.86,CREDIT,Local Store,Pune,0.04859035985823366,95,0,NORMAL
6785,73,2026-05-20 22:37:00,2007.79,DEBIT,Uber,Pune,-0.24265869621909672,111,0,NORMAL
6786,34,2026-01-03 07:25:00,5806.97,DEBIT,Local Store,Pune,2.098035384489731,118,40,REVIEW
6787,19,2026-06-14 00:14:00,2571.56,CREDIT,Netflix,Pune,-0.1997458634501569,98,0,NORMAL
6788,82,2026-06-11 21:50:00,2649.94,DEBIT,Amazon,Bangalore,-0.12845830468832367,107,0,NORMAL
6789,87,2026-02-13 04:13:00,771.46,DEBIT,Amazon,Mumbai,-1.291035516517429,85,0,NORMAL
6790,12,2026-02-17 13:01:00,3232.41,DEBIT,Amazon,Chandigarh,-0.09802721795747128,99,0,NORMAL
6791,46,2026-06-06 10:12:00,2887.65,DEBIT,Walmart,Ludhiana,-0.06602922930671165,94,0,NORMAL
6792,53,2026-05-18 01:21:00,6043.37,DEBIT,Amazon,Delhi,0.6020255064862149,105,0,NORMAL
6793,93,2026-01-30 13:19:00,1921.44,CREDIT,Amazon,Mumbai,-0.6502950997535317,100,0,NORMAL
6794,51,2026-05-18 19:17:00,2827.76,DEBIT,Apple,Chandigarh,-0.12526953907002267,108,0,NORMAL
6795,48,2026-05-13 01:47:00,1746.77,CREDIT,Myntra,Mumbai,-0.2863147173696778,102,0,NORMAL
6796,93,2026-06-24 15:37:00,750.15,DEBIT,Apple,Delhi,-1.4267635955378268,100,0,NORMAL
6797,98,2026-02-25 07:14:00,995.22,DEBIT,Netflix,Mumbai,-1.3010309544699672,114,0,NORMAL
6798,7,2026-06-05 04:24:00,3270.61,DEBIT,Uber,Delhi,-0.003594476385321435,93,0,NORMAL
6799,40,2026-05-17 14:36:00,2466.66,CREDIT,Flipkart,Mumbai,-0.12910231475784492,109,0,NORMAL
6800,60,2026-01-05 14:54:00,926.77,CREDIT,Flipkart,Mumbai,-0.5386017904782028,106,0,NORMAL
6801,100,2026-06-28 16:09:00,4039.69,DEBIT,Shell,Delhi,0.9508619860820806,87,0,NORMAL
6802,82,2026-03-15 16:32:00,5861.1,DEBIT,Amazon,Ludhiana,0.4076595749504097,107,0,NORMAL
6803,84,2026-01-19 09:06:00,2088.78,DEBIT,Swiggy,Chandigarh,-0.2132709041980265,95,0,NORMAL
6804,16,2026-06-07 19:40:00,2444.05,DEBIT,Myntra,Delhi,-0.11991186206035208,95,0,NORMAL
6805,43,2026-06-20 20:38:00,3045.85,DEBIT,Myntra,Ludhiana,-0.008631208119119514,97,0,NORMAL
6806,56,2026-04-14 19:11:00,3979.33,DEBIT,Swiggy,Chandigarh,0.24165035429656198,101,0,NORMAL
6807,5,2026-04-09 17:18:00,2231.76,DEBIT,Local Store,Chandigarh,-0.13811389489260845,87,0,NORMAL
6808,9,2026-07-06 03:33:00,3247.29,DEBIT,Netflix,Delhi,0.03260004841931968,84,0,NORMAL
6809,66,2026-06-14 16:25:00,2455.32,DEBIT,Local Store,Ludhiana,-0.26111539745568585,95,0,NORMAL
6810,66,2026-03-20 22:23:00,4664.41,DEBIT,Myntra,Bangalore,1.2265480635867967,95,0,NORMAL
6811,80,2026-03-06 10:21:00,1748.64,DEBIT,Myntra,Bangalore,-0.28328516558244266,84,0,NORMAL
6812,65,2026-01-05 10:41:00,1278.41,DEBIT,Amazon,Ludhiana,-0.2973007673777014,112,0,NORMAL
6813,92,2026-05-10 05:26:00,2867.25,CREDIT,Amazon,Delhi,-0.11347132190700358,119,0,NORMAL
6814,25,2026-03-20 16:08:00,3840.21,CREDIT,Swiggy,Chandigarh,0.7154095412369413,97,0,NORMAL
6815,20,2026-07-10 00:16:00,5295.2,DEBIT,Walmart,Bangalore,0.12274880373855626,98,0,NORMAL
6816,3,2026-03-08 10:48:00,3635.34,CREDIT,Apple,Hyderabad,-0.033202524797619384,94,0,NORMAL
6817,52,2026-02-13 08:01:00,1200.83,CREDIT,Netflix,Chandigarh,-0.37385472955426363,116,0,NORMAL
6818,11,2026-07-26 18:22:00,1678.4,DEBIT,Apple,Pune,-0.2786163992407375,118,0,NORMAL
6819,82,2026-07-27 13:15:00,1335.5,DEBIT,Swiggy,Pune,-0.347910087132156,107,0,NORMAL
6820,31,2026-03-23 02:04:00,2187.44,DEBIT,Walmart,Pune,-0.18016391723944458,104,0,NORMAL
6821,79,2026-05-19 19:02:00,1029.89,DEBIT,Local Store,Hyderabad,-1.1439682157758009,122,10,NORMAL
6822,3,2026-01-18 12:49:00,772.73,CREDIT,Apple,Chandigarh,-0.38375138781078383,94,0,NORMAL
6823,94,2026-07-18 21:54:00,1739.49,DEBIT,Walmart,Bangalore,-0.3306339332834679,103,0,NORMAL
6824,13,2026-04-03 19:52:00,3057.57,DEBIT,Uber,Chandigarh,0.19758861415604903,101,0,NORMAL
6825,72,2026-01-27 10:46:00,4310.01,DEBIT,Local Store,Pune,0.8793475847420531,98,0,NORMAL
6826,21,2026-01-20 18:53:00,3131.36,CREDIT,Amazon,Ludhiana,-0.07592226898410628,122,10,NORMAL
6827,65,2026-07-10 06:51:00,2851.69,DEBIT,Walmart,Hyderabad,-0.08827287333921582,112,0,NORMAL
6828,38,2026-06-05 08:02:00,2206.11,DEBIT,Swiggy,Delhi,-0.3028342156926413,95,0,NORMAL
6829,14,2026-03-01 09:59:00,2274.4,DEBIT,Amazon,Chandigarh,-0.1947117530591995,112,0,NORMAL
6830,61,2026-05-05 14:56:00,747.4,CREDIT,Shell,Pune,-0.6625909363929493,81,0,NORMAL
6831,45,2026-06-24 14:58:00,2782.47,DEBIT,Myntra,Pune,-0.09194948967846472,97,0,NORMAL
6832,88,2026-06-26 06:40:00,4318.12,DEBIT,Uber,Bangalore,0.014192774949223727,104,0,NORMAL
6833,1,2026-07-09 07:10:00,714.03,DEBIT,Swiggy,Delhi,-0.36952367610559406,112,0,NORMAL
6834,58,2026-06-08 10:52:00,2141.69,DEBIT,Uber,Hyderabad,-0.21019079856191045,99,0,NORMAL
6835,20,2026-04-07 02:35:00,2612.58,DEBIT,Walmart,Ludhiana,-0.16076207428179262,98,0,NORMAL
6836,35,2026-07-04 05:58:00,2437.6,CREDIT,Netflix,Mumbai,-0.28420171289981705,103,0,NORMAL
6837,47,2026-05-27 21:58:00,760.53,DEBIT,Netflix,Mumbai,-0.504654482019992,103,0,NORMAL
6838,34,2026-02-22 18:21:00,4480.31,CREDIT,Myntra,Hyderabad,1.1542302290254425,118,0,NORMAL
6839,63,2026-03-02 05:30:00,2533.6,DEBIT,Swiggy,Ludhiana,0.14745167659242422,88,0,NORMAL
6840,23,2026-05-12 05:18:00,1636.04,DEBIT,Flipkart,Bangalore,-0.6908115971268791,96,0,NORMAL
6841,26,2026-07-10 06:26:00,3562.76,DEBIT,Amazon,Delhi,0.5654790007073854,98,0,NORMAL
6842,16,2026-06-23 18:36:00,2750.33,CREDIT,Swiggy,Ludhiana,-0.03174630807282566,95,0,NORMAL
6843,36,2026-03-18 17:18:00,3551.67,CREDIT,Local Store,Ludhiana,0.003068816679539541,85,0,NORMAL
6844,98,2026-04-01 10:42:00,3558.4,CREDIT,Uber,Mumbai,0.5893179016112345,114,0,NORMAL
6845,61,2026-02-12 17:54:00,1756.67,DEBIT,Myntra,Bangalore,-0.3928865246670363,81,0,NORMAL
6846,22,2026-03-22 05:34:00,4151.78,DEBIT,Uber,Bangalore,0.08612581442479005,108,0,NORMAL
6847,31,2026-06-25 16:36:00,2040.1,DEBIT,Local Store,Chandigarh,-0.20068905000756795,104,0,NORMAL
6848,42,2026-01-03 08:41:00,6277.73,DEBIT,Myntra,Mumbai,0.6350987330387271,104,0,NORMAL
6849,29,2026-04-29 13:58:00,3037.15,CREDIT,Flipkart,Pune,0.2835408289874328,99,0,NORMAL
6850,67,2026-07-08 18:55:00,720.6,CREDIT,Uber,Ludhiana,-0.4436317115692638,98,0,NORMAL
6851,38,2026-03-10 03:37:00,822.06,DEBIT,Flipkart,Pune,-1.3111654064542675,95,0,NORMAL
6852,45,2026-03-10 21:54:00,2155.25,DEBIT,Myntra,Delhi,-0.18505501790192377,97,0,NORMAL
6853,99,2026-07-04 11:05:00,2439.36,DEBIT,Myntra,Pune,-0.1502572344488552,103,0,NORMAL
6854,28,2026-05-14 16:33:00,1432.51,DEBIT,Flipkart,Ludhiana,-0.9873532384828387,98,0,NORMAL
6855,18,2026-01-31 02:35:00,4604.82,DEBIT,Swiggy,Chandigarh,1.0560688375418088,96,0,NORMAL
6856,48,2026-05-15 17:54:00,4774.79,DEBIT,Netflix,Hyderabad,0.0711387776328291,102,0,NORMAL
6857,18,2026-04-20 11:54:00,3184.02,CREDIT,Walmart,Hyderabad,0.09848795939960105,96,0,NORMAL
6858,37,2026-05-03 20:50:00,4799.75,DEBIT,Swiggy,Hyderabad,1.4313418012058514,87,0,NORMAL
6859,90,2026-02-02 16:14:00,2697.49,DEBIT,Netflix,Chandigarh,-0.17545957920860997,93,0,NORMAL
6860,76,2026-07-11 03:38:00,2368.6,DEBIT,Amazon,Hyderabad,-0.19548267145938716,74,0,NORMAL
6861,89,2026-07-20 12:35:00,4151.52,DEBIT,Walmart,Hyderabad,0.1552146186611522,103,0,NORMAL
6862,23,2026-03-23 04:38:00,4615.47,DEBIT,Local Store,Chandigarh,1.308960891409122,96,0,NORMAL
6863,43,2026-06-27 05:01:00,2520.76,CREDIT,Swiggy,Bangalore,-0.11423183264183355,97,0,NORMAL
6864,37,2026-04-30 07:24:00,1031.85,DEBIT,Swiggy,Mumbai,-1.1016351365546748,87,0,NORMAL
6865,22,2026-04-13 04:09:00,601.63,DEBIT,Swiggy,Hyderabad,-0.5027696855038446,108,0,NORMAL
6866,33,2026-02-17 21:09:00,3075.54,CREDIT,Local Store,Ludhiana,-0.11325868100537131,91,0,NORMAL
6867,88,2026-07-23 12:37:00,4628.93,DEBIT,Swiggy,Delhi,0.04637406397536857,104,0,NORMAL
6868,94,2026-03-15 16:45:00,2958.82,DEBIT,Local Store,Ludhiana,-0.12587666477598994,103,0,NORMAL
6869,34,2026-03-14 16:50:00,2515.72,CREDIT,Shell,Pune,-0.24340757596874427,118,0,NORMAL
6870,20,2026-02-23 01:10:00,3459.0,DEBIT,Local Store,Ludhiana,-0.07130874978037843,98,0,NORMAL
6871,94,2026-06-30 08:33:00,2078.01,DEBIT,Walmart,Hyderabad,-0.27378760740355723,103,0,NORMAL
6872,8,2026-01-05 12:56:00,1845.79,DEBIT,Flipkart,Chandigarh,-0.2570700369934636,91,0,NORMAL
6873,77,2026-04-26 01:03:00,2801.95,CREDIT,Amazon,Pune,0.12968910699915687,84,0,NORMAL
6874,75,2026-02-21 00:50:00,1955.8,DEBIT,Netflix,Bangalore,-0.30131931254988703,89,0,NORMAL
6875,22,2026-01-01 14:36:00,2024.49,CREDIT,Shell,Ludhiana,-0.26674702419982727,108,0,NORMAL
6876,98,2026-01-12 07:20:00,3562.4,CREDIT,Shell,Delhi,0.592267907238746,114,0,NORMAL
6877,12,2026-03-05 12:06:00,4992.29,DEBIT,Netflix,Pune,0.11653501420007668,99,0,NORMAL
6878,52,2026-05-31 17:33:00,617.11,CREDIT,Shell,Delhi,-0.494419573146031,116,0,NORMAL
6879,65,2026-04-10 00:43:00,4679.24,DEBIT,Netflix,Hyderabad,0.15453764211260088,112,0,NORMAL
6880,63,2026-03-14 05:40:00,1057.45,DEBIT,Uber,Chandigarh,-1.0457830414053106,88,0,NORMAL
6881,92,2026-07-23 13:12:00,5510.26,DEBIT,Netflix,Hyderabad,0.4387887232609776,119,0,NORMAL
6882,10,2026-07-03 14:39:00,3644.48,DEBIT,Amazon,Hyderabad,-0.06622097823938168,91,0,NORMAL
6883,39,2026-06-20 17:59:00,2014.53,DEBIT,Local Store,Chandigarh,-0.24504353456830635,101,0,NORMAL
6884,43,2026-04-06 04:20:00,3643.08,DEBIT,Uber,Delhi,0.11147746083991711,97,0,NORMAL
6885,72,2026-06-22 00:58:00,1050.81,CREDIT,Apple,Chandigarh,-1.142508642175374,98,0,NORMAL
6886,22,2026-03-25 03:46:00,2986.48,DEBIT,Walmart,Delhi,-0.10717303944528245,108,0,NORMAL
6887,21,2026-01-03 16:24:00,3685.94,DEBIT,Netflix,Delhi,0.013205759493711016,122,10,NORMAL
6888,17,2026-01-27 06:35:00,4664.67,DEBIT,Myntra,Ludhiana,0.10308335139904135,97,0,NORMAL
6889,15,2026-02-21 04:11:00,2519.02,DEBIT,Myntra,Hyderabad,-0.1309337557439045,91,0,NORMAL
6890,41,2026-01-29 21:24:00,2251.05,DEBIT,Shell,Bangalore,-0.21096857484589315,100,0,NORMAL
6891,79,2026-02-12 08:40:00,4874.63,CREDIT,Swiggy,Bangalore,1.4955676583637034,122,10,NORMAL
6892,17,2026-05-25 06:25:00,4511.5,DEBIT,Walmart,Ludhiana,0.08542360715175068,97,0,NORMAL
6893,73,2026-01-07 18:33:00,809.77,CREDIT,Walmart,Chandigarh,-1.052564021590668,111,0,NORMAL
6894,78,2026-04-28 21:52:00,3184.42,DEBIT,Walmart,Mumbai,-0.027373302239363444,102,0,NORMAL
6895,51,2026-01-28 08:46:00,4753.18,DEBIT,Netflix,Pune,0.17315309708494514,108,0,NORMAL
6896,58,2026-07-25 23:01:00,5489.4,DEBIT,Shell,Hyderabad,0.3680034444319159,99,0,NORMAL
6897,12,2026-04-11 22:38:00,4088.06,CREDIT,Swiggy,Ludhiana,0.006292493582864378,99,0,NORMAL
6898,50,2026-05-27 17:19:00,950.07,DEBIT,Amazon,Chandigarh,-0.35534332503537114,118,0,NORMAL
6899,64,2026-05-13 16:42:00,1065.13,DEBIT,Amazon,Pune,-1.0726316543870529,110,0,NORMAL
6900,92,2026-06-07 23:31:00,3083.24,DEBIT,Netflix,Pune,-0.06833995760802926,119,0,NORMAL
6901,88,2026-01-10 21:52:00,3999.55,DEBIT,Walmart,Chandigarh,-0.01879198501686147,104,0,NORMAL
6902,91,2026-01-25 20:14:00,1544.77,DEBIT,Amazon,Bangalore,-0.31164736112281377,100,0,NORMAL
6903,74,2026-05-13 05:34:00,2184.59,DEBIT,Walmart,Hyderabad,-0.23727926060525747,119,0,NORMAL
6904,94,2026-03-22 14:05:00,4245.75,DEBIT,Uber,Delhi,0.09023240459844399,103,0,NORMAL
6905,76,2026-02-24 13:13:00,2613.15,CREDIT,Apple,Delhi,-0.1450049071350363,74,0,NORMAL
6906,62,2026-03-15 09:03:00,2797.99,DEBIT,Flipkart,Ludhiana,0.1333203298500953,102,0,NORMAL
6907,81,2026-03-22 22:27:00,2995.32,DEBIT,Swiggy,Mumbai,-0.12453616105548301,105,0,NORMAL
6908,85,2026-05-12 18:21:00,5373.76,CREDIT,Myntra,Bangalore,1.4860690399200698,89,0,NORMAL
6909,26,2026-01-05 05:55:00,1760.08,DEBIT,Amazon,Hyderabad,-0.5926976463894412,98,0,NORMAL
6910,71,2026-05-18 07:58:00,2083.31,DEBIT,Myntra,Bangalore,-0.3455429455935684,99,0,NORMAL
6911,6,2026-04-08 13:43:00,814.12,DEBIT,Swiggy,Bangalore,-1.2168498563392074,117,0,NORMAL
6912,1,2026-03-23 23:22:00,6205.57,CREDIT,Local Store,Bangalore,0.21893977314269952,112,0,NORMAL
6913,99,2026-04-16 18:01:00,5024.56,DEBIT,Swiggy,Hyderabad,0.6535764967957264,103,0,NORMAL
6914,96,2026-02-05 13:32:00,1711.47,DEBIT,Shell,Delhi,-0.7068809674179597,96,0,NORMAL
6915,98,2026-02-04 13:26:00,3022.55,DEBIT,Swiggy,Bangalore,0.1941277727357316,114,0,NORMAL
6916,14,2026-01-03 12:52:00,2946.43,DEBIT,Swiggy,Pune,-0.10010667198764067,112,0,NORMAL
6917,3,2026-06-16 04:24:00,5238.47,DEBIT,Flipkart,Delhi,0.16311321460184275,94,0,NORMAL
6918,96,2026-06-18 00:26:00,3682.61,DEBIT,Myntra,Pune,0.5208647721684053,96,0,NORMAL
6919,46,2026-02-28 01:38:00,4023.64,DEBIT,Uber,Pune,0.12030908115443369,94,0,NORMAL
6920,82,2026-04-14 07:39:00,5083.85,DEBIT,Netflix,Pune,0.2778941250976445,107,0,NORMAL
6921,78,2026-07-23 04:44:00,2911.18,DEBIT,Myntra,Hyderabad,-0.10745155048447429,102,0,NORMAL
6922,22,2026-04-04 14:29:00,685.46,CREDIT,Shell,Chandigarh,-0.48886404496498925,108,0,NORMAL
6923,11,2026-03-24 19:46:00,5027.69,DEBIT,Apple,Chandigarh,0.19086321329257228,118,0,NORMAL
6924,49,2026-04-17 02:54:00,3042.87,DEBIT,Uber,Pune,0.564901239251174,95,0,NORMAL
6925,91,2026-06-09 09:53:00,2739.41,DEBIT,Apple,Bangalore,-0.16819957071567326,100,0,NORMAL
6926,28,2026-05-15 01:24:00,848.09,DEBIT,Flipkart,Delhi,-1.3860198388151859,98,0,NORMAL
6927,72,2026-06-05 07:04:00,6438.46,CREDIT,Local Store,Bangalore,2.1997390569384194,98,40,REVIEW
6928,40,2026-06-04 15:18:00,2900.08,CREDIT,Apple,Mumbai,-0.055410110270578676,109,0,NORMAL
6929,58,2026-01-14 20:14:00,3091.47,DEBIT,Local Store,Delhi,-0.046151103334224564,99,0,NORMAL
6930,73,2026-04-28 17:55:00,2577.69,DEBIT,Amazon,Pune,0.14261454206512103,111,0,NORMAL
6931,67,2026-02-24 22:18:00,929.23,DEBIT,Netflix,Chandigarh,-0.4134514657269842,98,0,NORMAL
6932,1,2026-01-22 13:43:00,1591.29,DEBIT,Swiggy,Delhi,-0.2755180883310248,112,0,NORMAL
6933,22,2026-01-30 05:20:00,1417.11,CREDIT,Netflix,Bangalore,-0.36749863997568305,108,0,NORMAL
6934,96,2026-03-09 23:29:00,1097.76,DEBIT,Shell,Delhi,-1.0891368385593034,96,0,NORMAL
6935,74,2026-01-12 11:57:00,2594.41,DEBIT,Walmart,Chandigarh,-0.19077155811536115,119,0,NORMAL
6936,32,2026-01-14 04:04:00,4260.55,DEBIT,Flipkart,Hyderabad,0.4246920049280381,107,0,NORMAL
6937,71,2026-03-16 08:01:00,1813.71,DEBIT,Netflix,Hyderabad,-0.5270843201804076,99,0,NORMAL
6938,79,2026-02-07 14:50:00,4248.75,DEBIT,Amazon,Hyderabad,1.065881200266034,122,10,NORMAL
6939,98,2026-05-09 20:51:00,2552.38,DEBIT,Swiggy,Delhi,-0.15262326373603347,114,0,NORMAL
6940,18,2026-05-20 08:40:00,3654.37,CREDIT,Apple,Chandigarh,0.41549117310609557,96,0,NORMAL
6941,36,2026-06-18 18:26:00,5963.8,DEBIT,Shell,Hyderabad,0.32960676438984277,85,0,NORMAL
6942,46,2026-01-18 09:08:00,50.0,DEBIT,Shell,Bangalore,-0.5314936318807388,94,0,NORMAL
6943,46,2026-04-22 07:16:00,644.48,CREDIT,Netflix,Hyderabad,-0.4339800984843694,94,0,NORMAL
6944,74,2026-06-20 13:52:00,2091.87,DEBIT,Amazon,Ludhiana,-0.24780142686084092,119,0,NORMAL
6945,75,2026-05-06 08:59:00,3915.39,DEBIT,Flipkart,Hyderabad,0.022243274231261566,89,0,NORMAL
6946,14,2026-07-09 02:48:00,47504.43,DEBIT,Apple,Ludhiana,6.172549611789155,112,90,HIGH
6947,43,2026-07-17 03:44:00,1150.66,DEBIT,Swiggy,Bangalore,-0.3897720555723228,97,0,NORMAL
6948,73,2026-02-14 11:40:00,1638.84,CREDIT,Local Store,Hyderabad,-0.492082386805098,111,0,NORMAL
6949,68,2026-01-16 13:10:00,541.1,DEBIT,Flipkart,Mumbai,-0.6334482182944974,100,0,NORMAL
6950,2,2026-01-06 10:48:00,6084.65,DEBIT,Shell,Mumbai,2.3340650756201615,117,40,REVIEW
6951,7,2026-06-06 20:05:00,1777.37,DEBIT,Myntra,Chandigarh,-0.26245694751999904,93,0,NORMAL
6952,52,2026-01-24 17:26:00,2785.64,DEBIT,Local Store,Hyderabad,-0.04651907243669194,116,0,NORMAL
6953,83,2026-02-06 23:21:00,1095.45,DEBIT,Local Store,Chandigarh,-0.3188370190311778,101,0,NORMAL
6954,5,2026-04-17 18:20:00,3222.42,CREDIT,Apple,Bangalore,0.5216248997739786,87,0,NORMAL
6955,91,2026-02-12 08:44:00,2090.59,CREDIT,Apple,Mumbai,-0.24610738844483088,100,0,NORMAL
6956,66,2026-03-17 11:03:00,1856.05,DEBIT,Shell,Pune,-0.6646807036672612,95,0,NORMAL
6957,40,2026-05-16 16:20:00,1730.04,DEBIT,Swiggy,Chandigarh,-0.25434607755007893,109,0,NORMAL
6958,55,2026-06-18 03:38:00,1408.76,DEBIT,Local Store,Mumbai,-0.8426165699981046,118,0,NORMAL
6959,73,2026-03-21 12:45:00,2164.63,DEBIT,Uber,Bangalore,-0.13662912139457178,111,0,NORMAL
6960,30,2026-01-29 16:58:00,2218.29,DEBIT,Local Store,Pune,-0.18542503222017262,92,0,NORMAL
6961,6,2026-02-09 18:17:00,1609.97,CREDIT,Apple,Delhi,-0.709371096679041,117,0,NORMAL
6962,88,2026-06-13 05:34:00,1742.03,DEBIT,Swiggy,Ludhiana,-0.2525357628949942,104,0,NORMAL
6963,84,2026-05-21 01:07:00,5188.56,DEBIT,Shell,Delhi,0.16780037439071868,95,0,NORMAL
6964,83,2026-05-09 23:14:00,4238.91,DEBIT,Walmart,Ludhiana,0.17082601659705893,101,0,NORMAL
6965,14,2026-03-28 13:25:00,3606.68,DEBIT,Swiggy,Pune,-0.007159921429634707,112,0,NORMAL
6966,31,2026-03-20 06:52:00,2530.32,DEBIT,Myntra,Mumbai,-0.13239917227179063,104,0,NORMAL
6967,69,2026-03-12 04:31:00,717.62,CREDIT,Apple,Delhi,-0.3620307207451353,112,0,NORMAL
6968,25,2026-02-13 10:37:00,2248.66,DEBIT,Swiggy,Pune,-0.3202143387096301,97,0,NORMAL
6969,72,2026-06-17 22:36:00,1240.32,CREDIT,Swiggy,Mumbai,-1.0249454445921875,98,0,NORMAL
6970,4,2026-07-16 03:02:00,2714.93,DEBIT,Myntra,Hyderabad,0.06933400301852267,105,0,NORMAL
6971,97,2026-04-28 19:51:00,1422.27,CREDIT,Flipkart,Hyderabad,-1.1083324288738257,96,0,NORMAL
6972,54,2026-03-12 15:08:00,4885.15,DEBIT,Walmart,Pune,0.0819633400781209,89,0,NORMAL
6973,13,2026-05-27 12:25:00,3115.14,DEBIT,Netflix,Chandigarh,0.23727314034849484,101,0,NORMAL
6974,82,2026-07-10 07:16:00,3705.32,DEBIT,Local Store,Bangalore,0.04774222341153011,107,0,NORMAL
6975,29,2026-06-22 13:11:00,3569.3,DEBIT,Shell,Pune,0.6266181045420165,99,0,NORMAL
6976,14,2026-01-04 13:24:00,2457.95,CREDIT,Shell,Ludhiana,-0.16887248601653088,112,0,NORMAL
6977,7,2026-01-14 17:50:00,4736.59,DEBIT,Uber,Bangalore,0.2505423036594233,93,0,NORMAL
6978,37,2026-03-09 04:54:00,3864.5,CREDIT,Shell,Ludhiana,0.8026184590151001,87,0,NORMAL
6979,22,2026-07-18 11:13:00,1978.27,DEBIT,Myntra,Mumbai,-0.2744139537680713,108,0,NORMAL
6980,98,2026-01-29 11:15:00,4302.29,CREDIT,Apple,Ludhiana,1.1379378231736081,114,0,NORMAL
6981,25,2026-02-25 05:36:00,3021.3,CREDIT,Local Store,Pune,0.18254362340398192,97,0,NORMAL
6982,26,2026-04-22 05:45:00,2793.37,CREDIT,Flipkart,Delhi,0.07116523980149664,98,0,NORMAL
6983,84,2026-03-25 16:31:00,1621.5,CREDIT,Apple,Ludhiana,-0.27071594451022574,95,0,NORMAL
6984,15,2026-06-28 10:24:00,2227.21,DEBIT,Swiggy,Bangalore,-0.19675603567055377,91,0,NORMAL
6985,75,2026-07-22 01:30:00,909.23,CREDIT,Walmart,Mumbai,-0.47412632649032693,89,0,NORMAL
6986,30,2026-02-17 21:00:00,4879.24,DEBIT,Uber,Pune,0.40354229653917967,92,0,NORMAL
6987,63,2026-05-06 17:45:00,4237.71,DEBIT,Netflix,Pune,1.5249561411028874,88,0,NORMAL
6988,75,2026-07-14 18:16:00,1181.5,DEBIT,Netflix,Delhi,-0.4291697868555547,89,0,NORMAL
6989,23,2026-03-28 20:14:00,832.68,DEBIT,Netflix,Ludhiana,-1.2300211863403467,96,0,NORMAL
6990,40,2026-07-09 17:28:00,871.96,DEBIT,Myntra,Chandigarh,-0.4002410681514204,109,0,NORMAL
6991,2,2026-02-28 04:54:00,792.42,DEBIT,Swiggy,Pune,-1.4658162140279105,117,0,NORMAL
6992,88,2026-01-02 09:12:00,1652.7,DEBIT,Flipkart,Pune,-0.26178499731057125,104,0,NORMAL
6993,4,2026-07-13 08:41:00,2010.52,DEBIT,Shell,Pune,-0.49457496624663305,105,0,NORMAL
6994,32,2026-07-16 15:00:00,2874.98,DEBIT,Flipkart,Pune,-0.015132557643924363,107,0,NORMAL
6995,73,2026-02-26 12:42:00,1510.39,DEBIT,Uber,Hyderabad,-0.5789192835547167,111,0,NORMAL
6996,58,2026-04-10 17:19:00,3114.21,DEBIT,Swiggy,Ludhiana,-0.04222360152382887,99,0,NORMAL
6997,45,2026-07-08 01:58:00,1314.79,DEBIT,Uber,Mumbai,-0.3098142287859651,97,0,NORMAL
6998,100,2026-04-20 09:54:00,1834.47,DEBIT,Shell,Chandigarh,-0.6003080364394818,87,0,NORMAL
6999,13,2026-02-27 23:54:00,5367.0,CREDIT,Netflix,Delhi,1.789539896501377,101,0,NORMAL
7000,89,2026-01-24 11:45:00,2555.63,DEBIT,Local Store,Bangalore,-0.1467778567670427,103,0,NORMAL
7001,50,2026-02-24 18:21:00,3255.89,CREDIT,Shell,Delhi,-0.06766372616577945,118,0,NORMAL
7002,33,2026-02-27 16:39:00,1815.23,DEBIT,Amazon,Ludhiana,-0.24568610671909377,91,0,NORMAL
7003,26,2026-05-01 01:11:00,4761.46,DEBIT,Swiggy,Mumbai,1.335613659590252,98,0,NORMAL
7004,28,2026-07-22 11:47:00,5121.89,DEBIT,Swiggy,Pune,1.5293857196879215,98,0,NORMAL
7005,9,2026-06-17 04:28:00,2872.16,CREDIT,Swiggy,Delhi,-0.07156241622930963,84,0,NORMAL
7006,91,2026-03-24 17:59:00,34479.28,DEBIT,Walmart,Delhi,3.6430023137933727,100,90,HIGH
7007,31,2026-06-22 18:23:00,1634.77,DEBIT,Apple,Delhi,-0.25715336428002233,104,0,NORMAL
7008,90,2026-03-21 20:18:00,2030.79,DEBIT,Swiggy,Chandigarh,-0.23082001354367085,93,0,NORMAL
7009,91,2026-06-01 15:18:00,1610.64,CREDIT,Walmart,Hyderabad,-0.3037379440983391,100,0,NORMAL
7010,65,2026-06-25 10:29:00,2434.91,DEBIT,Myntra,Chandigarh,-0.1436467709781358,112,0,NORMAL
7011,92,2026-04-11 16:44:00,1863.7,DEBIT,Flipkart,Ludhiana,-0.32316427362808203,119,0,NORMAL
7012,30,2026-07-06 19:10:00,2246.09,DEBIT,Netflix,Chandigarh,-0.1792718569483674,92,0,NORMAL
7013,38,2026-05-18 09:09:00,2638.33,DEBIT,Amazon,Bangalore,0.012053907764596378,95,0,NORMAL
7014,17,2026-03-08 09:58:00,1059.87,DEBIT,Flipkart,Hyderabad,-0.3125322787023715,97,0,NORMAL
7015,50,2026-07-08 05:55:00,3054.72,DEBIT,Uber,Ludhiana,-0.09276217483245586,118,0,NORMAL
7016,43,2026-07-18 23:53:00,4248.41,DEBIT,Walmart,Chandigarh,0.23321511732230016,97,0,NORMAL
7017,98,2026-03-17 20:21:00,1168.28,DEBIT,Uber,Ludhiana,-1.173398960995684,114,0,NORMAL
7018,38,2026-07-04 22:20:00,513.47,CREDIT,Amazon,Bangalore,-1.5359845402696137,95,0,NORMAL
7019,28,2026-07-19 20:33:00,3042.68,DEBIT,Amazon,Ludhiana,0.11103661788267855,98,0,NORMAL
7020,94,2026-02-13 17:39:00,2360.23,DEBIT,Amazon,Ludhiana,-0.22639551804449906,103,0,NORMAL
7021,53,2026-01-11 02:12:00,47008.2,DEBIT,Walmart,Delhi,9.483655553481322,105,90,HIGH
7022,93,2026-03-17 05:30:00,4933.06,DEBIT,Walmart,Mumbai,1.3461601344531116,100,0,NORMAL
7023,17,2026-04-16 22:11:00,4515.23,CREDIT,Uber,Bangalore,0.0858536577232881,97,0,NORMAL
7024,6,2026-05-16 23:31:00,857.08,CREDIT,Myntra,Bangalore,-1.1894561420525946,117,0,NORMAL
7025,47,2026-07-22 03:47:00,1787.6,DEBIT,Walmart,Delhi,-0.2789560812974216,103,0,NORMAL
7026,88,2026-01-02 03:49:00,5637.98,DEBIT,Flipkart,Chandigarh,0.1508511711850188,104,0,NORMAL
7027,8,2026-04-14 08:18:00,3920.16,DEBIT,Walmart,Delhi,-0.01866986717790058,91,0,NORMAL
7028,74,2026-06-07 03:17:00,2751.5,CREDIT,Swiggy,Hyderabad,-0.1729444755324276,119,0,NORMAL
7029,15,2026-05-05 20:03:00,3198.73,DEBIT,Netflix,Delhi,0.022385396748959938,91,0,NORMAL
7030,57,2026-03-01 21:37:00,2067.87,DEBIT,Apple,Bangalore,-0.2260397961490256,107,0,NORMAL
7031,89,2026-01-31 19:26:00,1499.83,DEBIT,Apple,Mumbai,-0.3465683533282644,103,0,NORMAL
7032,30,2026-05-21 22:14:00,3013.84,CREDIT,Local Store,Chandigarh,-0.00934019094374772,92,0,NORMAL
7033,43,2026-01-07 01:56:00,2909.17,DEBIT,Swiggy,Ludhiana,-0.03611886425380984,97,0,NORMAL
7034,25,2026-06-02 03:50:00,1375.59,CREDIT,Amazon,Bangalore,-0.8883222466389776,97,0,NORMAL
7035,25,2026-06-08 11:08:00,1334.19,DEBIT,Local Store,Chandigarh,-0.9152612863359949,97,0,NORMAL
7036,49,2026-02-11 23:38:00,3680.86,DEBIT,Shell,Chandigarh,1.0537080706836344,95,0,NORMAL
7037,97,2026-01-08 03:42:00,1565.18,DEBIT,Netflix,Chandigarh,-1.006679496390623,96,0,NORMAL
7038,29,2026-04-05 16:47:00,4384.22,DEBIT,Flipkart,Delhi,1.1519972897246553,99,0,NORMAL
7039,18,2026-06-13 21:46:00,2377.58,CREDIT,Local Store,Delhi,-0.44503084927790615,96,0,NORMAL
7040,22,2026-03-17 20:02:00,1632.3,DEBIT,Amazon,Ludhiana,-0.33180312777770743,108,0,NORMAL
7041,83,2026-03-01 11:09:00,3002.71,DEBIT,Walmart,Hyderabad,-0.021739323710635826,101,0,NORMAL
7042,26,2026-04-28 19:09:00,2737.23,CREDIT,Flipkart,Hyderabad,0.03509669909099023,98,0,NORMAL
7043,57,2026-05-05 18:01:00,1740.16,DEBIT,Swiggy,Chandigarh,-0.27509564549207116,107,0,NORMAL
7044,97,2026-04-01 20:31:00,2044.03,DEBIT,Amazon,Chandigarh,-0.6660699748765118,96,0,NORMAL
7045,83,2026-03-14 02:53:00,1100.75,DEBIT,Myntra,Pune,-0.3180114274572975,101,0,NORMAL
7046,10,2026-01-20 03:40:00,3864.95,DEBIT,Apple,Delhi,-0.03946710407199728,91,0,NORMAL
7047,31,2026-05-12 12:50:00,924.83,CREDIT,Local Store,Pune,-0.3560512382952354,104,0,NORMAL
7048,89,2026-02-18 06:40:00,3980.2,DEBIT,Apple,Hyderabad,0.12279549773780626,103,0,NORMAL
7049,77,2026-04-25 04:20:00,2268.68,DEBIT,Flipkart,Hyderabad,-0.2285991198228338,84,0,NORMAL
7050,58,2026-02-18 03:00:00,3433.25,DEBIT,Amazon,Hyderabad,0.012878868906629669,99,0,NORMAL
7051,78,2026-04-12 03:43:00,1866.78,DEBIT,Apple,Mumbai,-0.4135330995519376,102,0,NORMAL
7052,72,2026-05-18 06:52:00,4921.6,DEBIT,Local Store,Chandigarh,1.2587496005190626,98,0,NORMAL
7053,52,2026-06-27 06:38:00,3612.78,DEBIT,Apple,Hyderabad,0.12432312027298831,116,0,NORMAL
7054,70,2026-05-23 07:16:00,2701.71,CREDIT,Local Store,Hyderabad,-0.07534732927107388,90,0,NORMAL
7055,2,2026-01-29 15:51:00,2098.78,DEBIT,Apple,Delhi,-0.527834886393878,117,0,NORMAL
7056,70,2026-01-14 21:32:00,3742.52,DEBIT,Local Store,Bangalore,0.729144835547896,90,0,NORMAL
7057,79,2026-03-09 19:32:00,708.17,DEBIT,Myntra,Delhi,-1.3648391931183939,122,10,NORMAL
7058,58,2026-05-06 02:19:00,1347.33,DEBIT,Uber,Chandigarh,-0.34738738335108754,99,0,NORMAL
7059,72,2026-03-01 09:16:00,2846.07,DEBIT,Shell,Chandigarh,-0.02881276283818075,98,0,NORMAL
7060,36,2026-02-02 21:38:00,4956.61,DEBIT,Local Store,Mumbai,0.19326015141527653,85,0,NORMAL
7061,79,2026-07-18 20:13:00,1050.0,DEBIT,Uber,Ludhiana,-1.130162063362648,122,10,NORMAL
7062,4,2026-02-11 22:11:00,2210.61,DEBIT,Amazon,Ludhiana,-0.33439475066158303,105,0,NORMAL
7063,84,2026-06-21 00:13:00,2458.24,DEBIT,Flipkart,Delhi,-0.16785136004089352,95,0,NORMAL
7064,14,2026-03-20 11:00:00,1276.46,DEBIT,Local Store,Pune,-0.3351968424221021,112,0,NORMAL
7065,23,2026-06-24 02:04:00,2574.22,CREDIT,Apple,Hyderabad,-0.0611117708867241,96,0,NORMAL
7066,87,2026-02-03 11:49:00,5708.16,CREDIT,Myntra,Hyderabad,1.5381356857885344,85,0,NORMAL
7067,62,2026-07-12 01:32:00,633.7,DEBIT,Swiggy,Delhi,-1.4022449512339614,102,0,NORMAL
7068,52,2026-07-24 12:17:00,5223.92,CREDIT,Swiggy,Mumbai,0.4570971251116784,116,0,NORMAL
7069,69,2026-05-30 07:17:00,1209.04,DEBIT,Uber,Bangalore,-0.31542218422845153,112,0,NORMAL
7070,88,2026-04-21 09:02:00,4231.86,DEBIT,Amazon,Ludhiana,0.005261408547257067,104,0,NORMAL
7071,33,2026-06-14 18:04:00,1591.02,DEBIT,Amazon,Hyderabad,-0.269245035172628,91,0,NORMAL
7072,41,2026-04-01 10:56:00,2038.37,DEBIT,Apple,Ludhiana,-0.254342795462381,100,0,NORMAL
7073,84,2026-03-04 00:51:00,2206.96,DEBIT,Amazon,Ludhiana,-0.1987424525970684,95,0,NORMAL
7074,84,2026-03-06 07:26:00,687.82,DEBIT,Shell,Ludhiana,-0.38549784238450696,95,0,NORMAL
7075,32,2026-01-09 13:56:00,5124.66,DEBIT,Local Store,Mumbai,0.6989883614918049,107,0,NORMAL
7076,3,2026-04-27 23:57:00,1944.37,CREDIT,Amazon,Bangalore,-0.24027495551272576,94,0,NORMAL
7077,82,2026-01-14 23:05:00,1377.44,DEBIT,Walmart,Ludhiana,-0.34090801190947995,107,0,NORMAL
7078,22,2026-04-26 02:26:00,4206.51,DEBIT,Uber,Hyderabad,0.09520437468593237,108,0,NORMAL
7079,39,2026-06-16 02:05:00,516.61,CREDIT,Flipkart,Ludhiana,-0.6022259175124405,101,0,NORMAL
7080,89,2026-06-18 06:29:00,2741.88,CREDIT,Swiggy,Ludhiana,-0.11153351126171258,103,0,NORMAL
7081,54,2026-07-27 18:08:00,6752.28,DEBIT,Netflix,Hyderabad,0.3186575509877298,89,0,NORMAL
7082,31,2026-06-08 16:51:00,1900.6,CREDIT,Local Store,Bangalore,-0.2201220350839437,104,0,NORMAL
7083,20,2026-05-24 08:32:00,482.03,DEBIT,Swiggy,Delhi,-0.38592780821587735,98,0,NORMAL
7084,54,2026-03-05 19:20:00,4140.21,DEBIT,Local Store,Hyderabad,-0.012471961949592204,89,0,NORMAL
7085,92,2026-03-19 20:15:00,4941.51,DEBIT,Walmart,Ludhiana,0.319947742451488,119,0,NORMAL
7086,40,2026-06-27 06:03:00,849.78,DEBIT,Netflix,Pune,-0.404012221064363,109,0,NORMAL
7087,24,2026-06-05 20:09:00,3058.26,DEBIT,Flipkart,Pune,0.17435598172028144,95,0,NORMAL
7088,47,2026-02-16 09:53:00,1945.14,DEBIT,Amazon,Mumbai,-0.24433670184924985,103,0,NORMAL
7089,98,2026-03-05 04:16:00,3399.92,DEBIT,Swiggy,Bangalore,0.4724386786492308,114,0,NORMAL
7090,39,2026-07-06 18:46:00,5947.27,DEBIT,Local Store,Mumbai,0.6927271372297298,101,0,NORMAL
7091,91,2026-03-18 12:22:00,5423.72,DEBIT,Flipkart,Mumbai,0.1541220812194632,100,0,NORMAL
7092,44,2026-03-07 14:19:00,4117.06,DEBIT,Flipkart,Pune,-0.00471103930645584,99,0,NORMAL
7093,92,2026-06-03 22:47:00,2781.2,DEBIT,Amazon,Chandigarh,-0.1314515705200262,119,0,NORMAL
7094,89,2026-04-01 07:34:00,5948.48,DEBIT,Shell,Bangalore,0.4952558487242823,103,0,NORMAL
7095,92,2026-04-04 16:27:00,2422.23,DEBIT,Amazon,Chandigarh,-0.2064587738275998,119,0,NORMAL
7096,87,2026-04-26 12:32:00,1875.34,DEBIT,Amazon,Bangalore,-0.6584134194077188,85,0,NORMAL
7097,90,2026-05-06 21:21:00,4900.84,DEBIT,Flipkart,Hyderabad,0.007498892356046519,93,0,NORMAL
7098,35,2026-02-17 17:55:00,2164.18,DEBIT,Amazon,Chandigarh,-0.48055842077865524,103,0,NORMAL
7099,79,2026-05-07 23:40:00,492.23,DEBIT,Local Store,Chandigarh,-1.513088847623428,122,10,NORMAL
7100,28,2026-03-28 19:10:00,2733.48,DEBIT,Amazon,Mumbai,-0.09988654152795373,98,0,NORMAL
7101,16,2026-04-02 02:48:00,1861.02,CREDIT,Apple,Hyderabad,-0.28774248417523907,95,0,NORMAL
7102,98,2026-04-27 15:50:00,1303.5,DEBIT,Apple,Pune,-1.0736740207576594,114,0,NORMAL
7103,3,2026-03-18 17:09:00,1111.74,DEBIT,Walmart,Ludhiana,-0.3422369761200216,94,0,NORMAL
7104,46,2026-06-21 21:54:00,4572.72,DEBIT,Shell,Chandigarh,0.2103755777855711,94,0,NORMAL
7105,32,2026-01-14 19:34:00,696.84,DEBIT,Netflix,Hyderabad,-0.7065443756830665,107,0,NORMAL
7106,35,2026-03-18 03:44:00,2332.27,CREDIT,Uber,Pune,-0.35984450435939574,103,0,NORMAL
7107,80,2026-05-13 15:20:00,1163.4,DEBIT,Flipkart,Pune,-0.37103662290784084,84,0,NORMAL
7108,45,2026-05-20 06:58:00,4899.05,DEBIT,Uber,Ludhiana,0.22223899112126905,97,0,NORMAL
7109,39,2026-06-11 03:15:00,2234.77,DEBIT,Shell,Pune,-0.19252681270090613,101,0,NORMAL
7110,29,2026-03-30 10:54:00,5626.16,CREDIT,Local Store,Ludhiana,1.9526764057676123,99,0,NORMAL
7111,99,2026-07-16 10:11:00,2334.8,DEBIT,Shell,Ludhiana,-0.18276878285475545,103,0,NORMAL
7112,46,2026-07-13 05:48:00,4489.92,DEBIT,Uber,Hyderabad,0.1967937574295971,94,0,NORMAL
7113,68,2026-03-07 13:49:00,7010.52,DEBIT,Shell,Mumbai,0.9202712927502703,100,0,NORMAL
7114,78,2026-01-26 22:01:00,2620.72,DEBIT,Shell,Ludhiana,-0.19257645161635426,102,0,NORMAL
7115,72,2026-07-10 06:48:00,1879.46,CREDIT,Apple,Chandigarh,-0.6284526890472671,98,0,NORMAL
7116,97,2026-01-07 10:53:00,5188.68,DEBIT,Myntra,Hyderabad,1.5707426633804578,96,0,NORMAL
7117,38,2026-05-18 07:55:00,1373.88,DEBIT,Myntra,Delhi,-0.9091442961720663,95,0,NORMAL
7118,27,2026-07-14 12:42:00,5434.17,DEBIT,Shell,Chandigarh,1.9010520168466867,90,0,NORMAL
7119,46,2026-01-12 14:26:00,2945.48,DEBIT,Uber,Delhi,-0.05654327917161537,94,0,NORMAL
7120,63,2026-02-16 04:38:00,1884.79,CREDIT,Amazon,Bangalore,-0.3770089929764613,88,0,NORMAL
7121,52,2026-04-15 16:28:00,3797.91,DEBIT,Netflix,Ludhiana,0.16256092177738057,116,0,NORMAL
7122,3,2026-07-14 01:08:00,3214.77,CREDIT,Apple,Chandigarh,-0.0847045929513136,94,0,NORMAL
7123,64,2026-04-03 23:43:00,1450.79,DEBIT,Apple,Delhi,-0.8173640834045081,110,0,NORMAL
7124,88,2026-01-24 16:41:00,73599.65,DEBIT,Local Store,Bangalore,7.187607211754738,104,90,HIGH
7125,84,2026-03-13 07:26:00,3112.61,DEBIT,Swiggy,Chandigarh,-0.08740642118390454,95,0,NORMAL
7126,24,2026-01-27 05:16:00,2882.71,CREDIT,Swiggy,Ludhiana,0.0624397983937324,95,0,NORMAL
7127,81,2026-05-23 20:01:00,1944.95,CREDIT,Swiggy,Pune,-0.2688833984665558,105,0,NORMAL
7128,54,2026-01-11 15:04:00,2063.44,DEBIT,Myntra,Pune,-0.2757420269106546,89,0,NORMAL
7129,74,2026-01-10 01:55:00,1628.67,DEBIT,Shell,Mumbai,-0.30036686484171055,119,0,NORMAL
7130,14,2026-03-12 04:29:00,5791.19,CREDIT,Amazon,Pune,0.30036466177592314,112,0,NORMAL
7131,1,2026-03-06 23:31:00,613.59,DEBIT,Walmart,Bangalore,-0.38028664402397366,112,0,NORMAL
7132,21,2026-01-22 15:10:00,6103.86,CREDIT,Myntra,Bangalore,0.4017961208790549,122,10,NORMAL
7133,9,2026-03-18 17:57:00,3385.95,DEBIT,Amazon,Ludhiana,0.07110181406903823,84,0,NORMAL
7134,49,2026-07-22 12:19:00,708.19,DEBIT,Netflix,Delhi,-1.2238533387339605,95,0,NORMAL
7135,51,2026-04-02 19:10:00,3018.84,DEBIT,Apple,Chandigarh,-0.09565387219396901,108,0,NORMAL
7136,15,2026-05-24 06:03:00,990.25,DEBIT,Amazon,Chandigarh,-0.4757715847540947,91,0,NORMAL
7137,59,2026-03-01 21:36:00,5033.54,DEBIT,Walmart,Bangalore,0.19278617135125822,92,0,NORMAL
7138,16,2026-06-17 03:57:00,4547.81,DEBIT,Uber,Hyderabad,0.48567507099697693,95,0,NORMAL
7139,78,2026-07-14 01:58:00,522.19,CREDIT,Amazon,Pune,-0.8075911137807968,102,0,NORMAL
7140,14,2026-05-06 13:18:00,2625.11,DEBIT,Swiggy,Bangalore,-0.14534052263406014,112,0,NORMAL
7141,60,2026-05-15 20:17:00,2765.19,DEBIT,Myntra,Hyderabad,-0.1228969653982169,106,0,NORMAL
7142,47,2026-03-24 00:28:00,1592.42,DEBIT,Netflix,Chandigarh,-0.3218468422514279,103,0,NORMAL
7143,81,2026-04-12 18:21:00,2450.92,CREDIT,Myntra,Ludhiana,-0.19935040370006352,105,0,NORMAL
7144,11,2026-03-21 04:03:00,2759.55,DEBIT,Myntra,Ludhiana,-0.12706849413536053,118,0,NORMAL
7145,37,2026-01-16 15:35:00,3313.79,DEBIT,Shell,Delhi,0.43240276077626694,87,0,NORMAL
7146,37,2026-04-07 07:47:00,1588.36,DEBIT,Netflix,Delhi,-0.7275203788293875,87,0,NORMAL
7147,34,2026-01-12 18:02:00,3073.85,DEBIT,Amazon,Delhi,0.15365419676826716,118,0,NORMAL
7148,20,2026-05-08 06:05:00,2230.94,CREDIT,Flipkart,Bangalore,-0.20109543923384918,98,0,NORMAL
7149,58,2026-04-16 19:25:00,2403.39,DEBIT,Walmart,Chandigarh,-0.16499171220392714,99,0,NORMAL
7150,27,2026-02-07 21:36:00,1729.79,DEBIT,Myntra,Hyderabad,-0.729419365309295,90,0,NORMAL
7151,19,2026-05-08 01:14:00,3962.33,CREDIT,Shell,Mumbai,0.7230369168250568,98,0,NORMAL
7152,12,2026-05-22 08:55:00,2473.79,CREDIT,Netflix,Pune,-0.19051716077138986,99,0,NORMAL
7153,32,2026-04-05 00:29:00,2092.18,CREDIT,Shell,Hyderabad,-0.263618500311081,107,0,NORMAL
7154,82,2026-07-07 16:42:00,4213.23,DEBIT,Swiggy,Pune,0.1325401258042196,107,0,NORMAL
7155,11,2026-03-03 08:37:00,70343.91,DEBIT,Walmart,Mumbai,9.346425633310076,118,90,HIGH
7156,41,2026-06-26 02:42:00,2523.24,CREDIT,Uber,Delhi,-0.15545781168244666,100,0,NORMAL
7157,13,2026-07-25 14:08:00,1320.22,DEBIT,Shell,Delhi,-1.0000127681688777,101,0,NORMAL
7158,85,2026-06-06 03:52:00,5126.02,CREDIT,Netflix,Bangalore,1.3362500546581473,89,0,NORMAL
7159,17,2026-06-14 10:08:00,1016.13,DEBIT,Walmart,Delhi,-0.3175752846002398,97,0,NORMAL
7160,2,2026-05-24 19:00:00,3072.84,DEBIT,Shell,Chandigarh,0.17155126443376956,117,0,NORMAL
7161,68,2026-04-25 16:06:00,41487.33,DEBIT,Apple,Chandigarh,9.200347771875656,100,90,HIGH
7162,31,2026-04-24 04:21:00,3669.98,DEBIT,Swiggy,Ludhiana,0.02636065405181086,104,0,NORMAL
7163,73,2026-03-04 18:24:00,1736.01,DEBIT,Flipkart,Chandigarh,-0.426391913802681,111,0,NORMAL
7164,57,2026-07-27 09:36:00,3934.41,DEBIT,Myntra,Pune,0.05336792724290101,107,0,NORMAL
7165,62,2026-05-22 06:39:00,4503.13,DEBIT,Swiggy,Delhi,1.3431183621783271,102,0,NORMAL
7166,29,2026-04-01 17:08:00,5504.01,CREDIT,Myntra,Pune,1.8739262616184207,99,0,NORMAL
7167,4,2026-01-23 11:47:00,929.72,DEBIT,Myntra,Hyderabad,-1.3597995002279515,105,0,NORMAL
7168,83,2026-02-05 12:48:00,3976.54,DEBIT,Local Store,Ludhiana,0.12995611825008443,101,0,NORMAL
7169,49,2026-04-22 18:13:00,3322.7,DEBIT,Myntra,Chandigarh,0.779297727659684,95,0,NORMAL
7170,20,2026-01-28 09:59:00,1753.16,DEBIT,Walmart,Bangalore,-0.25158929497956134,98,0,NORMAL
7171,82,2026-03-25 17:13:00,3372.85,DEBIT,Netflix,Hyderabad,-0.007765166890880801,107,0,NORMAL
7172,100,2026-05-24 06:51:00,2089.57,DEBIT,Uber,Hyderabad,-0.4208685824415811,87,0,NORMAL
7173,88,2026-06-08 03:55:00,3246.99,CREDIT,Uber,Ludhiana,-0.09671209977995,104,0,NORMAL
7174,95,2026-05-29 18:39:00,1969.36,DEBIT,Swiggy,Delhi,-0.4423368396148698,113,0,NORMAL
7175,85,2026-07-14 20:10:00,4433.99,CREDIT,Amazon,Bangalore,0.9177498836288085,89,0,NORMAL
7176,11,2026-03-14 19:55:00,3268.38,DEBIT,Apple,Hyderabad,-0.05574432953769236,118,0,NORMAL
7177,73,2026-07-10 03:56:00,1422.51,DEBIT,Myntra,Chandigarh,-0.6383293768700652,111,0,NORMAL
7178,79,2026-04-01 14:17:00,4220.36,CREDIT,Apple,Chandigarh,1.0463905654072865,122,10,NORMAL
7179,19,2026-05-22 03:15:00,1765.39,DEBIT,Uber,Delhi,-0.7346436495502805,98,0,NORMAL
7180,69,2026-01-08 11:55:00,2421.44,DEBIT,Local Store,Chandigarh,-0.20043258333140346,112,0,NORMAL
7181,37,2026-07-12 08:04:00,3419.56,DEBIT,Netflix,Pune,0.5035068162732097,87,0,NORMAL
7182,39,2026-03-04 17:07:00,3596.36,DEBIT,Local Store,Hyderabad,0.13214737603607823,101,0,NORMAL
7183,43,2026-07-22 14:39:00,822.98,DEBIT,Apple,Bangalore,-0.4556716397266639,97,0,NORMAL
7184,34,2026-02-20 22:04:00,2057.14,DEBIT,Myntra,Chandigarh,-0.5696480356138783,118,0,NORMAL
7185,27,2026-02-17 13:30:00,1660.81,DEBIT,Shell,Chandigarh,-0.7784018984028543,90,0,NORMAL
7186,51,2026-01-03 13:20:00,4316.97,DEBIT,Apple,Hyderabad,0.10554450357435602,108,0,NORMAL
7187,14,2026-06-20 06:03:00,4645.63,DEBIT,Swiggy,Bangalore,0.13909835421177433,112,0,NORMAL
7188,92,2026-04-21 10:43:00,1233.58,CREDIT,Swiggy,Hyderabad,-0.45482858805036885,119,0,NORMAL
7189,79,2026-03-06 19:12:00,2713.42,DEBIT,Walmart,Chandigarh,0.011828490943009706,122,10,NORMAL
7190,48,2026-05-16 06:47:00,357.84,DEBIT,Uber,Pune,-0.4502759470887126,102,0,NORMAL
7191,71,2026-04-30 02:09:00,1803.35,DEBIT,Amazon,Pune,-0.5340604649901988,99,0,NORMAL
7192,3,2026-04-05 14:18:00,2670.18,CREDIT,Flipkart,Pune,-0.15139387486828423,94,0,NORMAL
7193,68,2026-07-08 11:21:00,3552.38,DEBIT,Apple,Delhi,0.08975177323780197,100,0,NORMAL
7194,29,2026-03-07 02:22:00,3029.29,DEBIT,Myntra,Chandigarh,0.27847348446829523,99,0,NORMAL
7195,6,2026-07-16 20:20:00,2794.38,DEBIT,Uber,Pune,0.045875391640488594,117,0,NORMAL
7196,17,2026-04-15 11:17:00,3881.31,DEBIT,Shell,Ludhiana,0.01276581367260915,97,0,NORMAL
7197,16,2026-04-01 09:50:00,2601.99,DEBIT,Apple,Delhi,-0.07444736030774042,95,0,NORMAL
7198,63,2026-04-24 09:04:00,2445.43,CREDIT,Swiggy,Delhi,0.07618012215292934,88,0,NORMAL
7199,34,2026-02-06 08:12:00,753.54,DEBIT,Apple,Pune,-1.4970479727969144,118,0,NORMAL
7200,100,2026-01-29 22:40:00,1911.62,DEBIT,Uber,Hyderabad,-0.5460400871022102,87,0,NORMAL
7201,74,2026-04-02 04:02:00,1827.63,DEBIT,Apple,Ludhiana,-0.27778823889034215,119,0,NORMAL
7202,91,2026-06-17 00:03:00,276.15,DEBIT,Myntra,Delhi,-0.46397838625700194,100,0,NORMAL
7203,18,2026-05-21 05:43:00,6211.05,CREDIT,Shell,Bangalore,2.1386245342608117,96,40,REVIEW
7204,25,2026-02-04 23:50:00,4015.91,DEBIT,Myntra,Bangalore,0.829737784588776,97,0,NORMAL
7205,35,2026-01-01 17:24:00,3127.3,CREDIT,Netflix,Delhi,0.21110668233109045,103,0,NORMAL
7206,97,2026-03-02 15:32:00,2622.14,DEBIT,Local Store,Pune,-0.2548560864301866,96,0,NORMAL
7207,6,2026-05-22 15:40:00,4344.51,DEBIT,Flipkart,Ludhiana,1.0343255389195156,117,0,NORMAL
7208,96,2026-07-25 17:26:00,2035.32,DEBIT,Netflix,Chandigarh,-0.50516751339387,96,0,NORMAL
7209,54,2026-06-14 19:27:00,1929.36,DEBIT,Uber,Ludhiana,-0.2927392150008039,89,0,NORMAL
7210,2,2026-05-21 02:43:00,5546.9,DEBIT,Flipkart,Chandigarh,1.9479544637404338,117,0,NORMAL
7211,23,2026-07-17 23:21:00,5153.91,DEBIT,Amazon,Pune,1.6703580374160172,96,0,NORMAL
7212,16,2026-07-06 05:11:00,4432.36,CREDIT,Amazon,Delhi,0.45244171195342203,95,0,NORMAL
7213,90,2026-02-25 23:43:00,2538.08,DEBIT,Shell,Chandigarh,-0.18869642762221736,93,0,NORMAL
7214,68,2026-02-26 06:46:00,3819.08,DEBIT,Amazon,Hyderabad,0.15380341829959102,100,0,NORMAL
7215,25,2026-06-04 09:51:00,902.48,DEBIT,Local Store,Pune,-1.1961756058432265,97,0,NORMAL
7216,22,2026-06-20 04:00:00,6197.13,DEBIT,Swiggy,Pune,0.4254065239100324,108,0,NORMAL
7217,51,2026-01-25 16:06:00,1173.91,CREDIT,Local Store,Ludhiana,-0.3816012884051773,108,0,NORMAL
7218,8,2026-02-16 04:46:00,2680.46,CREDIT,Myntra,Pune,-0.1611443006301552,91,0,NORMAL
7219,18,2026-02-26 07:38:00,4051.48,DEBIT,Shell,Chandigarh,0.6831326022439421,96,0,NORMAL
7220,28,2026-03-28 13:09:00,2796.2,CREDIT,Apple,Ludhiana,-0.057101610873895446,98,0,NORMAL
7221,22,2026-07-16 19:54:00,2759.5,CREDIT,Myntra,Pune,-0.14482426561144487,108,0,NORMAL
7222,84,2026-02-02 04:51:00,2060.13,DEBIT,Amazon,Ludhiana,-0.21679299032399918,95,0,NORMAL
7223,19,2026-07-10 22:55:00,3918.44,DEBIT,Shell,Bangalore,0.6939156845391439,98,0,NORMAL
7224,59,2026-07-07 16:09:00,1750.97,DEBIT,Netflix,Bangalore,-0.2726168998489139,92,0,NORMAL
7225,52,2026-06-08 06:15:00,2495.7,DEBIT,Walmart,Pune,-0.10640492652940257,116,0,NORMAL
7226,77,2026-07-22 02:25:00,391.98,DEBIT,Myntra,Bangalore,-1.4894979427021064,84,0,NORMAL
7227,27,2026-01-21 18:56:00,456.33,DEBIT,Local Store,Bangalore,-1.6337002669231564,90,0,NORMAL
7228,9,2026-04-27 13:23:00,32932.32,DEBIT,Uber,Chandigarh,8.275251630453546,84,90,HIGH
7229,60,2026-02-04 21:48:00,4132.09,DEBIT,Apple,Bangalore,0.18618742522081067,106,0,NORMAL
7230,34,2026-01-26 20:41:00,3844.46,DEBIT,Shell,Ludhiana,0.7018773216475397,118,0,NORMAL
7231,16,2026-04-20 12:52:00,2909.74,CREDIT,Shell,Pune,0.014141346887183427,95,0,NORMAL
7232,62,2026-01-17 01:27:00,2012.54,DEBIT,Local Store,Hyderabad,-0.4239569989863694,102,0,NORMAL
7233,23,2026-05-07 04:35:00,1409.12,CREDIT,Shell,Hyderabad,-0.8431187072447841,96,0,NORMAL
7234,3,2026-03-09 12:02:00,4216.81,DEBIT,Amazon,Hyderabad,0.038003000012349415,94,0,NORMAL
7235,8,2026-01-30 05:57:00,2638.29,CREDIT,Local Store,Chandigarh,-0.16599075288366943,91,0,NORMAL
7236,37,2026-04-28 03:56:00,3513.21,CREDIT,Myntra,Bangalore,0.5664631819467344,87,0,NORMAL
7237,88,2026-05-17 00:39:00,1288.34,DEBIT,Swiggy,Ludhiana,-0.29951085706272246,104,0,NORMAL
7238,4,2026-06-04 12:00:00,3396.4,DEBIT,Local Store,Pune,0.6148785655391086,105,0,NORMAL
7239,2,2026-03-18 20:18:00,408.24,DEBIT,Swiggy,Hyderabad,-1.7416618204843561,117,0,NORMAL
7240,20,2026-04-14 22:14:00,2261.88,DEBIT,Myntra,Pune,-0.19782556628652542,98,0,NORMAL
7241,5,2026-01-15 11:39:00,639.11,DEBIT,Swiggy,Pune,-1.1987532578685438,87,0,NORMAL
7242,58,2026-04-09 01:18:00,4391.89,DEBIT,Swiggy,Delhi,0.17844880450547246,99,0,NORMAL
7243,80,2026-02-28 00:17:00,5207.3,DEBIT,Apple,Ludhiana,0.235309693608764,84,0,NORMAL
7244,62,2026-03-30 09:45:00,1972.66,DEBIT,Amazon,Pune,-0.45225188710655295,102,0,NORMAL
7245,69,2026-02-04 09:40:00,953.68,DEBIT,Amazon,Delhi,-0.339641702939331,112,0,NORMAL
7246,92,2026-04-08 05:23:00,4106.82,DEBIT,Myntra,Bangalore,0.1455382861492937,119,0,NORMAL
7247,81,2026-02-19 00:16:00,4113.98,DEBIT,Amazon,Pune,0.029195838718187792,105,0,NORMAL
7248,20,2026-07-25 05:26:00,1230.84,DEBIT,Myntra,Bangalore,-0.3067903304626296,98,0,NORMAL
7249,59,2026-03-10 04:04:00,2375.78,CREDIT,Shell,Hyderabad,-0.18403128159352874,92,0,NORMAL
7250,62,2026-05-12 01:01:00,2098.89,CREDIT,Flipkart,Bangalore,-0.3626916130992618,102,0,NORMAL
7251,18,2026-07-16 19:53:00,1615.91,DEBIT,Flipkart,Delhi,-0.9583758854931197,96,0,NORMAL
7252,93,2026-04-08 08:20:00,5352.91,CREDIT,Shell,Chandigarh,1.624485995644649,100,0,NORMAL
7253,68,2026-02-10 14:53:00,735.62,DEBIT,Netflix,Delhi,-0.5867315853832893,100,0,NORMAL
7254,7,2026-04-06 02:20:00,962.46,DEBIT,Swiggy,Pune,-0.4037266806857059,93,0,NORMAL
7255,34,2026-05-08 02:40:00,2034.34,DEBIT,Uber,Ludhiana,-0.5858682861261314,118,0,NORMAL
7256,34,2026-04-15 04:28:00,4048.42,CREDIT,Apple,Chandigarh,0.8469774222825904,118,0,NORMAL
7257,1,2026-04-30 18:19:00,2300.63,DEBIT,Swiggy,Mumbai,-0.19950650267567407,112,0,NORMAL
7258,98,2026-05-02 22:04:00,1743.31,DEBIT,Walmart,Hyderabad,-0.7493135269987065,114,0,NORMAL
7259,9,2026-06-10 12:25:00,1983.25,DEBIT,Flipkart,Pune,-0.3183863344731532,84,0,NORMAL
7260,79,2026-03-01 12:57:00,1664.69,DEBIT,Uber,Ludhiana,-0.7081578949468872,122,10,NORMAL
7261,68,2026-02-25 06:05:00,4275.09,CREDIT,Apple,Delhi,0.26332044366376967,100,0,NORMAL
7262,79,2026-06-18 05:10:00,2937.48,DEBIT,Walmart,Delhi,0.16565278282222579,122,10,NORMAL
7263,67,2026-06-17 18:23:00,683.66,DEBIT,Apple,Hyderabad,-0.44897542187657247,98,0,NORMAL
7264,25,2026-07-18 14:41:00,2737.66,CREDIT,Local Store,Delhi,-0.0020213335926853745,97,0,NORMAL
7265,76,2026-03-23 07:40:00,2232.4,CREDIT,Swiggy,Ludhiana,-0.2235958241928837,74,0,NORMAL
7266,99,2026-03-16 19:38:00,1440.77,DEBIT,Apple,Hyderabad,-0.4607555810694364,103,0,NORMAL
7267,62,2026-07-04 02:23:00,2917.31,DEBIT,Swiggy,Delhi,0.21797795398500786,102,0,NORMAL
7268,51,2026-07-11 16:08:00,3015.24,DEBIT,Myntra,Hyderabad,-0.096211839541435,108,0,NORMAL
7269,59,2026-07-16 11:40:00,2698.85,DEBIT,Apple,Mumbai,-0.13822638780218857,92,0,NORMAL
7270,11,2026-04-26 19:18:00,3873.62,DEBIT,Uber,Pune,0.029093902054573566,118,0,NORMAL
7271,9,2026-01-11 02:01:00,3180.28,DEBIT,Flipkart,Mumbai,0.013993360721442619,84,0,NORMAL
7272,85,2026-01-08 05:20:00,874.89,CREDIT,Flipkart,Bangalore,-1.2345902731715017,89,0,NORMAL
7273,90,2026-07-13 12:31:00,4126.7,DEBIT,Apple,Bangalore,-0.056782983504376563,93,0,NORMAL
7274,80,2026-06-10 20:43:00,2434.64,CREDIT,Swiggy,Ludhiana,-0.18042565542383565,84,0,NORMAL
7275,42,2026-07-07 19:34:00,2351.74,DEBIT,Walmart,Mumbai,-0.19016058028544627,104,0,NORMAL
7276,5,2026-03-18 08:25:00,2511.94,DEBIT,Walmart,Hyderabad,0.048474455792474495,87,0,NORMAL
7277,67,2026-03-04 06:39:00,3689.03,DEBIT,Netflix,Hyderabad,-0.014221045962218177,98,0,NORMAL
7278,96,2026-03-04 18:41:00,6582.23,DEBIT,Netflix,Mumbai,2.326924261306374,96,40,REVIEW
7279,48,2026-04-27 05:41:00,5031.67,DEBIT,Myntra,Delhi,0.10146309972985751,102,0,NORMAL
7280,14,2026-06-19 09:14:00,4509.84,CREDIT,Apple,Hyderabad,0.119982505278383,112,0,NORMAL
7281,27,2026-05-30 21:05:00,2342.84,DEBIT,Netflix,Mumbai,-0.2940940258919768,90,0,NORMAL
7282,64,2026-02-06 06:36:00,3256.11,DEBIT,Myntra,Bangalore,0.37757355919832386,110,0,NORMAL
7283,82,2026-05-19 11:27:00,5923.28,DEBIT,Amazon,Hyderabad,0.4180408109386308,107,0,NORMAL
7284,81,2026-04-19 01:02:00,4614.0,DEBIT,Apple,Mumbai,0.09791115394071383,105,0,NORMAL
7285,27,2026-05-17 15:57:00,1519.59,CREDIT,Netflix,Mumbai,-0.8786818827964824,90,0,NORMAL
7286,93,2026-05-27 21:29:00,2322.8,DEBIT,Uber,Ludhiana,-0.38422658088289785,100,0,NORMAL
7287,71,2026-02-04 10:57:00,1895.54,DEBIT,Flipkart,Pune,-0.4719822034057747,99,0,NORMAL
7288,93,2026-03-24 22:13:00,4500.98,DEBIT,Flipkart,Hyderabad,1.0597267937275192,100,0,NORMAL
7289,13,2026-05-14 04:53:00,2059.1,CREDIT,Amazon,Bangalore,-0.4906832091437869,101,0,NORMAL
7290,94,2026-07-15 03:30:00,2694.79,DEBIT,Flipkart,Mumbai,-0.17021417931596636,103,0,NORMAL
7291,50,2026-03-31 11:57:00,806.0,DEBIT,Flipkart,Bangalore,-0.3733178416104473,118,0,NORMAL
7292,84,2026-04-04 09:04:00,2376.03,CREDIT,Amazon,Bangalore,-0.17795784173081364,95,0,NORMAL
7293,93,2026-05-28 16:14:00,5511.95,DEBIT,Walmart,Delhi,1.7299163754562534,100,0,NORMAL
7294,29,2026-05-14 02:24:00,1617.21,DEBIT,Shell,Ludhiana,-0.6318949441046944,99,0,NORMAL
7295,18,2026-07-04 10:34:00,2853.05,DEBIT,Myntra,Delhi,-0.12457689366819624,96,0,NORMAL
7296,97,2026-03-24 02:08:00,1912.74,DEBIT,Netflix,Bangalore,-0.759457516026324,96,0,NORMAL
7297,47,2026-01-24 01:10:00,3613.35,DEBIT,Shell,Hyderabad,0.12225206918816633,103,0,NORMAL
7298,20,2026-07-25 06:49:00,3522.68,CREDIT,Myntra,Bangalore,-0.06457877210469729,98,0,NORMAL
7299,68,2026-05-11 21:59:00,3794.42,CREDIT,Myntra,Pune,0.14788098272694866,100,0,NORMAL
7300,27,2026-07-11 00:14:00,4066.19,CREDIT,Amazon,Chandigarh,0.929652689196246,90,0,NORMAL
7301,80,2026-04-16 04:47:00,6103.91,DEBIT,Amazon,Bangalore,0.3697482729138786,84,0,NORMAL
7302,33,2026-01-10 13:10:00,2427.56,CREDIT,Walmart,Chandigarh,-0.18134536072224883,91,0,NORMAL
7303,41,2026-04-28 16:31:00,337.89,DEBIT,Shell,Ludhiana,-0.6011407768142956,100,0,NORMAL
7304,98,2026-01-15 04:01:00,4066.79,CREDIT,Swiggy,Bangalore,0.9642562418538714,114,0,NORMAL
7305,69,2026-02-18 10:46:00,5626.83,CREDIT,Uber,Mumbai,0.10358136983536405,112,0,NORMAL
7306,22,2026-03-29 11:10:00,1412.0,DEBIT,Amazon,Delhi,-0.3683462819076113,108,0,NORMAL
7307,52,2026-06-06 09:46:00,1746.62,DEBIT,Local Store,Chandigarh,-0.261124163556952,116,0,NORMAL
7308,13,2026-03-30 04:11:00,4001.98,DEBIT,Flipkart,Ludhiana,0.8485954472532856,101,0,NORMAL
7309,11,2026-02-23 12:22:00,4052.69,DEBIT,Amazon,Hyderabad,0.05419465899599693,118,0,NORMAL
7310,20,2026-02-22 13:54:00,2654.59,DEBIT,Netflix,Mumbai,-0.1563222758811116,98,0,NORMAL
7311,71,2026-01-01 17:17:00,3322.21,DEBIT,Uber,Pune,0.48869892746145827,99,0,NORMAL
7312,37,2026-02-23 00:38:00,2226.87,DEBIT,Apple,Pune,-0.29828098698526373,87,0,NORMAL
7313,77,2026-02-17 21:04:00,1188.07,DEBIT,Amazon,Delhi,-0.9546287873198077,84,0,NORMAL
7314,4,2026-07-11 15:59:00,982.61,DEBIT,Local Store,Mumbai,-1.3174588954886175,105,0,NORMAL
7315,70,2026-06-27 18:53:00,4143.54,DEBIT,Local Store,Delhi,1.0391125029758639,90,0,NORMAL
7316,92,2026-02-28 21:49:00,6160.54,DEBIT,Local Store,Bangalore,0.5746654933722654,119,0,NORMAL
7317,49,2026-04-13 04:35:00,1848.86,DEBIT,Shell,Bangalore,-0.3499097214201089,95,0,NORMAL
7318,53,2026-04-15 02:01:00,2617.29,CREDIT,Amazon,Hyderabad,-0.14078668317523377,105,0,NORMAL
7319,69,2026-05-13 03:04:00,4942.47,DEBIT,Netflix,Chandigarh,0.038673514944318366,112,0,NORMAL
7320,9,2026-03-10 21:25:00,3654.47,DEBIT,Amazon,Pune,0.14566184661095685,84,0,NORMAL
7321,60,2026-05-18 03:48:00,799.17,CREDIT,Amazon,Mumbai,-0.567454792338608,106,0,NORMAL
7322,63,2026-05-02 17:40:00,5064.67,CREDIT,Swiggy,Chandigarh,2.1934230193980517,88,40,REVIEW
7323,93,2026-03-14 00:27:00,1702.27,CREDIT,Swiggy,Mumbai,-0.7955867015097526,100,0,NORMAL
7324,76,2026-07-18 12:07:00,1355.53,DEBIT,Local Store,Chandigarh,-0.4045912738068421,74,0,NORMAL
7325,91,2026-04-20 11:46:00,1767.09,DEBIT,Netflix,Ludhiana,-0.2849520279987634,100,0,NORMAL
7326,20,2026-02-28 05:55:00,857.18,DEBIT,Uber,Mumbai,-0.3462803345187701,98,0,NORMAL
7327,21,2026-01-31 02:46:00,5236.91,DEBIT,Netflix,Ludhiana,0.2624662779549615,122,10,NORMAL
7328,42,2026-05-04 00:11:00,1124.69,DEBIT,Local Store,Delhi,-0.4480915583099514,104,0,NORMAL
7329,50,2026-04-17 01:08:00,944.67,CREDIT,Amazon,Pune,-0.35601704190568007,118,0,NORMAL
7330,88,2026-01-28 02:12:00,567.78,DEBIT,Uber,Bangalore,-0.3741176895992525,104,0,NORMAL
7331,44,2026-05-15 14:19:00,6017.38,DEBIT,Swiggy,Chandigarh,0.21222427612864533,99,0,NORMAL
7332,87,2026-07-26 13:08:00,1038.24,DEBIT,Netflix,Ludhiana,-1.1381466852432611,85,0,NORMAL
7333,91,2026-06-01 02:10:00,1905.15,DEBIT,Uber,Pune,-0.26837431258356736,100,0,NORMAL
7334,79,2026-06-17 03:30:00,2691.22,DEBIT,Apple,Delhi,-0.0034125127154685563,122,10,NORMAL
7335,46,2026-03-27 07:15:00,5588.42,CREDIT,Netflix,Pune,0.3769825214517876,94,0,NORMAL
7336,67,2026-05-13 23:15:00,1894.01,DEBIT,Local Store,Delhi,-0.27388717687248354,98,0,NORMAL
7337,94,2026-01-12 17:58:00,4789.39,DEBIT,Local Store,Pune,0.18152372151134316,103,0,NORMAL
7338,96,2026-05-12 14:02:00,1665.97,DEBIT,Local Store,Bangalore,-0.7352211315621502,96,0,NORMAL
7339,8,2026-02-17 00:11:00,3430.43,CREDIT,Netflix,Mumbai,-0.07495284232880214,91,0,NORMAL
7340,95,2026-01-03 01:36:00,3595.85,DEBIT,Myntra,Delhi,0.593057696258758,113,0,NORMAL
7341,72,2026-04-21 12:01:00,2980.94,DEBIT,Shell,Hyderabad,0.054854317833258,98,0,NORMAL
7342,39,2026-06-19 19:16:00,1804.46,DEBIT,Flipkart,Mumbai,-0.295135197130442,101,0,NORMAL
7343,96,2026-05-19 15:41:00,3215.24,DEBIT,Flipkart,Delhi,0.2297583432437831,96,0,NORMAL
7344,72,2026-02-19 15:41:00,4005.32,DEBIT,Uber,Chandigarh,0.6903320675048567,98,0,NORMAL
7345,85,2026-05-15 08:13:00,611.53,DEBIT,Apple,Pune,-1.3938553412209889,89,0,NORMAL
7346,14,2026-01-23 14:38:00,5749.93,DEBIT,Flipkart,Bangalore,0.29455628172590687,112,0,NORMAL
7347,95,2026-05-29 14:31:00,1419.45,DEBIT,Myntra,Chandigarh,-0.7923997414601112,113,0,NORMAL
7348,83,2026-07-27 09:16:00,1200.26,CREDIT,Apple,Delhi,-0.3025105562277079,101,0,NORMAL
7349,95,2026-06-04 11:33:00,1460.2,DEBIT,Apple,Mumbai,-0.7664590179777347,113,0,NORMAL
7350,37,2026-03-14 07:26:00,5001.45,DEBIT,Uber,Delhi,1.5669349561054766,87,0,NORMAL
7351,56,2026-05-29 12:56:00,2405.27,DEBIT,Walmart,Bangalore,-0.16822311493036396,101,0,NORMAL
7352,29,2026-03-17 15:22:00,1238.39,DEBIT,Myntra,Delhi,-0.8761203195168664,99,0,NORMAL
7353,45,2026-01-16 15:49:00,1298.01,CREDIT,Local Store,Delhi,-0.3123050785094905,97,0,NORMAL
7354,43,2026-07-14 05:45:00,2957.16,CREDIT,Netflix,Pune,-0.026467615951909166,97,0,NORMAL
7355,4,2026-01-29 09:50:00,3899.41,DEBIT,Uber,Mumbai,1.0175586107259542,105,0,NORMAL
7356,47,2026-05-27 07:25:00,1052.45,CREDIT,Apple,Ludhiana,-0.4405051278971642,103,0,NORMAL
7357,57,2026-05-19 20:09:00,1617.41,DEBIT,Apple,Bangalore,-0.2934704448782932,107,0,NORMAL
7358,21,2026-03-26 17:51:00,2703.01,DEBIT,Amazon,Chandigarh,-0.1447635380498372,122,10,NORMAL
7359,85,2026-01-26 04:33:00,3440.84,DEBIT,Amazon,Delhi,0.3171495558138475,89,0,NORMAL
7360,18,2026-04-16 14:00:00,1870.36,CREDIT,Shell,Hyderabad,-0.7868834485257178,96,0,NORMAL
7361,2,2026-02-10 22:46:00,1814.71,DEBIT,Shell,Chandigarh,-0.7318003750348343,117,0,NORMAL
7362,40,2026-01-10 06:59:00,3240.83,DEBIT,Apple,Bangalore,0.002525884097553795,109,0,NORMAL
7363,75,2026-06-09 22:50:00,1317.49,DEBIT,Uber,Pune,-0.4067154590745554,89,0,NORMAL
7364,25,2026-04-17 20:06:00,4391.92,DEBIT,Local Store,Mumbai,1.074408033779006,97,0,NORMAL
7365,4,2026-04-16 06:44:00,1709.79,CREDIT,Amazon,Bangalore,-0.7353216114207651,105,0,NORMAL
7366,11,2026-01-15 14:24:00,1056.28,DEBIT,Apple,Pune,-0.36582074898328676,118,0,NORMAL
7367,27,2026-02-02 02:23:00,900.8,DEBIT,Flipkart,Pune,-1.318083182491519,90,0,NORMAL
7368,67,2026-01-15 03:53:00,2168.98,DEBIT,Swiggy,Chandigarh,-0.23411024067322356,98,0,NORMAL
7369,2,2026-04-08 07:28:00,2268.11,DEBIT,Walmart,Bangalore,-0.40625402184791004,117,0,NORMAL
7370,67,2026-05-01 22:12:00,1761.7,CREDIT,Swiggy,Delhi,-0.2930270336878601,98,0,NORMAL
7371,73,2026-01-19 20:12:00,2052.87,DEBIT,Uber,Delhi,-0.21218296787754118,111,0,NORMAL
7372,44,2026-02-11 19:38:00,4531.94,DEBIT,Walmart,Bangalore,0.042650522781884345,99,0,NORMAL
7373,16,2026-06-21 10:38:00,1257.88,CREDIT,Walmart,Bangalore,-0.46136195731105173,95,0,NORMAL
7374,27,2026-04-06 20:16:00,3311.01,DEBIT,Walmart,Delhi,0.3934011765607837,90,0,NORMAL
7375,51,2026-04-03 18:05:00,1362.35,DEBIT,Myntra,Mumbai,-0.35239479758393205,108,0,NORMAL
7376,41,2026-01-14 02:51:00,1025.77,DEBIT,Myntra,Mumbai,-0.4608536841037932,100,0,NORMAL
7377,64,2026-01-12 14:13:00,4586.61,DEBIT,Shell,Pune,1.2582288078429227,110,0,NORMAL
7378,40,2026-03-06 08:53:00,1996.7,DEBIT,Apple,Delhi,-0.20900723013054492,109,0,NORMAL
7379,71,2026-02-16 17:21:00,2793.0,DEBIT,Flipkart,Hyderabad,0.1323431750686496,99,0,NORMAL
7380,30,2026-02-06 02:15:00,3886.4,DEBIT,Amazon,Ludhiana,0.18378983118453746,92,0,NORMAL
7381,95,2026-02-05 19:43:00,2106.93,CREDIT,Apple,Hyderabad,-0.3547622303027099,113,0,NORMAL
7382,8,2026-07-03 21:21:00,493.67,DEBIT,Walmart,Mumbai,-0.41246451223704067,91,0,NORMAL
7383,93,2026-02-19 09:54:00,2739.86,CREDIT,Uber,Ludhiana,-0.10775025917623418,100,0,NORMAL
7384,67,2026-01-28 23:44:00,2808.13,CREDIT,Flipkart,Pune,-0.1416513223484717,98,0,NORMAL
7385,76,2026-03-11 19:15:00,4358.95,DEBIT,Apple,Pune,0.21534709023749155,74,0,NORMAL
7386,43,2026-06-05 05:42:00,4790.95,DEBIT,Apple,Pune,0.34232510385518655,97,0,NORMAL
7387,23,2026-05-24 08:19:00,1633.49,DEBIT,Swiggy,Bangalore,-0.6925231392157238,96,0,NORMAL
7388,71,2026-05-02 16:56:00,719.07,DEBIT,Walmart,Hyderabad,-1.264185396878248,99,0,NORMAL
7389,22,2026-04-09 16:49:00,2894.05,DEBIT,Netflix,Delhi,-0.12250523979129702,108,0,NORMAL
7390,95,2026-07-08 02:35:00,1488.73,DEBIT,Netflix,Pune,-0.7482973286292146,113,0,NORMAL
7391,50,2026-02-19 01:29:00,2452.68,DEBIT,Apple,Delhi,-0.16787412012890093,118,0,NORMAL
7392,65,2026-05-11 12:42:00,3237.65,DEBIT,Walmart,Pune,-0.03699375837996261,112,0,NORMAL
7393,89,2026-05-10 10:06:00,4724.48,DEBIT,Myntra,Ludhiana,0.26363663316173697,103,0,NORMAL
7394,23,2026-04-01 15:20:00,1047.96,DEBIT,Swiggy,Chandigarh,-1.0855267624632863,96,0,NORMAL
7395,11,2026-02-24 23:42:00,3748.02,DEBIT,Local Store,Hyderabad,0.011488188803650632,118,0,NORMAL
7396,42,2026-05-19 20:20:00,4170.41,DEBIT,Swiggy,Delhi,0.19213136527816305,104,0,NORMAL
7397,88,2026-02-10 04:17:00,4247.44,DEBIT,Walmart,Hyderabad,0.006874562831312709,104,0,NORMAL
7398,3,2026-03-29 03:38:00,1604.02,DEBIT,Local Store,Delhi,-0.2819534606274744,94,0,NORMAL
7399,96,2026-05-23 09:18:00,2434.71,CREDIT,Myntra,Mumbai,-0.2564031582829198,96,0,NORMAL
7400,97,2026-06-01 23:28:00,1617.54,CREDIT,Netflix,Hyderabad,-0.9694354438763098,96,0,NORMAL
7401,27,2026-05-23 09:43:00,1019.02,DEBIT,Swiggy,Pune,-1.23413544311314,90,0,NORMAL
7402,52,2026-01-04 03:02:00,2780.31,DEBIT,Flipkart,Bangalore,-0.04761996090435471,116,0,NORMAL
7403,3,2026-01-18 17:15:00,3061.48,CREDIT,Local Store,Delhi,-0.10347614590868047,94,0,NORMAL
7404,71,2026-03-10 00:26:00,1498.35,DEBIT,Flipkart,Delhi,-0.7394392455873278,99,0,NORMAL
7405,89,2026-05-15 23:50:00,3820.49,DEBIT,Swiggy,Bangalore,0.09257335319736988,103,0,NORMAL
7406,40,2026-04-15 19:54:00,2177.28,DEBIT,Walmart,Hyderabad,-0.1783041285516825,109,0,NORMAL
7407,17,2026-03-07 13:22:00,1312.0,DEBIT,Local Store,Pune,-0.2834629353775076,97,0,NORMAL
7408,97,2026-01-16 09:42:00,5376.4,DEBIT,Myntra,Chandigarh,1.7042692779333006,96,0,NORMAL
7409,12,2026-04-24 01:08:00,3187.1,DEBIT,Local Store,Ludhiana,-0.10355135297750588,99,0,NORMAL
7410,27,2026-01-06 05:22:00,1661.78,DEBIT,Netflix,Mumbai,-0.7777131037217765,90,0,NORMAL
7411,12,2026-02-13 06:57:00,2307.45,DEBIT,Myntra,Chandigarh,-0.2107971126414529,99,0,NORMAL
7412,57,2026-01-15 19:09:00,2927.8,DEBIT,Apple,Mumbai,-0.09731440929612155,107,0,NORMAL
7413,64,2026-06-12 07:14:00,2595.66,DEBIT,Flipkart,Pune,-0.05957695486956471,110,0,NORMAL
7414,86,2026-04-28 07:47:00,3072.0,CREDIT,Amazon,Pune,0.1712960954473866,76,0,NORMAL
7415,69,2026-01-22 10:34:00,1513.45,DEBIT,Netflix,Chandigarh,-0.2865505375697,112,0,NORMAL
7416,64,2026-05-12 02:19:00,1765.9,DEBIT,Swiggy,Chandigarh,-0.6087934141821106,110,0,NORMAL
7417,48,2026-04-25 20:41:00,4473.1,DEBIT,Netflix,Bangalore,0.03552469816594771,102,0,NORMAL
7418,85,2026-04-14 13:36:00,2844.22,CREDIT,Netflix,Ludhiana,-0.04365210313088622,89,0,NORMAL
7419,18,2026-01-17 07:09:00,2318.5,DEBIT,Amazon,Mumbai,-0.48484917577047487,96,0,NORMAL
7420,64,2026-02-12 02:47:00,2878.07,CREDIT,Amazon,Mumbai,0.12734965074465665,110,0,NORMAL
7421,82,2026-04-04 14:25:00,1369.33,CREDIT,Walmart,Hyderabad,-0.3422620135798639,107,0,NORMAL
7422,99,2026-01-09 22:51:00,1808.94,DEBIT,Local Store,Chandigarh,-0.34627799139269283,103,0,NORMAL
7423,45,2026-05-26 20:03:00,1486.67,DEBIT,Swiggy,Delhi,-0.2843000899016053,97,0,NORMAL
7424,73,2026-04-05 22:18:00,549.6,CREDIT,Apple,Bangalore,-1.2284484546568286,111,0,NORMAL
7425,77,2026-05-26 03:42:00,755.67,DEBIT,Walmart,Chandigarh,-1.2451454660713384,84,0,NORMAL
7426,83,2026-06-19 18:03:00,1509.8,DEBIT,Myntra,Mumbai,-0.25429289287319906,101,0,NORMAL
7427,56,2026-01-14 16:34:00,743.36,CREDIT,Uber,Pune,-0.6009720681106242,101,0,NORMAL
7428,49,2026-07-10 11:59:00,802.34,CREDIT,Apple,Hyderabad,-1.151718723490201,95,0,NORMAL
7429,53,2026-07-13 02:43:00,1958.83,DEBIT,Local Store,Bangalore,-0.2835481231896168,105,0,NORMAL
7430,50,2026-04-02 02:03:00,3288.75,CREDIT,Local Store,Ludhiana,-0.06356403424756606,118,0,NORMAL
7431,28,2026-03-11 05:55:00,3746.26,DEBIT,Local Store,Delhi,0.5909891291961741,98,0,NORMAL
7432,69,2026-04-18 01:19:00,526.99,DEBIT,Shell,Chandigarh,-0.38011094807852713,112,0,NORMAL
7433,53,2026-03-23 18:31:00,759.06,DEBIT,Myntra,Mumbai,-0.5436715823003545,105,0,NORMAL
7434,49,2026-01-23 13:12:00,3322.87,DEBIT,Shell,Bangalore,0.7794279760355889,95,0,NORMAL
7435,57,2026-05-23 20:22:00,2126.87,DEBIT,Netflix,Delhi,-0.21720791701430378,107,0,NORMAL
7436,68,2026-03-07 10:25:00,2690.68,DEBIT,Local Store,Delhi,-0.11719724269674497,100,0,NORMAL
7437,2,2026-05-05 11:30:00,1379.51,DEBIT,Uber,Hyderabad,-1.0442789213668797,117,0,NORMAL
7438,26,2026-01-29 13:15:00,1715.92,DEBIT,Flipkart,Delhi,-0.6210693378353971,98,0,NORMAL
7439,21,2026-07-10 10:24:00,1115.55,DEBIT,Local Store,Chandigarh,-0.3998884615728563,122,10,NORMAL
7440,6,2026-06-05 12:54:00,658.34,DEBIT,Flipkart,Ludhiana,-1.3161839534427577,117,0,NORMAL
7441,80,2026-05-15 12:54:00,2075.89,DEBIT,Swiggy,Bangalore,-0.2342169808894337,84,0,NORMAL
7442,71,2026-07-22 17:19:00,706.14,DEBIT,Flipkart,Bangalore,-1.272892110429464,99,0,NORMAL
7443,90,2026-05-03 14:33:00,4569.23,DEBIT,Amazon,Pune,-0.020036841302044948,93,0,NORMAL
7444,30,2026-03-12 12:02:00,4888.0,DEBIT,Shell,Mumbai,0.40548121076151833,92,0,NORMAL
7445,96,2026-01-09 06:02:00,2879.52,DEBIT,Shell,Delhi,0.02065153211218708,96,0,NORMAL
7446,33,2026-01-16 20:32:00,1651.07,DEBIT,Uber,Ludhiana,-0.2629352646287864,91,0,NORMAL
7447,92,2026-03-23 04:01:00,2118.67,DEBIT,Walmart,Bangalore,-0.2698879925256722,119,0,NORMAL
7448,85,2026-01-07 01:31:00,5445.12,DEBIT,Myntra,Ludhiana,1.5292234872773427,89,0,NORMAL
7449,14,2026-07-08 00:14:00,3645.83,DEBIT,Swiggy,Delhi,-0.001648576811163004,112,0,NORMAL
7450,10,2026-03-24 05:52:00,1322.52,DEBIT,Netflix,Bangalore,-0.34798913563812045,91,0,NORMAL
7451,41,2026-04-02 13:22:00,725.84,CREDIT,Flipkart,Bangalore,-0.5220217769639737,100,0,NORMAL
7452,97,2026-06-30 15:37:00,813.02,DEBIT,Shell,Ludhiana,-1.5416964280018872,96,0,NORMAL
7453,14,2026-05-08 10:51:00,854.17,DEBIT,Amazon,Chandigarh,-0.3946447535059951,112,0,NORMAL
7454,40,2026-01-17 16:24:00,1544.49,CREDIT,Netflix,Ludhiana,-0.28589420302332025,109,0,NORMAL
7455,46,2026-07-05 02:08:00,5763.53,DEBIT,Swiggy,Chandigarh,0.4057061031249107,94,0,NORMAL
7456,58,2026-01-13 14:02:00,5036.23,DEBIT,Flipkart,Mumbai,0.2897349310010894,99,0,NORMAL
7457,96,2026-05-20 17:35:00,2199.41,DEBIT,Amazon,Pune,-0.40296229285716206,96,0,NORMAL
7458,29,2026-03-21 02:35:00,1206.66,DEBIT,Swiggy,Delhi,-0.8965766606863618,99,0,NORMAL
7459,35,2026-02-03 21:59:00,1308.07,CREDIT,Swiggy,Pune,-1.0953742396000732,103,0,NORMAL
7460,29,2026-06-01 08:49:00,1412.56,DEBIT,Walmart,Pune,-0.763832864695215,99,0,NORMAL
7461,36,2026-04-07 06:35:00,2937.88,DEBIT,Netflix,Chandigarh,-0.08002194829793141,85,0,NORMAL
7462,39,2026-07-12 01:18:00,1648.91,DEBIT,Uber,Pune,-0.3322264434366266,101,0,NORMAL
7463,58,2026-05-21 20:06:00,3530.95,DEBIT,Walmart,Bangalore,0.029752964195796514,99,0,NORMAL
7464,51,2026-04-03 19:29:00,453.47,DEBIT,Walmart,Ludhiana,-0.4932629539075015,108,0,NORMAL
7465,49,2026-02-26 11:08:00,2012.4,CREDIT,Flipkart,Chandigarh,-0.22461078379966873,95,0,NORMAL
7466,87,2026-05-01 04:01:00,2651.19,DEBIT,Local Store,Pune,-0.21378188876800355,85,0,NORMAL
7467,55,2026-07-22 17:55:00,3474.8,CREDIT,Myntra,Chandigarh,0.7379628777919014,118,0,NORMAL
7468,62,2026-02-18 19:29:00,2360.62,DEBIT,Netflix,Bangalore,-0.17699399354821724,102,0,NORMAL
7469,61,2026-04-10 05:32:00,3828.52,DEBIT,Amazon,Hyderabad,0.16076818163983206,81,0,NORMAL
7470,17,2026-06-02 05:51:00,3241.57,CREDIT,Flipkart,Hyderabad,-0.060993047623739534,97,0,NORMAL
7471,83,2026-05-18 01:15:00,4583.09,DEBIT,Myntra,Bangalore,0.22443962186085317,101,0,NORMAL
7472,50,2026-04-02 16:27:00,1258.3,DEBIT,Flipkart,Pune,-0.31688781560290274,118,0,NORMAL
7473,34,2026-03-31 20:35:00,596.29,CREDIT,Local Store,Chandigarh,-1.6089179023167306,118,0,NORMAL
7474,47,2026-05-26 09:13:00,2219.1,DEBIT,Apple,Pune,-0.1841340536734144,103,0,NORMAL
7475,22,2026-05-01 18:22:00,1727.22,DEBIT,Apple,Bangalore,-0.31605788860380607,108,0,NORMAL
7476,64,2026-03-15 03:22:00,4833.66,DEBIT,Local Store,Pune,1.4217507012496482,110,0,NORMAL
7477,99,2026-06-20 13:50:00,4024.1,DEBIT,Swiggy,Hyderabad,0.3424966984199897,103,0,NORMAL
7478,89,2026-06-12 11:36:00,4345.92,DEBIT,Amazon,Bangalore,0.1920011999563799,103,0,NORMAL
7479,31,2026-07-09 03:10:00,2253.93,CREDIT,Myntra,Delhi,-0.17090155754246808,104,0,NORMAL
7480,46,2026-04-09 19:41:00,5346.44,DEBIT,Apple,Mumbai,0.33729014355639414,94,0,NORMAL
7481,4,2026-03-29 09:41:00,729.83,DEBIT,Shell,Bangalore,-1.5198196076460915,105,0,NORMAL
7482,40,2026-04-13 01:17:00,1389.61,CREDIT,Amazon,Mumbai,-0.3122276639411085,109,0,NORMAL
7483,79,2026-01-03 16:44:00,4791.85,DEBIT,Apple,Pune,1.438736564541685,122,10,NORMAL
7484,55,2026-07-23 03:36:00,1523.82,DEBIT,Local Store,Delhi,-0.7545923927010929,118,0,NORMAL
7485,70,2026-03-05 09:17:00,2131.59,CREDIT,Myntra,Mumbai,-0.5160205289968557,90,0,NORMAL
7486,40,2026-02-10 13:43:00,3234.67,DEBIT,Flipkart,Chandigarh,0.0014785305383236038,109,0,NORMAL
7487,71,2026-05-29 01:14:00,1037.26,DEBIT,Walmart,Hyderabad,-1.049924825736607,99,0,NORMAL
7488,52,2026-03-19 01:13:00,1294.36,DEBIT,Swiggy,Chandigarh,-0.3545365122220872,116,0,NORMAL
7489,11,2026-01-08 07:13:00,1107.53,DEBIT,Netflix,Delhi,-0.35863688907795394,118,0,NORMAL
7490,73,2026-06-04 19:07:00,3427.13,DEBIT,Swiggy,Hyderabad,0.716867041675835,111,0,NORMAL
7491,100,2026-05-25 14:02:00,3017.08,DEBIT,Local Store,Pune,0.2315496377763446,87,0,NORMAL
7492,70,2026-06-07 03:12:00,3134.27,DEBIT,Myntra,Chandigarh,0.2589991228326661,90,0,NORMAL
7493,23,2026-07-27 08:20:00,5282.09,DEBIT,Uber,Mumbai,1.7563915530819483,96,0,NORMAL
7494,33,2026-07-20 23:51:00,2894.07,DEBIT,Swiggy,Chandigarh,-0.13232669200605304,91,0,NORMAL
7495,6,2026-04-08 10:56:00,3755.08,DEBIT,Shell,Pune,0.6584717909689068,117,0,NORMAL
7496,74,2026-05-02 14:23:00,2261.58,DEBIT,Myntra,Ludhiana,-0.22854218575606242,119,0,NORMAL
7497,48,2026-07-03 01:08:00,3892.36,DEBIT,Amazon,Delhi,-0.0330308406639662,102,0,NORMAL
7498,80,2026-03-23 02:01:00,1625.91,CREDIT,Myntra,Mumbai,-0.3016874216783112,84,0,NORMAL
7499,33,2026-02-04 21:51:00,2323.58,CREDIT,Walmart,Bangalore,-0.19227108830174344,91,0,NORMAL
7500,41,2026-03-07 19:15:00,3250.32,DEBIT,Walmart,Ludhiana,-0.007176222789104692,100,0,NORMAL
7501,15,2026-01-01 16:49:00,3648.4,CREDIT,Myntra,Hyderabad,0.12381545265731257,91,0,NORMAL
7502,4,2026-06-05 15:00:00,3033.52,DEBIT,Local Store,Mumbai,0.32437830749771246,105,0,NORMAL
7503,15,2026-04-24 20:32:00,1539.58,CREDIT,Netflix,Ludhiana,-0.3518616672320556,91,0,NORMAL
7504,26,2026-02-28 17:55:00,1040.78,CREDIT,Flipkart,Bangalore,-1.054829839710911,98,0,NORMAL
7505,2,2026-03-05 15:43:00,5139.01,DEBIT,Walmart,Delhi,1.6550848078043634,117,0,NORMAL
7506,13,2026-05-27 21:49:00,1166.68,CREDIT,Myntra,Bangalore,-1.1058519578785904,101,0,NORMAL
7507,99,2026-05-11 09:41:00,5650.24,DEBIT,Local Store,Hyderabad,0.8481234134617905,103,0,NORMAL
7508,97,2026-02-04 16:40:00,2868.91,DEBIT,Myntra,Delhi,-0.07932677323390964,96,0,NORMAL
7509,47,2026-03-09 22:37:00,2256.45,DEBIT,Amazon,Delhi,-0.17592639960213594,103,0,NORMAL
7510,35,2026-04-22 15:15:00,3661.13,DEBIT,Flipkart,Chandigarh,0.5944769601708979,103,0,NORMAL
7511,25,2026-03-25 21:42:00,5020.95,DEBIT,Swiggy,Ludhiana,1.4837187618131813,97,0,NORMAL
7512,56,2026-04-20 08:03:00,1176.95,DEBIT,Apple,Pune,-0.4880684700761765,101,0,NORMAL
7513,40,2026-03-12 15:05:00,3974.2,DEBIT,Uber,Hyderabad,0.12721706587233678,109,0,NORMAL
7514,53,2026-07-25 13:00:00,4340.91,CREDIT,Uber,Pune,0.23291327314343538,105,0,NORMAL
7515,4,2026-04-18 05:37:00,2166.84,DEBIT,Uber,Ludhiana,-0.3694344229898235,105,0,NORMAL
7516,79,2026-02-02 14:45:00,4157.86,CREDIT,Local Store,Hyderabad,1.0034823343867965,122,10,NORMAL
7517,23,2026-05-05 05:26:00,1675.31,CREDIT,Amazon,Chandigarh,-0.6644538489586695,96,0,NORMAL
7518,78,2026-03-03 16:58:00,4087.23,DEBIT,Amazon,Ludhiana,0.23721256841708677,102,0,NORMAL
7519,75,2026-02-20 09:23:00,3307.32,DEBIT,Amazon,Mumbai,-0.07815971932556048,89,0,NORMAL
7520,66,2026-07-03 23:12:00,1176.98,DEBIT,Netflix,Ludhiana,-1.121985578747099,95,0,NORMAL
7521,97,2026-05-15 09:04:00,2555.3,DEBIT,Amazon,Hyderabad,-0.30239986928077256,96,0,NORMAL
7522,86,2026-05-14 19:42:00,3495.68,DEBIT,Local Store,Bangalore,0.4478814745160034,76,0,NORMAL
7523,39,2026-01-23 04:14:00,2060.14,CREDIT,Swiggy,Ludhiana,-0.23416772779218883,101,0,NORMAL
7524,5,2026-01-12 05:10:00,5348.04,DEBIT,Amazon,Hyderabad,1.937200351209578,87,0,NORMAL
7525,42,2026-01-29 20:27:00,2980.04,DEBIT,Netflix,Delhi,-0.058089325248734947,104,0,NORMAL
7526,36,2026-01-01 08:29:00,758.04,DEBIT,Flipkart,Chandigarh,-0.37511403700659446,85,0,NORMAL
7527,34,2026-05-06 06:12:00,1954.19,DEBIT,Apple,Ludhiana,-0.6428881579926704,118,0,NORMAL
7528,43,2026-02-17 08:25:00,4307.23,DEBIT,Local Store,Delhi,0.24504438227578626,97,0,NORMAL
7529,98,2026-01-18 04:22:00,1631.03,DEBIT,Local Store,Hyderabad,-0.8321201849629529,114,0,NORMAL
7530,9,2026-06-28 10:36:00,979.91,DEBIT,Swiggy,Bangalore,-0.5969840666741387,84,0,NORMAL
7531,90,2026-04-21 04:24:00,4518.06,DEBIT,Shell,Pune,-0.024285818990548054,93,0,NORMAL
7532,27,2026-07-27 12:55:00,4257.07,DEBIT,Amazon,Delhi,1.0651961208706242,90,0,NORMAL
7533,54,2026-03-20 21:27:00,5972.54,DEBIT,Swiggy,Delhi,0.2198106876120364,89,0,NORMAL
7534,80,2026-04-20 00:03:00,2312.51,DEBIT,Flipkart,Pune,-0.19873794693355962,84,0,NORMAL
7535,26,2026-01-02 02:03:00,4241.82,DEBIT,Local Store,Chandigarh,1.0017580041786451,98,0,NORMAL
7536,5,2026-05-02 21:15:00,3906.3,DEBIT,Netflix,Hyderabad,0.9770608383367405,87,0,NORMAL
7537,81,2026-05-06 04:56:00,5226.33,DEBIT,Swiggy,Pune,0.18206068589985414,105,0,NORMAL
7538,23,2026-07-24 02:31:00,3607.04,DEBIT,Shell,Pune,0.6321097586037331,96,0,NORMAL
7539,72,2026-04-20 09:12:00,2563.17,DEBIT,Local Store,Chandigarh,-0.20431077664369754,98,0,NORMAL
7540,6,2026-05-01 07:37:00,659.39,DEBIT,Flipkart,Bangalore,-1.3155144143365907,117,0,NORMAL
7541,13,2026-01-12 12:02:00,3018.87,DEBIT,Flipkart,Hyderabad,0.17091167888337802,101,0,NORMAL
7542,82,2026-04-16 07:07:00,4185.69,CREDIT,Walmart,Delhi,0.1279421965807456,107,0,NORMAL
7543,82,2026-03-27 08:37:00,2373.39,DEBIT,Shell,Pune,-0.17462959469383313,107,0,NORMAL
7544,100,2026-05-26 18:32:00,3840.16,DEBIT,Myntra,Chandigarh,0.8105109305893281,87,0,NORMAL
7545,88,2026-07-04 17:23:00,918.94,DEBIT,Flipkart,Pune,-0.33775855876555666,104,0,NORMAL
7546,65,2026-01-16 14:21:00,2025.01,DEBIT,Apple,Pune,-0.19810658345040724,112,0,NORMAL
7547,25,2026-07-07 10:11:00,3310.96,CREDIT,Shell,Ludhiana,0.37102580308122973,97,0,NORMAL
7548,19,2026-07-16 13:06:00,2034.7,CREDIT,Flipkart,Chandigarh,-0.5559551312791661,98,0,NORMAL
7549,66,2026-03-11 19:20:00,2603.84,DEBIT,Myntra,Delhi,-0.1610978439680373,95,0,NORMAL
7550,28,2026-01-31 01:18:00,1795.32,DEBIT,Uber,Delhi,-0.7398596050230343,98,0,NORMAL
7551,48,2026-04-22 08:41:00,5162.73,DEBIT,Shell,Bangalore,0.1169345480872093,102,0,NORMAL
7552,27,2026-07-09 12:12:00,2715.57,DEBIT,Myntra,Ludhiana,-0.029419343955728594,90,0,NORMAL
7553,10,2026-02-12 19:32:00,4108.28,DEBIT,Apple,Delhi,-0.009939185529113215,91,0,NORMAL
7554,41,2026-02-06 18:21:00,798.14,DEBIT,Netflix,Pune,-0.5072768260961343,100,0,NORMAL
7555,91,2026-04-11 13:02:00,2092.36,DEBIT,Shell,Hyderabad,-0.24589485363181554,100,0,NORMAL
7556,46,2026-02-19 05:04:00,1874.28,DEBIT,Netflix,Pune,-0.23225397923585794,94,0,NORMAL
7557,33,2026-04-29 11:01:00,3905.12,DEBIT,Uber,Bangalore,-0.026090330501455716,91,0,NORMAL
7558,42,2026-05-21 05:48:00,5860.26,DEBIT,Uber,Bangalore,0.547344814782837,104,0,NORMAL
7559,47,2026-07-25 08:09:00,2403.06,DEBIT,Shell,Chandigarh,-0.14370888518740657,103,0,NORMAL
7560,8,2026-03-11 10:51:00,871.43,CREDIT,Uber,Delhi,-0.36904986193380307,91,0,NORMAL
7561,43,2026-02-10 07:09:00,1143.21,DEBIT,Walmart,Hyderabad,-0.39127032187466,97,0,NORMAL
7562,40,2026-04-02 04:51:00,3642.44,DEBIT,Amazon,Ludhiana,0.07080959561093805,109,0,NORMAL
7563,52,2026-01-28 19:33:00,4342.6,DEBIT,Uber,Delhi,0.27506428752808276,116,0,NORMAL
7564,50,2026-07-25 04:36:00,3933.84,DEBIT,Apple,Ludhiana,0.016918931653842093,118,0,NORMAL
7565,12,2026-03-01 23:08:00,4855.94,DEBIT,Netflix,Mumbai,0.09991140329780963,99,0,NORMAL
7566,90,2026-05-19 21:59:00,559.24,DEBIT,Flipkart,Bangalore,-0.35301237464425417,93,0,NORMAL
7567,81,2026-07-19 15:34:00,3370.76,DEBIT,Netflix,Chandigarh,-0.07294126895687664,105,0,NORMAL
7568,65,2026-04-22 21:04:00,1053.62,DEBIT,Apple,Chandigarh,-0.32716664014091656,112,0,NORMAL
7569,22,2026-05-19 01:46:00,36564.83,DEBIT,Local Store,Chandigarh,5.4627716699412705,108,90,HIGH
7570,66,2026-07-28 00:58:00,3483.65,CREDIT,Amazon,Bangalore,0.43139100422727694,95,0,NORMAL
7571,94,2026-04-09 10:09:00,4644.62,CREDIT,Uber,Ludhiana,0.15721306749493444,103,0,NORMAL
7572,83,2026-05-25 15:14:00,825.07,DEBIT,Uber,Bangalore,-0.36095465105867697,101,0,NORMAL
7573,58,2026-06-19 23:31:00,3616.79,DEBIT,Apple,Delhi,0.04457867903327949,99,0,NORMAL
7574,7,2026-01-29 23:16:00,5092.9,DEBIT,Flipkart,Pune,0.31231086537086744,93,0,NORMAL
7575,59,2026-01-31 14:40:00,2869.64,DEBIT,Flipkart,Bangalore,-0.11401176617027292,92,0,NORMAL
7576,44,2026-05-11 02:02:00,743.62,DEBIT,Flipkart,Mumbai,-0.38981369070274063,99,0,NORMAL
7577,80,2026-06-26 04:30:00,2419.31,DEBIT,Netflix,Mumbai,-0.182724250599829,84,0,NORMAL
7578,71,2026-07-10 23:05:00,2284.2,DEBIT,Myntra,Pune,-0.21026903335043,99,0,NORMAL
7579,86,2026-02-26 09:40:00,814.06,DEBIT,Local Store,Delhi,-1.3027248420861124,76,0,NORMAL
7580,83,2026-05-20 19:04:00,4307.42,CREDIT,Flipkart,Hyderabad,0.18149795597942442,101,0,NORMAL
7581,14,2026-05-03 04:33:00,3467.41,DEBIT,Myntra,Ludhiana,-0.026765667662445744,112,0,NORMAL
7582,97,2026-02-08 20:16:00,1195.59,CREDIT,Apple,Bangalore,-1.2695715775358676,96,0,NORMAL
7583,98,2026-01-23 00:19:00,5074.5,DEBIT,Uber,Bangalore,1.7074437845787631,114,0,NORMAL
7584,9,2026-02-11 04:28:00,1761.07,DEBIT,Netflix,Delhi,-0.3800791246942298,84,0,NORMAL
7585,37,2026-06-19 06:59:00,2600.87,DEBIT,Myntra,Ludhiana,-0.04685887527252275,87,0,NORMAL
7586,87,2026-05-16 04:32:00,3821.74,DEBIT,Flipkart,Pune,0.4570480889213932,85,0,NORMAL
7587,79,2026-02-16 04:44:00,1335.75,DEBIT,Swiggy,Delhi,-0.9339856311369674,122,10,NORMAL
7588,95,2026-06-22 05:25:00,2273.21,DEBIT,Local Store,Ludhiana,-0.24891134685118732,113,0,NORMAL
7589,95,2026-06-08 18:08:00,6570.65,DEBIT,Apple,Delhi,2.4867623395807996,113,40,REVIEW
7590,9,2026-06-13 01:13:00,1235.07,DEBIT,Swiggy,Hyderabad,-0.5261337095186347,84,0,NORMAL
7591,38,2026-05-27 16:24:00,2918.32,DEBIT,Netflix,Mumbai,0.21603689255658218,95,0,NORMAL
7592,73,2026-01-15 14:02:00,2592.16,DEBIT,Myntra,Delhi,0.15239679115789617,111,0,NORMAL
7593,14,2026-05-10 16:21:00,3126.97,DEBIT,Uber,Mumbai,-0.07469113795395284,112,0,NORMAL
7594,6,2026-06-26 01:37:00,1125.47,DEBIT,Amazon,Pune,-1.0183155699533397,117,0,NORMAL
7595,37,2026-03-23 08:05:00,1404.29,DEBIT,Netflix,Pune,-0.8512617373934629,87,0,NORMAL
7596,92,2026-07-20 22:38:00,4294.51,DEBIT,Walmart,Hyderabad,0.18475633219436302,119,0,NORMAL
7597,39,2026-06-07 01:27:00,2171.69,CREDIT,Swiggy,Pune,-0.20756838015184875,101,0,NORMAL
7598,80,2026-04-22 22:04:00,5986.61,DEBIT,Swiggy,Ludhiana,0.3521601963226182,84,0,NORMAL
7599,63,2026-05-01 07:58:00,852.11,DEBIT,Walmart,Hyderabad,-1.2117680815392093,88,0,NORMAL
7600,15,2026-06-15 04:04:00,1260.39,DEBIT,Uber,Mumbai,-0.4148373100569115,91,0,NORMAL
7601,75,2026-03-15 20:06:00,43536.59,DEBIT,Swiggy,Pune,6.564396461057712,89,90,HIGH
7602,24,2026-05-27 19:16:00,2583.56,DEBIT,Uber,Pune,-0.1282735382177009,95,0,NORMAL
7603,39,2026-05-18 00:23:00,1217.26,DEBIT,Local Store,Hyderabad,-0.43515435387098594,101,0,NORMAL
7604,27,2026-06-18 02:16:00,2447.26,CREDIT,Shell,Chandigarh,-0.2199456335227469,90,0,NORMAL
7605,45,2026-06-17 07:21:00,4154.08,DEBIT,Walmart,Delhi,0.11165446677473942,97,0,NORMAL
7606,64,2026-04-12 14:45:00,2860.11,DEBIT,Amazon,Delhi,0.11546196320940144,110,0,NORMAL
7607,20,2026-03-03 21:21:00,4546.24,DEBIT,Apple,Bangalore,0.04359547333688905,98,0,NORMAL
7608,30,2026-05-28 19:48:00,1532.69,CREDIT,Swiggy,Chandigarh,-0.337173843959368,92,0,NORMAL
7609,7,2026-06-16 22:45:00,1352.73,CREDIT,Walmart,Delhi,-0.336070941079393,93,0,NORMAL
7610,69,2026-07-11 12:58:00,2684.86,DEBIT,Uber,Pune,-0.17544861709229062,112,0,NORMAL
7611,63,2026-04-15 22:32:00,3246.17,DEBIT,Local Store,Chandigarh,0.7234522612238277,88,0,NORMAL
7612,57,2026-05-17 11:54:00,4070.54,DEBIT,Uber,Chandigarh,0.073745617185438,107,0,NORMAL
7613,31,2026-07-08 01:07:00,3673.75,DEBIT,Shell,Delhi,0.02688583221480682,104,0,NORMAL
7614,41,2026-04-14 17:29:00,3208.12,DEBIT,Walmart,Hyderabad,-0.01578254265940654,100,0,NORMAL
7615,28,2026-05-06 01:43:00,3764.35,DEBIT,Myntra,Ludhiana,0.6033293619055475,98,0,NORMAL
7616,59,2026-06-17 14:00:00,4781.55,DEBIT,Local Store,Hyderabad,0.15705900638242853,92,0,NORMAL
7617,93,2026-05-16 21:46:00,992.25,CREDIT,Flipkart,Mumbai,-1.2662712983019777,100,0,NORMAL
7618,4,2026-03-13 07:16:00,3856.67,DEBIT,Walmart,Hyderabad,0.9833434954573,105,0,NORMAL
7619,34,2026-02-09 11:35:00,361.2,DEBIT,Uber,Ludhiana,-1.7761643362169763,118,0,NORMAL
7620,81,2026-02-16 07:17:00,3343.1,DEBIT,Apple,Delhi,-0.07674244814781918,105,0,NORMAL
7621,47,2026-02-08 02:03:00,2429.93,DEBIT,Myntra,Chandigarh,-0.13780420875112137,103,0,NORMAL
7622,37,2026-04-27 18:28:00,1545.78,DEBIT,Uber,Pune,-0.7561448534730465,87,0,NORMAL
7623,52,2026-06-09 09:15:00,2427.53,DEBIT,Apple,Mumbai,-0.1204851454488344,116,0,NORMAL
7624,65,2026-01-09 14:50:00,5491.28,CREDIT,Uber,Mumbai,0.2624262640203425,112,0,NORMAL
7625,7,2026-01-16 06:40:00,2099.91,DEBIT,Myntra,Mumbai,-0.20654262601791037,93,0,NORMAL
7626,49,2026-02-08 21:42:00,2041.42,DEBIT,Apple,Ludhiana,-0.2023766198657983,95,0,NORMAL
7627,60,2026-03-03 23:35:00,1918.71,DEBIT,Flipkart,Delhi,-0.3143036191191873,106,0,NORMAL
7628,8,2026-02-12 16:14:00,2492.13,CREDIT,Local Store,Bangalore,-0.1827884161839691,91,0,NORMAL
7629,50,2026-05-17 08:17:00,4358.37,DEBIT,Amazon,Chandigarh,0.06988430627463109,118,0,NORMAL
7630,94,2026-07-26 22:06:00,2041.81,DEBIT,Swiggy,Pune,-0.2798665303530219,103,0,NORMAL
7631,15,2026-04-03 06:24:00,3618.95,DEBIT,Apple,Pune,0.11717254753466483,91,0,NORMAL
7632,45,2026-04-07 06:14:00,829.35,DEBIT,Walmart,Delhi,-0.38187370970302126,97,0,NORMAL
7633,96,2026-07-15 19:05:00,941.71,DEBIT,Local Store,Chandigarh,-1.1863342586626204,96,0,NORMAL
7634,63,2026-01-22 06:58:00,2569.37,DEBIT,Swiggy,Mumbai,0.1763660862816692,88,0,NORMAL
7635,32,2026-06-19 18:08:00,5681.83,DEBIT,Flipkart,Delhi,0.8758520721150287,107,0,NORMAL
7636,78,2026-03-07 02:39:00,2490.18,DEBIT,Local Store,Chandigarh,-0.23083371455705384,102,0,NORMAL
7637,4,2026-03-19 02:42:00,1683.96,CREDIT,Apple,Mumbai,-0.7559995811771838,105,0,NORMAL
7638,23,2026-04-15 10:06:00,697.73,CREDIT,Netflix,Delhi,-1.3205986784539165,96,0,NORMAL
7639,88,2026-06-19 22:48:00,600.97,DEBIT,Apple,Ludhiana,-0.3706811946898939,104,0,NORMAL
7640,77,2026-07-26 05:22:00,4602.01,CREDIT,Netflix,Pune,1.33909579699333,84,0,NORMAL
7641,52,2026-01-30 20:53:00,2465.68,DEBIT,Myntra,Hyderabad,-0.11260542780505675,116,0,NORMAL
7642,51,2026-06-21 13:09:00,6411.83,DEBIT,Shell,Chandigarh,0.43022880288338766,108,0,NORMAL
7643,28,2026-01-24 04:58:00,4687.25,DEBIT,Netflix,Delhi,1.232892698969172,98,0,NORMAL
7644,84,2026-02-24 18:09:00,1452.42,DEBIT,Netflix,Ludhiana,-0.2915017847259136,95,0,NORMAL
7645,29,2026-05-03 02:59:00,2433.76,DEBIT,Amazon,Bangalore,-0.10546489739963884,99,0,NORMAL
7646,37,2026-05-25 17:41:00,3954.72,CREDIT,Netflix,Pune,0.8632690015785318,87,0,NORMAL
7647,24,2026-05-30 04:33:00,1137.77,DEBIT,Amazon,Bangalore,-1.049989850901786,95,0,NORMAL
7648,15,2026-06-02 05:35:00,4171.18,DEBIT,Walmart,Chandigarh,0.24173660511971523,91,0,NORMAL
7649,93,2026-04-01 03:50:00,3469.85,DEBIT,Netflix,Pune,0.37617279765646944,100,0,NORMAL
7650,76,2026-02-13 23:16:00,3658.84,DEBIT,Apple,Pune,0.0708368159331724,74,0,NORMAL
7651,49,2026-04-24 13:09:00,548.32,CREDIT,Myntra,Pune,-1.3463404437686906,95,0,NORMAL
7652,49,2026-06-05 13:30:00,1084.25,DEBIT,Flipkart,Bangalore,-0.9357286078941497,95,0,NORMAL
7653,38,2026-06-28 03:24:00,867.37,DEBIT,Myntra,Hyderabad,-1.2781554095225027,95,0,NORMAL
7654,5,2026-06-16 21:34:00,724.69,DEBIT,Amazon,Bangalore,-1.1417604994574173,87,0,NORMAL
7655,2,2026-06-14 05:48:00,853.83,DEBIT,Uber,Hyderabad,-1.4217231360631797,117,0,NORMAL
7656,36,2026-04-29 12:14:00,2839.83,DEBIT,Swiggy,Delhi,-0.09329529831347588,85,0,NORMAL
7657,38,2026-01-12 10:07:00,3465.54,DEBIT,Swiggy,Bangalore,0.6147067341147462,95,0,NORMAL
7658,97,2026-03-09 18:28:00,1947.23,DEBIT,Swiggy,Chandigarh,-0.7349245257433091,96,0,NORMAL
7659,78,2026-02-11 12:36:00,1102.62,DEBIT,Uber,Bangalore,-0.6374849154609694,102,0,NORMAL
7660,78,2026-03-07 00:09:00,4827.06,DEBIT,Local Store,Delhi,0.45403400890596224,102,0,NORMAL
7661,52,2026-02-21 17:05:00,4454.48,DEBIT,Flipkart,Mumbai,0.29817261806506423,116,0,NORMAL
7662,70,2026-05-01 06:38:00,1415.9,DEBIT,Myntra,Chandigarh,-1.0692117910324708,90,0,NORMAL
7663,12,2026-04-05 01:31:00,2156.52,DEBIT,Flipkart,Hyderabad,-0.2291982977788138,99,0,NORMAL
7664,67,2026-03-27 18:17:00,5469.61,DEBIT,Swiggy,Chandigarh,0.2433562063114056,98,0,NORMAL
7665,2,2026-01-18 08:22:00,2280.5,DEBIT,Shell,Mumbai,-0.39735786102747345,117,0,NORMAL
7666,94,2026-07-06 03:19:00,3882.8,DEBIT,Netflix,Chandigarh,0.02928364535788641,103,0,NORMAL
7667,82,2026-05-31 23:14:00,1170.26,CREDIT,Shell,Chandigarh,-0.37549766247299987,107,0,NORMAL
7668,49,2026-01-09 01:22:00,2434.86,DEBIT,Myntra,Ludhiana,0.09906409199298812,95,0,NORMAL
7669,48,2026-06-18 01:42:00,63417.79,DEBIT,Flipkart,Chandigarh,6.99386230899392,102,90,HIGH
7670,2,2026-01-06 17:40:00,3456.09,DEBIT,Apple,Chandigarh,0.4467291203201584,117,0,NORMAL
7671,1,2026-02-01 16:10:00,2726.36,DEBIT,Apple,Mumbai,-0.15388604935138325,112,0,NORMAL
7672,88,2026-04-16 02:33:00,933.79,CREDIT,Myntra,Hyderabad,-0.3362209887322944,104,0,NORMAL
7673,23,2026-05-29 10:00:00,1925.24,DEBIT,Shell,Ludhiana,-0.4967025884626005,96,0,NORMAL
7674,36,2026-02-27 10:54:00,3823.08,DEBIT,Myntra,Hyderabad,0.0398104783594877,85,0,NORMAL
7675,54,2026-03-31 18:21:00,4343.43,DEBIT,Swiggy,Pune,0.013290035094561538,89,0,NORMAL
7676,74,2026-02-21 10:46:00,5016.55,DEBIT,Apple,Delhi,0.08410074316051024,119,0,NORMAL
7677,87,2026-05-06 20:06:00,2856.12,CREDIT,Local Store,Ludhiana,-0.09633864642219346,85,0,NORMAL
7678,14,2026-01-28 10:01:00,2379.58,DEBIT,Shell,Delhi,-0.17990502950949705,112,0,NORMAL
7679,76,2026-01-23 17:14:00,4204.88,DEBIT,Apple,Delhi,0.183545376275305,74,0,NORMAL
7680,80,2026-03-06 10:36:00,1353.85,DEBIT,Myntra,Mumbai,-0.3424803638557903,84,0,NORMAL
7681,35,2026-04-05 07:06:00,3750.59,DEBIT,Uber,Chandigarh,0.658722703301762,103,0,NORMAL
7682,63,2026-06-26 08:31:00,1723.59,DEBIT,Uber,Mumbai,-0.5073137970554742,88,0,NORMAL
7683,19,2026-01-19 06:31:00,870.04,DEBIT,Walmart,Chandigarh,-1.3287128071532002,98,0,NORMAL
7684,80,2026-03-09 16:27:00,5324.67,DEBIT,Local Store,Chandigarh,0.2529082660684079,84,0,NORMAL
7685,33,2026-01-25 22:31:00,2802.75,DEBIT,Swiggy,Delhi,-0.14192216654499756,91,0,NORMAL
7686,70,2026-04-18 19:59:00,2729.07,CREDIT,Local Store,Hyderabad,-0.05419946786558477,90,0,NORMAL
7687,42,2026-01-02 16:39:00,4686.54,DEBIT,Flipkart,Hyderabad,0.30062402302461827,104,0,NORMAL
7688,60,2026-05-28 20:35:00,2593.84,DEBIT,Swiggy,Pune,-0.16164274806890996,106,0,NORMAL
7689,40,2026-02-01 05:00:00,1477.46,DEBIT,Netflix,Mumbai,-0.2972909739770867,109,0,NORMAL
7690,85,2026-02-13 05:02:00,563.9,DEBIT,Local Store,Pune,-1.4226592415520833,89,0,NORMAL
7691,12,2026-01-20 17:46:00,3561.33,DEBIT,Swiggy,Mumbai,-0.05792572842337766,99,0,NORMAL
7692,56,2026-07-05 04:05:00,2995.52,DEBIT,Flipkart,Hyderabad,-0.01452642280224111,101,0,NORMAL
7693,9,2026-05-12 07:33:00,2944.29,DEBIT,Flipkart,Ludhiana,-0.05153405652705803,84,0,NORMAL
7694,80,2026-05-19 00:33:00,5228.09,DEBIT,Swiggy,Ludhiana,0.2384269665186728,84,0,NORMAL
7695,57,2026-04-22 12:54:00,2308.25,DEBIT,Local Store,Pune,-0.1900566248540352,107,0,NORMAL
7696,74,2026-02-07 21:59:00,3515.23,DEBIT,Apple,Mumbai,-0.08627391864743282,119,0,NORMAL
7697,58,2026-02-26 11:05:00,3455.99,DEBIT,Apple,Ludhiana,0.01680637071702528,99,0,NORMAL
7698,14,2026-03-13 22:03:00,3616.47,DEBIT,Walmart,Chandigarh,-0.005781733337301689,112,0,NORMAL
7699,60,2026-02-22 20:07:00,2422.49,DEBIT,Walmart,Hyderabad,-0.2003885307396031,106,0,NORMAL
7700,24,2026-02-09 05:13:00,5453.31,DEBIT,Local Store,Hyderabad,1.7012420818413352,95,0,NORMAL
7701,62,2026-01-11 06:54:00,858.68,CREDIT,Netflix,Bangalore,-1.242621482596075,102,0,NORMAL
7702,57,2026-02-06 17:59:00,1374.34,DEBIT,Amazon,Pune,-0.32985628998468025,107,0,NORMAL
7703,23,2026-01-06 08:48:00,2774.57,DEBIT,Shell,Pune,0.07336174185839443,96,0,NORMAL
7704,27,2026-01-09 21:10:00,1772.37,DEBIT,Apple,Bangalore,-0.6991834091028039,90,0,NORMAL
7705,27,2026-06-05 06:43:00,2723.54,DEBIT,Netflix,Pune,-0.023759866009140325,90,0,NORMAL
7706,91,2026-06-10 00:22:00,2888.96,DEBIT,Walmart,Ludhiana,-0.1502421801583607,100,0,NORMAL
7707,87,2026-03-13 05:08:00,7339.84,DEBIT,Flipkart,Bangalore,2.4732344496142877,85,40,REVIEW
7708,58,2026-04-05 20:00:00,2956.34,DEBIT,Netflix,Mumbai,-0.0694898596947682,99,0,NORMAL
7709,82,2026-06-26 11:56:00,3827.58,DEBIT,Swiggy,Ludhiana,0.06815409076308886,107,0,NORMAL
7710,74,2026-02-23 13:31:00,4590.55,DEBIT,Amazon,Chandigarh,0.03575688180504722,119,0,NORMAL
7711,70,2026-05-05 03:37:00,1445.37,DEBIT,Shell,Pune,-1.0464330090288247,90,0,NORMAL
7712,6,2026-04-21 13:14:00,1140.49,DEBIT,Flipkart,Chandigarh,-1.0087379724536907,117,0,NORMAL
7713,16,2026-07-25 09:57:00,1627.83,CREDIT,Shell,Delhi,-0.3548684001160491,95,0,NORMAL
7714,55,2026-04-17 19:13:00,5027.24,DEBIT,Local Store,Ludhiana,1.9256236965210238,118,0,NORMAL
7715,26,2026-02-06 08:10:00,920.51,DEBIT,Netflix,Mumbai,-1.1321002955579473,98,0,NORMAL
7716,67,2026-03-23 04:55:00,5716.16,DEBIT,Swiggy,Chandigarh,0.27902192846264956,98,0,NORMAL
7717,89,2026-01-04 22:47:00,1446.29,DEBIT,Flipkart,Bangalore,-0.35669980169527316,103,0,NORMAL
7718,31,2026-06-26 06:07:00,1784.14,DEBIT,Netflix,Chandigarh,-0.23634544327028578,104,0,NORMAL
7719,61,2026-05-17 11:39:00,686.86,DEBIT,Netflix,Hyderabad,-0.678768872015614,81,0,NORMAL
7720,10,2026-07-12 11:23:00,1286.24,DEBIT,Local Store,Bangalore,-0.3523916872541803,91,0,NORMAL
7721,1,2026-06-05 04:03:00,2346.69,DEBIT,Myntra,Mumbai,-0.19457079675850397,112,0,NORMAL
7722,7,2026-03-03 18:53:00,2207.21,DEBIT,Local Store,Mumbai,-0.1879415015149832,93,0,NORMAL
7723,9,2026-07-20 23:02:00,4436.69,CREDIT,Myntra,Bangalore,0.3628611191230214,84,0,NORMAL
7724,96,2026-04-04 21:05:00,3422.12,DEBIT,Myntra,Bangalore,0.35861577529103866,96,0,NORMAL
7725,2,2026-05-13 09:22:00,5643.25,DEBIT,Flipkart,Mumbai,2.0171348588210694,117,40,REVIEW
7726,16,2026-01-01 10:34:00,1958.61,DEBIT,Apple,Chandigarh,-0.25965029267189993,95,0,NORMAL
7727,14,2026-04-09 23:29:00,2330.14,CREDIT,Amazon,Mumbai,-0.18686494976332182,112,0,NORMAL
7728,78,2026-05-18 20:34:00,5205.04,DEBIT,Myntra,Bangalore,0.5648083328398187,102,0,NORMAL
7729,37,2026-04-18 03:23:00,1458.96,DEBIT,Walmart,Bangalore,-0.8145097404754533,87,0,NORMAL
7730,17,2026-01-23 12:05:00,2445.51,DEBIT,Local Store,Bangalore,-0.1527748326044682,97,0,NORMAL
7731,51,2026-04-28 06:47:00,1332.8,DEBIT,Uber,Ludhiana,-0.3569747795610484,108,0,NORMAL
7732,97,2026-03-18 12:05:00,2635.13,DEBIT,Uber,Ludhiana,-0.24561620403597464,96,0,NORMAL
7733,80,2026-04-23 09:16:00,4100.01,CREDIT,Netflix,Bangalore,0.06928154928875822,84,0,NORMAL
7734,69,2026-02-09 08:20:00,3701.9,DEBIT,Local Store,Chandigarh,-0.0789878585172875,112,0,NORMAL
7735,100,2026-02-23 21:30:00,2608.32,CREDIT,Uber,Bangalore,-0.05597553359245921,87,0,NORMAL
7736,92,2026-03-24 11:54:00,4220.78,CREDIT,Myntra,Pune,0.16935036205795206,119,0,NORMAL
7737,53,2026-06-18 00:17:00,1044.44,DEBIT,Walmart,Hyderabad,-0.48179802923516507,105,0,NORMAL
7738,56,2026-05-05 16:44:00,2528.52,DEBIT,Local Store,Hyderabad,-0.13612973533732517,101,0,NORMAL
7739,43,2026-01-18 08:25:00,2199.61,DEBIT,Swiggy,Pune,-0.1788181712989583,97,0,NORMAL
7740,73,2026-02-16 18:33:00,3376.88,DEBIT,Local Store,Bangalore,0.6828962042942208,111,0,NORMAL
7741,69,2026-06-18 02:32:00,2400.09,DEBIT,Uber,Ludhiana,-0.2024575156797637,112,0,NORMAL
7742,43,2026-02-14 04:49:00,1792.8,DEBIT,Myntra,Ludhiana,-0.2606315557893987,97,0,NORMAL
7743,27,2026-04-24 16:19:00,3744.08,DEBIT,Local Store,Pune,0.7009231482457324,90,0,NORMAL
7744,16,2026-05-10 16:43:00,1332.15,CREDIT,Apple,Bangalore,-0.4399826452611184,95,0,NORMAL
7745,93,2026-05-22 18:25:00,5455.23,DEBIT,Uber,Bangalore,1.6923157017709276,100,0,NORMAL
7746,19,2026-06-30 02:05:00,2279.83,CREDIT,Apple,Delhi,-0.39331016271580693,98,0,NORMAL
7747,40,2026-06-26 12:59:00,617.15,DEBIT,Myntra,Hyderabad,-0.4435651201688638,109,0,NORMAL
7748,3,2026-06-18 03:59:00,1201.37,DEBIT,Swiggy,Chandigarh,-0.33126108537979854,94,0,NORMAL
7749,30,2026-07-27 15:41:00,276.96,CREDIT,Local Store,Chandigarh,-0.615113656335768,92,0,NORMAL
7750,42,2026-01-11 06:03:00,1006.0,DEBIT,Swiggy,Pune,-0.4730406865294441,104,0,NORMAL
7751,84,2026-04-14 00:24:00,2560.35,DEBIT,Amazon,Chandigarh,-0.15529847297900629,95,0,NORMAL
7752,22,2026-04-13 02:57:00,2105.88,CREDIT,Swiggy,Delhi,-0.2532461285364915,108,0,NORMAL
7753,47,2026-01-19 03:47:00,3564.37,DEBIT,Shell,Mumbai,0.11148872524141344,103,0,NORMAL
7754,73,2026-02-22 06:15:00,1643.85,DEBIT,Flipkart,Delhi,-0.48869544361540873,111,0,NORMAL
7755,97,2026-05-10 13:52:00,3587.04,DEBIT,Amazon,Delhi,0.43148436947242574,96,0,NORMAL
7756,95,2026-06-12 07:10:00,906.92,DEBIT,Uber,Ludhiana,-1.1186672017404145,113,0,NORMAL
7757,74,2026-06-25 08:08:00,643.52,DEBIT,Shell,Mumbai,-0.41216488130728424,119,0,NORMAL
7758,89,2026-06-30 01:19:00,3926.63,DEBIT,Flipkart,Chandigarh,0.11265837242923969,103,0,NORMAL
7759,90,2026-02-19 15:54:00,3083.52,DEBIT,Swiggy,Mumbai,-0.14340499923806313,93,0,NORMAL
7760,26,2026-07-23 04:46:00,2214.59,CREDIT,Shell,Bangalore,-0.30068638101123824,98,0,NORMAL
7761,94,2026-04-16 22:24:00,3612.89,DEBIT,Shell,Mumbai,-0.0160412743462572,103,0,NORMAL
7762,7,2026-03-17 21:29:00,3835.32,DEBIT,Amazon,Delhi,0.09430152564681257,93,0,NORMAL
7763,55,2026-04-06 17:39:00,2625.34,DEBIT,Local Store,Delhi,0.0881017823050287,118,0,NORMAL
7764,26,2026-03-30 12:07:00,2662.95,DEBIT,Apple,Delhi,-0.012626336248810792,98,0,NORMAL
7765,63,2026-04-14 15:47:00,3488.65,DEBIT,Netflix,Hyderabad,0.9194591402131518,88,0,NORMAL
7766,91,2026-06-15 06:06:00,2170.9,CREDIT,Walmart,Ludhiana,-0.2364640715898809,100,0,NORMAL
7767,93,2026-02-28 02:37:00,4416.27,CREDIT,Walmart,Hyderabad,1.003571062629425,100,0,NORMAL
7768,50,2026-03-10 13:49:00,3166.36,CREDIT,Local Store,Mumbai,-0.07883370235073513,118,0,NORMAL
7769,29,2026-07-09 16:48:00,1002.49,DEBIT,Walmart,Pune,-1.028205125123042,99,0,NORMAL
7770,11,2026-07-18 01:46:00,3057.18,CREDIT,Amazon,Mumbai,-0.08534884099147366,118,0,NORMAL
7771,31,2026-06-24 15:18:00,2366.77,CREDIT,Amazon,Hyderabad,-0.1551824318362441,104,0,NORMAL
7772,87,2026-05-10 13:42:00,924.29,CREDIT,Myntra,Ludhiana,-1.2034502399463551,85,0,NORMAL
7773,41,2026-01-26 07:22:00,1366.17,DEBIT,Local Store,Pune,-0.39143208969974747,100,0,NORMAL
7774,88,2026-06-14 08:01:00,1578.42,DEBIT,Uber,Ludhiana,-0.26947595367897004,104,0,NORMAL
7775,51,2026-01-07 01:34:00,2245.37,DEBIT,Uber,Mumbai,-0.21553470670632632,108,0,NORMAL
7776,65,2026-01-10 20:47:00,36314.3,DEBIT,Walmart,Hyderabad,4.357610184559675,112,90,HIGH
7777,10,2026-01-17 03:54:00,2490.35,DEBIT,Local Store,Pune,-0.20627381442028334,91,0,NORMAL
7778,4,2026-05-13 23:18:00,3729.06,DEBIT,Myntra,Mumbai,0.8811864795604124,105,0,NORMAL
7779,67,2026-02-02 15:12:00,3359.21,DEBIT,Amazon,Chandigarh,-0.061932538478637916,98,0,NORMAL
7780,92,2026-07-09 05:12:00,2052.28,DEBIT,Uber,Chandigarh,-0.2837602610372186,119,0,NORMAL
7781,50,2026-07-16 16:41:00,4504.34,CREDIT,Amazon,Hyderabad,0.08809587137814931,118,0,NORMAL
7782,23,2026-05-23 10:26:00,4186.31,DEBIT,Shell,Ludhiana,1.0209117138214259,96,0,NORMAL
7783,74,2026-05-01 14:04:00,3776.2,DEBIT,Uber,Delhi,-0.056658196821293916,119,0,NORMAL
7784,10,2026-05-13 13:56:00,668.5,CREDIT,Apple,Bangalore,-0.4273539870145107,91,0,NORMAL
7785,100,2026-06-12 14:18:00,2206.95,DEBIT,Apple,Delhi,-0.3383025177207911,87,0,NORMAL
7786,47,2026-07-20 00:26:00,742.48,DEBIT,Myntra,Delhi,-0.5086209654466741,103,0,NORMAL
7787,25,2026-04-30 11:54:00,4238.2,DEBIT,Local Store,Ludhiana,0.9743822081213847,97,0,NORMAL
7788,7,2026-07-12 19:52:00,1489.72,CREDIT,Netflix,Ludhiana,-0.3123228698244444,93,0,NORMAL
7789,10,2026-02-08 12:43:00,712.81,DEBIT,Amazon,Mumbai,-0.4219770007381157,91,0,NORMAL
7790,82,2026-01-25 14:25:00,2650.93,DEBIT,Amazon,Mumbai,-0.12829301965087855,107,0,NORMAL
7791,97,2026-06-13 03:07:00,3026.57,CREDIT,Flipkart,Bangalore,0.03281794256835594,96,0,NORMAL
7792,15,2026-01-21 07:55:00,1316.34,DEBIT,Amazon,Chandigarh,-0.4022169181515758,91,0,NORMAL
7793,98,2026-03-17 16:12:00,3468.87,DEBIT,Amazon,Hyderabad,0.5232894006534593,114,0,NORMAL
7794,24,2026-05-21 22:45:00,515.51,DEBIT,Swiggy,Chandigarh,-1.4466914415413663,95,0,NORMAL
7795,69,2026-06-02 03:36:00,4126.19,DEBIT,Uber,Delhi,-0.038746240433644746,112,0,NORMAL
7796,27,2026-05-07 13:33:00,2170.76,DEBIT,Shell,Mumbai,-0.41628762251041257,90,0,NORMAL
7797,82,2026-02-28 02:46:00,2741.91,DEBIT,Walmart,Ludhiana,-0.11310349166425318,107,0,NORMAL
7798,22,2026-01-12 23:17:00,3784.84,DEBIT,Local Store,Pune,0.025258156792348316,108,0,NORMAL
7799,73,2026-03-17 17:53:00,1641.29,DEBIT,Myntra,Chandigarh,-0.4904260972213178,111,0,NORMAL
7800,26,2026-03-05 20:26:00,5453.13,CREDIT,Flipkart,Chandigarh,1.7799942715110932,98,0,NORMAL
7801,38,2026-07-01 05:03:00,3326.86,DEBIT,Swiggy,Chandigarh,0.5136732674518205,95,0,NORMAL
7802,75,2026-06-30 19:53:00,2554.98,DEBIT,Myntra,Pune,-0.202384213499816,89,0,NORMAL
7803,1,2026-01-20 00:37:00,1048.65,CREDIT,Swiggy,Chandigarh,-0.33366640485063387,112,0,NORMAL
7804,77,2026-04-12 23:07:00,3083.07,DEBIT,Flipkart,Delhi,0.31856526040024474,84,0,NORMAL
7805,13,2026-05-01 15:37:00,1884.44,DEBIT,Swiggy,Ludhiana,-0.6110809743821508,101,0,NORMAL
7806,59,2026-06-04 15:31:00,426.44,CREDIT,Apple,Chandigarh,-0.46040888292825843,92,0,NORMAL
7807,79,2026-04-20 00:14:00,1916.56,DEBIT,Swiggy,Chandigarh,-0.5352411565927939,122,10,NORMAL
7808,1,2026-03-22 05:38:00,4989.42,DEBIT,Shell,Pune,0.08861934867100087,112,0,NORMAL
7809,24,2026-06-19 04:29:00,3338.93,DEBIT,Flipkart,Delhi,0.3532879963842657,95,0,NORMAL
7810,81,2026-02-27 11:45:00,3516.18,DEBIT,Uber,Bangalore,-0.05295690605207343,105,0,NORMAL
7811,23,2026-03-05 13:18:00,1040.16,DEBIT,Local Store,Hyderabad,-1.090762067676223,96,0,NORMAL
7812,87,2026-05-20 04:11:00,2038.57,DEBIT,Uber,Chandigarh,-0.564868011472782,85,0,NORMAL
7813,49,2026-07-06 05:30:00,1768.11,CREDIT,Myntra,Bangalore,-0.4117776999749,95,0,NORMAL
7814,76,2026-04-25 17:30:00,4206.53,DEBIT,Walmart,Mumbai,0.18388595411679004,74,0,NORMAL
7815,87,2026-03-29 12:38:00,2824.3,CREDIT,Shell,Bangalore,-0.11457435603739692,85,0,NORMAL
7816,29,2026-03-24 15:59:00,5498.38,CREDIT,Flipkart,Ludhiana,1.8702965988140003,99,0,NORMAL
7817,85,2026-01-25 05:26:00,1150.17,DEBIT,Swiggy,Ludhiana,-1.0681166707540395,89,0,NORMAL
7818,45,2026-05-04 16:45:00,1050.52,DEBIT,Uber,Mumbai,-0.34904288530778127,97,0,NORMAL
7819,71,2026-01-03 13:17:00,3247.65,DEBIT,Local Store,Pune,0.4384922327685995,99,0,NORMAL
7820,6,2026-04-20 22:17:00,652.56,DEBIT,Local Store,Chandigarh,-1.3198696068081355,117,0,NORMAL
7821,32,2026-03-28 22:48:00,4530.76,DEBIT,Netflix,Chandigarh,0.5104653653880437,107,0,NORMAL
7822,4,2026-02-05 01:28:00,3475.59,DEBIT,Amazon,Bangalore,0.6782733942270995,105,0,NORMAL
7823,86,2026-05-22 19:34:00,413.07,DEBIT,Walmart,Ludhiana,-1.5644978102524754,76,0,NORMAL
7824,84,2026-04-09 00:13:00,1600.57,DEBIT,Amazon,Delhi,-0.2732889728738071,95,0,NORMAL
7825,91,2026-04-16 21:32:00,1209.5,DEBIT,Flipkart,Ludhiana,-0.35190529714521546,100,0,NORMAL
7826,95,2026-04-20 02:42:00,1769.88,DEBIT,Uber,Delhi,-0.5693222511551013,113,0,NORMAL
7827,87,2026-07-18 13:16:00,2706.82,DEBIT,Swiggy,Bangalore,-0.1819009168668791,85,0,NORMAL
7828,35,2026-07-19 05:25:00,3385.91,CREDIT,Myntra,Mumbai,0.3968275814041146,103,0,NORMAL
7829,42,2026-02-13 23:32:00,1863.91,DEBIT,Local Store,Delhi,-0.2927044611457978,104,0,NORMAL
7830,74,2026-06-13 00:25:00,1127.47,DEBIT,Myntra,Delhi,-0.35724466604208155,119,0,NORMAL
7831,57,2026-05-27 08:03:00,3321.27,CREDIT,Walmart,Pune,-0.03841475703952843,107,0,NORMAL
7832,55,2026-05-13 21:51:00,2775.09,DEBIT,Walmart,Mumbai,0.20266479769028425,118,0,NORMAL
7833,70,2026-04-25 00:30:00,1866.07,CREDIT,Flipkart,Ludhiana,-0.7212537219933999,90,0,NORMAL
7834,47,2026-06-18 13:56:00,2544.76,DEBIT,Amazon,Pune,-0.11257034216464447,103,0,NORMAL
7835,53,2026-02-10 04:51:00,4051.71,DEBIT,Flipkart,Chandigarh,0.17021150165821297,105,0,NORMAL
7836,73,2026-01-11 10:06:00,2017.03,CREDIT,Swiggy,Delhi,-0.23641211836026854,111,0,NORMAL
7837,68,2026-03-24 00:50:00,2964.08,DEBIT,Flipkart,Hyderabad,-0.05153650118983406,100,0,NORMAL
7838,10,2026-04-05 05:37:00,3468.58,DEBIT,Flipkart,Ludhiana,-0.08756631531945118,91,0,NORMAL
7839,91,2026-03-16 19:38:00,3218.84,CREDIT,Apple,Ludhiana,-0.11063145466824857,100,0,NORMAL
7840,34,2026-06-04 01:17:00,3959.16,DEBIT,Netflix,Mumbai,0.7834765643561115,118,0,NORMAL
7841,62,2026-01-31 22:56:00,2657.86,DEBIT,Netflix,Pune,0.033897996041636916,102,0,NORMAL
7842,70,2026-07-12 12:14:00,2718.41,CREDIT,Myntra,Hyderabad,-0.062439095152957556,90,0,NORMAL
7843,1,2026-02-01 19:46:00,654.78,DEBIT,Walmart,Pune,-0.37587279845887955,112,0,NORMAL
7844,30,2026-04-29 14:53:00,1497.0,DEBIT,Uber,Mumbai,-0.3450733700547179,92,0,NORMAL
7845,26,2026-06-10 23:45:00,939.19,DEBIT,Amazon,Pune,-1.1200988644843408,98,0,NORMAL
7846,60,2026-02-22 15:06:00,5342.02,CREDIT,Myntra,Ludhiana,0.45977764889604666,106,0,NORMAL
7847,63,2026-01-15 21:41:00,3328.41,DEBIT,Shell,Pune,0.7899303448929219,88,0,NORMAL
7848,9,2026-03-04 20:52:00,1492.51,CREDIT,Amazon,Hyderabad,-0.4546502640486826,84,0,NORMAL
7849,65,2026-04-17 22:44:00,4887.47,DEBIT,Netflix,Hyderabad,0.1822033331374877,112,0,NORMAL
7850,41,2026-07-24 12:55:00,1081.08,DEBIT,Walmart,Chandigarh,-0.44957369471928155,100,0,NORMAL
7851,33,2026-04-16 22:01:00,1739.72,DEBIT,Uber,Pune,-0.2536203410865456,91,0,NORMAL
7852,44,2026-01-06 09:50:00,5300.95,DEBIT,Uber,Ludhiana,0.13043859369770233,99,0,NORMAL
7853,38,2026-02-15 07:02:00,1216.35,DEBIT,Shell,Hyderabad,-1.0239106792367527,95,0,NORMAL
7854,100,2026-03-23 05:54:00,3825.47,CREDIT,Walmart,Mumbai,0.8001778628542079,87,0,NORMAL
7855,64,2026-01-22 13:59:00,2630.45,DEBIT,Flipkart,Pune,-0.03654952450478037,110,0,NORMAL
7856,86,2026-02-03 02:07:00,3128.85,DEBIT,Myntra,Mumbai,0.20840872479040692,76,0,NORMAL
7857,29,2026-03-01 10:52:00,1492.48,DEBIT,Uber,Delhi,-0.7123084150807786,99,0,NORMAL
7858,11,2026-02-26 18:46:00,3663.57,DEBIT,Local Store,Pune,-0.00034941059157579733,118,0,NORMAL
7859,63,2026-01-30 14:42:00,328.78,DEBIT,Walmart,Chandigarh,-1.634797939595474,88,0,NORMAL
7860,58,2026-03-01 18:10:00,371.25,DEBIT,Amazon,Ludhiana,-0.5159694399513947,99,0,NORMAL
7861,18,2026-05-18 10:34:00,5170.28,DEBIT,Swiggy,Bangalore,1.437173625938693,96,0,NORMAL
7862,93,2026-03-19 13:57:00,2770.41,DEBIT,Swiggy,Mumbai,-0.08749813327555202,100,0,NORMAL
7863,74,2026-01-16 22:58:00,1083.46,DEBIT,Walmart,Delhi,-0.3622390635497199,119,0,NORMAL
7864,31,2026-05-18 06:04:00,1396.79,CREDIT,Shell,Pune,-0.29030506168845177,104,0,NORMAL
7865,75,2026-07-11 17:51:00,1198.58,DEBIT,Apple,Ludhiana,-0.42634958008667856,89,0,NORMAL
7866,75,2026-04-09 21:03:00,3525.53,DEBIT,Local Store,Bangalore,-0.04212943132576745,89,0,NORMAL
7867,95,2026-01-21 01:09:00,3591.96,CREDIT,Apple,Chandigarh,0.5905813916122196,113,0,NORMAL
7868,33,2026-02-15 17:04:00,4694.18,DEBIT,Walmart,Chandigarh,0.05682036967046222,91,0,NORMAL
7869,47,2026-05-20 21:50:00,1643.74,CREDIT,Flipkart,Delhi,-0.3105692838327395,103,0,NORMAL
7870,37,2026-05-13 04:51:00,1595.75,DEBIT,Myntra,Bangalore,-0.7225524392423361,87,0,NORMAL
7871,67,2026-07-06 06:35:00,760.5,DEBIT,Shell,Ludhiana,-0.4378598100732807,98,0,NORMAL
7872,86,2026-04-26 18:44:00,4950.27,DEBIT,Amazon,Ludhiana,1.3974621168390293,76,0,NORMAL
7873,79,2026-07-23 04:47:00,1811.12,DEBIT,Apple,Mumbai,-0.6076290586536015,122,10,NORMAL
7874,10,2026-03-23 11:40:00,1614.25,DEBIT,Swiggy,Pune,-0.3125879122932161,91,0,NORMAL
7875,78,2026-03-20 03:41:00,2641.59,DEBIT,Myntra,Chandigarh,-0.18646009588192483,102,0,NORMAL
7876,62,2026-06-10 16:07:00,4533.71,DEBIT,Walmart,Bangalore,1.3648148937408953,102,0,NORMAL
7877,33,2026-01-01 13:06:00,4535.15,CREDIT,Netflix,Hyderabad,0.04011024794544745,91,0,NORMAL
7878,68,2026-02-05 15:49:00,3924.23,DEBIT,Uber,Bangalore,0.17905662594206243,100,0,NORMAL
7879,61,2026-02-23 05:50:00,1190.09,DEBIT,Amazon,Chandigarh,-0.544292120390349,81,0,NORMAL
7880,39,2026-05-06 19:21:00,6901.76,DEBIT,Netflix,Hyderabad,0.9203274180834112,101,0,NORMAL
7881,62,2026-03-27 11:11:00,560.16,DEBIT,Local Store,Ludhiana,-1.4544216330884827,102,0,NORMAL
7882,72,2026-06-28 05:49:00,1959.8,DEBIT,Myntra,Mumbai,-0.5786134863992106,98,0,NORMAL
7883,29,2026-07-12 18:20:00,6821.19,DEBIT,Netflix,Pune,2.723112629775869,99,40,REVIEW
7884,59,2026-07-18 19:39:00,3553.45,DEBIT,Uber,Chandigarh,-0.01706112258387882,92,0,NORMAL
7885,29,2026-05-15 13:15:00,1568.51,CREDIT,Walmart,Pune,-0.663291849713091,99,0,NORMAL
7886,8,2026-07-04 17:43:00,3540.17,DEBIT,Local Store,Pune,-0.06234080366860172,91,0,NORMAL
7887,89,2026-02-06 07:17:00,4238.64,DEBIT,Local Store,Ludhiana,0.1717004569453098,103,0,NORMAL
7888,35,2026-07-23 23:51:00,1234.28,DEBIT,Netflix,Bangalore,-1.1483665645008831,103,0,NORMAL
7889,18,2026-04-27 04:51:00,4779.66,DEBIT,Flipkart,Mumbai,1.173906281752383,96,0,NORMAL
7890,40,2026-06-15 04:52:00,1383.04,DEBIT,Walmart,Hyderabad,-0.3133447277210018,109,0,NORMAL
7891,77,2026-07-25 17:58:00,2151.49,CREDIT,Netflix,Mumbai,-0.30733558971851344,84,0,NORMAL
7892,38,2026-01-12 15:03:00,1003.1,CREDIT,Amazon,Ludhiana,-1.1792711260630355,95,0,NORMAL
7893,83,2026-05-17 23:06:00,842.76,DEBIT,Netflix,Mumbai,-0.3581990444658577,101,0,NORMAL
7894,18,2026-07-07 18:52:00,1049.58,DEBIT,Myntra,Hyderabad,-1.3400670304243394,96,0,NORMAL
7895,22,2026-01-11 08:11:00,1531.99,DEBIT,Myntra,Delhi,-0.34844245501679355,108,0,NORMAL
7896,18,2026-05-14 04:26:00,896.19,CREDIT,Myntra,Ludhiana,-1.4434477531849201,96,0,NORMAL
7897,70,2026-02-23 08:02:00,3281.79,DEBIT,Apple,Hyderabad,0.37302443403653074,90,0,NORMAL
7898,15,2026-03-07 05:31:00,3491.2,DEBIT,Myntra,Hyderabad,0.08835654993132894,91,0,NORMAL
7899,21,2026-01-14 14:04:00,4541.37,DEBIT,Myntra,Chandigarh,0.1506841925435492,122,10,NORMAL
7900,74,2026-05-10 11:49:00,4178.57,CREDIT,Uber,Hyderabad,-0.010995944488905068,119,0,NORMAL
7901,70,2026-07-04 11:53:00,1974.26,DEBIT,Local Store,Bangalore,-0.6376284615599255,90,0,NORMAL
7902,14,2026-01-21 12:21:00,2976.98,DEBIT,Walmart,Ludhiana,-0.0958059931091142,112,0,NORMAL
7903,7,2026-06-19 22:42:00,656.02,CREDIT,Myntra,Chandigarh,-0.45684996673115774,93,0,NORMAL
7904,8,2026-03-22 22:14:00,1709.72,CREDIT,Walmart,Chandigarh,-0.27270809149039693,91,0,NORMAL
7905,18,2026-01-08 01:03:00,1808.51,CREDIT,Netflix,Chandigarh,-0.8285686803057681,96,0,NORMAL
7906,53,2026-04-24 16:31:00,3953.09,DEBIT,Netflix,Ludhiana,0.14882959051065892,105,0,NORMAL
7907,100,2026-06-14 05:08:00,3028.9,DEBIT,Walmart,Pune,0.23986392372795265,87,0,NORMAL
7908,89,2026-05-14 07:03:00,3128.1,CREDIT,Shell,Delhi,-0.038448565645236916,103,0,NORMAL
7909,50,2026-01-29 07:43:00,1747.33,DEBIT,Shell,Mumbai,-0.2558752672534234,118,0,NORMAL
7910,25,2026-06-22 18:56:00,2438.4,CREDIT,Uber,Bangalore,-0.19675024711271974,97,0,NORMAL
7911,15,2026-03-16 20:22:00,689.97,DEBIT,Walmart,Delhi,-0.5435044047958145,91,0,NORMAL
7912,20,2026-01-09 23:12:00,1832.85,DEBIT,Flipkart,Delhi,-0.24316731129590818,98,0,NORMAL
7913,50,2026-05-08 14:07:00,3426.71,CREDIT,Uber,Hyderabad,-0.04635181583500615,118,0,NORMAL
7914,20,2026-05-24 04:50:00,2216.89,DEBIT,Flipkart,Hyderabad,-0.20258030396914004,98,0,NORMAL
7915,97,2026-06-07 11:12:00,3508.39,CREDIT,Local Store,Delhi,0.37554004689315273,96,0,NORMAL
7916,39,2026-01-20 11:59:00,2685.51,CREDIT,Netflix,Chandigarh,-0.08504684895902466,101,0,NORMAL
7917,44,2026-02-27 17:29:00,2376.23,CREDIT,Netflix,Chandigarh,-0.2034394140901172,99,0,NORMAL
7918,21,2026-06-04 10:11:00,4929.74,DEBIT,Myntra,Hyderabad,0.2131001693547034,122,10,NORMAL
7919,50,2026-05-22 22:28:00,4550.25,DEBIT,Walmart,Chandigarh,0.09382371239960931,118,0,NORMAL
7920,39,2026-04-12 00:47:00,4017.14,DEBIT,Flipkart,Hyderabad,0.23248331059548907,101,0,NORMAL
7921,43,2026-01-16 17:47:00,4766.6,CREDIT,Flipkart,Ludhiana,0.33742808580660816,97,0,NORMAL
7922,55,2026-05-14 08:05:00,1324.29,CREDIT,Apple,Ludhiana,-0.9072385259887059,118,0,NORMAL
7923,58,2026-05-25 23:10:00,2525.21,DEBIT,Amazon,Pune,-0.14395177066732212,99,0,NORMAL
7924,83,2026-07-06 06:13:00,1522.6,CREDIT,Local Store,Chandigarh,-0.2522990113362807,101,0,NORMAL
7925,29,2026-05-05 23:07:00,717.51,DEBIT,Netflix,Ludhiana,-1.2119318224594045,99,0,NORMAL
7926,78,2026-02-04 21:42:00,2288.31,CREDIT,Flipkart,Bangalore,-0.2899956087644924,102,0,NORMAL
7927,24,2026-03-19 19:07:00,1721.67,DEBIT,Myntra,Ludhiana,-0.6777434285470614,95,0,NORMAL
7928,8,2026-07-19 13:00:00,3776.15,DEBIT,Amazon,Ludhiana,-0.035220438414053805,91,0,NORMAL
7929,66,2026-07-03 00:16:00,936.03,CREDIT,Netflix,Chandigarh,-1.2842480990329117,95,0,NORMAL
7930,34,2026-06-13 05:35:00,1805.34,DEBIT,Flipkart,Hyderabad,-0.7487822057448146,118,0,NORMAL
7931,79,2026-02-18 10:02:00,1542.03,DEBIT,Flipkart,Pune,-0.7923678728184603,122,10,NORMAL
7932,38,2026-01-22 01:17:00,3865.94,DEBIT,Apple,Mumbai,0.9064128204417973,95,0,NORMAL
7933,50,2026-06-30 03:09:00,3073.63,DEBIT,Shell,Bangalore,-0.09040291816254058,118,0,NORMAL
7934,8,2026-06-14 23:27:00,3252.44,CREDIT,Shell,Hyderabad,-0.09540861744388383,91,0,NORMAL
7935,83,2026-04-26 13:48:00,5493.78,DEBIT,Netflix,Delhi,0.36629962005274325,101,0,NORMAL
7936,98,2026-01-03 01:50:00,2361.09,DEBIT,Shell,Hyderabad,-0.2936999078576999,114,0,NORMAL
7937,52,2026-04-06 05:21:00,2759.7,CREDIT,Flipkart,Delhi,-0.051876867343103324,116,0,NORMAL
7938,14,2026-03-22 23:46:00,4045.09,CREDIT,Uber,Hyderabad,0.05455728404122545,112,0,NORMAL
7939,37,2026-02-26 04:19:00,3198.27,DEBIT,Myntra,Bangalore,0.3547442518322674,87,0,NORMAL
7940,22,2026-01-08 09:08:00,1725.18,CREDIT,Amazon,Pune,-0.316396281860388,108,0,NORMAL
7941,19,2026-05-21 09:52:00,2576.64,CREDIT,Netflix,Bangalore,-0.19637525830063685,98,0,NORMAL
7942,10,2026-06-26 21:24:00,2839.39,DEBIT,Flipkart,Chandigarh,-0.16391806425298683,91,0,NORMAL
7943,8,2026-05-17 23:54:00,2209.89,DEBIT,Walmart,Mumbai,-0.21522528324661683,91,0,NORMAL
7944,88,2026-04-24 12:14:00,3116.91,DEBIT,Swiggy,Bangalore,-0.11018059203091012,104,0,NORMAL
7945,14,2026-04-16 05:05:00,2008.55,CREDIT,Walmart,Pune,-0.23213680968297215,112,0,NORMAL
7946,8,2026-07-13 04:19:00,1514.02,DEBIT,Amazon,Chandigarh,-0.29519921565479657,91,0,NORMAL
7947,73,2026-07-10 21:29:00,4287.58,CREDIT,Local Store,Bangalore,1.2985627038650875,111,0,NORMAL
7948,6,2026-01-29 06:11:00,1135.6,DEBIT,Netflix,Delhi,-1.011856111719555,117,0,NORMAL
7949,97,2026-07-12 14:42:00,1592.15,DEBIT,Apple,Chandigarh,-0.9874955373319707,96,0,NORMAL
7950,59,2026-06-23 08:09:00,2978.51,DEBIT,Netflix,Chandigarh,-0.09857616773320596,92,0,NORMAL
7951,28,2026-02-22 03:12:00,5865.12,DEBIT,Myntra,Bangalore,2.0363857836231225,98,40,REVIEW
7952,79,2026-01-18 05:23:00,1463.86,DEBIT,Walmart,Delhi,-0.8460340555204077,122,10,NORMAL
7953,3,2026-06-21 08:35:00,3118.57,CREDIT,Apple,Delhi,-0.09648503130018626,94,0,NORMAL
7954,1,2026-01-23 22:24:00,1845.53,DEBIT,Shell,Mumbai,-0.24827419183989735,112,0,NORMAL
7955,17,2026-01-26 23:26:00,1740.31,DEBIT,Shell,Delhi,-0.23408090848871044,97,0,NORMAL
7956,49,2026-05-04 07:53:00,562.52,DEBIT,Netflix,Hyderabad,-1.3354608735460525,95,0,NORMAL
7957,59,2026-02-24 11:48:00,362.74,DEBIT,Uber,Mumbai,-0.46944027468394095,92,0,NORMAL
7958,93,2026-07-23 17:53:00,1026.36,DEBIT,Netflix,Hyderabad,-1.2436591865352913,100,0,NORMAL
7959,79,2026-01-28 21:49:00,922.8,DEBIT,Shell,Delhi,-1.2174888951355494,122,10,NORMAL
7960,94,2026-04-08 19:08:00,2720.68,DEBIT,Local Store,Delhi,-0.16586657392476087,103,0,NORMAL
7961,1,2026-06-23 14:49:00,4953.14,DEBIT,Walmart,Delhi,0.0847316497853098,112,0,NORMAL
7962,15,2026-01-30 16:42:00,1528.71,DEBIT,Swiggy,Mumbai,-0.3543135646406525,91,0,NORMAL
7963,23,2026-04-04 16:14:00,2985.51,DEBIT,Uber,Ludhiana,0.21494318821953873,96,0,NORMAL
7964,43,2026-06-07 12:26:00,2121.39,DEBIT,Myntra,Mumbai,-0.19454896192564464,97,0,NORMAL
7965,14,2026-04-29 23:16:00,810.65,CREDIT,Apple,Hyderabad,-0.40077128525046224,112,0,NORMAL
7966,39,2026-04-26 02:31:00,3896.84,DEBIT,Flipkart,Delhi,0.20379750583410047,101,0,NORMAL
7967,21,2026-07-08 16:35:00,4153.48,DEBIT,Uber,Bangalore,0.08834535781048887,122,10,NORMAL
7968,34,2026-06-19 21:15:00,3137.42,DEBIT,Flipkart,Ludhiana,0.19887881628861526,118,0,NORMAL
7969,43,2026-02-20 08:38:00,586.39,CREDIT,Swiggy,Mumbai,-0.5032521530783349,97,0,NORMAL
7970,32,2026-02-12 00:06:00,4150.48,DEBIT,Myntra,Pune,0.38975224035295625,107,0,NORMAL
7971,42,2026-03-12 17:46:00,789.23,CREDIT,Uber,Delhi,-0.5186066358439562,104,0,NORMAL
7972,20,2026-03-17 03:11:00,696.18,DEBIT,Local Store,Hyderabad,-0.3632955104890067,98,0,NORMAL
7973,82,2026-06-04 20:25:00,1130.2,DEBIT,Myntra,Bangalore,-0.3821858630791135,107,0,NORMAL
7974,40,2026-07-05 18:53:00,4054.23,DEBIT,Myntra,Ludhiana,0.1408241608959073,109,0,NORMAL
7975,2,2026-04-19 23:11:00,2828.09,CREDIT,Local Store,Chandigarh,-0.004182017309723388,117,0,NORMAL
7976,30,2026-05-21 18:58:00,694.67,DEBIT,Swiggy,Chandigarh,-0.5226588778182952,92,0,NORMAL
7977,58,2026-02-27 00:54:00,2741.6,DEBIT,Local Store,Hyderabad,-0.10657832665890023,99,0,NORMAL
7978,56,2026-01-26 12:16:00,5348.23,DEBIT,Amazon,Bangalore,0.5981016916183532,101,0,NORMAL
7979,92,2026-04-30 07:00:00,3285.77,CREDIT,Apple,Hyderabad,-0.026021076125223166,119,0,NORMAL
7980,42,2026-04-21 22:22:00,3299.59,CREDIT,Swiggy,Bangalore,0.009081404572976211,104,0,NORMAL
7981,60,2026-06-13 21:56:00,3034.57,CREDIT,Walmart,Bangalore,-0.06198457009135196,106,0,NORMAL
7982,26,2026-03-19 03:35:00,1544.37,DEBIT,Uber,Ludhiana,-0.7312859063941323,98,0,NORMAL
7983,60,2026-06-20 13:17:00,5016.79,DEBIT,Swiggy,Chandigarh,0.3862364122576485,106,0,NORMAL
7984,42,2026-04-16 09:57:00,2231.69,DEBIT,Uber,Chandigarh,-0.21539558612208032,104,0,NORMAL
7985,40,2026-04-22 04:13:00,4062.99,DEBIT,Flipkart,Pune,0.14231357926909827,109,0,NORMAL
7986,36,2026-01-11 22:44:00,2714.25,DEBIT,Amazon,Mumbai,-0.1102954747025842,85,0,NORMAL
7987,83,2026-07-25 03:33:00,877.83,DEBIT,Apple,Bangalore,-0.3527361205986916,101,0,NORMAL
7988,26,2026-03-20 07:23:00,3694.74,DEBIT,Uber,Mumbai,0.650272837596816,98,0,NORMAL
7989,40,2026-06-01 21:51:00,3674.86,DEBIT,Shell,Hyderabad,0.07632180379117243,109,0,NORMAL
7990,21,2026-07-10 17:31:00,5738.24,CREDIT,Local Store,Pune,0.34303635714422936,122,10,NORMAL
7991,98,2026-02-24 03:52:00,1918.99,DEBIT,Amazon,Hyderabad,-0.6197492798384033,114,0,NORMAL
7992,29,2026-01-01 06:19:00,5211.44,DEBIT,Walmart,Mumbai,1.6853062888494557,99,0,NORMAL
7993,30,2026-01-29 09:28:00,3124.1,CREDIT,Flipkart,Pune,0.015064453137879536,92,0,NORMAL
7994,59,2026-04-24 02:59:00,2807.38,DEBIT,Walmart,Delhi,-0.1228389945958427,92,0,NORMAL
7995,11,2026-02-25 23:36:00,2137.28,DEBIT,Netflix,Delhi,-0.21429386980933998,118,0,NORMAL
7996,46,2026-07-19 19:36:00,1406.29,DEBIT,Walmart,Delhi,-0.3090191496270686,94,0,NORMAL
7997,46,2026-01-24 09:02:00,4128.48,DEBIT,Swiggy,Mumbai,0.13750615900612817,94,0,NORMAL
7998,77,2026-01-09 06:10:00,1520.95,DEBIT,Flipkart,Chandigarh,-0.7309766318554007,84,0,NORMAL
7999,96,2026-05-15 22:43:00,3321.79,CREDIT,Walmart,Delhi,0.2961241562012227,96,0,NORMAL
8000,84,2026-02-03 16:04:00,4098.1,DEBIT,Amazon,Delhi,0.033744736103523125,95,0,NORMAL
8001,83,2026-06-17 06:33:00,3051.22,DEBIT,Myntra,Mumbai,-0.014182824229705371,101,0,NORMAL
8002,18,2026-05-03 07:07:00,4556.71,DEBIT,Swiggy,Ludhiana,1.02364399516609,96,0,NORMAL
8003,38,2026-07-11 13:30:00,904.1,DEBIT,Uber,Chandigarh,-1.251396257297746,95,0,NORMAL
8004,26,2026-06-12 02:45:00,3407.65,CREDIT,Swiggy,Pune,0.4658247194532589,98,0,NORMAL
8005,29,2026-01-23 08:33:00,4257.35,DEBIT,Myntra,Bangalore,1.0702041600626993,99,0,NORMAL
8006,30,2026-06-23 05:04:00,4922.43,DEBIT,Walmart,Bangalore,0.41310185193447707,92,0,NORMAL
8007,14,2026-04-17 06:07:00,1966.95,DEBIT,Uber,Ludhiana,-0.23799305326224218,112,0,NORMAL
8008,29,2026-04-04 16:07:00,623.43,DEBIT,Swiggy,Delhi,-1.2725852286121344,99,0,NORMAL
8009,37,2026-07-04 07:45:00,3938.58,CREDIT,Walmart,Chandigarh,0.8524188601800194,87,0,NORMAL
8010,64,2026-07-16 16:28:00,1839.96,DEBIT,Local Store,Hyderabad,-0.5597732505484249,110,0,NORMAL
8011,41,2026-06-22 18:53:00,5333.59,DEBIT,Apple,Mumbai,0.41768842167069664,100,0,NORMAL
8012,72,2026-05-03 08:26:00,3372.39,DEBIT,Uber,Hyderabad,0.2976917073849352,98,0,NORMAL
8013,66,2026-05-02 12:10:00,2558.81,DEBIT,Local Store,Chandigarh,-0.1914223149722713,95,0,NORMAL
8014,73,2026-03-06 23:49:00,3138.8,DEBIT,Uber,Hyderabad,0.5219454189446744,111,0,NORMAL
8015,37,2026-04-12 18:53:00,1987.54,DEBIT,Uber,Delhi,-0.4591709709323501,87,0,NORMAL
8016,3,2026-05-26 10:29:00,513.12,DEBIT,Walmart,Delhi,-0.4155426518414578,94,0,NORMAL
8017,98,2026-05-16 08:31:00,2957.11,CREDIT,Netflix,Ludhiana,0.14586568066964417,114,0,NORMAL
8018,95,2026-05-07 02:50:00,4481.27,DEBIT,Myntra,Pune,1.1567002824125174,113,0,NORMAL
8019,80,2026-03-06 08:15:00,2669.37,DEBIT,Netflix,Mumbai,-0.14523000991431695,84,0,NORMAL
8020,73,2026-01-04 01:20:00,2198.72,DEBIT,Amazon,Pune,-0.11358303490025899,111,0,NORMAL
8021,86,2026-03-13 02:49:00,3862.81,DEBIT,Local Store,Bangalore,0.6875500692513257,76,0,NORMAL
8022,85,2026-05-26 17:58:00,1544.69,DEBIT,Netflix,Chandigarh,-0.8295335349441836,89,0,NORMAL
8023,63,2026-04-24 09:32:00,3615.06,DEBIT,Flipkart,Ludhiana,1.0216417102108442,88,0,NORMAL
8024,93,2026-02-14 18:54:00,4933.35,CREDIT,Netflix,Delhi,1.346352380492758,100,0,NORMAL
8025,95,2026-03-17 02:08:00,5057.89,DEBIT,Flipkart,Ludhiana,1.5237662940544279,113,0,NORMAL
8026,26,2026-07-25 00:32:00,2559.82,CREDIT,Uber,Delhi,-0.07888477236342643,98,0,NORMAL
8027,44,2026-06-30 09:30:00,717.1,DEBIT,Shell,Chandigarh,-0.3928411411139024,99,0,NORMAL
8028,9,2026-04-28 20:09:00,2797.41,DEBIT,Local Store,Mumbai,-0.09231827215254967,84,0,NORMAL
8029,45,2026-01-21 12:52:00,3698.26,DEBIT,Flipkart,Hyderabad,0.04399182547692193,97,0,NORMAL
8030,36,2026-03-05 09:21:00,1958.6,CREDIT,Flipkart,Chandigarh,-0.21259029305287652,85,0,NORMAL
8031,21,2026-03-14 11:49:00,2466.56,CREDIT,Netflix,Hyderabad,-0.18276404714425085,122,10,NORMAL
8032,16,2026-01-01 01:43:00,2521.56,CREDIT,Local Store,Ludhiana,-0.09759988579819602,95,0,NORMAL
8033,19,2026-06-23 04:14:00,3425.36,DEBIT,Shell,Bangalore,0.3667546634514714,98,0,NORMAL
8034,20,2026-05-01 08:04:00,4016.29,DEBIT,Walmart,Bangalore,-0.012411933529116521,98,0,NORMAL
8035,29,2026-06-10 01:08:00,1998.5,DEBIT,Flipkart,Delhi,-0.386077158900885,99,0,NORMAL
8036,50,2026-02-16 18:15:00,2299.5,DEBIT,Shell,Bangalore,-0.18698522201666493,118,0,NORMAL
8037,95,2026-06-03 01:15:00,1737.36,DEBIT,Apple,Hyderabad,-0.5900239033672948,113,0,NORMAL
8038,74,2026-01-31 12:12:00,2246.65,DEBIT,Walmart,Bangalore,-0.230236490568356,119,0,NORMAL
8039,49,2026-03-03 22:46:00,3680.3,CREDIT,Swiggy,Pune,1.0532790172100654,95,0,NORMAL
8040,17,2026-01-04 13:28:00,747.5,DEBIT,Netflix,Hyderabad,-0.3485469964050952,97,0,NORMAL
8041,53,2026-04-29 10:50:00,1670.89,DEBIT,Uber,Mumbai,-0.34597671268289115,105,0,NORMAL
8042,77,2026-05-09 22:12:00,4292.36,DEBIT,Swiggy,Delhi,1.1310511865044037,84,0,NORMAL
8043,26,2026-07-07 17:02:00,4533.02,CREDIT,Myntra,Delhi,1.188846694148355,98,0,NORMAL
8044,83,2026-04-27 23:40:00,3874.37,DEBIT,Apple,Bangalore,0.11404089351360394,101,0,NORMAL
8045,26,2026-06-14 02:31:00,505.09,DEBIT,Myntra,Chandigarh,-1.3989972172173453,98,0,NORMAL
8046,38,2026-06-02 22:57:00,1093.42,CREDIT,Flipkart,Hyderabad,-1.113469693203247,95,0,NORMAL
8047,13,2026-05-14 13:54:00,3179.35,CREDIT,Netflix,Hyderabad,0.2815347944533577,101,0,NORMAL
8048,32,2026-05-02 01:35:00,4070.31,DEBIT,Myntra,Pune,0.3643036991883856,107,0,NORMAL
8049,46,2026-06-15 00:14:00,1953.77,CREDIT,Amazon,Mumbai,-0.21921510363082933,94,0,NORMAL
8050,44,2026-05-20 00:08:00,599.29,DEBIT,Swiggy,Chandigarh,-0.4062900073634863,99,0,NORMAL
8051,6,2026-05-12 10:41:00,3144.91,DEBIT,Uber,Chandigarh,0.26939305153076687,117,0,NORMAL
8052,11,2026-05-30 04:30:00,3952.7,DEBIT,Flipkart,Bangalore,0.04017877310459733,118,0,NORMAL
8053,95,2026-02-09 01:33:00,692.79,DEBIT,Apple,Delhi,-1.2549785420908746,113,0,NORMAL
8054,24,2026-04-05 15:52:00,5130.68,DEBIT,Netflix,Ludhiana,1.4955598361754594,95,0,NORMAL
8055,56,2026-05-22 04:26:00,2355.59,DEBIT,Amazon,Delhi,-0.18115941592981355,101,0,NORMAL
8056,1,2026-02-26 13:44:00,4397.12,DEBIT,Amazon,Ludhiana,0.025149556774781513,112,0,NORMAL
8057,63,2026-03-20 11:16:00,773.06,DEBIT,Local Store,Pune,-1.275667552770264,88,0,NORMAL
8058,83,2026-02-04 14:54:00,891.01,DEBIT,Shell,Ludhiana,-0.3506830457036459,101,0,NORMAL
8059,74,2026-07-14 12:39:00,2235.8,CREDIT,Myntra,Ludhiana,-0.23146778375076624,119,0,NORMAL
8060,17,2026-02-05 10:27:00,766.93,DEBIT,Shell,Delhi,-0.34630681340108094,97,0,NORMAL
8061,60,2026-01-12 15:29:00,2298.67,DEBIT,Shell,Chandigarh,-0.2283867963379994,106,0,NORMAL
8062,92,2026-02-15 13:21:00,2753.52,CREDIT,Uber,Chandigarh,-0.13723533904540053,119,0,NORMAL
8063,17,2026-03-23 20:43:00,1964.23,DEBIT,Uber,Ludhiana,-0.20826403878933505,97,0,NORMAL
8064,14,2026-05-27 23:36:00,3570.8,CREDIT,Swiggy,Bangalore,-0.012210931516755072,112,0,NORMAL
8065,96,2026-06-17 19:19:00,998.63,DEBIT,Apple,Ludhiana,-1.1508810247486132,96,0,NORMAL
8066,32,2026-06-28 00:09:00,966.01,DEBIT,Swiggy,Hyderabad,-0.6211011447329917,107,0,NORMAL
8067,24,2026-06-04 00:52:00,3244.55,CREDIT,Flipkart,Delhi,0.2931191021526528,95,0,NORMAL
8068,12,2026-04-27 16:28:00,5631.49,CREDIT,Swiggy,Hyderabad,0.1944654292255924,99,0,NORMAL
8069,55,2026-06-15 22:30:00,2890.83,DEBIT,Uber,Chandigarh,0.29120919435599013,118,0,NORMAL
8070,13,2026-03-12 17:45:00,4781.04,DEBIT,Swiggy,Mumbai,1.3856221447604415,101,0,NORMAL
8071,69,2026-03-27 07:06:00,877.06,DEBIT,Flipkart,Delhi,-0.34690869668787255,112,0,NORMAL
8072,25,2026-06-22 08:32:00,562.27,DEBIT,Apple,Ludhiana,-1.4175507434113979,97,0,NORMAL
8073,54,2026-04-18 16:30:00,5431.41,DEBIT,Swiggy,Pune,0.15121217634098583,89,0,NORMAL
8074,41,2026-02-21 20:23:00,1748.82,DEBIT,Walmart,Ludhiana,-0.3133939783639422,100,0,NORMAL
8075,63,2026-02-16 06:34:00,2018.44,DEBIT,Flipkart,Bangalore,-0.26897402358961214,88,0,NORMAL
8076,66,2026-06-21 12:17:00,2813.36,DEBIT,Apple,Hyderabad,-0.020001171420689315,95,0,NORMAL
8077,6,2026-01-25 03:13:00,4075.15,DEBIT,Netflix,Bangalore,0.8625664402174205,117,0,NORMAL
8078,98,2026-07-18 14:19:00,3986.43,DEBIT,Swiggy,Bangalore,0.9049906287971662,114,0,NORMAL
8079,89,2026-07-18 14:45:00,1799.62,DEBIT,Myntra,Hyderabad,-0.28983867634011456,103,0,NORMAL
8080,35,2026-01-29 11:25:00,1634.56,CREDIT,Netflix,Bangalore,-0.8609052850416581,103,0,NORMAL
8081,12,2026-04-01 14:57:00,1227.99,DEBIT,Apple,Hyderabad,-0.34240344212118257,99,0,NORMAL
8082,12,2026-06-17 00:24:00,394.88,DEBIT,Uber,Ludhiana,-0.4439751067987599,99,0,NORMAL
8083,94,2026-05-20 05:50:00,5993.42,DEBIT,Flipkart,Chandigarh,0.38371172147940646,103,0,NORMAL
8084,98,2026-01-16 12:28:00,1090.21,DEBIT,Swiggy,Hyderabad,-1.2309756958306388,114,0,NORMAL
8085,64,2026-05-17 20:17:00,4525.57,DEBIT,Myntra,Hyderabad,1.217826555774327,110,0,NORMAL
8086,88,2026-02-04 13:45:00,1638.61,DEBIT,Amazon,Hyderabad,-0.2632438768909528,104,0,NORMAL
8087,95,2026-02-14 10:05:00,4182.68,DEBIT,Walmart,Ludhiana,0.9666232118701182,113,0,NORMAL
8088,24,2026-01-05 10:58:00,4077.97,DEBIT,Netflix,Pune,0.824438871494791,95,0,NORMAL
8089,36,2026-03-08 16:37:00,644.97,CREDIT,Myntra,Pune,-0.39042069367418863,85,0,NORMAL
8090,88,2026-03-14 03:00:00,782.77,CREDIT,Uber,Hyderabad,-0.3518576100402587,104,0,NORMAL
8091,7,2026-06-08 14:12:00,1250.93,DEBIT,Flipkart,Delhi,-0.35371860626483553,93,0,NORMAL
8092,65,2026-07-05 00:49:00,3614.17,DEBIT,Myntra,Pune,0.013031146699470524,112,0,NORMAL
8093,83,2026-07-02 06:03:00,2324.79,DEBIT,Myntra,Ludhiana,-0.1273402746096752,101,0,NORMAL
8094,94,2026-06-23 16:52:00,4240.52,DEBIT,Walmart,Delhi,0.08935415136568992,103,0,NORMAL
8095,38,2026-04-17 22:27:00,6549.12,DEBIT,Swiggy,Delhi,2.861207867172609,95,40,REVIEW
8096,83,2026-05-17 17:49:00,5676.7,DEBIT,Local Store,Pune,0.3947934333912674,101,0,NORMAL
8097,23,2026-01-08 13:19:00,3240.71,DEBIT,Shell,Hyderabad,0.3862316356992201,96,0,NORMAL
8098,84,2026-03-16 08:29:00,3629.95,DEBIT,Uber,Hyderabad,-0.02380725760936013,95,0,NORMAL
8099,64,2026-07-17 08:03:00,4371.05,CREDIT,Local Store,Ludhiana,1.1155500815010742,110,0,NORMAL
8100,68,2026-03-25 08:49:00,1748.32,DEBIT,Uber,Chandigarh,-0.34351785852137023,100,0,NORMAL
8101,43,2026-02-20 21:40:00,780.49,DEBIT,Apple,Delhi,-0.46421678538925526,97,0,NORMAL
8102,13,2026-06-11 06:49:00,1863.17,DEBIT,Swiggy,Bangalore,-0.6257429488847273,101,0,NORMAL
8103,13,2026-04-13 18:11:00,5184.53,CREDIT,Local Store,Bangalore,1.6637584913539802,101,0,NORMAL
8104,61,2026-07-27 10:15:00,3019.14,DEBIT,Swiggy,Hyderabad,-0.05552018199202023,81,0,NORMAL
8105,89,2026-07-26 12:33:00,977.42,CREDIT,Uber,Hyderabad,-0.4454247213037785,103,0,NORMAL
8106,92,2026-04-26 12:57:00,3276.19,DEBIT,Netflix,Ludhiana,-0.028022828382198817,119,0,NORMAL
8107,55,2026-06-13 08:18:00,2613.54,CREDIT,Swiggy,Chandigarh,0.07907444620121544,118,0,NORMAL
8108,49,2026-03-13 10:04:00,1283.79,CREDIT,Flipkart,Bangalore,-0.7828476612585706,95,0,NORMAL
8109,81,2026-02-13 20:52:00,1949.84,DEBIT,Flipkart,Pune,-0.2682113895640356,105,0,NORMAL
8110,26,2026-03-11 14:27:00,999.43,CREDIT,Apple,Ludhiana,-1.0813961766966511,98,0,NORMAL
8111,83,2026-01-25 04:05:00,1763.81,DEBIT,Uber,Hyderabad,-0.21472524840502435,101,0,NORMAL
8112,7,2026-01-16 11:45:00,477.44,CREDIT,Apple,Delhi,-0.4878079239886855,93,0,NORMAL
8113,100,2026-01-12 15:43:00,666.43,DEBIT,Netflix,Chandigarh,-1.421917051914621,87,0,NORMAL
8114,92,2026-06-28 17:44:00,1802.44,CREDIT,Netflix,Mumbai,-0.3359646226116237,119,0,NORMAL
8115,10,2026-04-19 19:54:00,47336.74,DEBIT,Walmart,Mumbai,5.235802998395279,91,90,HIGH
8116,66,2026-05-24 06:42:00,2677.04,DEBIT,Uber,Hyderabad,-0.1118029010963981,95,0,NORMAL
8117,10,2026-04-18 03:52:00,4149.82,CREDIT,Uber,Pune,-0.004898336738288396,91,0,NORMAL
8118,79,2026-02-07 17:24:00,942.05,DEBIT,Myntra,Mumbai,-1.2042731599812384,122,10,NORMAL
8119,64,2026-02-01 15:17:00,3932.38,DEBIT,Myntra,Hyderabad,0.8251952991463757,110,0,NORMAL
8120,44,2026-06-28 12:37:00,4758.56,DEBIT,Local Store,Chandigarh,0.06852083998314666,99,0,NORMAL
8121,31,2026-04-10 22:06:00,1063.95,DEBIT,Local Store,Chandigarh,-0.3366711889488167,104,0,NORMAL
8122,11,2026-04-27 03:20:00,4288.73,DEBIT,Walmart,Ludhiana,0.08728106469462626,118,0,NORMAL
8123,51,2026-06-10 01:32:00,42789.94,DEBIT,Flipkart,Chandigarh,6.068505898029068,108,90,HIGH
8124,69,2026-07-04 18:05:00,4664.55,DEBIT,Swiggy,Mumbai,0.012314301911237197,112,0,NORMAL
8125,99,2026-06-13 07:32:00,4964.68,DEBIT,Myntra,Delhi,0.6349576031600596,103,0,NORMAL
8126,87,2026-03-06 18:49:00,5785.79,DEBIT,Walmart,Ludhiana,1.5826246278824458,85,0,NORMAL
8127,76,2026-02-01 10:52:00,3468.46,CREDIT,Myntra,Chandigarh,0.031540325350183564,74,0,NORMAL
8128,93,2026-06-28 04:56:00,5234.17,DEBIT,Amazon,Delhi,1.5457711861701149,100,0,NORMAL
8129,17,2026-04-11 17:23:00,685.19,CREDIT,Apple,Bangalore,-0.35573103155589936,97,0,NORMAL
8130,24,2026-04-16 15:59:00,2957.6,CREDIT,Netflix,Delhi,0.110183478082284,95,0,NORMAL
8131,90,2026-01-15 13:25:00,5153.48,DEBIT,Swiggy,Hyderabad,0.028477233634597227,93,0,NORMAL
8132,37,2026-07-25 08:36:00,3147.52,CREDIT,Apple,Pune,0.3206274813257925,87,0,NORMAL
8133,77,2026-04-21 16:38:00,916.96,DEBIT,Local Store,Pune,-1.13677951992001,84,0,NORMAL
8134,66,2026-03-12 10:02:00,1853.71,DEBIT,Uber,Delhi,-0.6662565256115185,95,0,NORMAL
8135,27,2026-05-27 14:29:00,4324.29,CREDIT,Shell,Chandigarh,1.1129288821717125,90,0,NORMAL
8136,4,2026-05-14 15:19:00,4062.3,DEBIT,Flipkart,Pune,1.1479587072657556,105,0,NORMAL
8137,63,2026-05-21 17:28:00,3024.61,DEBIT,Flipkart,Mumbai,0.5443559064363209,88,0,NORMAL
8138,1,2026-06-02 09:20:00,2486.92,DEBIT,Apple,Mumbai,-0.17954400473147908,112,0,NORMAL
8139,3,2026-06-17 15:51:00,5061.22,DEBIT,Flipkart,Delhi,0.14140757325737618,94,0,NORMAL
8140,34,2026-05-24 04:08:00,913.5,DEBIT,Apple,Hyderabad,-1.3832501099925278,118,0,NORMAL
8141,31,2026-04-25 18:15:00,2545.31,DEBIT,Flipkart,Pune,-0.1303109970295335,104,0,NORMAL
8142,83,2026-04-15 07:12:00,4424.96,DEBIT,Local Store,Mumbai,0.19980739628015767,101,0,NORMAL
8143,85,2026-06-28 21:09:00,4213.07,DEBIT,Myntra,Chandigarh,0.7841501006948294,89,0,NORMAL
8144,1,2026-07-02 21:17:00,1499.39,DEBIT,Amazon,Chandigarh,-0.2853659253650659,112,0,NORMAL
8145,9,2026-07-12 07:17:00,877.68,CREDIT,Swiggy,Bangalore,-0.6253703028083573,84,0,NORMAL
8146,15,2026-03-29 02:56:00,3902.39,DEBIT,Local Store,Ludhiana,0.18110684390014056,91,0,NORMAL
8147,50,2026-03-23 11:57:00,2305.38,CREDIT,Local Store,Hyderabad,-0.1862516192023285,118,0,NORMAL
8148,26,2026-03-13 07:57:00,1251.21,DEBIT,Shell,Chandigarh,-0.9196338471617147,98,0,NORMAL
8149,55,2026-07-12 17:16:00,3287.56,DEBIT,Uber,Bangalore,0.5947189445649547,118,0,NORMAL
8150,66,2026-07-22 21:39:00,1459.05,DEBIT,Swiggy,Ludhiana,-0.9320316916459609,95,0,NORMAL
8151,14,2026-05-02 02:29:00,4074.22,DEBIT,Amazon,Chandigarh,0.05865806229757484,112,0,NORMAL
8152,82,2026-03-27 18:56:00,3564.15,DEBIT,Myntra,Ludhiana,0.024173244890185786,107,0,NORMAL
8153,63,2026-07-10 08:01:00,1407.96,DEBIT,Amazon,Chandigarh,-0.7624509267791642,88,0,NORMAL
8154,67,2026-05-28 01:06:00,1487.99,CREDIT,Amazon,Pune,-0.3326216993135628,98,0,NORMAL
8155,26,2026-05-08 17:56:00,5341.58,CREDIT,Amazon,Ludhiana,1.708326196764798,98,0,NORMAL
8156,51,2026-02-26 03:57:00,2413.14,CREDIT,Swiggy,Pune,-0.18953187840511465,108,0,NORMAL
8157,81,2026-06-10 07:59:00,1172.62,DEBIT,Myntra,Pune,-0.37502095177605044,105,0,NORMAL
8158,57,2026-05-31 11:33:00,3653.29,DEBIT,Myntra,Pune,0.011286268558951896,107,0,NORMAL
8159,92,2026-01-17 12:46:00,1408.73,CREDIT,Flipkart,Pune,-0.41823078974042227,119,0,NORMAL
8160,74,2026-07-02 13:06:00,2324.57,CREDIT,Local Store,Ludhiana,-0.22139387630352575,119,0,NORMAL
8161,30,2026-06-04 13:02:00,1111.79,DEBIT,Uber,Bangalore,-0.4303346882724184,92,0,NORMAL
8162,18,2026-03-27 16:49:00,2904.23,DEBIT,Netflix,Mumbai,-0.09008295409660415,96,0,NORMAL
8163,36,2026-02-09 13:37:00,4419.94,DEBIT,Shell,Ludhiana,0.12060937372183196,85,0,NORMAL
8164,36,2026-07-15 08:11:00,2907.54,DEBIT,Swiggy,Hyderabad,-0.08412917358576028,85,0,NORMAL
8165,51,2026-05-13 15:33:00,980.34,DEBIT,Myntra,Mumbai,-0.4116028826965616,108,0,NORMAL
8166,34,2026-07-20 12:22:00,3028.98,CREDIT,Flipkart,Chandigarh,0.12173302832595148,118,0,NORMAL
8167,98,2026-01-05 02:15:00,803.97,DEBIT,Myntra,Mumbai,-1.4420780985353585,114,0,NORMAL
8168,71,2026-03-24 12:14:00,5775.68,DEBIT,Shell,Pune,2.140799507237321,99,40,REVIEW
8169,92,2026-07-06 00:50:00,1805.99,DEBIT,Swiggy,Chandigarh,-0.33522284594019747,119,0,NORMAL
8170,88,2026-04-08 11:35:00,4329.38,DEBIT,Flipkart,Pune,0.015358636132694007,104,0,NORMAL
8171,3,2026-07-03 05:12:00,5532.03,DEBIT,Myntra,Pune,0.1990619202327685,94,0,NORMAL
8172,29,2026-05-17 10:14:00,2211.48,DEBIT,Apple,Mumbai,-0.2487688846405914,99,0,NORMAL
8173,37,2026-07-25 19:58:00,3178.09,CREDIT,Swiggy,Delhi,0.341178213825949,87,0,NORMAL
8174,92,2026-06-11 21:13:00,1316.05,DEBIT,Myntra,Mumbai,-0.437596384644024,119,0,NORMAL
8175,20,2026-01-31 19:00:00,1138.46,CREDIT,Flipkart,Mumbai,-0.3165534482025703,98,0,NORMAL
8176,31,2026-06-30 20:54:00,3805.88,DEBIT,Amazon,Mumbai,0.045292142739118885,104,0,NORMAL
8177,59,2026-06-02 17:25:00,3891.46,DEBIT,Local Store,Chandigarh,0.030861965757381316,92,0,NORMAL
8178,98,2026-07-24 23:35:00,2296.69,DEBIT,Netflix,Hyderabad,-0.3411949984606344,114,0,NORMAL
8179,69,2026-07-21 17:42:00,3958.68,DEBIT,Swiggy,Pune,-0.0546336604652057,112,0,NORMAL
8180,77,2026-06-08 07:40:00,3292.89,DEBIT,Shell,Hyderabad,0.45953706783698406,84,0,NORMAL
8181,10,2026-01-03 07:53:00,1276.92,DEBIT,Amazon,Delhi,-0.3535226624763875,91,0,NORMAL
8182,52,2026-01-30 10:43:00,3192.81,CREDIT,Flipkart,Bangalore,0.037580131574237875,116,0,NORMAL
8183,68,2026-02-27 01:55:00,3654.11,CREDIT,Uber,Hyderabad,0.11418362120231566,100,0,NORMAL
8184,34,2026-06-08 18:57:00,2092.94,DEBIT,Flipkart,Mumbai,-0.544179396651656,118,0,NORMAL
8185,28,2026-04-23 13:18:00,1763.83,DEBIT,Apple,Hyderabad,-0.7613407508504625,98,0,NORMAL
8186,11,2026-07-28 04:33:00,1668.98,CREDIT,Local Store,Bangalore,-0.2799368277345567,118,0,NORMAL
8187,84,2026-01-19 20:35:00,614.94,DEBIT,Netflix,Ludhiana,-0.3944573410532989,95,0,NORMAL
8188,11,2026-01-16 03:26:00,2127.71,DEBIT,Myntra,Delhi,-0.21563532423458948,118,0,NORMAL
8189,45,2026-01-24 17:25:00,3350.57,DEBIT,Amazon,Hyderabad,-0.007619827703803316,97,0,NORMAL
8190,56,2026-02-10 18:26:00,3203.57,DEBIT,Walmart,Hyderabad,0.03964824352093718,101,0,NORMAL
8191,18,2026-02-11 04:03:00,2630.8,CREDIT,Walmart,Chandigarh,-0.27436739913490915,96,0,NORMAL
8192,25,2026-03-25 10:47:00,4950.95,DEBIT,Shell,Mumbai,1.4381696608761951,97,0,NORMAL
8193,9,2026-07-09 02:58:00,2055.16,CREDIT,Local Store,Ludhiana,-0.2984190622398396,84,0,NORMAL
8194,97,2026-02-19 03:16:00,3731.55,DEBIT,Shell,Ludhiana,0.534275393705493,96,0,NORMAL
8195,31,2026-02-22 14:43:00,427.13,DEBIT,Walmart,Ludhiana,-0.42538311408385343,104,0,NORMAL
8196,46,2026-01-20 00:01:00,537.26,DEBIT,Shell,Mumbai,-0.4515675716554748,94,0,NORMAL
8197,96,2026-07-18 21:39:00,1274.45,DEBIT,Flipkart,Pune,-0.9790835725672811,96,0,NORMAL
8198,68,2026-07-20 20:08:00,3681.9,DEBIT,Walmart,Ludhiana,0.12085776899484328,100,0,NORMAL
8199,35,2026-06-05 18:46:00,2599.26,DEBIT,Flipkart,Bangalore,-0.16810550415249412,103,0,NORMAL
8200,59,2026-07-01 21:23:00,852.28,CREDIT,Amazon,Pune,-0.4000332492510234,92,0,NORMAL
8201,48,2026-05-26 07:28:00,1154.99,DEBIT,Swiggy,Mumbai,-0.3561735126459915,102,0,NORMAL
8202,29,2026-01-18 05:17:00,674.19,CREDIT,Flipkart,Chandigarh,-1.2398602403435057,99,0,NORMAL
8203,1,2026-07-14 22:01:00,31176.73,DEBIT,Flipkart,Chandigarh,2.8948039105852055,112,60,REVIEW
8204,13,2026-03-22 12:36:00,1122.35,CREDIT,Flipkart,Delhi,-1.136409801305916,101,0,NORMAL
8205,54,2026-05-12 02:25:00,1885.46,CREDIT,Amazon,Bangalore,-0.2983043742874801,89,0,NORMAL
8206,80,2026-05-12 08:30:00,695.66,DEBIT,Flipkart,Pune,-0.44117001544659723,84,0,NORMAL
8207,59,2026-06-23 09:56:00,1154.56,DEBIT,Local Store,Pune,-0.3571759635381862,92,0,NORMAL
8208,32,2026-04-23 06:41:00,3284.42,CREDIT,Myntra,Bangalore,0.11483689095806926,107,0,NORMAL
8209,29,2026-03-11 10:18:00,3462.18,DEBIT,Flipkart,Hyderabad,0.5575578062099539,99,0,NORMAL
8210,20,2026-07-26 06:20:00,577.66,CREDIT,Swiggy,Hyderabad,-0.375821216426848,98,0,NORMAL
8211,3,2026-04-10 00:41:00,4026.63,CREDIT,Myntra,Delhi,0.014713979584193394,94,0,NORMAL
8212,98,2026-04-02 10:42:00,4145.57,DEBIT,Netflix,Mumbai,1.0223566026877093,114,0,NORMAL
8213,11,2026-06-01 15:42:00,1075.12,DEBIT,Uber,Mumbai,-0.36317989199564826,118,0,NORMAL
8214,63,2026-07-21 01:19:00,1757.76,CREDIT,Walmart,Hyderabad,-0.4796927352975345,88,0,NORMAL
8215,29,2026-07-15 14:29:00,4802.91,CREDIT,Netflix,Delhi,1.4219268669152003,99,0,NORMAL
8216,34,2026-06-28 16:24:00,2100.81,DEBIT,Shell,Hyderabad,-0.5385805645669443,118,0,NORMAL
8217,2,2026-03-07 18:44:00,948.24,DEBIT,Shell,Chandigarh,-1.3539356830319103,117,0,NORMAL
8218,34,2026-06-01 18:27:00,4336.25,CREDIT,Flipkart,Chandigarh,1.0517438567098636,118,0,NORMAL
8219,71,2026-05-02 11:35:00,2276.84,DEBIT,Shell,Delhi,-0.2152250590068064,99,0,NORMAL
8220,5,2026-07-22 11:50:00,675.78,DEBIT,Local Store,Pune,-1.174332546826992,87,0,NORMAL
8221,45,2026-06-20 19:13:00,4391.45,DEBIT,Flipkart,Hyderabad,0.14689004477672032,97,0,NORMAL
8222,7,2026-04-09 03:26:00,3845.84,CREDIT,Netflix,Pune,0.09612523328680132,93,0,NORMAL
8223,70,2026-02-08 18:55:00,4867.53,DEBIT,Shell,Pune,1.5987192346629977,90,0,NORMAL
8224,7,2026-04-10 15:58:00,1599.64,DEBIT,Local Store,Pune,-0.29326755197391546,93,0,NORMAL
8225,14,2026-02-11 16:09:00,6181.15,CREDIT,Flipkart,Pune,0.35526131432813823,112,0,NORMAL
8226,97,2026-02-11 13:27:00,2238.52,CREDIT,Apple,Bangalore,-0.5277278096070547,96,0,NORMAL
8227,55,2026-02-10 05:45:00,2980.65,DEBIT,Myntra,Delhi,0.35992405273264233,118,0,NORMAL
8228,5,2026-05-13 07:48:00,394.9,CREDIT,Swiggy,Hyderabad,-1.361387068707305,87,0,NORMAL
8229,19,2026-04-25 05:10:00,3494.94,DEBIT,Flipkart,Mumbai,0.41292133792068575,98,0,NORMAL
8230,100,2026-03-22 00:55:00,5301.7,DEBIT,Myntra,Hyderabad,1.8385702782807896,87,0,NORMAL
8231,64,2026-01-17 14:01:00,1876.78,DEBIT,Uber,Pune,-0.5354021673052124,110,0,NORMAL
8232,30,2026-02-18 08:12:00,2205.18,CREDIT,Netflix,Hyderabad,-0.18832676343648078,92,0,NORMAL
8233,72,2026-04-09 01:51:00,822.4,DEBIT,Shell,Hyderabad,-1.2842035920987322,98,0,NORMAL
8234,40,2026-05-23 18:02:00,3490.66,DEBIT,Walmart,Bangalore,0.04500321197133378,109,0,NORMAL
8235,50,2026-05-03 00:35:00,3708.35,DEBIT,Shell,Delhi,-0.011213738176892439,118,0,NORMAL
8236,85,2026-02-01 13:37:00,2063.34,DEBIT,Flipkart,Delhi,-0.5158836733711789,89,0,NORMAL
8237,81,2026-02-09 18:51:00,1296.67,DEBIT,Myntra,Delhi,-0.35797336397285384,105,0,NORMAL
8238,21,2026-03-10 07:47:00,2284.09,DEBIT,Apple,Bangalore,-0.21208928670634705,122,10,NORMAL
8239,59,2026-03-05 23:23:00,4195.53,DEBIT,Netflix,Hyderabad,0.07397303783195587,92,0,NORMAL
8240,80,2026-06-25 16:54:00,4156.24,DEBIT,Swiggy,Delhi,0.07771273042027198,84,0,NORMAL
8241,79,2026-05-07 01:31:00,4429.64,CREDIT,Shell,Ludhiana,1.1900679188147776,122,10,NORMAL
8242,44,2026-04-10 12:41:00,2673.22,DEBIT,Netflix,Delhi,-0.16953585083178666,99,0,NORMAL
8243,28,2026-04-21 19:59:00,3366.04,DEBIT,Amazon,Ludhiana,0.3316191302598523,98,0,NORMAL
8244,58,2026-06-14 10:20:00,1156.65,DEBIT,Netflix,Ludhiana,-0.3803203668693919,99,0,NORMAL
8245,62,2026-05-29 07:16:00,1085.75,DEBIT,Flipkart,Chandigarh,-1.081515157484488,102,0,NORMAL
8246,63,2026-01-21 05:34:00,2886.57,CREDIT,Swiggy,Delhi,0.4327723136629528,88,0,NORMAL
8247,65,2026-02-01 10:21:00,4490.61,DEBIT,Shell,Delhi,0.12947603092293372,112,0,NORMAL
8248,77,2026-01-29 08:56:00,1548.56,DEBIT,Local Store,Pune,-0.7124262953606512,84,0,NORMAL
8249,17,2026-03-28 06:00:00,1640.87,CREDIT,Apple,Ludhiana,-0.24554584919479247,97,0,NORMAL
8250,33,2026-02-01 17:20:00,578.13,CREDIT,Myntra,Delhi,-0.37567473519180766,91,0,NORMAL
8251,84,2026-04-29 11:36:00,3480.56,DEBIT,Netflix,Mumbai,-0.042172508791177094,95,0,NORMAL
8252,64,2026-03-07 06:00:00,5576.91,DEBIT,Amazon,Delhi,1.9137063672061294,110,0,NORMAL
8253,47,2026-05-19 04:59:00,2703.7,DEBIT,Apple,Delhi,-0.07764331303240884,103,0,NORMAL
8254,45,2026-06-23 00:06:00,5139.63,DEBIT,Swiggy,Ludhiana,0.25795106659717826,97,0,NORMAL
8255,35,2026-06-28 21:53:00,466.97,DEBIT,Shell,Delhi,-1.699410619517017,103,0,NORMAL
8256,2,2026-05-17 07:01:00,2909.08,DEBIT,Myntra,Pune,0.05396972319448685,117,0,NORMAL
8257,14,2026-05-11 12:02:00,3215.2,DEBIT,Walmart,Bangalore,-0.06227055211263081,112,0,NORMAL
8258,75,2026-04-30 00:25:00,5311.63,DEBIT,Shell,Hyderabad,0.25278692171227085,89,0,NORMAL
8259,25,2026-06-20 00:42:00,3394.18,DEBIT,Uber,Ludhiana,0.4251771770808863,97,0,NORMAL
8260,51,2026-07-08 09:38:00,1954.23,DEBIT,Amazon,Ludhiana,-0.26065876602333626,108,0,NORMAL
8261,33,2026-07-16 22:16:00,768.12,DEBIT,Apple,Ludhiana,-0.35571148280838605,91,0,NORMAL
8262,18,2026-03-13 03:13:00,4068.65,DEBIT,Amazon,Hyderabad,0.6947047191342164,96,0,NORMAL
8263,77,2026-05-21 05:38:00,3073.32,DEBIT,Apple,Bangalore,0.31201452585392786,84,0,NORMAL
8264,44,2026-01-03 11:53:00,521.07,DEBIT,Swiggy,Pune,-0.4152193878748389,99,0,NORMAL
8265,1,2026-01-18 07:44:00,1628.19,DEBIT,Shell,Delhi,-0.2715639513717634,112,0,NORMAL
8266,66,2026-01-11 09:15:00,2324.05,DEBIT,Uber,Chandigarh,-0.3495163148157964,95,0,NORMAL
8267,82,2026-06-16 09:08:00,4440.39,CREDIT,Uber,Mumbai,0.17046552894163255,107,0,NORMAL
8268,27,2026-06-05 08:44:00,7264.68,DEBIT,Local Store,Hyderabad,3.200892791753782,90,70,HIGH
8269,42,2026-01-17 07:51:00,819.21,DEBIT,Flipkart,Ludhiana,-0.5123047160190308,104,0,NORMAL
8270,7,2026-03-18 18:23:00,1466.61,DEBIT,Flipkart,Hyderabad,-0.3163291325202752,93,0,NORMAL
8271,19,2026-03-17 00:19:00,1261.07,DEBIT,Amazon,Hyderabad,-1.0692624662837418,98,0,NORMAL
8272,98,2026-07-25 02:29:00,1299.89,DEBIT,Myntra,Mumbai,-1.0763364008364884,114,0,NORMAL
8273,99,2026-06-08 03:21:00,1663.7,DEBIT,Apple,Mumbai,-0.3914384474989759,103,0,NORMAL
8274,54,2026-01-23 13:11:00,858.97,DEBIT,Amazon,Ludhiana,-0.4284314894624301,89,0,NORMAL
8275,72,2026-04-25 10:00:00,2405.65,CREDIT,Walmart,Bangalore,-0.3020288647831284,98,0,NORMAL
8276,84,2026-05-21 19:29:00,3910.82,DEBIT,Apple,Delhi,0.010721479919503528,95,0,NORMAL
8277,9,2026-06-02 21:02:00,4004.4,DEBIT,Apple,Pune,0.24282701936305578,84,0,NORMAL
8278,7,2026-02-26 22:33:00,3379.27,CREDIT,Flipkart,Bangalore,0.01524241260338368,93,0,NORMAL
8279,23,2026-03-08 16:24:00,2731.38,CREDIT,Uber,Mumbai,0.04437291722419595,96,0,NORMAL
8280,67,2026-06-18 09:22:00,1725.84,DEBIT,Local Store,Ludhiana,-0.29821451207497673,98,0,NORMAL
8281,25,2026-07-24 17:23:00,1561.24,DEBIT,Local Store,Mumbai,-0.7675195239396713,97,0,NORMAL
8282,20,2026-01-04 01:07:00,62302.38,DEBIT,Flipkart,Ludhiana,6.147514016576779,98,90,HIGH
8283,23,2026-04-25 13:45:00,2551.74,DEBIT,Walmart,Mumbai,-0.07620018898759888,96,0,NORMAL
8284,66,2026-05-02 06:55:00,3476.21,CREDIT,Swiggy,Mumbai,0.42638069855835614,95,0,NORMAL
8285,69,2026-05-11 14:10:00,56522.28,DEBIT,Myntra,Mumbai,4.930740296737101,112,90,HIGH
8286,95,2026-01-26 23:47:00,522.73,DEBIT,Netflix,Mumbai,-1.3632357061500875,113,0,NORMAL
8287,83,2026-03-18 12:54:00,3554.71,DEBIT,Apple,Mumbai,0.06424681756896902,101,0,NORMAL
8288,10,2026-03-20 02:10:00,1324.59,DEBIT,Flipkart,Bangalore,-0.34773794264348856,91,0,NORMAL
8289,87,2026-07-04 09:41:00,3133.51,DEBIT,Shell,Pune,0.06263066502222328,85,0,NORMAL
8290,81,2026-07-09 10:48:00,2127.33,DEBIT,Netflix,Ludhiana,-0.24381980262982073,105,0,NORMAL
8291,89,2026-03-12 00:16:00,1387.36,DEBIT,Flipkart,Pune,-0.36785120722885223,103,0,NORMAL
8292,32,2026-01-24 07:48:00,6608.92,DEBIT,Flipkart,Delhi,1.1701403099628753,107,0,NORMAL
8293,63,2026-01-08 17:42:00,1987.47,DEBIT,Swiggy,Ludhiana,-0.2940083894849411,88,0,NORMAL
8294,93,2026-02-25 05:00:00,2954.88,DEBIT,Apple,Chandigarh,0.03479023546090874,100,0,NORMAL
8295,14,2026-01-07 06:09:00,3780.87,CREDIT,Shell,Delhi,0.017361690807698216,112,0,NORMAL
8296,86,2026-03-19 16:10:00,4747.94,DEBIT,Amazon,Mumbai,1.2653777141130251,76,0,NORMAL
8297,23,2026-05-13 07:20:00,4340.65,DEBIT,Walmart,Mumbai,1.1245036377399755,96,0,NORMAL
8298,13,2026-07-06 10:08:00,3638.49,DEBIT,Netflix,Mumbai,0.5980321603731015,101,0,NORMAL
8299,25,2026-02-16 01:56:00,1048.43,DEBIT,Uber,Chandigarh,-1.1012057303896108,97,0,NORMAL
8300,30,2026-02-16 11:06:00,3834.43,DEBIT,Walmart,Bangalore,0.17228693482210158,92,0,NORMAL
8301,34,2026-04-08 02:12:00,2130.24,DEBIT,Flipkart,Delhi,-0.517643635945207,118,0,NORMAL
8302,80,2026-06-10 09:56:00,2121.23,DEBIT,Myntra,Ludhiana,-0.22741865699644354,84,0,NORMAL
8303,65,2026-05-09 12:08:00,4404.36,DEBIT,Local Store,Delhi,0.11801675103580658,112,0,NORMAL
8304,27,2026-03-09 19:03:00,480.8,DEBIT,Netflix,Mumbai,-1.6163241784221503,90,0,NORMAL
8305,91,2026-01-15 18:58:00,3896.15,DEBIT,Netflix,Mumbai,-0.029302666982702858,100,0,NORMAL
8306,92,2026-06-09 19:29:00,52593.06,DEBIT,Uber,Bangalore,10.276795107888741,119,90,HIGH
8307,44,2026-07-19 14:11:00,2070.63,DEBIT,Walmart,Bangalore,-0.2383258713167774,99,0,NORMAL
8308,38,2026-07-23 14:14:00,1875.45,DEBIT,Myntra,Chandigarh,-0.5437321540165743,95,0,NORMAL
8309,82,2026-03-20 09:02:00,3923.08,DEBIT,Flipkart,Chandigarh,0.08409825346613045,107,0,NORMAL
8310,37,2026-03-26 17:33:00,586.0,DEBIT,Amazon,Ludhiana,-1.401358528284957,87,0,NORMAL
8311,79,2026-05-16 19:59:00,2777.6,CREDIT,Amazon,Chandigarh,0.055890095213330444,122,10,NORMAL
8312,90,2026-07-27 03:50:00,2831.6,DEBIT,Swiggy,Ludhiana,-0.164323554236846,93,0,NORMAL
8313,74,2026-05-17 19:18:00,68570.45,DEBIT,Walmart,Ludhiana,7.296403396209714,119,90,HIGH
8314,73,2026-06-17 12:37:00,2346.04,CREDIT,Apple,Chandigarh,-0.013989328172708525,111,0,NORMAL
8315,16,2026-01-04 04:42:00,1410.02,DEBIT,Amazon,Mumbai,-0.41756703964204867,95,0,NORMAL
8316,38,2026-06-30 00:28:00,887.95,DEBIT,Flipkart,Ludhiana,-1.2631621246658324,95,0,NORMAL
8317,98,2026-05-02 07:51:00,2543.66,DEBIT,Netflix,Mumbai,-0.15905427600400862,114,0,NORMAL
8318,22,2026-07-03 18:05:00,6923.93,DEBIT,Local Store,Ludhiana,0.5459674155197198,108,0,NORMAL
8319,52,2026-07-14 01:46:00,1767.43,CREDIT,Flipkart,Hyderabad,-0.25682594798245617,116,0,NORMAL
8320,70,2026-01-26 08:09:00,4702.69,DEBIT,Walmart,Chandigarh,1.4713064614875295,90,0,NORMAL
8321,21,2026-01-31 16:00:00,6213.54,DEBIT,Apple,Pune,0.41942308572352643,122,10,NORMAL
8322,79,2026-05-27 13:44:00,1861.48,DEBIT,Flipkart,Pune,-0.5730553224265313,122,10,NORMAL
8323,38,2026-01-25 04:09:00,4648.47,DEBIT,Amazon,Mumbai,1.4765146279680395,95,0,NORMAL
8324,88,2026-02-22 09:24:00,828.0,DEBIT,Myntra,Bangalore,-0.3471744926931575,104,0,NORMAL
8325,74,2026-05-01 09:27:00,1584.67,CREDIT,Shell,Chandigarh,-0.30536012751692265,119,0,NORMAL
8326,79,2026-05-01 18:47:00,2217.33,DEBIT,Shell,Bangalore,-0.32875301828826914,122,10,NORMAL
8327,27,2026-05-02 09:29:00,1751.66,DEBIT,Uber,Pune,-0.7138895305926213,90,0,NORMAL
8328,13,2026-07-19 14:21:00,1382.19,DEBIT,Swiggy,Delhi,-0.9572952054079628,101,0,NORMAL
8329,55,2026-07-06 11:29:00,1152.6,DEBIT,Walmart,Ludhiana,-1.038586266299187,118,0,NORMAL
8330,6,2026-02-12 00:41:00,3552.43,DEBIT,Flipkart,Delhi,0.5292507434786351,117,0,NORMAL
8331,39,2026-05-07 22:37:00,3617.57,DEBIT,Amazon,Pune,0.13720494809750014,101,0,NORMAL
8332,11,2026-06-24 11:18:00,4502.29,DEBIT,Apple,Pune,0.11721638413624338,118,0,NORMAL
8333,21,2026-04-03 17:14:00,3855.7,CREDIT,Walmart,Mumbai,0.04048834111294403,122,10,NORMAL
8334,22,2026-02-19 09:23:00,2032.6,DEBIT,Flipkart,Pune,-0.2654017451258667,108,0,NORMAL
8335,35,2026-05-04 23:57:00,3139.68,DEBIT,Netflix,Ludhiana,0.21999738543817826,103,0,NORMAL
8336,93,2026-02-16 01:18:00,1397.89,CREDIT,Apple,Delhi,-0.997365493053114,100,0,NORMAL
8337,69,2026-05-14 18:29:00,2993.78,DEBIT,Netflix,Ludhiana,-0.14614922125831165,112,0,NORMAL
8338,90,2026-05-26 16:41:00,4070.92,DEBIT,Shell,Pune,-0.06141475945639349,93,0,NORMAL
8339,44,2026-06-07 11:19:00,4558.73,CREDIT,Shell,Hyderabad,0.04570879565198325,99,0,NORMAL
8340,23,2026-07-19 20:35:00,825.6,DEBIT,Walmart,Mumbai,-1.2347732326105512,96,0,NORMAL
8341,20,2026-04-05 12:56:00,2338.91,DEBIT,Uber,Hyderabad,-0.189684702901511,98,0,NORMAL
8342,99,2026-06-27 18:06:00,2823.61,DEBIT,Amazon,Mumbai,-0.030779781551311308,103,0,NORMAL
8343,2,2026-06-08 11:53:00,3824.05,DEBIT,Netflix,Bangalore,0.7109285824257178,117,0,NORMAL
8344,13,2026-01-29 04:24:00,3059.49,DEBIT,Walmart,Chandigarh,0.1989121210222898,101,0,NORMAL
8345,44,2026-05-08 12:50:00,3504.72,DEBIT,Netflix,Mumbai,-0.07461409303084438,99,0,NORMAL
8346,64,2026-05-22 17:32:00,4049.62,DEBIT,Amazon,Bangalore,0.9027962171103686,110,0,NORMAL
8347,83,2026-03-07 13:29:00,1634.13,DEBIT,Flipkart,Mumbai,-0.23492576072592858,101,0,NORMAL
8348,60,2026-01-26 21:12:00,45350.55,DEBIT,Apple,Delhi,9.506534627909202,106,90,HIGH
8349,31,2026-05-20 08:56:00,2387.39,DEBIT,Local Store,Hyderabad,-0.152309971963306,104,0,NORMAL
8350,54,2026-01-25 10:45:00,1767.74,CREDIT,Netflix,Mumbai,-0.31322762146806166,89,0,NORMAL
8351,9,2026-04-16 19:59:00,3681.12,DEBIT,Shell,Hyderabad,0.15306176046185116,84,0,NORMAL
8352,89,2026-06-07 09:59:00,2343.41,DEBIT,Netflix,Delhi,-0.1869365413476664,103,0,NORMAL
8353,48,2026-01-11 16:29:00,2008.44,CREDIT,Netflix,Pune,-0.2554249425209958,102,0,NORMAL
8354,84,2026-02-12 18:43:00,6293.46,DEBIT,Netflix,Delhi,0.30363119325938176,95,0,NORMAL
8355,46,2026-05-19 01:10:00,3754.83,CREDIT,Swiggy,Chandigarh,0.07621573417509366,94,0,NORMAL
8356,12,2026-03-13 06:29:00,1249.42,DEBIT,Flipkart,Delhi,-0.33979072498414126,99,0,NORMAL
8357,96,2026-02-19 09:31:00,4337.65,CREDIT,Netflix,Mumbai,0.9288634781246804,96,0,NORMAL
8358,42,2026-07-06 05:40:00,4101.28,CREDIT,Flipkart,Pune,0.17759995375391052,104,0,NORMAL
8359,24,2026-04-04 01:58:00,2736.51,DEBIT,Local Store,Hyderabad,-0.03076524861476336,95,0,NORMAL
8360,53,2026-04-25 18:59:00,1596.18,DEBIT,Shell,Mumbai,-0.36217467031657363,105,0,NORMAL
8361,83,2026-05-22 02:34:00,1743.82,DEBIT,Apple,Delhi,-0.21783913058650858,101,0,NORMAL
8362,56,2026-01-28 18:41:00,2395.9,DEBIT,Flipkart,Bangalore,-0.17066299295703147,101,0,NORMAL
8363,6,2026-06-14 18:24:00,1176.43,DEBIT,Flipkart,Delhi,-0.9858206053340243,117,0,NORMAL
8364,14,2026-01-08 14:55:00,2936.23,DEBIT,Netflix,Pune,-0.10154257786525012,112,0,NORMAL
8365,35,2026-02-15 15:29:00,3044.04,DEBIT,Swiggy,Ludhiana,0.15131347225870326,103,0,NORMAL
8366,81,2026-05-31 12:26:00,3430.78,CREDIT,Apple,Mumbai,-0.06469301244782498,105,0,NORMAL
8367,60,2026-04-06 05:01:00,4603.38,CREDIT,Flipkart,Bangalore,0.29275585191979486,106,0,NORMAL
8368,26,2026-06-25 03:34:00,1885.1,DEBIT,Local Store,Chandigarh,-0.5123754347822534,98,0,NORMAL
8369,62,2026-05-21 16:25:00,2525.71,CREDIT,Local Store,Ludhiana,-0.05986252213996456,102,0,NORMAL
8370,53,2026-02-02 09:39:00,4521.56,DEBIT,Netflix,Mumbai,0.27208019921122745,105,0,NORMAL
8371,29,2026-07-20 07:16:00,832.87,CREDIT,Uber,Hyderabad,-1.1375591934864142,99,0,NORMAL
8372,13,2026-06-01 20:05:00,3335.84,DEBIT,Myntra,Delhi,0.3894074973169305,101,0,NORMAL
8373,78,2026-02-04 05:34:00,4408.03,DEBIT,Shell,Bangalore,0.33122919130184564,102,0,NORMAL
8374,16,2026-06-03 19:35:00,2285.51,DEBIT,Walmart,Chandigarh,-0.1655490794078199,95,0,NORMAL
8375,95,2026-02-24 16:45:00,723.11,CREDIT,Swiggy,Delhi,-1.2356773706556439,113,0,NORMAL
8376,54,2026-02-27 09:55:00,3375.5,DEBIT,Shell,Chandigarh,-0.10941348719137345,89,0,NORMAL
8377,73,2026-01-04 22:08:00,1573.56,DEBIT,Local Store,Chandigarh,-0.5362140537557801,111,0,NORMAL
8378,49,2026-03-03 19:03:00,913.65,CREDIT,Local Store,Mumbai,-1.0664366839492252,95,0,NORMAL
8379,21,2026-07-19 05:10:00,4787.72,DEBIT,Shell,Bangalore,0.19027575699865093,122,10,NORMAL
8380,6,2026-01-20 23:15:00,2214.8,DEBIT,Netflix,Bangalore,-0.3236974418379799,117,0,NORMAL
8381,95,2026-01-26 22:04:00,2037.22,DEBIT,Walmart,Mumbai,-0.3991383734672854,113,0,NORMAL
8382,7,2026-02-20 14:22:00,1175.89,DEBIT,Netflix,Hyderabad,-0.36672725848011645,93,0,NORMAL
8383,68,2026-02-05 10:47:00,4457.91,CREDIT,Uber,Ludhiana,0.3072271618872277,100,0,NORMAL
8384,81,2026-06-19 04:35:00,1086.49,CREDIT,Uber,Mumbai,-0.386857378519213,105,0,NORMAL
8385,26,2026-03-23 01:00:00,753.5,DEBIT,Netflix,Ludhiana,-1.2394000280848745,98,0,NORMAL
8386,70,2026-02-08 10:25:00,4035.96,DEBIT,Walmart,Mumbai,0.9559587409143687,90,0,NORMAL
8387,81,2026-03-30 17:00:00,3098.65,DEBIT,Shell,Hyderabad,-0.11033602201715734,105,0,NORMAL
8388,85,2026-07-20 17:17:00,2045.98,DEBIT,Myntra,Chandigarh,-0.5263820086587666,89,0,NORMAL
8389,57,2026-07-20 17:51:00,5127.07,DEBIT,Apple,Mumbai,0.23190062162963537,107,0,NORMAL
8390,17,2026-05-29 14:02:00,2633.26,DEBIT,Flipkart,Delhi,-0.13112818520335295,97,0,NORMAL
8391,39,2026-04-09 13:52:00,1619.21,DEBIT,Netflix,Delhi,-0.3393084750360717,101,0,NORMAL
8392,52,2026-07-12 04:18:00,1555.14,DEBIT,Walmart,Bangalore,-0.30067353012131776,116,0,NORMAL
8393,87,2026-02-14 21:56:00,4246.74,CREDIT,Local Store,Ludhiana,0.7006111494638678,85,0,NORMAL
8394,90,2026-07-07 02:48:00,1746.0,DEBIT,Walmart,Delhi,-0.2544679782868567,93,0,NORMAL
8395,27,2026-03-21 12:51:00,653.97,CREDIT,Local Store,Delhi,-1.4933565754095135,90,0,NORMAL
8396,38,2026-07-20 03:27:00,4569.67,DEBIT,Walmart,Hyderabad,1.4191059376519264,95,0,NORMAL
8397,10,2026-03-13 00:06:00,2834.24,DEBIT,Amazon,Pune,-0.16454301300774726,91,0,NORMAL
8398,44,2026-04-12 18:52:00,3746.04,CREDIT,Local Store,Bangalore,-0.04706566417633636,99,0,NORMAL
8399,7,2026-02-05 06:00:00,3968.4,DEBIT,Local Store,Mumbai,0.11737177400514938,93,0,NORMAL
8400,74,2026-01-03 04:11:00,4441.34,DEBIT,Uber,Pune,0.018824047173947134,119,0,NORMAL
8401,67,2026-05-30 01:01:00,2093.66,CREDIT,Walmart,Pune,-0.2450059705147636,98,0,NORMAL
8402,49,2026-05-29 17:16:00,2978.22,CREDIT,Uber,Bangalore,0.5153685480614867,95,0,NORMAL
8403,8,2026-06-05 18:33:00,2211.36,CREDIT,Netflix,Mumbai,-0.21505634123066553,91,0,NORMAL
8404,31,2026-01-06 01:52:00,2674.69,DEBIT,Flipkart,Chandigarh,-0.11228777402464821,104,0,NORMAL
8405,92,2026-02-27 19:03:00,4068.71,DEBIT,Uber,Chandigarh,0.13757515686815153,119,0,NORMAL
8406,94,2026-04-29 19:16:00,2178.58,DEBIT,Uber,Bangalore,-0.25689928472323525,103,0,NORMAL
8407,69,2026-06-29 12:29:00,1063.93,DEBIT,Shell,Delhi,-0.3291850850748476,112,0,NORMAL
8408,16,2026-04-12 05:32:00,3207.91,CREDIT,Swiggy,Chandigarh,0.09997236175090544,95,0,NORMAL
8409,65,2026-01-22 08:55:00,935.4,DEBIT,Walmart,Hyderabad,-0.34287349310620546,112,0,NORMAL
8410,8,2026-02-06 18:33:00,4770.0,CREDIT,Flipkart,Ludhiana,0.07899930481940853,91,0,NORMAL
8411,99,2026-02-05 20:12:00,5719.5,DEBIT,Shell,Bangalore,0.8696588939762575,103,0,NORMAL
8412,68,2026-01-20 08:41:00,528.6,DEBIT,Walmart,Bangalore,-0.636450263901068,100,0,NORMAL
8413,50,2026-05-04 00:09:00,810.54,DEBIT,Local Store,Chandigarh,-0.3727514203898542,118,0,NORMAL
8414,66,2026-02-05 10:52:00,1709.46,DEBIT,Apple,Delhi,-0.763398540764988,95,0,NORMAL
8415,69,2026-01-30 16:51:00,1131.16,DEBIT,Swiggy,Chandigarh,-0.32280868218115866,112,0,NORMAL
8416,49,2026-02-04 14:49:00,2606.42,DEBIT,Swiggy,Ludhiana,0.23050768828846743,95,0,NORMAL
8417,75,2026-06-20 14:06:00,854.07,DEBIT,Shell,Hyderabad,-0.48323420736686135,89,0,NORMAL
8418,88,2026-07-18 12:44:00,3799.31,CREDIT,Walmart,Hyderabad,-0.03952484854955103,104,0,NORMAL
8419,79,2026-06-11 12:27:00,1635.88,DEBIT,Amazon,Bangalore,-0.7279368731180923,122,10,NORMAL
8420,12,2026-04-04 00:43:00,528.37,CREDIT,Myntra,Mumbai,-0.42770018329788995,99,0,NORMAL
8421,1,2026-02-04 08:34:00,4209.08,DEBIT,Netflix,Delhi,0.0049995320100253435,112,0,NORMAL
8422,91,2026-07-06 02:42:00,807.81,DEBIT,Uber,Bangalore,-0.4001386920831418,100,0,NORMAL
8423,81,2026-01-08 14:42:00,6025.35,DEBIT,Apple,Hyderabad,0.29186611602085477,105,0,NORMAL
8424,38,2026-07-13 21:16:00,2316.23,DEBIT,Local Store,Bangalore,-0.22260775658591095,95,0,NORMAL
8425,19,2026-01-06 17:11:00,3417.3,DEBIT,Amazon,Delhi,0.3614068135488864,98,0,NORMAL
8426,76,2026-03-09 15:13:00,42300.5,DEBIT,Myntra,Delhi,8.046893273024544,74,90,HIGH
8427,47,2026-02-01 13:09:00,522.89,DEBIT,Netflix,Pune,-0.5568758183921104,103,0,NORMAL
8428,6,2026-05-22 14:34:00,1972.92,DEBIT,Swiggy,Delhi,-0.4779337456472418,117,0,NORMAL
8429,62,2026-05-27 08:10:00,500.75,DEBIT,Shell,Pune,-1.4965730699796587,102,0,NORMAL
8430,35,2026-07-16 01:12:00,3853.97,DEBIT,Uber,Hyderabad,0.7329651012994002,103,0,NORMAL
8431,83,2026-04-23 16:38:00,6229.22,DEBIT,Shell,Hyderabad,0.4808605761083096,101,0,NORMAL
8432,10,2026-05-24 03:47:00,2446.29,DEBIT,Local Store,Mumbai,-0.21162046337848606,91,0,NORMAL
8433,29,2026-06-10 04:11:00,3991.95,DEBIT,Uber,Hyderabad,0.8991006950017452,99,0,NORMAL
8434,40,2026-01-31 04:45:00,3270.39,DEBIT,Netflix,Hyderabad,0.007551820982431249,109,0,NORMAL
8435,74,2026-01-28 01:56:00,2849.68,DEBIT,Swiggy,Delhi,-0.16180269077214743,119,0,NORMAL
8436,85,2026-04-18 05:46:00,7825.28,DEBIT,Walmart,Chandigarh,2.9686081484584914,89,40,REVIEW
8437,95,2026-01-23 18:26:00,3879.69,DEBIT,Myntra,Delhi,0.7737451797737939,113,0,NORMAL
8438,90,2026-07-11 21:14:00,3817.45,DEBIT,Swiggy,Mumbai,-0.08246202102967667,93,0,NORMAL
8439,57,2026-03-20 10:43:00,945.12,CREDIT,Flipkart,Ludhiana,-0.39410746222544807,107,0,NORMAL
8440,33,2026-01-19 13:39:00,2185.29,CREDIT,Apple,Chandigarh,-0.2068019487265204,91,0,NORMAL
8441,6,2026-02-27 20:47:00,5392.15,DEBIT,Swiggy,Bangalore,1.7023597762385787,117,0,NORMAL
8442,50,2026-04-12 07:29:00,4016.98,DEBIT,Walmart,Pune,0.027291676208932178,118,0,NORMAL
8443,55,2026-02-10 19:46:00,1511.35,DEBIT,Walmart,Hyderabad,-0.7641322978887667,118,0,NORMAL
8444,16,2026-01-07 12:50:00,1331.38,CREDIT,Walmart,Ludhiana,-0.4402042969411837,95,0,NORMAL
8445,89,2026-03-11 19:39:00,3029.27,CREDIT,Flipkart,Ludhiana,-0.05715030345083033,103,0,NORMAL
8446,55,2026-03-09 15:13:00,1819.21,DEBIT,Swiggy,Mumbai,-0.5286106289972489,118,0,NORMAL
8447,47,2026-05-08 05:26:00,3288.88,DEBIT,Amazon,Pune,0.0509498599108509,103,0,NORMAL
8448,92,2026-03-28 12:34:00,5521.29,CREDIT,Netflix,Bangalore,0.44109345472177525,119,0,NORMAL
8449,78,2026-07-07 18:26:00,3303.71,DEBIT,Swiggy,Delhi,0.007586931376356293,102,0,NORMAL
8450,65,2026-07-08 01:31:00,2400.77,CREDIT,Netflix,Hyderabad,-0.1481826528951969,112,0,NORMAL
8451,2,2026-06-30 13:58:00,4923.16,DEBIT,Shell,Bangalore,1.5001020545282324,117,0,NORMAL
8452,28,2026-01-02 05:14:00,1735.39,CREDIT,Walmart,Pune,-0.7807413157069902,98,0,NORMAL
8453,31,2026-07-25 17:55:00,1069.79,DEBIT,Amazon,Bangalore,-0.3358576503621068,104,0,NORMAL
8454,1,2026-06-03 01:14:00,598.86,DEBIT,Flipkart,Ludhiana,-0.3818650840621829,112,0,NORMAL
8455,40,2026-01-06 18:54:00,5612.42,DEBIT,Walmart,Bangalore,0.4057553041519024,109,0,NORMAL
8456,6,2026-01-01 03:32:00,3657.61,DEBIT,Uber,Hyderabad,0.5963194322278422,117,0,NORMAL
8457,46,2026-01-17 21:49:00,1584.49,CREDIT,Local Store,Bangalore,-0.2797887101652986,94,0,NORMAL
8458,79,2026-06-17 19:51:00,773.8,DEBIT,Local Store,Ludhiana,-1.3197821178883977,122,10,NORMAL
8459,1,2026-02-10 13:35:00,1926.29,DEBIT,Shell,Hyderabad,-0.23962009696645703,112,0,NORMAL
8460,25,2026-04-08 02:39:00,5219.7,DEBIT,Shell,Hyderabad,1.6130456734021235,97,0,NORMAL
8461,70,2026-01-29 22:53:00,1644.14,CREDIT,Swiggy,Pune,-0.8927941050972072,90,0,NORMAL
8462,25,2026-06-22 22:44:00,2804.73,DEBIT,Walmart,Chandigarh,0.04162121211936685,97,0,NORMAL
8463,91,2026-07-27 17:29:00,2820.31,CREDIT,Apple,Pune,-0.15848540892305146,100,0,NORMAL
8464,24,2026-05-11 04:01:00,4450.69,DEBIT,Apple,Pune,1.0620543647985294,95,0,NORMAL
8465,70,2026-04-07 09:42:00,2333.31,DEBIT,Walmart,Pune,-0.36010142802042155,90,0,NORMAL
8466,18,2026-06-11 21:27:00,1782.07,CREDIT,Myntra,Delhi,-0.8463885271653402,96,0,NORMAL
8467,47,2026-05-04 01:12:00,226.71,DEBIT,Amazon,Bangalore,-0.6219613065535899,103,0,NORMAL
8468,56,2026-07-14 12:33:00,1060.54,DEBIT,Walmart,Ludhiana,-0.5183807647490012,101,0,NORMAL
8469,96,2026-07-14 00:12:00,6443.63,CREDIT,Swiggy,Chandigarh,2.240595761297917,96,40,REVIEW
8470,67,2026-01-10 02:17:00,3020.5,DEBIT,Walmart,Mumbai,-0.11093005115293457,98,0,NORMAL
8471,74,2026-04-12 08:31:00,735.61,DEBIT,Walmart,Bangalore,-0.40171420949455044,119,0,NORMAL
8472,22,2026-07-15 20:46:00,513.75,DEBIT,Apple,Mumbai,-0.5173471361844436,108,0,NORMAL
8473,71,2026-01-28 08:45:00,4904.23,CREDIT,Apple,Delhi,1.553988561822999,99,0,NORMAL
8474,38,2026-07-14 00:58:00,1548.08,DEBIT,Swiggy,Pune,-0.7822332066661416,95,0,NORMAL
8475,94,2026-03-20 12:29:00,1149.04,CREDIT,Swiggy,Pune,-0.4297858685185891,103,0,NORMAL
8476,21,2026-01-18 06:23:00,3226.6,DEBIT,Shell,Pune,-0.06061599498896167,122,10,NORMAL
8477,74,2026-07-02 01:09:00,469.75,DEBIT,Apple,Hyderabad,-0.4318848643770936,119,0,NORMAL
8478,32,2026-01-23 21:06:00,6805.79,DEBIT,Amazon,Hyderabad,1.2326331913283366,107,0,NORMAL
8479,77,2026-06-27 09:00:00,2413.96,DEBIT,Myntra,Hyderabad,-0.13098981573166257,84,0,NORMAL
8480,92,2026-06-21 22:36:00,3270.07,DEBIT,Local Store,Delhi,-0.029301609573502668,119,0,NORMAL
8481,74,2026-07-02 09:27:00,2846.9,DEBIT,Apple,Chandigarh,-0.1621181741866267,119,0,NORMAL
8482,58,2026-05-16 12:33:00,1489.62,DEBIT,Walmart,Delhi,-0.32281199933168575,99,0,NORMAL
8483,97,2026-03-01 08:13:00,643.71,DEBIT,Flipkart,Chandigarh,-1.6621278743578527,96,0,NORMAL
8484,89,2026-01-13 06:13:00,1770.77,DEBIT,Uber,Ludhiana,-0.295298001804967,103,0,NORMAL
8485,4,2026-05-06 00:56:00,2111.06,CREDIT,Flipkart,Delhi,-0.414088590741006,105,0,NORMAL
8486,4,2026-04-19 10:21:00,2076.52,CREDIT,Apple,Delhi,-0.4417392711663527,105,0,NORMAL
8487,45,2026-01-16 00:33:00,2988.67,DEBIT,Flipkart,Pune,-0.06134083574575007,97,0,NORMAL
8488,58,2026-06-07 22:38:00,2914.35,DEBIT,Uber,Hyderabad,-0.07674209368854631,99,0,NORMAL
8489,24,2026-07-24 09:15:00,696.93,DEBIT,Netflix,Ludhiana,-1.331033030951207,95,0,NORMAL
8490,90,2026-01-11 15:29:00,684.41,DEBIT,Walmart,Pune,-0.34261869597960803,93,0,NORMAL
8491,30,2026-06-16 04:02:00,3052.11,DEBIT,Uber,Delhi,-0.0008696147692159164,92,0,NORMAL
8492,86,2026-04-12 15:59:00,2651.02,DEBIT,Shell,Ludhiana,-0.103526678533699,76,0,NORMAL
8493,25,2026-06-25 08:31:00,5209.42,CREDIT,Flipkart,Chandigarh,1.6063564625788063,97,0,NORMAL
8494,63,2026-05-17 20:35:00,3379.62,CREDIT,Swiggy,Hyderabad,0.8313255621192635,88,0,NORMAL
8495,70,2026-04-17 20:58:00,2155.55,CREDIT,Shell,Bangalore,-0.4975006913040371,90,0,NORMAL
8496,20,2026-07-05 01:31:00,1963.84,CREDIT,Shell,Pune,-0.2293237218527945,98,0,NORMAL
8497,5,2026-04-15 01:08:00,3301.97,DEBIT,Swiggy,Hyderabad,0.5746019263176231,87,0,NORMAL
8498,45,2026-06-09 19:56:00,3178.98,DEBIT,Shell,Bangalore,-0.03309091852977085,97,0,NORMAL
8499,51,2026-04-11 20:47:00,2982.94,DEBIT,Uber,Chandigarh,-0.10121804657564333,108,0,NORMAL
8500,73,2026-02-16 09:35:00,2099.85,DEBIT,Local Store,Pune,-0.1804227700628499,111,0,NORMAL
8501,72,2026-07-09 19:48:00,5713.57,DEBIT,Myntra,Mumbai,1.7500509861449198,98,0,NORMAL
8502,42,2026-06-24 23:02:00,1108.46,DEBIT,Shell,Chandigarh,-0.4515031713439253,104,0,NORMAL
8503,31,2026-06-24 04:42:00,1435.37,DEBIT,Myntra,Chandigarh,-0.2849306920522756,104,0,NORMAL
8504,39,2026-03-13 15:59:00,2143.91,DEBIT,Local Store,Chandigarh,-0.21419258344587522,101,0,NORMAL
8505,85,2026-07-10 17:40:00,6868.33,DEBIT,Shell,Chandigarh,2.3898995105865413,89,40,REVIEW
8506,100,2026-03-07 04:36:00,3753.27,CREDIT,Myntra,Chandigarh,0.7493917845372796,87,0,NORMAL
8507,73,2026-07-04 01:16:00,7154.76,DEBIT,Shell,Pune,3.2368812217519864,111,70,HIGH
8508,49,2026-04-13 22:29:00,2224.75,DEBIT,Uber,Delhi,-0.061915238956202726,95,0,NORMAL
8509,43,2026-07-17 11:03:00,48974.6,DEBIT,Netflix,Bangalore,9.228079991004087,97,90,HIGH
8510,23,2026-03-18 04:23:00,1250.21,DEBIT,Apple,Hyderabad,-0.9497779830637345,96,0,NORMAL
8511,53,2026-02-11 05:54:00,1490.84,DEBIT,Flipkart,Mumbai,-0.38501355208785076,105,0,NORMAL
8512,11,2026-01-27 02:55:00,1042.35,DEBIT,Netflix,Pune,-0.36777335714877524,118,0,NORMAL
8513,67,2026-01-18 01:47:00,779.43,DEBIT,Shell,Pune,-0.4351214116943594,98,0,NORMAL
8514,94,2026-04-25 15:52:00,1855.74,DEBIT,Walmart,Pune,-0.3111125301653667,103,0,NORMAL
8515,33,2026-06-29 21:54:00,2293.42,CREDIT,Amazon,Hyderabad,-0.19544015873641893,91,0,NORMAL
8516,99,2026-06-01 00:25:00,3990.1,DEBIT,Myntra,Delhi,0.3319248483262578,103,0,NORMAL
8517,14,2026-03-02 01:26:00,5426.29,DEBIT,Uber,Chandigarh,0.24899583287987417,112,0,NORMAL
8518,40,2026-05-21 11:32:00,674.08,DEBIT,Flipkart,Bangalore,-0.43388560099240664,109,0,NORMAL
8519,20,2026-07-24 08:08:00,4716.76,DEBIT,Myntra,Hyderabad,0.061616764060148405,98,0,NORMAL
8520,26,2026-07-17 16:47:00,4015.38,DEBIT,Netflix,Mumbai,0.8562759885304964,98,0,NORMAL
8521,1,2026-02-15 06:29:00,5635.51,DEBIT,Walmart,Mumbai,0.15785317924035483,112,0,NORMAL
8522,84,2026-02-22 02:39:00,1212.51,DEBIT,Walmart,Pune,-0.32099510697659783,95,0,NORMAL
8523,36,2026-04-03 11:37:00,4414.64,CREDIT,Myntra,Pune,0.11989189534261344,85,0,NORMAL
8524,41,2026-06-12 14:52:00,4698.65,DEBIT,Myntra,Mumbai,0.28819797763161076,100,0,NORMAL
8525,38,2026-01-25 20:44:00,3829.65,DEBIT,Netflix,Mumbai,0.8799742243558616,95,0,NORMAL
8526,85,2026-03-29 18:16:00,4830.47,DEBIT,Swiggy,Chandigarh,1.1575183153582311,89,0,NORMAL
8527,75,2026-07-06 18:21:00,5602.87,DEBIT,Amazon,Ludhiana,0.3008757401764096,89,0,NORMAL
8528,35,2026-07-01 01:02:00,2217.71,DEBIT,Netflix,Mumbai,-0.44211582487215884,103,0,NORMAL
8529,74,2026-05-02 22:25:00,3888.66,DEBIT,Swiggy,Mumbai,-0.043895871356422145,119,0,NORMAL
8530,61,2026-06-19 18:03:00,1043.63,DEBIT,Amazon,Pune,-0.5834302183635149,81,0,NORMAL
8531,19,2026-05-07 14:11:00,1422.32,DEBIT,Local Store,Ludhiana,-0.9622722929845059,98,0,NORMAL
8532,79,2026-05-19 05:00:00,5515.36,DEBIT,Swiggy,Hyderabad,1.935449112151841,122,10,NORMAL
8533,4,2026-06-01 16:56:00,2579.85,DEBIT,Uber,Hyderabad,-0.03880305291245107,105,0,NORMAL
8534,55,2026-05-01 17:33:00,1870.82,DEBIT,Shell,Ludhiana,-0.48912750897031715,118,0,NORMAL
8535,73,2026-04-20 10:04:00,851.58,DEBIT,Swiggy,Mumbai,-1.0242989328160355,111,0,NORMAL
8536,11,2026-04-12 23:59:00,1141.96,DEBIT,Uber,Pune,-0.35381073695033227,118,0,NORMAL
8537,6,2026-07-26 11:34:00,3415.98,DEBIT,Amazon,Ludhiana,0.44224254249147726,117,0,NORMAL
8538,67,2026-02-20 09:15:00,1086.91,DEBIT,Amazon,Mumbai,-0.39064160537894876,98,0,NORMAL
8539,97,2026-07-04 21:18:00,488.38,DEBIT,Flipkart,Delhi,-1.772615244049378,96,0,NORMAL
8540,27,2026-04-29 05:19:00,855.37,DEBIT,Apple,Hyderabad,-1.3503429168846823,90,0,NORMAL
8541,14,2026-01-03 20:36:00,3446.39,DEBIT,Amazon,Hyderabad,-0.0297247599710096,112,0,NORMAL
8542,69,2026-06-23 08:16:00,3794.79,DEBIT,Flipkart,Delhi,-0.07017774302130698,112,0,NORMAL
8543,79,2026-06-06 21:21:00,853.41,CREDIT,Amazon,Chandigarh,-1.2651273295437384,122,10,NORMAL
8544,31,2026-07-05 11:52:00,1871.02,CREDIT,Apple,Mumbai,-0.22424266374745047,104,0,NORMAL
8545,21,2026-04-10 02:12:00,3614.77,DEBIT,Netflix,Delhi,0.0017678392896534143,122,10,NORMAL
8546,100,2026-03-18 01:03:00,666.77,CREDIT,Uber,Mumbai,-1.421677893097062,87,0,NORMAL
8547,30,2026-06-12 14:22:00,2596.62,DEBIT,Swiggy,Chandigarh,-0.10168651421362394,92,0,NORMAL
8548,31,2026-05-05 19:54:00,598.14,DEBIT,Shell,Mumbai,-0.4015606425576096,104,0,NORMAL
8549,10,2026-06-02 18:13:00,3793.84,DEBIT,Shell,Mumbai,-0.048096250858601794,91,0,NORMAL
8550,18,2026-02-19 14:03:00,1492.66,DEBIT,Walmart,Mumbai,-1.0414430611906331,96,0,NORMAL
8551,46,2026-03-13 03:51:00,3848.63,DEBIT,Local Store,Mumbai,0.0916019026459917,94,0,NORMAL
8552,89,2026-02-13 12:05:00,1741.52,DEBIT,Apple,Delhi,-0.3008330198239249,103,0,NORMAL
8553,17,2026-06-14 00:48:00,4804.43,DEBIT,Amazon,Chandigarh,0.11919698889986624,97,0,NORMAL
8554,64,2026-03-09 21:18:00,3059.77,DEBIT,Apple,Bangalore,0.24761651183351308,110,0,NORMAL
8555,92,2026-06-09 12:15:00,3572.49,DEBIT,Walmart,Delhi,0.03388940478501306,119,0,NORMAL
8556,30,2026-06-01 04:12:00,6178.22,DEBIT,Shell,Hyderabad,0.6910549445452766,92,0,NORMAL
8557,63,2026-04-18 15:38:00,1360.72,DEBIT,Flipkart,Ludhiana,-0.8006370244509543,88,0,NORMAL
8558,93,2026-07-28 05:15:00,3628.34,CREDIT,Apple,Chandigarh,0.48123857291012406,100,0,NORMAL
8559,68,2026-01-06 07:15:00,1089.78,CREDIT,Netflix,Hyderabad,-0.5016752276214473,100,0,NORMAL
8560,45,2026-06-23 09:22:00,2896.5,DEBIT,Uber,Chandigarh,-0.07502269623546058,97,0,NORMAL
8561,25,2026-03-10 04:46:00,3223.95,DEBIT,Myntra,Pune,0.314408270616556,97,0,NORMAL
8562,10,2026-03-09 02:04:00,2366.86,DEBIT,Walmart,Pune,-0.2212592361145288,91,0,NORMAL
8563,1,2026-07-07 23:26:00,951.57,DEBIT,Shell,Delhi,-0.34406932127353607,112,0,NORMAL
8564,63,2026-04-22 23:32:00,1488.18,CREDIT,Local Store,Chandigarh,-0.6976056948733427,88,0,NORMAL
8565,6,2026-01-01 23:04:00,1866.79,DEBIT,Walmart,Ludhiana,-0.5456082078734572,117,0,NORMAL
8566,52,2026-03-22 07:53:00,2950.15,CREDIT,Netflix,Bangalore,-0.012540242827835491,116,0,NORMAL
8567,53,2026-01-29 03:31:00,705.4,DEBIT,Walmart,Ludhiana,-0.5553056661796665,105,0,NORMAL
8568,61,2026-01-02 12:02:00,411.48,DEBIT,Amazon,Ludhiana,-0.7523579026031495,81,0,NORMAL
8569,18,2026-03-02 17:36:00,1611.21,DEBIT,Amazon,Ludhiana,-0.9615435587245867,96,0,NORMAL
8570,76,2026-05-20 14:54:00,1530.33,DEBIT,Amazon,Ludhiana,-0.36851066369072466,74,0,NORMAL
8571,74,2026-02-12 10:18:00,2695.42,CREDIT,Amazon,Hyderabad,-0.17930861577847068,119,0,NORMAL
8572,12,2026-03-08 00:40:00,2211.25,CREDIT,Apple,Hyderabad,-0.22252568887026172,99,0,NORMAL
8573,60,2026-02-14 08:05:00,5367.93,DEBIT,Myntra,Mumbai,0.4656364363427794,106,0,NORMAL
8574,73,2026-04-29 00:51:00,552.7,DEBIT,Amazon,Pune,-1.226352741305923,111,0,NORMAL
8575,52,2026-06-06 09:58:00,2245.66,DEBIT,Amazon,Mumbai,-0.15804960804054752,116,0,NORMAL
8576,60,2026-06-04 15:14:00,3742.45,DEBIT,Amazon,Mumbai,0.09808175402262646,106,0,NORMAL
8577,45,2026-05-24 10:07:00,590.51,DEBIT,Netflix,Mumbai,-0.4173274968285768,97,0,NORMAL
8578,95,2026-01-23 03:16:00,1299.8,CREDIT,Flipkart,Mumbai,-0.868566798261739,113,0,NORMAL
8579,36,2026-04-04 15:07:00,3148.53,DEBIT,Flipkart,Chandigarh,-0.05150556705596874,85,0,NORMAL
8580,39,2026-06-19 23:02:00,1089.81,DEBIT,Swiggy,Hyderabad,-0.4655450921655744,101,0,NORMAL
8581,82,2026-02-13 17:30:00,4594.36,DEBIT,Apple,Mumbai,0.19617152612893415,107,0,NORMAL
8582,92,2026-01-02 20:06:00,2244.95,DEBIT,Amazon,Hyderabad,-0.24350163814040218,119,0,NORMAL
8583,90,2026-06-12 20:58:00,1034.1,DEBIT,Shell,Bangalore,-0.3135816624073455,93,0,NORMAL
8584,63,2026-06-22 20:00:00,1360.37,DEBIT,Netflix,Ludhiana,-0.8009199443109274,88,0,NORMAL
8585,23,2026-07-17 09:42:00,1484.5,DEBIT,Netflix,Mumbai,-0.7925241807125802,96,0,NORMAL
8586,62,2026-03-01 20:50:00,2910.59,CREDIT,Uber,Hyderabad,0.21321010924660191,102,0,NORMAL
8587,27,2026-02-13 04:24:00,3710.22,DEBIT,Myntra,Chandigarh,0.6768792431928485,90,0,NORMAL
8588,52,2026-06-03 11:28:00,2322.56,DEBIT,Swiggy,Delhi,-0.14216624534575048,116,0,NORMAL
8589,6,2026-02-01 09:58:00,3811.87,DEBIT,Walmart,Ludhiana,0.6946842917681791,117,0,NORMAL
8590,49,2026-07-01 21:22:00,1250.86,DEBIT,Local Store,Hyderabad,-0.8080775378382521,95,0,NORMAL
8591,31,2026-02-01 00:51:00,2908.55,DEBIT,Apple,Delhi,-0.07971001137259631,104,0,NORMAL
8592,17,2026-05-22 14:21:00,2002.15,DEBIT,Netflix,Delhi,-0.20389205013713643,97,0,NORMAL
8593,41,2026-01-07 20:50:00,4214.45,DEBIT,Shell,Chandigarh,0.18944963447520963,100,0,NORMAL
8594,48,2026-04-30 14:25:00,3263.45,DEBIT,Walmart,Pune,-0.10727278013002874,102,0,NORMAL
8595,28,2026-02-19 10:44:00,1152.71,DEBIT,Netflix,Chandigarh,-1.1782209616493813,98,0,NORMAL
8596,7,2026-04-10 23:37:00,3225.79,DEBIT,Apple,Chandigarh,-0.011364303041623364,93,0,NORMAL
8597,69,2026-06-14 12:51:00,74595.36,DEBIT,Myntra,Pune,6.644874457229036,112,90,HIGH
8598,65,2026-04-19 14:53:00,2380.77,CREDIT,Walmart,Ludhiana,-0.15083987721684958,112,0,NORMAL
8599,40,2026-02-08 20:11:00,62418.94,DEBIT,Apple,Delhi,10.064279802444506,109,90,HIGH
8600,9,2026-06-13 09:39:00,4202.1,CREDIT,Netflix,Mumbai,0.29772244031321715,84,0,NORMAL
8601,63,2026-01-17 02:25:00,4306.02,DEBIT,Flipkart,Bangalore,1.5801740143450551,88,0,NORMAL
8602,93,2026-03-08 22:26:00,4667.96,DEBIT,Myntra,Ludhiana,1.1704207375211673,100,0,NORMAL
8603,30,2026-06-24 22:38:00,976.5,DEBIT,Myntra,Bangalore,-0.46027940347107027,92,0,NORMAL
8604,54,2026-01-01 02:18:00,4470.89,CREDIT,Swiggy,Pune,0.029448012376560518,89,0,NORMAL
8605,3,2026-05-11 20:39:00,1212.27,DEBIT,Swiggy,Chandigarh,-0.32992629558767056,94,0,NORMAL
8606,13,2026-07-22 11:29:00,871.82,DEBIT,Uber,Ludhiana,-1.3091067675555856,101,0,NORMAL
8607,74,2026-07-03 00:19:00,1126.85,DEBIT,Swiggy,Bangalore,-0.35731502565250506,119,0,NORMAL
8608,29,2026-01-09 03:23:00,2176.42,CREDIT,Local Store,Chandigarh,-0.2713720778773549,99,0,NORMAL
8609,42,2026-04-06 08:05:00,1621.54,DEBIT,Local Store,Hyderabad,-0.34365163619473577,104,0,NORMAL
8610,18,2026-02-04 09:16:00,3393.0,DEBIT,Shell,Pune,0.23933484278512937,96,0,NORMAL
8611,52,2026-03-21 08:26:00,669.79,DEBIT,Apple,Bangalore,-0.4835387467902195,116,0,NORMAL
8612,85,2026-05-20 02:22:00,1835.39,DEBIT,Apple,Pune,-0.653734798302378,89,0,NORMAL
8613,88,2026-02-25 18:25:00,1828.61,CREDIT,Flipkart,Hyderabad,-0.24357126367076198,104,0,NORMAL
8614,44,2026-01-04 22:45:00,3113.77,DEBIT,Netflix,Hyderabad,-0.11924387199930904,99,0,NORMAL
8615,45,2026-05-15 01:43:00,2318.9,CREDIT,Swiggy,Pune,-0.1607625532264206,97,0,NORMAL
8616,32,2026-02-05 06:27:00,1090.51,DEBIT,Amazon,Ludhiana,-0.58158083320762,107,0,NORMAL
8617,67,2026-03-29 09:07:00,2225.44,CREDIT,Walmart,Ludhiana,-0.2259427830676294,98,0,NORMAL
8618,97,2026-03-01 13:25:00,7757.14,DEBIT,Myntra,Hyderabad,3.3977071232909397,96,70,HIGH
8619,57,2026-03-10 09:59:00,2831.34,DEBIT,Uber,Ludhiana,-0.11175378321705828,107,0,NORMAL
8620,11,2026-06-22 12:22:00,5080.06,DEBIT,Walmart,Chandigarh,0.198204066819251,118,0,NORMAL
8621,58,2026-01-20 09:28:00,3952.5,DEBIT,Myntra,Hyderabad,0.10256028117786714,99,0,NORMAL
8622,29,2026-04-27 06:29:00,2765.72,DEBIT,Myntra,Hyderabad,0.10854982099385818,99,0,NORMAL
8623,34,2026-07-12 09:47:00,911.49,DEBIT,Amazon,Delhi,-1.3846800531297923,118,0,NORMAL
8624,8,2026-02-02 20:24:00,585.71,DEBIT,Netflix,Mumbai,-0.4018866733607436,91,0,NORMAL
8625,8,2026-07-19 08:35:00,4002.82,DEBIT,Local Store,Delhi,-0.00917003926053072,91,0,NORMAL
8626,33,2026-04-01 00:22:00,3972.75,DEBIT,Local Store,Mumbai,-0.01898408933775864,91,0,NORMAL
8627,14,2026-02-24 14:40:00,1411.1,CREDIT,Myntra,Hyderabad,-0.316242884837657,112,0,NORMAL
8628,63,2026-04-01 22:49:00,2942.04,DEBIT,Myntra,Pune,0.4776110697563946,88,0,NORMAL
8629,54,2026-04-23 23:00:00,4569.89,DEBIT,Swiggy,Ludhiana,0.041998143797538856,89,0,NORMAL
8630,74,2026-07-18 13:13:00,4903.49,DEBIT,Netflix,Mumbai,0.07127032775006736,119,0,NORMAL
8631,51,2026-01-17 04:48:00,3817.51,DEBIT,Local Store,Delhi,0.028132733750649903,108,0,NORMAL
8632,38,2026-02-13 05:13:00,2293.4,DEBIT,Local Store,Mumbai,-0.2392402489706426,95,0,NORMAL
8633,90,2026-03-23 02:41:00,3572.95,CREDIT,Shell,Mumbai,-0.1027644452008517,93,0,NORMAL
8634,96,2026-07-26 06:42:00,1093.93,DEBIT,Myntra,Ludhiana,-1.0915223952334188,96,0,NORMAL
8635,82,2026-05-18 06:14:00,2988.48,DEBIT,Swiggy,Chandigarh,-0.07193750006541583,107,0,NORMAL
8636,88,2026-07-26 06:24:00,2778.56,DEBIT,Uber,Pune,-0.14521337457328679,104,0,NORMAL
8637,92,2026-07-02 21:43:00,6151.41,DEBIT,Swiggy,Pune,0.5727577691440621,119,0,NORMAL
8638,49,2026-04-18 22:23:00,1523.03,CREDIT,Shell,Pune,-0.5995498880146299,95,0,NORMAL
8639,55,2026-06-18 22:18:00,1689.74,CREDIT,Myntra,Chandigarh,-0.6276588667396799,118,0,NORMAL
8640,62,2026-07-04 13:53:00,1236.22,DEBIT,Amazon,Delhi,-0.974756586385089,102,0,NORMAL
8641,60,2026-04-01 08:41:00,1876.49,DEBIT,Myntra,Mumbai,-0.32385043525199536,106,0,NORMAL
8642,29,2026-04-13 20:45:00,2267.21,DEBIT,Walmart,Pune,-0.21283973577907314,99,0,NORMAL
8643,93,2026-06-13 09:39:00,910.74,CREDIT,Amazon,Chandigarh,-1.3203056937901811,100,0,NORMAL
8644,32,2026-05-15 00:20:00,3409.3,DEBIT,Apple,Hyderabad,0.15447782672745422,107,0,NORMAL
8645,52,2026-06-17 10:45:00,508.59,DEBIT,Netflix,Mumbai,-0.5168339102024597,116,0,NORMAL
8646,9,2026-05-01 23:25:00,1236.91,DEBIT,Shell,Hyderabad,-0.5256227961420625,84,0,NORMAL
8647,57,2026-01-06 11:33:00,2182.97,DEBIT,Uber,Pune,-0.20881014719298355,107,0,NORMAL
8648,100,2026-05-07 03:54:00,2745.72,DEBIT,Flipkart,Hyderabad,0.04067276503283084,87,0,NORMAL
8649,97,2026-07-06 10:30:00,2884.58,DEBIT,Shell,Ludhiana,-0.06818058715867492,96,0,NORMAL
8650,28,2026-06-09 16:52:00,2742.2,DEBIT,Local Store,Pune,-0.09393812642426462,98,0,NORMAL
8651,75,2026-01-04 16:43:00,4462.21,CREDIT,Swiggy,Mumbai,0.11253282138330241,89,0,NORMAL
8652,25,2026-05-06 21:36:00,2420.5,DEBIT,Apple,Mumbai,-0.20839780292374907,97,0,NORMAL
8653,99,2026-06-15 08:14:00,1451.1,DEBIT,Amazon,Pune,-0.4575436042615467,103,0,NORMAL
8654,70,2026-05-25 13:02:00,3766.35,DEBIT,Myntra,Delhi,0.7475641899811124,90,0,NORMAL
8655,15,2026-04-26 02:58:00,3679.81,DEBIT,Local Store,Chandigarh,0.13090046623634016,91,0,NORMAL
8656,31,2026-01-18 02:49:00,1409.97,DEBIT,Local Store,Bangalore,-0.2884690276862537,104,0,NORMAL
8657,14,2026-05-23 15:34:00,2958.27,DEBIT,Myntra,Mumbai,-0.09843989496892533,112,0,NORMAL
8658,35,2026-03-01 16:38:00,712.95,DEBIT,Shell,Pune,-1.522759961174406,103,0,NORMAL
8659,64,2026-05-16 12:12:00,865.4,CREDIT,Swiggy,Chandigarh,-1.2048325358690415,110,0,NORMAL
8660,58,2026-01-28 21:32:00,685.34,DEBIT,Shell,Chandigarh,-0.4617219006538058,99,0,NORMAL
8661,16,2026-02-27 18:43:00,3727.98,DEBIT,Amazon,Chandigarh,0.24967936077889588,95,0,NORMAL
8662,11,2026-07-20 08:46:00,4687.22,CREDIT,Amazon,Mumbai,0.14313855413220825,118,0,NORMAL
8663,23,2026-01-12 18:43:00,1069.71,DEBIT,Flipkart,Delhi,-1.0709283152349043,96,0,NORMAL
8664,25,2026-02-02 17:23:00,5536.15,DEBIT,Myntra,Mumbai,1.8189601447093977,97,0,NORMAL
8665,38,2026-02-02 00:52:00,1383.64,DEBIT,Apple,Chandigarh,-0.9020337781836746,95,0,NORMAL
8666,45,2026-03-08 17:36:00,1970.71,DEBIT,Netflix,Hyderabad,-0.21244842719747736,97,0,NORMAL
8667,27,2026-04-20 20:14:00,3861.5,DEBIT,Local Store,Delhi,0.7843028095366247,90,0,NORMAL
8668,45,2026-01-09 13:24:00,4419.32,DEBIT,Netflix,Chandigarh,0.15102711162979868,97,0,NORMAL
8669,26,2026-01-07 22:41:00,1264.76,DEBIT,Amazon,Chandigarh,-0.910928312309072,98,0,NORMAL
8670,38,2026-04-26 10:37:00,1867.48,DEBIT,Amazon,Delhi,-0.549538591349308,95,0,NORMAL
8671,73,2026-05-24 00:37:00,744.53,DEBIT,Swiggy,Ludhiana,-1.0966686470787577,111,0,NORMAL
8672,55,2026-06-24 17:17:00,5106.42,DEBIT,Myntra,Ludhiana,1.986198651834577,118,0,NORMAL
8673,81,2026-05-05 13:58:00,1051.11,DEBIT,Uber,Bangalore,-0.3917194797403101,105,0,NORMAL
8674,36,2026-01-24 14:28:00,2485.48,DEBIT,Flipkart,Mumbai,-0.14126481976179994,85,0,NORMAL
8675,45,2026-05-08 20:29:00,3075.53,DEBIT,Walmart,Hyderabad,-0.048447200049360185,97,0,NORMAL
8676,67,2026-05-18 20:24:00,1468.54,CREDIT,Netflix,Ludhiana,-0.3354353204688728,98,0,NORMAL
8677,20,2026-03-16 10:33:00,3143.53,DEBIT,Uber,Chandigarh,-0.1046489830929905,98,0,NORMAL
8678,11,2026-02-07 18:12:00,1013.45,DEBIT,Uber,Chandigarh,-0.37182435327100194,118,0,NORMAL
8679,99,2026-07-08 00:46:00,5591.71,CREDIT,Apple,Hyderabad,0.8299242844621986,103,0,NORMAL
8680,61,2026-07-24 05:21:00,3275.96,DEBIT,Walmart,Ludhiana,0.013109111476971259,81,0,NORMAL
8681,21,2026-05-20 12:22:00,2136.24,DEBIT,Netflix,Mumbai,-0.23585065388591595,122,10,NORMAL
8682,73,2026-03-30 19:00:00,5096.07,CREDIT,Swiggy,Mumbai,1.8451315061469038,111,0,NORMAL
8683,41,2026-06-28 06:10:00,3417.15,DEBIT,Walmart,Delhi,0.026847292470668947,100,0,NORMAL
8684,89,2026-04-17 16:57:00,6561.7,DEBIT,Local Store,Pune,0.6112963187955766,103,0,NORMAL
8685,14,2026-01-10 16:23:00,1205.01,DEBIT,Swiggy,Mumbai,-0.3452552223196706,112,0,NORMAL
8686,31,2026-03-19 03:09:00,1780.83,DEBIT,Local Store,Mumbai,-0.2368065413391231,104,0,NORMAL
8687,35,2026-05-26 15:05:00,1541.28,DEBIT,Walmart,Pune,-0.9278943630569387,103,0,NORMAL
8688,92,2026-02-01 02:04:00,3591.36,DEBIT,Walmart,Chandigarh,0.037832313458200074,119,0,NORMAL
8689,19,2026-04-29 18:59:00,3657.93,DEBIT,Local Store,Delhi,0.5210660098341272,98,0,NORMAL
8690,32,2026-01-30 23:18:00,3519.81,DEBIT,Flipkart,Mumbai,0.18955726147981422,107,0,NORMAL
8691,46,2026-02-19 23:37:00,2261.4,DEBIT,Apple,Bangalore,-0.16875404812227543,94,0,NORMAL
8692,90,2026-04-10 06:32:00,2943.97,DEBIT,Amazon,Ludhiana,-0.15499274276807326,93,0,NORMAL
8693,33,2026-06-06 05:36:00,1062.03,DEBIT,Shell,Mumbai,-0.32482880736224967,91,0,NORMAL
8694,69,2026-01-29 05:22:00,2252.1,DEBIT,Shell,Pune,-0.2164935689928239,112,0,NORMAL
8695,17,2026-05-26 16:48:00,1604.01,CREDIT,Netflix,Chandigarh,-0.24979562508403402,97,0,NORMAL
8696,17,2026-07-10 11:39:00,3500.51,DEBIT,Swiggy,Hyderabad,-0.031138544944406463,97,0,NORMAL
8697,83,2026-06-09 21:51:00,2539.7,CREDIT,Netflix,Mumbai,-0.09386331514880587,101,0,NORMAL
8698,92,2026-02-20 07:20:00,648.73,CREDIT,Apple,Mumbai,-0.5770336827781579,119,0,NORMAL
8699,56,2026-07-06 13:48:00,1843.86,DEBIT,Walmart,Mumbai,-0.31441008642998186,101,0,NORMAL
8700,44,2026-02-19 15:37:00,1582.08,DEBIT,Shell,Hyderabad,-0.2940973984047514,99,0,NORMAL
8701,63,2026-04-12 01:03:00,3434.06,DEBIT,Apple,Chandigarh,0.8753317254819276,88,0,NORMAL
8702,37,2026-04-24 15:55:00,3368.03,DEBIT,Netflix,Bangalore,0.46886568949097046,87,0,NORMAL
8703,35,2026-01-13 05:51:00,693.19,DEBIT,Swiggy,Pune,-1.5369506149220686,103,0,NORMAL
8704,42,2026-03-06 07:05:00,1685.48,DEBIT,Local Store,Mumbai,-0.330211184106486,104,0,NORMAL
8705,81,2026-03-26 10:42:00,1012.48,DEBIT,Apple,Pune,-0.39702821264508625,105,0,NORMAL
8706,48,2026-05-15 08:45:00,1229.08,CREDIT,Flipkart,Delhi,-0.34742729252699106,102,0,NORMAL
8707,97,2026-04-07 01:26:00,2711.63,DEBIT,Myntra,Mumbai,-0.19120119224558202,96,0,NORMAL
8708,92,2026-04-28 07:48:00,2185.43,DEBIT,Myntra,Delhi,-0.25593841207935747,119,0,NORMAL
8709,55,2026-06-06 02:54:00,1865.21,DEBIT,Uber,Mumbai,-0.4934193187620452,118,0,NORMAL
8710,4,2026-06-13 07:53:00,2455.77,DEBIT,Myntra,Delhi,-0.13813415966337808,105,0,NORMAL
8711,34,2026-07-08 14:17:00,2848.56,DEBIT,Apple,Ludhiana,-0.00662037506969401,118,0,NORMAL
8712,17,2026-07-08 21:45:00,3787.84,DEBIT,Netflix,Delhi,0.0019891844711058845,97,0,NORMAL
8713,42,2026-07-23 18:30:00,2390.7,CREDIT,Amazon,Ludhiana,-0.18197102737086682,104,0,NORMAL
8714,23,2026-07-02 20:32:00,522.33,DEBIT,Amazon,Ludhiana,-1.4383259264473967,96,0,NORMAL
8715,65,2026-02-17 02:29:00,3844.2,DEBIT,Flipkart,Mumbai,0.043593212234958656,112,0,NORMAL
8716,81,2026-04-10 16:00:00,1840.99,DEBIT,Uber,Mumbai,-0.2831701153389485,105,0,NORMAL
8717,82,2026-02-27 02:17:00,2016.38,DEBIT,Myntra,Hyderabad,-0.2342340504698842,107,0,NORMAL
8718,100,2026-01-05 02:09:00,4117.59,DEBIT,Uber,Bangalore,1.005657491634556,87,0,NORMAL
8719,12,2026-07-24 09:51:00,695.91,DEBIT,Uber,Hyderabad,-0.40727392902164633,99,0,NORMAL
8720,47,2026-07-27 18:13:00,2001.68,DEBIT,Shell,Ludhiana,-0.23191204960855144,103,0,NORMAL
8721,32,2026-03-19 01:39:00,1306.2,DEBIT,Uber,Chandigarh,-0.5131138774412952,107,0,NORMAL
8722,5,2026-04-20 02:22:00,1088.2,CREDIT,Amazon,Ludhiana,-0.8996777977744473,87,0,NORMAL
8723,1,2026-06-25 04:31:00,2823.77,DEBIT,Shell,Delhi,-0.1434477707280324,112,0,NORMAL
8724,63,2026-05-19 06:39:00,1046.41,DEBIT,Shell,Bangalore,-1.0547071421313174,88,0,NORMAL
8725,19,2026-05-15 09:55:00,2363.65,CREDIT,Local Store,Mumbai,-0.337695177748725,98,0,NORMAL
8726,87,2026-05-11 09:30:00,743.28,DEBIT,Walmart,Hyderabad,-1.307185180155281,85,0,NORMAL
8727,24,2026-01-17 13:00:00,1318.64,DEBIT,Amazon,Ludhiana,-0.9346820748933958,95,0,NORMAL
8728,75,2026-04-16 11:54:00,2643.9,DEBIT,Local Store,Bangalore,-0.18770196608245843,89,0,NORMAL
8729,15,2026-01-23 17:38:00,745.22,DEBIT,Netflix,Chandigarh,-0.5310419087677574,91,0,NORMAL
8730,38,2026-06-27 19:15:00,4613.35,DEBIT,Netflix,Chandigarh,1.4509284197966958,95,0,NORMAL
8731,17,2026-02-08 11:23:00,2400.35,CREDIT,Uber,Bangalore,-0.15798155748667522,97,0,NORMAL
8732,78,2026-07-09 17:46:00,2180.51,DEBIT,Netflix,Bangalore,-0.3215884764296326,102,0,NORMAL
8733,98,2026-06-10 18:38:00,1857.39,DEBIT,Shell,Pune,-0.6651793665020796,114,0,NORMAL
8734,55,2026-04-24 16:23:00,4135.4,DEBIT,Uber,Hyderabad,1.2433406939087612,118,0,NORMAL
8735,94,2026-04-28 23:21:00,3372.28,DEBIT,Myntra,Delhi,-0.05644596083439757,103,0,NORMAL
8736,75,2026-06-30 20:04:00,937.32,DEBIT,Amazon,Delhi,-0.469488176130975,89,0,NORMAL
8737,60,2026-01-18 03:26:00,4515.89,DEBIT,Netflix,Bangalore,0.27297255150626154,106,0,NORMAL
8738,25,2026-05-08 04:30:00,1393.99,CREDIT,Local Store,Mumbai,-0.8763493401069699,97,0,NORMAL
8739,15,2026-05-04 05:03:00,2767.84,DEBIT,Walmart,Bangalore,-0.07480853833754805,91,0,NORMAL
8740,42,2026-07-17 19:22:00,2989.47,DEBIT,Swiggy,Chandigarh,-0.05610710030046793,104,0,NORMAL
8741,32,2026-03-22 13:17:00,5360.51,DEBIT,Shell,Chandigarh,0.7738547508352501,107,0,NORMAL
8742,8,2026-04-21 15:30:00,2701.53,DEBIT,Uber,Hyderabad,-0.15872279840152,91,0,NORMAL
8743,15,2026-05-04 01:31:00,1253.02,DEBIT,Local Store,Bangalore,-0.41649972807911567,91,0,NORMAL
8744,77,2026-02-23 20:46:00,3033.03,DEBIT,Swiggy,Bangalore,0.2849448750979168,84,0,NORMAL
8745,86,2026-05-22 23:46:00,3502.96,DEBIT,Swiggy,Bangalore,0.4526339800853472,76,0,NORMAL
8746,71,2026-03-21 08:56:00,1158.62,DEBIT,Myntra,Bangalore,-0.9682042722504839,99,0,NORMAL
8747,3,2026-01-22 03:37:00,4893.63,DEBIT,Walmart,Hyderabad,0.12088487405896066,94,0,NORMAL
8748,14,2026-07-22 03:40:00,319.39,DEBIT,Uber,Mumbai,-0.46992845401854405,112,0,NORMAL
8749,36,2026-07-27 00:08:00,4367.48,CREDIT,Flipkart,Delhi,0.11350769150035861,85,0,NORMAL
8750,86,2026-07-02 10:36:00,3501.9,DEBIT,Walmart,Pune,0.4519419943843164,76,0,NORMAL
8751,75,2026-06-13 21:19:00,2349.91,DEBIT,Local Store,Delhi,-0.2362448576504854,89,0,NORMAL
8752,45,2026-07-23 04:19:00,1453.95,DEBIT,Amazon,Pune,-0.2891570984208993,97,0,NORMAL
8753,28,2026-03-16 14:37:00,1449.85,CREDIT,Amazon,Bangalore,-0.975524624044998,98,0,NORMAL
8754,79,2026-01-26 07:02:00,1527.98,DEBIT,Amazon,Delhi,-0.8020136431518664,122,10,NORMAL
8755,54,2026-03-20 14:57:00,2344.53,DEBIT,Netflix,Mumbai,-0.2401085275053738,89,0,NORMAL
8756,11,2026-03-03 07:53:00,2706.14,DEBIT,Swiggy,Hyderabad,-0.13455512745328888,118,0,NORMAL
8757,50,2026-01-18 13:02:00,1861.95,DEBIT,Myntra,Bangalore,-0.2415750028691989,118,0,NORMAL
8758,1,2026-07-26 09:29:00,1060.24,CREDIT,Amazon,Pune,-0.33242444150760303,112,0,NORMAL
8759,56,2026-01-21 21:27:00,1597.9,DEBIT,Local Store,Delhi,-0.37845623364867403,101,0,NORMAL
8760,57,2026-01-07 10:18:00,3278.27,DEBIT,Flipkart,Ludhiana,-0.04485155030720705,107,0,NORMAL
8761,21,2026-07-01 14:29:00,5259.35,DEBIT,Apple,Ludhiana,0.26607267010585456,122,10,NORMAL
8762,35,2026-07-14 01:16:00,2174.27,DEBIT,Netflix,Ludhiana,-0.4733122823012304,103,0,NORMAL
8763,25,2026-05-01 23:22:00,603.76,DEBIT,Apple,Ludhiana,-1.3905531405846043,97,0,NORMAL
8764,32,2026-07-05 16:49:00,2248.15,DEBIT,Walmart,Hyderabad,-0.21410859678809113,107,0,NORMAL
8765,19,2026-01-03 15:08:00,2905.04,DEBIT,Myntra,Pune,0.02151976750692317,98,0,NORMAL
8766,81,2026-03-28 18:15:00,4482.49,CREDIT,Uber,Delhi,0.07983837464205697,105,0,NORMAL
8767,11,2026-07-11 05:37:00,4613.41,DEBIT,Walmart,Chandigarh,0.13279239413976693,118,0,NORMAL
8768,95,2026-03-04 21:58:00,2681.1,DEBIT,Flipkart,Bangalore,0.010744155019401442,113,0,NORMAL
8769,68,2026-02-12 08:30:00,3992.35,CREDIT,Uber,Pune,0.19541657367962922,100,0,NORMAL
8770,57,2026-05-13 00:28:00,3124.8,DEBIT,Walmart,Ludhiana,-0.06782491455815207,107,0,NORMAL
8771,4,2026-05-22 15:25:00,2027.98,DEBIT,Myntra,Chandigarh,-0.48059752327539523,105,0,NORMAL
8772,90,2026-04-03 11:08:00,4069.64,DEBIT,Uber,Hyderabad,-0.061521046175980844,93,0,NORMAL
8773,45,2026-05-04 06:48:00,3756.05,DEBIT,Apple,Bangalore,0.05257026442343782,97,0,NORMAL
8774,45,2026-06-10 08:38:00,2517.75,CREDIT,Local Store,Pune,-0.1312449449115792,97,0,NORMAL
8775,46,2026-01-07 11:52:00,762.08,CREDIT,Walmart,Hyderabad,-0.414689976819363,94,0,NORMAL
8776,85,2026-01-08 19:35:00,4110.85,DEBIT,Flipkart,Bangalore,0.7223332900325479,89,0,NORMAL
8777,83,2026-05-17 05:19:00,2153.26,DEBIT,Uber,Hyderabad,-0.15405984492433208,101,0,NORMAL
8778,15,2026-06-16 07:09:00,1901.08,DEBIT,Netflix,Hyderabad,-0.2703197248946315,91,0,NORMAL
8779,75,2026-05-27 23:34:00,5389.24,DEBIT,Swiggy,Pune,0.2656016902914557,89,0,NORMAL
8780,52,2026-04-04 11:36:00,1720.56,DEBIT,Apple,Mumbai,-0.26650674394481166,116,0,NORMAL
8781,2,2026-06-25 01:26:00,4989.58,CREDIT,Local Store,Ludhiana,1.5477923694348834,117,0,NORMAL
8782,64,2026-05-07 09:35:00,798.13,CREDIT,Shell,Delhi,-1.2493584122886747,110,0,NORMAL
8783,14,2026-06-09 08:21:00,4630.55,CREDIT,Shell,Mumbai,0.13697546591428894,112,0,NORMAL
8784,56,2026-06-03 11:12:00,2131.16,DEBIT,Shell,Delhi,-0.23959931193034664,101,0,NORMAL
8785,14,2026-06-02 08:27:00,3907.11,CREDIT,Swiggy,Mumbai,0.0351331376694062,112,0,NORMAL
8786,27,2026-03-25 08:27:00,4292.22,DEBIT,Flipkart,Mumbai,1.090156051839581,90,0,NORMAL
8787,54,2026-06-01 16:48:00,332.77,DEBIT,Flipkart,Bangalore,-0.4951373394999938,89,0,NORMAL
8788,65,2026-02-16 07:15:00,871.42,CREDIT,Swiggy,Delhi,-0.3513739537111723,112,0,NORMAL
8789,25,2026-01-02 23:33:00,2334.08,CREDIT,Walmart,Pune,-0.26463142153766805,97,0,NORMAL
8790,71,2026-02-18 06:49:00,466.38,DEBIT,Amazon,Delhi,-1.4343400331703413,99,0,NORMAL
8791,22,2026-05-26 07:00:00,2261.43,DEBIT,Myntra,Pune,-0.2274436427221177,108,0,NORMAL
8792,40,2026-07-18 06:17:00,526.12,DEBIT,Flipkart,Mumbai,-0.45904248940534537,109,0,NORMAL
8793,30,2026-03-22 01:41:00,1236.09,DEBIT,Flipkart,Hyderabad,-0.40282246934128946,92,0,NORMAL
8794,54,2026-07-22 06:27:00,1454.29,CREDIT,Myntra,Bangalore,-0.35296336585094706,89,0,NORMAL
8795,25,2026-03-28 05:10:00,3704.66,CREDIT,Netflix,Chandigarh,0.6272069607796777,97,0,NORMAL
8796,37,2026-02-24 15:41:00,2453.94,DEBIT,Local Store,Chandigarh,-0.14563280809057888,87,0,NORMAL
8797,33,2026-03-12 16:07:00,1253.13,DEBIT,Local Store,Mumbai,-0.3047489214184006,91,0,NORMAL
8798,92,2026-02-28 14:41:00,673.21,CREDIT,Walmart,Chandigarh,-0.5719185580129424,119,0,NORMAL
8799,98,2026-02-04 19:49:00,4578.75,DEBIT,Shell,Mumbai,1.3418274621190622,114,0,NORMAL
8800,11,2026-05-02 18:06:00,3004.19,CREDIT,Flipkart,Chandigarh,-0.09277660170139725,118,0,NORMAL
8801,34,2026-05-14 20:48:00,5091.47,DEBIT,Walmart,Mumbai,1.5890183124933652,118,0,NORMAL
8802,14,2026-03-13 00:12:00,2668.34,DEBIT,Apple,Delhi,-0.13925481566454465,112,0,NORMAL
8803,84,2026-04-07 21:40:00,777.33,CREDIT,Flipkart,Pune,-0.37449393560838784,95,0,NORMAL
8804,47,2026-05-22 08:19:00,4275.61,CREDIT,Local Store,Hyderabad,0.26778355473689175,103,0,NORMAL
8805,92,2026-02-07 06:56:00,1881.7,CREDIT,Myntra,Delhi,-0.31940315247718826,119,0,NORMAL
8806,96,2026-05-14 13:03:00,1351.59,DEBIT,Myntra,Pune,-0.9310360942797459,96,0,NORMAL
8807,35,2026-03-04 21:15:00,1331.76,DEBIT,Netflix,Delhi,-1.078361254413731,103,0,NORMAL
8808,7,2026-03-06 21:41:00,4543.64,DEBIT,Uber,Mumbai,0.2170932172396676,93,0,NORMAL
8809,58,2026-03-12 03:05:00,1108.58,CREDIT,Flipkart,Delhi,-0.38862269809303834,99,0,NORMAL
8810,77,2026-02-28 04:47:00,3262.77,DEBIT,Walmart,Delhi,0.43930033711543903,84,0,NORMAL
8811,9,2026-01-04 04:09:00,2566.71,DEBIT,Local Store,Pune,-0.1563768134434055,84,0,NORMAL
8812,75,2026-06-21 13:03:00,1326.28,DEBIT,Swiggy,Pune,-0.40526407631703665,89,0,NORMAL
8813,33,2026-02-04 00:25:00,785.58,CREDIT,Myntra,Hyderabad,-0.35387686842544724,91,0,NORMAL
8814,89,2026-01-15 14:29:00,3087.6,DEBIT,Walmart,Delhi,-0.046112436748409376,103,0,NORMAL
8815,79,2026-01-14 01:24:00,6042.4,DEBIT,Amazon,Hyderabad,2.2972787773844665,122,50,REVIEW
8816,43,2026-04-24 08:31:00,1434.14,CREDIT,Local Store,Bangalore,-0.33276151444661295,97,0,NORMAL
8817,50,2026-01-08 14:21:00,3421.63,DEBIT,Netflix,Ludhiana,-0.04698560874263012,118,0,NORMAL
8818,77,2026-03-08 02:41:00,1996.4,DEBIT,Uber,Chandigarh,-0.41153594056859394,84,0,NORMAL
8819,99,2026-01-03 23:18:00,1986.92,CREDIT,Uber,Bangalore,-0.2909374655196808,103,0,NORMAL
8820,28,2026-07-17 23:45:00,1203.58,DEBIT,Shell,Hyderabad,-1.1435195996855427,98,0,NORMAL
8821,3,2026-06-08 15:18:00,3628.88,DEBIT,Flipkart,Chandigarh,-0.03399360205056864,94,0,NORMAL
8822,61,2026-03-19 16:10:00,4051.69,DEBIT,Local Store,Bangalore,0.22040527930930806,81,0,NORMAL
8823,77,2026-01-27 13:13:00,4278.32,DEBIT,Uber,Hyderabad,1.1216181287577076,84,0,NORMAL
8824,84,2026-03-28 02:12:00,3818.42,DEBIT,Apple,Chandigarh,-0.0006377088427957603,95,0,NORMAL
8825,34,2026-01-28 18:00:00,2450.61,DEBIT,Swiggy,Delhi,-0.2897277738131652,118,0,NORMAL
8826,94,2026-06-19 11:31:00,1511.72,DEBIT,Shell,Pune,-0.36888244931107994,103,0,NORMAL
8827,16,2026-04-09 16:14:00,3330.82,DEBIT,Local Store,Hyderabad,0.13535315135717066,95,0,NORMAL
8828,38,2026-04-20 23:34:00,1992.94,CREDIT,Shell,Bangalore,-0.45813637958459313,95,0,NORMAL
8829,68,2026-04-24 00:13:00,1633.81,CREDIT,Apple,Bangalore,-0.37101899791404164,100,0,NORMAL
8830,11,2026-05-14 23:27:00,2286.44,DEBIT,Myntra,Mumbai,-0.193385683595107,118,0,NORMAL
8831,80,2026-06-24 15:14:00,4270.43,DEBIT,Walmart,Mumbai,0.09483449057334979,84,0,NORMAL
8832,26,2026-03-27 07:24:00,4349.94,DEBIT,Shell,Mumbai,1.0712223900286622,98,0,NORMAL
8833,57,2026-02-18 04:06:00,2199.69,CREDIT,Netflix,Pune,-0.20630728246192337,107,0,NORMAL
8834,77,2026-02-23 15:04:00,2595.09,DEBIT,Flipkart,Pune,-0.009293964616341606,84,0,NORMAL
8835,74,2026-01-04 19:42:00,4557.62,CREDIT,Swiggy,Hyderabad,0.032019878625621376,119,0,NORMAL
8836,60,2026-03-21 06:38:00,1910.92,CREDIT,Amazon,Ludhiana,-0.31606509940517913,106,0,NORMAL
8837,87,2026-03-19 20:42:00,3816.51,DEBIT,Apple,Chandigarh,0.45405083055283546,85,0,NORMAL
8838,72,2026-06-24 08:29:00,2462.17,DEBIT,Flipkart,Mumbai,-0.2669664832338608,98,0,NORMAL
8839,73,2026-03-11 06:53:00,670.67,CREDIT,Shell,Mumbai,-1.1466007077554945,111,0,NORMAL
8840,67,2026-01-31 12:44:00,3543.35,DEBIT,Shell,Hyderabad,-0.035294996085897874,98,0,NORMAL
8841,93,2026-07-02 04:14:00,1725.59,DEBIT,Apple,Ludhiana,-0.7801274682526689,100,0,NORMAL
8842,82,2026-05-13 06:05:00,4216.07,DEBIT,Amazon,Chandigarh,0.1330142768207289,107,0,NORMAL
8843,66,2026-06-17 16:50:00,1126.91,DEBIT,Shell,Bangalore,-1.1557041277851177,95,0,NORMAL
8844,51,2026-02-28 15:11:00,4197.74,DEBIT,Walmart,Chandigarh,0.08706493500814347,108,0,NORMAL
8845,91,2026-03-06 11:58:00,5194.23,CREDIT,Apple,Mumbai,0.12656580198845238,100,0,NORMAL
8846,65,2026-04-22 01:18:00,3516.33,CREDIT,Apple,Hyderabad,3.200531794564978e-05,112,0,NORMAL
8847,47,2026-04-08 18:36:00,2591.93,DEBIT,Local Store,Ludhiana,-0.10220474530943152,103,0,NORMAL
8848,58,2026-01-26 08:57:00,1620.94,DEBIT,Apple,Bangalore,-0.30013128087341145,99,0,NORMAL
8849,50,2026-05-02 11:25:00,3901.06,DEBIT,Amazon,Delhi,0.012829220726299929,118,0,NORMAL
8850,17,2026-07-09 18:37:00,4120.65,DEBIT,Shell,Bangalore,0.04036053318783108,97,0,NORMAL
8851,72,2026-03-31 05:14:00,1509.32,CREDIT,Amazon,Ludhiana,-0.8580703448619507,98,0,NORMAL
8852,74,2026-01-09 15:58:00,3745.12,DEBIT,Local Store,Pune,-0.060185256001875576,119,0,NORMAL
8853,20,2026-04-23 09:58:00,3978.52,DEBIT,Walmart,Hyderabad,-0.016403630401140352,98,0,NORMAL
8854,64,2026-06-09 17:08:00,3297.53,CREDIT,Amazon,Hyderabad,0.4049893731020137,110,0,NORMAL
8855,88,2026-03-01 22:35:00,1438.79,DEBIT,Swiggy,Pune,-0.28393325359441873,104,0,NORMAL
8856,53,2026-01-07 16:41:00,2332.47,DEBIT,Amazon,Ludhiana,-0.20253882202177967,105,0,NORMAL
8857,85,2026-05-30 02:19:00,2846.33,DEBIT,Uber,Bangalore,-0.042376095788904,89,0,NORMAL
8858,86,2026-01-07 15:13:00,5825.69,DEBIT,Walmart,Mumbai,1.9689509115526065,76,0,NORMAL
8859,12,2026-05-04 02:21:00,1359.86,DEBIT,Netflix,Bangalore,-0.32632602686865636,99,0,NORMAL
8860,88,2026-04-05 02:23:00,5681.64,DEBIT,Swiggy,Chandigarh,0.1553717306228796,104,0,NORMAL
8861,75,2026-06-08 06:16:00,1897.06,DEBIT,Apple,Bangalore,-0.31101831404893765,89,0,NORMAL
8862,3,2026-07-07 12:19:00,1602.41,DEBIT,Uber,Mumbai,-0.28215061765181615,94,0,NORMAL
8863,16,2026-06-29 18:44:00,767.78,DEBIT,Uber,Delhi,-0.6024418123759817,95,0,NORMAL
8864,45,2026-03-01 05:54:00,1000.43,CREDIT,Walmart,Chandigarh,-0.3564783240831919,97,0,NORMAL
8865,95,2026-04-29 02:24:00,5195.52,DEBIT,Flipkart,Bangalore,1.6113790982968688,113,0,NORMAL
8866,1,2026-04-14 19:36:00,905.88,CREDIT,Flipkart,Delhi,-0.34896537866293037,112,0,NORMAL
8867,46,2026-02-27 21:10:00,5643.68,DEBIT,Uber,Ludhiana,0.38604691025457893,94,0,NORMAL
8868,65,2026-03-14 13:31:00,1117.03,DEBIT,Local Store,Mumbai,-0.31874191042911676,112,0,NORMAL
8869,94,2026-05-28 22:24:00,3321.41,DEBIT,Swiggy,Ludhiana,-0.06498835891283038,103,0,NORMAL
8870,75,2026-05-26 14:31:00,2190.07,DEBIT,Flipkart,Hyderabad,-0.2626372376233872,89,0,NORMAL
8871,93,2026-01-12 15:31:00,853.74,DEBIT,Flipkart,Mumbai,-1.3580919843413723,100,0,NORMAL
8872,85,2026-02-07 13:56:00,2199.81,CREDIT,Apple,Hyderabad,-0.4333544212572911,89,0,NORMAL
8873,98,2026-06-12 01:55:00,1187.44,DEBIT,Amazon,Chandigarh,-1.1592684340399042,114,0,NORMAL
8874,82,2026-02-20 17:14:00,600.81,CREDIT,Amazon,Delhi,-0.47056994992061285,107,0,NORMAL
8875,85,2026-04-17 23:17:00,3812.36,DEBIT,Amazon,Chandigarh,0.541823606853282,89,0,NORMAL
8876,73,2026-06-11 05:37:00,2687.5,DEBIT,Myntra,Pune,0.21685011724671416,111,0,NORMAL
8877,72,2026-02-06 12:25:00,4212.16,DEBIT,Flipkart,Hyderabad,0.818645991773266,98,0,NORMAL
8878,77,2026-04-07 13:40:00,787.95,DEBIT,Uber,Hyderabad,-1.2234574956964552,84,0,NORMAL
8879,38,2026-02-08 03:18:00,2424.28,DEBIT,Apple,Chandigarh,-0.14388936840499705,95,0,NORMAL
8880,14,2026-07-08 16:01:00,1782.32,DEBIT,Myntra,Chandigarh,-0.2639843573978342,112,0,NORMAL
8881,74,2026-05-26 20:20:00,4142.71,DEBIT,Local Store,Ludhiana,-0.015065453569202926,119,0,NORMAL
8882,21,2026-03-14 15:30:00,1011.39,DEBIT,Myntra,Pune,-0.4166282925192471,122,10,NORMAL
8883,99,2026-01-06 00:30:00,2577.27,DEBIT,Apple,Pune,-0.10737594484807376,103,0,NORMAL
8884,62,2026-03-25 15:39:00,3525.94,DEBIT,Amazon,Hyderabad,0.6498013681421632,102,0,NORMAL
8885,80,2026-02-06 10:19:00,4316.75,CREDIT,Apple,Delhi,0.10177975662370935,84,0,NORMAL
8886,41,2026-03-09 17:03:00,3131.13,CREDIT,Shell,Bangalore,-0.03148397789197842,100,0,NORMAL
8887,18,2026-06-16 06:54:00,3200.83,CREDIT,Apple,Delhi,0.10981744599980547,96,0,NORMAL
8888,56,2026-04-12 22:01:00,1844.73,CREDIT,Swiggy,Pune,-0.31418354492697215,101,0,NORMAL
8889,49,2026-06-11 09:24:00,3094.19,DEBIT,Walmart,Chandigarh,0.604220925436089,95,0,NORMAL
8890,38,2026-02-11 08:03:00,1694.99,DEBIT,Walmart,Chandigarh,-0.675203883133906,95,0,NORMAL
8891,67,2026-01-26 19:14:00,2776.4,DEBIT,Myntra,Delhi,-0.1462413583000392,98,0,NORMAL
8892,56,2026-07-19 09:20:00,830.96,DEBIT,Uber,Bangalore,-0.5781616822903387,101,0,NORMAL
8893,53,2026-02-01 23:14:00,3173.35,DEBIT,Amazon,Delhi,-0.020226700284249007,105,0,NORMAL
8894,11,2026-07-22 16:17:00,874.2,DEBIT,Shell,Mumbai,-0.39134342628207697,118,0,NORMAL
8895,89,2026-01-28 21:01:00,984.67,DEBIT,Amazon,Delhi,-0.44405279376061807,103,0,NORMAL
8896,12,2026-01-30 17:36:00,5250.25,DEBIT,Myntra,Hyderabad,0.14798515478202606,99,0,NORMAL
8897,40,2026-06-22 23:15:00,2514.85,DEBIT,Local Store,Chandigarh,-0.12090881345600984,109,0,NORMAL
8898,13,2026-04-10 19:02:00,4449.73,CREDIT,Uber,Mumbai,1.1572413844196512,101,0,NORMAL
8899,100,2026-07-16 06:04:00,2853.66,DEBIT,Uber,Bangalore,0.11659865552492575,87,0,NORMAL
8900,100,2026-01-10 03:06:00,2878.69,DEBIT,Myntra,Delhi,0.1342049649469857,87,0,NORMAL
8901,75,2026-03-12 07:07:00,739.05,DEBIT,Swiggy,Pune,-0.5022260213338482,89,0,NORMAL
8902,37,2026-04-23 17:14:00,1176.88,DEBIT,Myntra,Delhi,-1.00413848184425,87,0,NORMAL
8903,23,2026-04-17 09:28:00,2805.25,CREDIT,Swiggy,Chandigarh,0.09395394236261309,96,0,NORMAL
8904,56,2026-01-01 13:07:00,2440.2,DEBIT,Myntra,Hyderabad,-0.15912760378079122,101,0,NORMAL
8905,90,2026-03-27 17:46:00,1119.24,CREDIT,Walmart,Pune,-0.30651193482479394,93,0,NORMAL
8906,67,2026-07-05 05:43:00,3531.02,CREDIT,Swiggy,Pune,-0.03707864384142347,98,0,NORMAL
8907,31,2026-03-25 22:50:00,2030.56,DEBIT,Local Store,Chandigarh,-0.20201801543859751,104,0,NORMAL
8908,47,2026-03-04 18:21:00,4131.17,DEBIT,Local Store,Pune,0.23604289733246167,103,0,NORMAL
8909,3,2026-07-02 15:09:00,4971.9,DEBIT,Amazon,Mumbai,0.1304696444286723,94,0,NORMAL
8910,72,2026-02-25 22:29:00,1654.3,DEBIT,Myntra,Ludhiana,-0.7681314899961896,98,0,NORMAL
8911,26,2026-04-11 11:03:00,2783.37,CREDIT,Local Store,Bangalore,0.06474049083275661,98,0,NORMAL
8912,14,2026-04-17 19:04:00,4224.47,DEBIT,Myntra,Ludhiana,0.07980951897510674,112,0,NORMAL
8913,8,2026-06-28 14:30:00,1520.11,DEBIT,Local Store,Mumbai,-0.29449931301728405,91,0,NORMAL
8914,52,2026-06-07 00:40:00,4651.27,DEBIT,Amazon,Ludhiana,0.3388187421835183,116,0,NORMAL
8915,99,2026-01-06 22:15:00,5167.14,DEBIT,Amazon,Pune,0.6979098611005586,103,0,NORMAL
8916,82,2026-01-04 02:49:00,1626.09,DEBIT,Swiggy,Pune,-0.29939475477742455,107,0,NORMAL
8917,62,2026-04-25 03:32:00,2531.29,DEBIT,Netflix,Delhi,-0.05590350820539529,102,0,NORMAL
8918,79,2026-03-03 21:49:00,1031.94,DEBIT,Walmart,Mumbai,-1.1425608257983288,122,10,NORMAL
8919,66,2026-04-27 14:22:00,2841.76,CREDIT,Shell,Hyderabad,-0.0008758110715832833,95,0,NORMAL
8920,28,2026-02-24 10:09:00,4102.64,CREDIT,Netflix,Mumbai,0.8340964886747032,98,0,NORMAL
8921,64,2026-05-23 16:49:00,1093.45,DEBIT,Amazon,Ludhiana,-1.053886703886027,110,0,NORMAL
8922,28,2026-01-30 15:58:00,3388.13,CREDIT,Apple,Hyderabad,0.3466879937507349,98,0,NORMAL
8923,70,2026-03-01 17:45:00,2319.68,DEBIT,Netflix,Pune,-0.37063671131562687,90,0,NORMAL
8924,25,2026-04-20 15:01:00,883.22,DEBIT,Swiggy,Hyderabad,-1.2087081156153172,97,0,NORMAL
8925,51,2026-02-04 03:40:00,794.24,DEBIT,Shell,Chandigarh,-0.440446694741954,108,0,NORMAL
8926,26,2026-02-10 09:17:00,1002.25,CREDIT,Netflix,Pune,-1.0795843974874664,98,0,NORMAL
8927,30,2026-03-07 00:23:00,2516.86,CREDIT,Walmart,Hyderabad,-0.11934037247546493,92,0,NORMAL
8928,34,2026-04-20 22:13:00,1602.71,DEBIT,Apple,Chandigarh,-0.8929361250999837,118,0,NORMAL
8929,17,2026-07-07 20:15:00,1289.9,DEBIT,Local Store,Pune,-0.28601095619010225,97,0,NORMAL
8930,82,2026-04-06 21:20:00,3328.15,DEBIT,Apple,Mumbai,-0.015228036763403903,107,0,NORMAL
8931,23,2026-03-21 12:13:00,2160.28,DEBIT,Myntra,Bangalore,-0.3389453913794329,96,0,NORMAL
8932,66,2026-01-20 00:11:00,2952.85,DEBIT,Shell,Mumbai,0.07393532558976096,95,0,NORMAL
8933,57,2026-01-20 00:14:00,4620.95,DEBIT,Swiggy,Pune,0.15613806794039117,107,0,NORMAL
8934,1,2026-03-31 18:08:00,3751.05,CREDIT,Amazon,Pune,-0.04408213063090885,112,0,NORMAL
8935,59,2026-05-13 07:41:00,3765.34,DEBIT,Shell,Bangalore,0.01298066076167196,92,0,NORMAL
8936,75,2026-02-04 02:07:00,2506.48,CREDIT,Flipkart,Chandigarh,-0.21039241187747956,89,0,NORMAL
8937,30,2026-01-14 13:42:00,1385.05,DEBIT,Uber,Mumbai,-0.3698520740719334,92,0,NORMAL
8938,69,2026-04-16 22:59:00,4333.74,CREDIT,Amazon,Bangalore,-0.01906124235860157,112,0,NORMAL
8939,56,2026-02-08 03:20:00,2806.29,DEBIT,Local Store,Mumbai,-0.0638005016695087,101,0,NORMAL
8940,60,2026-02-13 14:49:00,6887.84,CREDIT,Uber,Pune,0.8093195559168274,106,0,NORMAL
8941,87,2026-07-16 22:59:00,2993.04,DEBIT,Amazon,Ludhiana,-0.017871224658721357,85,0,NORMAL
8942,79,2026-02-18 08:41:00,2266.57,DEBIT,Myntra,Bangalore,-0.2949481975610861,122,10,NORMAL
8943,55,2026-02-25 01:26:00,839.09,CREDIT,Amazon,Delhi,-1.2784303461217674,118,0,NORMAL
8944,61,2026-01-09 06:44:00,4581.56,DEBIT,Walmart,Delhi,0.3620009639538627,81,0,NORMAL
8945,58,2026-04-18 03:30:00,1584.53,DEBIT,Myntra,Mumbai,-0.3064197743174091,99,0,NORMAL
8946,48,2026-06-15 00:58:00,1341.44,CREDIT,Apple,Hyderabad,-0.3341633528243201,102,0,NORMAL
8947,39,2026-01-16 10:59:00,1221.12,DEBIT,Myntra,Delhi,-0.4342339282153005,101,0,NORMAL
8948,90,2026-07-09 02:17:00,1814.79,DEBIT,Shell,Delhi,-0.24875589747403407,93,0,NORMAL
8949,31,2026-02-19 08:26:00,642.02,CREDIT,Netflix,Pune,-0.39544795879308364,104,0,NORMAL
8950,87,2026-01-04 12:49:00,4458.1,CREDIT,Shell,Mumbai,0.8217393576432974,85,0,NORMAL
8951,29,2026-04-27 13:28:00,2289.08,CREDIT,Flipkart,Hyderabad,-0.1987401397697173,99,0,NORMAL
8952,88,2026-03-12 16:14:00,482.91,CREDIT,Amazon,Hyderabad,-0.38290513530450304,104,0,NORMAL
8953,30,2026-04-09 02:41:00,2853.45,CREDIT,Netflix,Delhi,-0.044840470866223794,92,0,NORMAL
8954,32,2026-02-24 23:31:00,2416.19,DEBIT,Local Store,Bangalore,-0.16076728635657736,107,0,NORMAL
8955,89,2026-07-18 14:17:00,660.83,DEBIT,Walmart,Hyderabad,-0.5053334855643555,103,0,NORMAL
8956,79,2026-07-25 18:22:00,2018.04,DEBIT,Local Store,Chandigarh,-0.4655719200494446,122,10,NORMAL
8957,30,2026-06-25 02:50:00,1284.97,CREDIT,Shell,Delhi,-0.39200350505043197,92,0,NORMAL
8958,80,2026-03-27 15:57:00,4094.54,CREDIT,Local Store,Hyderabad,0.06846137214507367,84,0,NORMAL
8959,70,2026-03-06 23:55:00,2461.02,DEBIT,Amazon,Bangalore,-0.2613882196836159,90,0,NORMAL
8960,55,2026-03-13 13:13:00,3902.47,DEBIT,Amazon,Hyderabad,1.0651426092764569,118,0,NORMAL
8961,29,2026-04-04 17:30:00,3519.3,CREDIT,Shell,Chandigarh,0.5943830885169687,99,0,NORMAL
8962,62,2026-07-15 19:20:00,497.38,DEBIT,Swiggy,Hyderabad,-1.498964087355913,102,0,NORMAL
8963,33,2026-01-30 19:16:00,1702.83,DEBIT,Amazon,Delhi,-0.25749656815336186,91,0,NORMAL
8964,44,2026-03-05 19:40:00,1833.78,DEBIT,Flipkart,Bangalore,-0.2653640172399923,99,0,NORMAL
8965,59,2026-07-11 07:15:00,1428.36,DEBIT,Myntra,Mumbai,-0.3183565747986903,92,0,NORMAL
8966,44,2026-03-23 15:33:00,627.45,DEBIT,Amazon,Mumbai,-0.4030753390535951,99,0,NORMAL
8967,21,2026-06-26 12:12:00,1098.92,CREDIT,Flipkart,Mumbai,-0.4025611131534868,122,10,NORMAL
8968,15,2026-03-03 04:17:00,3970.62,CREDIT,Myntra,Hyderabad,0.19649718062402008,91,0,NORMAL
8969,94,2026-02-13 21:29:00,5401.44,DEBIT,Apple,Mumbai,0.2843028593903437,103,0,NORMAL
8970,37,2026-03-27 03:28:00,733.03,DEBIT,Shell,Mumbai,-1.3025173703033412,87,0,NORMAL
8971,54,2026-06-19 08:18:00,2630.17,DEBIT,Myntra,Chandigarh,-0.20389822913074498,89,0,NORMAL
8972,15,2026-04-11 03:57:00,1911.73,DEBIT,Swiggy,Delhi,-0.2679174519046078,91,0,NORMAL
8973,46,2026-05-01 15:28:00,2090.99,CREDIT,Myntra,Bangalore,-0.1967066810553856,94,0,NORMAL
8974,98,2026-07-15 23:11:00,2792.72,DEBIT,Netflix,Bangalore,0.02462782439299198,114,0,NORMAL
8975,89,2026-06-28 07:26:00,4836.33,DEBIT,Walmart,Chandigarh,0.28480216360346144,103,0,NORMAL
8976,89,2026-02-27 15:08:00,1583.95,CREDIT,Local Store,Mumbai,-0.33065020919989735,103,0,NORMAL
8977,73,2026-01-08 01:53:00,536.1,DEBIT,Flipkart,Mumbai,-1.23757494828174,111,0,NORMAL
8978,97,2026-07-17 23:06:00,4249.01,DEBIT,Walmart,Delhi,0.90234849175852,96,0,NORMAL
8979,2,2026-02-12 13:36:00,370.84,DEBIT,Shell,Hyderabad,-1.7685154455597665,117,0,NORMAL
8980,21,2026-04-02 01:46:00,3961.65,DEBIT,Walmart,Ludhiana,0.05751584772556037,122,10,NORMAL
8981,70,2026-04-26 16:15:00,2666.95,DEBIT,Amazon,Pune,-0.10221500699237514,90,0,NORMAL
8982,66,2026-02-24 15:29:00,744.89,DEBIT,Uber,Chandigarh,-1.4129671616078454,95,0,NORMAL
8983,34,2026-04-14 06:04:00,3888.26,DEBIT,Apple,Chandigarh,0.7330372765789736,118,0,NORMAL
8984,21,2026-03-05 14:30:00,2147.26,CREDIT,Apple,Bangalore,-0.23407960034300854,122,10,NORMAL
8985,57,2026-06-15 21:07:00,4020.94,CREDIT,Apple,Delhi,0.06632085099760408,107,0,NORMAL
8986,53,2026-06-13 14:31:00,3381.75,DEBIT,Local Store,Hyderabad,0.02495673393954202,105,0,NORMAL
8987,74,2026-02-13 21:53:00,3928.46,CREDIT,Netflix,Chandigarh,-0.03937923830020751,119,0,NORMAL
8988,55,2026-03-02 04:25:00,3303.5,DEBIT,Netflix,Chandigarh,0.6069134985899362,118,0,NORMAL
8989,49,2026-03-16 09:14:00,705.12,DEBIT,Amazon,Ludhiana,-1.2262054711694184,95,0,NORMAL
8990,64,2026-07-25 05:53:00,2599.67,CREDIT,Amazon,Ludhiana,-0.05692274401119189,110,0,NORMAL
8991,9,2026-02-28 17:56:00,1496.01,DEBIT,Swiggy,Mumbai,-0.45367841795194225,84,0,NORMAL
8992,41,2026-07-22 04:58:00,4022.27,CREDIT,Walmart,Bangalore,0.15025620905638032,100,0,NORMAL
8993,56,2026-03-04 01:35:00,4297.51,DEBIT,Flipkart,Hyderabad,0.32450205019038014,101,0,NORMAL
8994,95,2026-04-26 09:17:00,1087.36,DEBIT,Swiggy,Mumbai,-1.0038023147426234,113,0,NORMAL
8995,99,2026-07-17 00:17:00,2664.33,DEBIT,Uber,Ludhiana,-0.0803057898727708,103,0,NORMAL
8996,33,2026-03-03 02:04:00,736.2,CREDIT,Flipkart,Pune,-0.35906548573527075,91,0,NORMAL
8997,17,2026-01-26 07:53:00,750.86,DEBIT,Shell,Mumbai,-0.3481596050055332,97,0,NORMAL
8998,65,2026-04-17 04:18:00,4556.18,DEBIT,Myntra,Ludhiana,0.13818774086147206,112,0,NORMAL
8999,51,2026-03-17 02:03:00,2056.41,DEBIT,Amazon,Mumbai,-0.24482179281109448,108,0,NORMAL
9000,13,2026-04-08 00:37:00,3214.33,DEBIT,Amazon,Ludhiana,0.3056474351726866,101,0,NORMAL
9001,79,2026-06-01 09:55:00,1813.61,DEBIT,Shell,Hyderabad,-0.6059195947297452,122,10,NORMAL
9002,34,2026-02-07 00:44:00,2853.16,DEBIT,Local Store,Pune,-0.003347868387397383,118,0,NORMAL
9003,49,2026-04-16 19:01:00,798.69,DEBIT,Flipkart,Delhi,-1.1545152327375694,95,0,NORMAL
9004,80,2026-04-09 23:09:00,451.11,DEBIT,Local Store,Pune,-0.4778380813493484,84,0,NORMAL
9005,55,2026-04-06 12:38:00,2191.19,CREDIT,Amazon,Bangalore,-0.2440353337517907,118,0,NORMAL
9006,52,2026-05-07 08:00:00,2285.79,CREDIT,Local Store,Hyderabad,-0.14976092995287255,116,0,NORMAL
9007,28,2026-06-18 03:15:00,5376.73,DEBIT,Flipkart,Hyderabad,1.7032267867778483,98,0,NORMAL
9008,23,2026-06-22 12:30:00,3482.06,DEBIT,Uber,Mumbai,0.5482240604610583,96,0,NORMAL
9009,44,2026-03-05 14:33:00,2489.09,DEBIT,Flipkart,Ludhiana,-0.19055562625438133,99,0,NORMAL
9010,32,2026-02-26 23:34:00,2768.67,CREDIT,Uber,Chandigarh,-0.04887877706771768,107,0,NORMAL
9011,22,2026-05-14 03:46:00,2775.58,DEBIT,Flipkart,Pune,-0.14215693053015185,108,0,NORMAL
9012,2,2026-04-26 11:43:00,1198.24,DEBIT,Shell,Mumbai,-1.1744328416187406,117,0,NORMAL
9013,43,2026-05-17 14:13:00,674.28,DEBIT,Myntra,Pune,-0.485576632902172,97,0,NORMAL
9014,63,2026-06-11 14:02:00,3651.32,DEBIT,Flipkart,Delhi,1.0509522077040514,88,0,NORMAL
9015,53,2026-06-25 19:02:00,1777.64,DEBIT,Local Store,Bangalore,-0.32283212725395793,105,0,NORMAL
9016,2,2026-01-15 00:00:00,3263.98,DEBIT,Myntra,Mumbai,0.30879195686462235,117,0,NORMAL
9017,60,2026-05-23 01:21:00,4899.68,DEBIT,Apple,Ludhiana,0.3597554165846701,106,0,NORMAL
9018,2,2026-05-10 13:20:00,2309.63,DEBIT,Apple,Bangalore,-0.37644218994601086,117,0,NORMAL
9019,4,2026-05-12 19:47:00,3704.32,CREDIT,Swiggy,Bangalore,0.861381099313653,105,0,NORMAL
9020,3,2026-07-10 06:26:00,3818.39,DEBIT,Apple,Ludhiana,-0.01078662833440587,94,0,NORMAL
9021,39,2026-07-15 18:52:00,648.45,CREDIT,Netflix,Hyderabad,-0.5707883738736916,101,0,NORMAL
9022,42,2026-02-18 16:51:00,2783.84,DEBIT,Uber,Hyderabad,-0.09933137560398361,104,0,NORMAL
9023,76,2026-04-20 05:59:00,1465.79,DEBIT,Shell,Pune,-0.3818324175631172,74,0,NORMAL
9024,52,2026-07-16 17:25:00,1448.69,DEBIT,Amazon,Bangalore,-0.3226603176227631,116,0,NORMAL
9025,69,2026-04-06 16:53:00,2092.18,DEBIT,Netflix,Bangalore,-0.23166111846119733,112,0,NORMAL
9026,86,2026-03-11 17:00:00,3406.82,DEBIT,Walmart,Chandigarh,0.3898721826352509,76,0,NORMAL
9027,21,2026-04-06 16:02:00,3242.73,DEBIT,Flipkart,Chandigarh,-0.05802369973967897,122,10,NORMAL
9028,26,2026-04-02 08:49:00,2906.17,DEBIT,Myntra,Pune,0.1436364081688842,98,0,NORMAL
9029,76,2026-07-12 01:57:00,5490.11,DEBIT,Shell,Pune,0.44883074549462787,74,0,NORMAL
9030,78,2026-05-02 23:21:00,3532.6,DEBIT,Shell,Hyderabad,0.0746675573492131,102,0,NORMAL
9031,41,2026-07-16 04:45:00,916.01,DEBIT,Shell,Hyderabad,-0.483238273415744,100,0,NORMAL
9032,11,2026-01-16 17:00:00,2555.91,DEBIT,Local Store,Chandigarh,-0.1556132986450576,118,0,NORMAL
9033,43,2026-07-21 14:11:00,373.46,CREDIT,Myntra,Bangalore,-0.546074413985268,97,0,NORMAL
9034,83,2026-03-07 18:54:00,1334.98,DEBIT,Walmart,Chandigarh,-0.281524953051642,101,0,NORMAL
9035,82,2026-04-14 19:53:00,1977.45,DEBIT,Myntra,Pune,-0.2407335923968937,107,0,NORMAL
9036,60,2026-05-05 11:18:00,597.63,DEBIT,Flipkart,Ludhiana,-0.6130271590701603,106,0,NORMAL
9037,93,2026-05-31 19:14:00,3099.12,DEBIT,Apple,Hyderabad,0.13040943807676525,100,0,NORMAL
9038,93,2026-06-19 19:31:00,1990.26,DEBIT,Flipkart,Bangalore,-0.604673125793304,100,0,NORMAL
9039,11,2026-02-24 17:39:00,6938.14,DEBIT,Myntra,Chandigarh,0.4586564846319493,118,0,NORMAL
9040,7,2026-05-06 08:23:00,5537.81,CREDIT,Swiggy,Mumbai,0.3894387899057912,93,0,NORMAL
9041,50,2026-01-21 16:39:00,2334.21,DEBIT,Flipkart,Mumbai,-0.18265471968917904,118,0,NORMAL
9042,58,2026-01-10 15:40:00,3350.21,DEBIT,Amazon,Ludhiana,-0.0014632485223612904,99,0,NORMAL
9043,42,2026-04-12 01:34:00,1660.98,DEBIT,Swiggy,Delhi,-0.3353611852976358,104,0,NORMAL
9044,52,2026-04-23 12:39:00,5454.8,DEBIT,Local Store,Hyderabad,0.5047843914182419,116,0,NORMAL
9045,26,2026-07-16 03:28:00,4449.15,DEBIT,Netflix,Ludhiana,1.134962324547532,98,0,NORMAL
9046,67,2026-03-24 13:14:00,1724.29,CREDIT,Walmart,Bangalore,-0.29843873381228936,98,0,NORMAL
9047,75,2026-03-01 22:11:00,2066.14,DEBIT,Shell,Hyderabad,-0.2831002484469716,89,0,NORMAL
9048,81,2026-05-24 09:10:00,1798.97,DEBIT,Swiggy,Chandigarh,-0.28894471944608535,105,0,NORMAL
9049,42,2026-02-01 22:02:00,1043.19,DEBIT,Amazon,Ludhiana,-0.4652231949254089,104,0,NORMAL
9050,3,2026-01-31 00:14:00,596.49,CREDIT,Amazon,Delhi,-0.4053333467983651,94,0,NORMAL
9051,3,2026-02-02 18:44:00,1606.39,DEBIT,Myntra,Ludhiana,-0.28166323569102086,94,0,NORMAL
9052,2,2026-05-28 20:02:00,3417.02,DEBIT,Apple,Bangalore,0.4186764162641082,117,0,NORMAL
9053,89,2026-02-22 07:11:00,2815.15,DEBIT,Myntra,Pune,-0.09766852766345466,103,0,NORMAL
9054,63,2026-02-23 18:46:00,1974.57,DEBIT,Local Store,Hyderabad,-0.3044360071810905,88,0,NORMAL
9055,38,2026-02-18 11:08:00,4924.33,DEBIT,Local Store,Delhi,1.677488756275183,95,0,NORMAL
9056,47,2026-06-16 05:00:00,5171.62,DEBIT,Flipkart,Ludhiana,0.46468155003558637,103,0,NORMAL
9057,21,2026-05-24 14:06:00,6362.11,CREDIT,Walmart,Chandigarh,0.4433001660202362,122,10,NORMAL
9058,22,2026-03-11 03:41:00,2065.68,DEBIT,Netflix,Ludhiana,-0.2599144662397241,108,0,NORMAL
9059,4,2026-01-17 04:17:00,786.98,DEBIT,Walmart,Chandigarh,-1.4740686989515759,105,0,NORMAL
9060,60,2026-04-23 07:47:00,2450.39,CREDIT,Swiggy,Delhi,-0.1940797630914424,106,0,NORMAL
9061,70,2026-02-12 15:05:00,2313.66,DEBIT,Myntra,Pune,-0.3752898591833551,90,0,NORMAL
9062,42,2026-03-15 14:54:00,525.3,DEBIT,Walmart,Mumbai,-0.574085811941106,104,0,NORMAL
9063,27,2026-07-01 13:23:00,1959.61,DEBIT,Swiggy,Mumbai,-0.5662247327264909,90,0,NORMAL
9064,14,2026-01-11 20:34:00,2628.48,DEBIT,Netflix,Chandigarh,-0.14486611059410484,112,0,NORMAL
9065,45,2026-05-29 16:14:00,1125.02,DEBIT,Swiggy,Ludhiana,-0.3379839875483863,97,0,NORMAL
9066,88,2026-03-11 00:44:00,3489.26,DEBIT,Local Store,Pune,-0.07162744712281505,104,0,NORMAL
9067,59,2026-07-12 15:58:00,5108.45,DEBIT,Swiggy,Delhi,0.20340691791983248,92,0,NORMAL
9068,21,2026-05-31 09:57:00,2372.33,DEBIT,Netflix,Bangalore,-0.19790800135007278,122,10,NORMAL
9069,47,2026-01-25 04:04:00,2787.51,DEBIT,Local Store,Pune,-0.059226084445692544,103,0,NORMAL
9070,73,2026-05-07 17:00:00,1685.58,DEBIT,Uber,Bangalore,-0.4604844377659607,111,0,NORMAL
9071,25,2026-01-31 13:51:00,3927.95,CREDIT,Local Store,Chandigarh,0.7725020857542434,97,0,NORMAL
9072,47,2026-01-22 03:33:00,2072.96,DEBIT,Flipkart,Hyderabad,-0.21624828569420793,103,0,NORMAL
9073,80,2026-07-26 15:44:00,5385.29,DEBIT,Walmart,Bangalore,0.26199768808854595,84,0,NORMAL
9074,41,2026-01-02 15:31:00,1114.65,CREDIT,Uber,Delhi,-0.4427273876565794,100,0,NORMAL
9075,82,2026-06-14 13:59:00,2472.16,DEBIT,Walmart,Mumbai,-0.15813949050347276,107,0,NORMAL
9076,96,2026-04-15 20:52:00,3323.98,DEBIT,Uber,Delhi,0.2974882212446464,96,0,NORMAL
9077,19,2026-05-29 06:35:00,6802.17,DEBIT,Shell,Chandigarh,2.6072848160008824,98,40,REVIEW
9078,78,2026-01-15 17:23:00,3407.72,DEBIT,Amazon,Ludhiana,0.03806906649557,102,0,NORMAL
9079,37,2026-05-01 13:37:00,2800.24,DEBIT,Swiggy,Pune,0.0871679333161648,87,0,NORMAL
9080,67,2026-03-02 05:14:00,2545.28,DEBIT,Local Store,Delhi,-0.1796749892211323,98,0,NORMAL
9081,96,2026-02-02 05:23:00,3637.14,DEBIT,Amazon,Bangalore,0.49254329384672735,96,0,NORMAL
9082,49,2026-02-22 06:29:00,2216.61,DEBIT,Local Store,Mumbai,-0.0681518376612924,95,0,NORMAL
9083,90,2026-03-25 01:19:00,69660.1,DEBIT,Amazon,Hyderabad,5.384881164468146,93,90,HIGH
9084,49,2026-06-29 07:17:00,1091.9,DEBIT,Uber,Pune,-0.9298674309784326,95,0,NORMAL
9085,31,2026-03-10 09:59:00,1146.15,CREDIT,Shell,Pune,-0.3252203547317695,104,0,NORMAL
9086,74,2026-05-02 12:38:00,3268.82,DEBIT,Walmart,Chandigarh,-0.11423732446104698,119,0,NORMAL
9087,47,2026-04-22 11:20:00,4245.42,DEBIT,Shell,Mumbai,0.2611493090498263,103,0,NORMAL
9088,90,2026-05-23 06:18:00,582.69,CREDIT,Uber,Chandigarh,-0.35106516872681426,93,0,NORMAL
9089,32,2026-04-22 18:20:00,3951.14,DEBIT,Netflix,Ludhiana,0.3264753014014093,107,0,NORMAL
9090,30,2026-02-28 17:23:00,1360.67,CREDIT,Uber,Bangalore,-0.37524827598296245,92,0,NORMAL
9091,8,2026-03-27 18:59:00,2525.43,DEBIT,Uber,Mumbai,-0.17896136235323584,91,0,NORMAL
9092,1,2026-05-30 13:59:00,650.2,CREDIT,Apple,Chandigarh,-0.37636358293783395,112,0,NORMAL
9093,62,2026-04-29 22:58:00,2159.24,DEBIT,Apple,Delhi,-0.31987324554527286,102,0,NORMAL
9094,70,2026-03-19 05:17:00,1802.9,DEBIT,Local Store,Chandigarh,-0.7700808566785144,90,0,NORMAL
9095,14,2026-04-11 13:54:00,4515.42,CREDIT,Apple,Mumbai,0.120768030258487,112,0,NORMAL
9096,28,2026-07-16 09:22:00,584.11,CREDIT,Amazon,Hyderabad,-1.566095827240861,98,0,NORMAL
9097,75,2026-05-29 20:51:00,3616.9,DEBIT,Amazon,Delhi,-0.027042646052218636,89,0,NORMAL
9098,94,2026-05-28 03:44:00,1619.57,DEBIT,Shell,Bangalore,-0.35077162499893194,103,0,NORMAL
9099,86,2026-03-01 06:12:00,2259.97,DEBIT,Flipkart,Mumbai,-0.3588106487111506,76,0,NORMAL
9100,60,2026-06-20 05:36:00,3016.25,DEBIT,Flipkart,Bangalore,-0.06612710139293997,106,0,NORMAL
9101,89,2026-03-05 20:43:00,2514.53,CREDIT,Myntra,Chandigarh,-0.15455526670137326,103,0,NORMAL
9102,44,2026-02-23 07:30:00,478.81,DEBIT,Flipkart,Mumbai,-0.42004367348478217,99,0,NORMAL
9103,91,2026-03-10 02:15:00,1588.26,DEBIT,Uber,Delhi,-0.3064252486832449,100,0,NORMAL
9104,55,2026-05-10 08:36:00,2510.8,DEBIT,Uber,Mumbai,0.0004754198193715014,118,0,NORMAL
9105,66,2026-04-15 18:22:00,5440.25,DEBIT,Uber,Pune,1.7490205837716692,95,0,NORMAL
9106,3,2026-04-26 19:45:00,3591.29,DEBIT,Myntra,Chandigarh,-0.03859678996672379,94,0,NORMAL
9107,58,2026-03-31 08:11:00,3762.33,DEBIT,Shell,Chandigarh,0.06971538147325233,99,0,NORMAL
9108,92,2026-03-25 09:22:00,5478.59,DEBIT,Walmart,Chandigarh,0.43217123954715514,119,0,NORMAL
9109,44,2026-04-19 08:01:00,3766.3,DEBIT,Myntra,Chandigarh,-0.044752838183495576,99,0,NORMAL
9110,84,2026-06-08 04:05:00,3392.11,DEBIT,Flipkart,Ludhiana,-0.053046104527382384,95,0,NORMAL
9111,46,2026-04-20 05:38:00,1584.18,CREDIT,Swiggy,Hyderabad,-0.2798395599758101,94,0,NORMAL
9112,80,2026-07-21 18:53:00,3544.08,DEBIT,Local Store,Chandigarh,-0.014075138003478545,84,0,NORMAL
9113,29,2026-04-27 18:17:00,2515.6,CREDIT,Shell,Delhi,-0.05270262316984081,99,0,NORMAL
9114,35,2026-04-24 13:58:00,2442.52,DEBIT,Uber,Ludhiana,-0.28066841247276747,103,0,NORMAL
9115,68,2026-01-08 16:19:00,4762.31,DEBIT,Myntra,Bangalore,0.3803329764984337,100,0,NORMAL
9116,4,2026-05-07 09:21:00,2489.48,DEBIT,Flipkart,Bangalore,-0.11114792813070759,105,0,NORMAL
9117,13,2026-02-14 15:29:00,980.91,DEBIT,Shell,Ludhiana,-1.2339081404523389,101,0,NORMAL
9118,52,2026-01-19 17:48:00,52272.09,DEBIT,Uber,Bangalore,10.174693331047544,116,90,HIGH
9119,48,2026-07-03 01:30:00,2784.49,DEBIT,Myntra,Hyderabad,-0.1638133333517382,102,0,NORMAL
9120,17,2026-01-30 05:29:00,65463.46,DEBIT,Shell,Chandigarh,7.11288345549732,97,90,HIGH
9121,65,2026-04-05 23:02:00,1919.37,DEBIT,Uber,Delhi,-0.21214204231737666,112,0,NORMAL
9122,50,2026-01-26 04:18:00,921.41,DEBIT,Walmart,Chandigarh,-0.3589190149433442,118,0,NORMAL
9123,80,2026-03-31 20:18:00,2608.54,DEBIT,Flipkart,Hyderabad,-0.15435091953960567,84,0,NORMAL
9124,20,2026-02-15 15:34:00,4517.93,CREDIT,Walmart,Ludhiana,0.040603550158520164,98,0,NORMAL
9125,39,2026-04-01 00:47:00,4998.26,DEBIT,Uber,Chandigarh,0.4664335746644307,101,0,NORMAL
9126,91,2026-06-22 12:31:00,1172.89,CREDIT,Netflix,Mumbai,-0.356301285565832,100,0,NORMAL
9127,44,2026-03-07 21:05:00,3279.98,DEBIT,Netflix,Hyderabad,-0.10026979459209963,99,0,NORMAL
9128,5,2026-04-19 23:21:00,5590.16,DEBIT,Shell,Ludhiana,2.098442308051152,87,40,REVIEW
9129,73,2026-03-16 09:37:00,3363.16,DEBIT,Walmart,Chandigarh,0.6736209826250515,111,0,NORMAL
9130,18,2026-01-21 21:42:00,3319.99,DEBIT,Apple,Hyderabad,0.19012807201291454,96,0,NORMAL
9131,51,2026-05-21 15:22:00,1688.84,DEBIT,Myntra,Hyderabad,-0.3017918088966662,108,0,NORMAL
9132,3,2026-06-30 04:48:00,2033.5,DEBIT,Shell,Hyderabad,-0.22936029366204985,94,0,NORMAL
9133,27,2026-03-11 00:22:00,1893.8,DEBIT,Walmart,Ludhiana,-0.6129562563983834,90,0,NORMAL
9134,14,2026-05-11 17:05:00,1211.19,DEBIT,Apple,Chandigarh,-0.34438523228794243,112,0,NORMAL
9135,1,2026-02-07 14:54:00,3562.78,DEBIT,Netflix,Bangalore,-0.06425680177779591,112,0,NORMAL
9136,84,2026-05-05 12:37:00,3717.12,DEBIT,Apple,Pune,-0.013091018600597913,95,0,NORMAL
9137,1,2026-02-09 21:25:00,2817.29,CREDIT,Shell,Hyderabad,-0.14414215575502462,112,0,NORMAL
9138,88,2026-04-09 07:27:00,1891.91,DEBIT,Netflix,Chandigarh,-0.23701717726635102,104,0,NORMAL
9139,71,2026-03-27 03:52:00,3884.91,DEBIT,Local Store,Bangalore,0.8676059433368827,99,0,NORMAL
9140,71,2026-02-18 16:45:00,4090.86,CREDIT,Amazon,Hyderabad,1.0062871232187802,99,0,NORMAL
9141,57,2026-07-08 14:38:00,4878.18,DEBIT,Apple,Bangalore,0.19464356403911148,107,0,NORMAL
9142,69,2026-02-28 20:13:00,1249.61,DEBIT,Myntra,Pune,-0.31157433854353467,112,0,NORMAL
9143,62,2026-01-20 19:09:00,4654.17,DEBIT,Swiggy,Hyderabad,1.4502813486796444,102,0,NORMAL
9144,56,2026-03-06 09:14:00,3896.6,DEBIT,Myntra,Ludhiana,0.22010808010806626,101,0,NORMAL
9145,25,2026-05-08 18:01:00,3781.29,CREDIT,Walmart,Pune,0.6770702122768383,97,0,NORMAL
9146,76,2026-04-19 04:22:00,535.89,DEBIT,Uber,Delhi,-0.5737738325915934,74,0,NORMAL
9147,94,2026-06-01 10:02:00,5894.47,DEBIT,Netflix,Pune,0.3670954389973754,103,0,NORMAL
9148,36,2026-06-28 09:16:00,868.06,CREDIT,Walmart,Delhi,-0.3602202688402487,85,0,NORMAL
9149,88,2026-05-06 22:11:00,3485.36,CREDIT,Apple,Mumbai,-0.07203125339417686,104,0,NORMAL
9150,30,2026-03-18 17:35:00,3147.47,DEBIT,Apple,Ludhiana,0.020237104436515736,92,0,NORMAL
9151,59,2026-07-05 13:47:00,943.17,DEBIT,Netflix,Mumbai,-0.3871468568385589,92,0,NORMAL
9152,21,2026-03-22 12:25:00,5816.9,CREDIT,Flipkart,Delhi,0.3556780151918782,122,10,NORMAL
9153,24,2026-05-25 00:18:00,5969.28,DEBIT,Local Store,Delhi,2.030181945760443,95,40,REVIEW
9154,25,2026-02-10 07:10:00,2349.82,DEBIT,Netflix,Chandigarh,-0.25438938084126567,97,0,NORMAL
9155,2,2026-05-02 22:59:00,2796.14,DEBIT,Uber,Mumbai,-0.027122480442326645,117,0,NORMAL
9156,24,2026-02-28 07:28:00,2639.13,CREDIT,Amazon,Delhi,-0.0928466951105728,95,0,NORMAL
9157,94,2026-02-18 08:57:00,1657.06,CREDIT,Amazon,Mumbai,-0.3444760774471245,103,0,NORMAL
9158,29,2026-03-18 18:06:00,3090.34,DEBIT,Shell,Bangalore,0.3178324390348787,99,0,NORMAL
9159,48,2026-01-20 18:45:00,5242.5,DEBIT,Uber,Delhi,0.12635128420399522,102,0,NORMAL
9160,41,2026-07-17 17:08:00,2800.94,DEBIT,Netflix,Chandigarh,-0.0988233323463611,100,0,NORMAL
9161,49,2026-05-04 08:43:00,2184.53,DEBIT,Shell,Chandigarh,-0.09273047236144959,95,0,NORMAL
9162,94,2026-01-26 19:33:00,4664.17,DEBIT,Local Store,Ludhiana,0.160496021739742,103,0,NORMAL
9163,62,2026-03-22 01:06:00,3955.18,DEBIT,Apple,Bangalore,0.9543474508078504,102,0,NORMAL
9164,41,2026-02-28 20:10:00,2465.2,DEBIT,Local Store,Chandigarh,-0.16729456062254894,100,0,NORMAL
9165,64,2026-02-26 20:35:00,2143.09,DEBIT,Shell,Mumbai,-0.359132119002662,110,0,NORMAL
9166,12,2026-05-24 09:54:00,2797.39,DEBIT,Walmart,Chandigarh,-0.15106427857136343,99,0,NORMAL
9167,54,2026-01-13 15:06:00,2318.96,CREDIT,Local Store,Delhi,-0.24335001094410527,89,0,NORMAL
9168,13,2026-05-19 00:49:00,2453.28,DEBIT,Shell,Mumbai,-0.21896449219853117,101,0,NORMAL
9169,38,2026-04-05 08:31:00,3141.16,DEBIT,Local Store,Delhi,0.3783840061358029,95,0,NORMAL
9170,10,2026-04-05 21:38:00,4687.09,CREDIT,Amazon,Hyderabad,0.060298987042319584,91,0,NORMAL
9171,55,2026-03-08 01:57:00,2090.16,DEBIT,Swiggy,Chandigarh,-0.32132616142706544,118,0,NORMAL
9172,88,2026-04-10 13:57:00,4361.37,DEBIT,Local Store,Delhi,0.01867088295855664,104,0,NORMAL
9173,59,2026-04-05 22:02:00,2141.17,DEBIT,Flipkart,Chandigarh,-0.21729430859196971,92,0,NORMAL
9174,22,2026-04-20 22:43:00,4676.33,DEBIT,Local Store,Bangalore,0.1731376687091345,108,0,NORMAL
9175,55,2026-03-19 18:58:00,5589.06,DEBIT,Amazon,Ludhiana,2.3554319990502015,118,40,REVIEW
9176,39,2026-07-26 15:30:00,3342.69,DEBIT,Swiggy,Chandigarh,0.07165919570506021,101,0,NORMAL
9177,53,2026-03-03 02:01:00,5681.07,DEBIT,Apple,Ludhiana,0.5234748432459102,105,0,NORMAL
9178,71,2026-04-19 16:36:00,2367.74,DEBIT,Apple,Delhi,-0.15401544865835082,99,0,NORMAL
9179,40,2026-03-16 12:36:00,2540.81,DEBIT,Shell,Ludhiana,-0.11649496631353964,109,0,NORMAL
9180,20,2026-02-06 17:52:00,1175.44,DEBIT,Apple,Pune,-0.3126452419455557,98,0,NORMAL
9181,77,2026-02-28 02:14:00,1249.53,DEBIT,Local Store,Delhi,-0.9133356442206655,84,0,NORMAL
9182,67,2026-01-30 05:22:00,4840.0,DEBIT,Swiggy,Pune,0.15227733661501663,98,0,NORMAL
9183,85,2026-06-13 02:48:00,2294.44,CREDIT,Shell,Chandigarh,-0.3761276085692482,89,0,NORMAL
9184,68,2026-01-02 04:22:00,4918.05,DEBIT,Myntra,Delhi,0.4177360631198173,100,0,NORMAL
9185,69,2026-02-11 17:44:00,1142.62,DEBIT,Shell,Mumbai,-0.3217217629908913,112,0,NORMAL
9186,51,2026-01-30 21:31:00,4660.03,DEBIT,Shell,Pune,0.15871569196926366,108,0,NORMAL
9187,98,2026-07-28 01:44:00,2900.83,DEBIT,Shell,Pune,0.10435910149055788,114,0,NORMAL
9188,60,2026-05-08 16:49:00,1779.99,CREDIT,Apple,Delhi,-0.3456710832106874,106,0,NORMAL
9189,74,2026-07-14 11:58:00,906.08,DEBIT,Flipkart,Pune,-0.38236872112538195,119,0,NORMAL
9190,16,2026-04-16 02:19:00,2596.19,CREDIT,Uber,Chandigarh,-0.07611694439134897,95,0,NORMAL
9191,11,2026-05-11 07:09:00,2225.42,DEBIT,Walmart,Mumbai,-0.2019390325009296,118,0,NORMAL
9192,22,2026-07-02 13:44:00,3459.33,DEBIT,Local Store,Pune,-0.0287371319086277,108,0,NORMAL
9193,100,2026-03-27 21:18:00,4423.68,DEBIT,Flipkart,Chandigarh,1.220963734183429,87,0,NORMAL
9194,88,2026-07-22 15:20:00,1655.59,CREDIT,Local Store,Delhi,-0.2614857665094852,104,0,NORMAL
9195,5,2026-05-27 08:53:00,505.94,DEBIT,Amazon,Hyderabad,-1.287438997966811,87,0,NORMAL
9196,98,2026-02-24 20:48:00,768.93,CREDIT,Shell,Pune,-1.467920147832359,114,0,NORMAL
9197,46,2026-06-16 14:17:00,1360.77,CREDIT,Uber,Chandigarh,-0.3164858701899181,94,0,NORMAL
9198,100,2026-05-02 22:48:00,3228.26,DEBIT,Amazon,Ludhiana,0.38009539981192564,87,0,NORMAL
9199,10,2026-05-13 04:41:00,51581.14,DEBIT,Amazon,Mumbai,5.750857851736081,91,90,HIGH
9200,88,2026-03-19 12:34:00,2791.46,DEBIT,Flipkart,Bangalore,-0.1438777076757054,104,0,NORMAL
9201,86,2026-07-12 07:49:00,778.48,DEBIT,Uber,Mumbai,-1.3259520602395805,76,0,NORMAL
9202,47,2026-07-13 23:39:00,2534.16,DEBIT,Shell,Chandigarh,-0.11489968977255759,103,0,NORMAL
9203,51,2026-04-13 21:12:00,3995.24,CREDIT,Shell,Pune,0.055679271713183945,108,0,NORMAL
9204,37,2026-02-24 02:37:00,618.31,DEBIT,Netflix,Bangalore,-1.3796380779388644,87,0,NORMAL
9205,73,2026-07-01 22:55:00,1518.22,DEBIT,Amazon,Pune,-0.5736259172522682,111,0,NORMAL
9206,51,2026-05-02 15:13:00,1654.82,DEBIT,Uber,Chandigarh,-0.3070646003302194,108,0,NORMAL
9207,35,2026-07-08 16:43:00,3934.02,DEBIT,Shell,Chandigarh,0.7904530482882856,103,0,NORMAL
9208,8,2026-06-07 10:49:00,2810.06,DEBIT,Uber,Hyderabad,-0.14624982085649046,91,0,NORMAL
9209,80,2026-06-29 10:54:00,2108.53,DEBIT,Amazon,Pune,-0.2293229074031699,84,0,NORMAL
9210,7,2026-02-12 21:52:00,3070.87,DEBIT,Apple,Chandigarh,-0.03822065167157184,93,0,NORMAL
9211,74,2026-05-09 07:52:00,921.99,CREDIT,Swiggy,Pune,-0.3805632027353223,119,0,NORMAL
9212,6,2026-07-03 03:49:00,982.2,CREDIT,Flipkart,Ludhiana,-1.1096725868491266,117,0,NORMAL
9213,98,2026-03-26 00:54:00,2991.47,DEBIT,Uber,Bangalore,0.17120622900996732,114,0,NORMAL
9214,80,2026-03-20 09:57:00,2440.36,DEBIT,Local Store,Mumbai,-0.1795679930359242,84,0,NORMAL
9215,6,2026-07-25 00:49:00,1404.48,DEBIT,Netflix,Mumbai,-0.840403088037422,117,0,NORMAL
9216,49,2026-07-17 05:54:00,4030.48,DEBIT,Swiggy,Delhi,1.3215753482356596,95,0,NORMAL
9217,81,2026-02-18 05:32:00,1449.97,CREDIT,Netflix,Hyderabad,-0.3369060910165457,105,0,NORMAL
9218,51,2026-07-10 23:00:00,3301.23,DEBIT,Amazon,Pune,-0.05188598351316102,108,0,NORMAL
9219,28,2026-07-18 05:53:00,1750.78,DEBIT,Amazon,Chandigarh,-0.770242908775135,98,0,NORMAL
9220,37,2026-02-23 08:54:00,5111.53,CREDIT,Amazon,Bangalore,1.6409364161518363,87,0,NORMAL
9221,53,2026-05-21 08:19:00,1816.0,DEBIT,Netflix,Chandigarh,-0.3145152532768724,105,0,NORMAL
9222,25,2026-02-11 06:31:00,5836.16,DEBIT,Netflix,Ludhiana,2.0141770843109,97,40,REVIEW
9223,19,2026-01-22 03:50:00,4875.39,DEBIT,Apple,Hyderabad,1.3288567471047485,98,0,NORMAL
9224,24,2026-07-27 19:08:00,484.83,DEBIT,Shell,Hyderabad,-1.4662504760298798,95,0,NORMAL
9225,24,2026-03-20 05:54:00,4109.95,DEBIT,Myntra,Pune,0.8448266786311227,95,0,NORMAL
9226,6,2026-03-26 09:03:00,5976.41,DEBIT,Netflix,Bangalore,2.0749168411616785,117,40,REVIEW
9227,99,2026-06-29 23:26:00,2169.24,DEBIT,Myntra,Pune,-0.23424747407588078,103,0,NORMAL
9228,95,2026-03-07 01:44:00,1162.77,DEBIT,Local Store,Mumbai,-0.9557976532013717,113,0,NORMAL
9229,76,2026-01-25 17:33:00,3178.86,CREDIT,Netflix,Mumbai,-0.02823624610077534,74,0,NORMAL
9230,57,2026-06-22 16:29:00,429.9,DEBIT,Apple,Pune,-0.4712322210015731,107,0,NORMAL
9231,1,2026-06-22 00:46:00,3691.31,DEBIT,Apple,Ludhiana,-0.05048376049395149,112,0,NORMAL
9232,82,2026-03-24 05:31:00,808.69,CREDIT,Local Store,Mumbai,-0.43586343114879833,107,0,NORMAL
9233,69,2026-04-24 15:33:00,1303.96,DEBIT,Local Store,Mumbai,-0.30641953418131546,112,0,NORMAL
9234,70,2026-07-24 05:47:00,3492.13,CREDIT,Netflix,Delhi,0.5356063480727354,90,0,NORMAL
9235,31,2026-04-01 22:17:00,2521.39,DEBIT,Shell,Mumbai,-0.13364316192578377,104,0,NORMAL
9236,31,2026-03-14 08:29:00,2936.57,DEBIT,Swiggy,Delhi,-0.0758066978110189,104,0,NORMAL
9237,39,2026-04-16 01:23:00,4752.28,DEBIT,Flipkart,Chandigarh,0.4077790920775113,101,0,NORMAL
9238,12,2026-07-04 09:33:00,48315.62,DEBIT,Walmart,Ludhiana,5.398457866495723,99,90,HIGH
9239,15,2026-04-16 00:34:00,4719.22,DEBIT,Uber,Hyderabad,0.3653555430964839,91,0,NORMAL
9240,75,2026-01-24 02:48:00,1367.57,CREDIT,Local Store,Chandigarh,-0.39844637505902164,89,0,NORMAL
9241,96,2026-07-10 06:45:00,2439.54,DEBIT,Local Store,Mumbai,-0.2533947408583827,96,0,NORMAL
9242,83,2026-01-15 02:44:00,1741.45,DEBIT,Shell,Ludhiana,-0.21820831021482862,101,0,NORMAL
9243,67,2026-02-21 13:56:00,4495.83,DEBIT,Myntra,Bangalore,0.10248998478863809,98,0,NORMAL
9244,95,2026-01-13 14:29:00,2131.67,DEBIT,Walmart,Ludhiana,-0.33901318738359343,113,0,NORMAL
9245,98,2026-04-22 18:58:00,2292.42,DEBIT,Apple,Bangalore,-0.3443441294680028,114,0,NORMAL
9246,20,2026-02-20 11:38:00,2450.41,DEBIT,Apple,Ludhiana,-0.17790090090970118,98,0,NORMAL
9247,98,2026-06-23 03:23:00,2042.85,DEBIT,Myntra,Delhi,-0.5284023555825113,114,0,NORMAL
9248,20,2026-03-11 02:35:00,1063.1,DEBIT,Walmart,Delhi,-0.32451781876851465,98,0,NORMAL
9249,78,2026-01-04 20:38:00,726.33,CREDIT,Apple,Pune,-0.7477639523228957,102,0,NORMAL
9250,31,2026-03-05 16:48:00,3959.64,DEBIT,Netflix,Bangalore,0.06671161073441303,104,0,NORMAL
9251,12,2026-02-22 13:15:00,625.22,CREDIT,Flipkart,Delhi,-0.4158923599323999,99,0,NORMAL
9252,42,2026-02-08 17:36:00,2766.47,DEBIT,Amazon,Chandigarh,-0.10298262134644377,104,0,NORMAL
9253,98,2026-07-19 13:56:00,1343.95,CREDIT,Myntra,Hyderabad,-1.04384208884945,114,0,NORMAL
9254,60,2026-07-16 14:34:00,3331.3,CREDIT,Local Store,Chandigarh,0.005112226476344319,106,0,NORMAL
9255,12,2026-03-10 01:46:00,4746.46,DEBIT,Local Store,Chandigarh,0.08656374710726922,99,0,NORMAL
9256,17,2026-03-03 22:43:00,3162.5,DEBIT,Local Store,Chandigarh,-0.07010942796997754,97,0,NORMAL
9257,47,2026-04-23 08:33:00,3650.19,CREDIT,Walmart,Delhi,0.13034765087453584,103,0,NORMAL
9258,93,2026-02-24 15:07:00,611.44,DEBIT,Flipkart,Ludhiana,-1.51871686505284,100,0,NORMAL
9259,82,2026-05-31 13:49:00,1592.27,DEBIT,Shell,Mumbai,-0.3050411587838839,107,0,NORMAL
9260,42,2026-02-25 08:05:00,4837.63,DEBIT,Shell,Ludhiana,0.33238376506424383,104,0,NORMAL
9261,4,2026-05-13 18:46:00,3938.57,CREDIT,Apple,Chandigarh,1.0489077898069208,105,0,NORMAL
9262,73,2026-07-04 05:22:00,918.13,CREDIT,Apple,Pune,-0.9793086994280467,111,0,NORMAL
9263,83,2026-01-06 05:33:00,1446.96,DEBIT,Apple,Mumbai,-0.26408160504350764,101,0,NORMAL
9264,7,2026-01-08 22:59:00,7532.31,DEBIT,Shell,Hyderabad,0.7351978096736211,93,0,NORMAL
9265,57,2026-03-23 16:24:00,3310.37,DEBIT,Uber,Mumbai,-0.04004640928645163,107,0,NORMAL
9266,96,2026-02-12 02:39:00,2274.71,DEBIT,Netflix,Mumbai,-0.3560608783504028,96,0,NORMAL
9267,87,2026-01-27 21:47:00,1255.95,DEBIT,Amazon,Mumbai,-1.01337935839455,85,0,NORMAL
9268,62,2026-02-21 16:25:00,3763.05,DEBIT,Netflix,Hyderabad,0.8180310803331546,102,0,NORMAL
9269,28,2026-01-09 13:11:00,2206.23,CREDIT,Swiggy,Mumbai,-0.4595541864155861,98,0,NORMAL
9270,60,2026-05-15 17:13:00,2222.15,DEBIT,Myntra,Delhi,-0.24568955262607314,106,0,NORMAL
9271,66,2026-05-24 03:27:00,5749.98,DEBIT,Amazon,Bangalore,1.9576014943677462,95,0,NORMAL
9272,13,2026-05-05 09:45:00,1730.36,DEBIT,Apple,Mumbai,-0.7172924003979938,101,0,NORMAL
9273,92,2026-07-03 03:16:00,2495.35,DEBIT,Local Store,Mumbai,-0.19118026390796924,119,0,NORMAL
9274,40,2026-06-14 18:58:00,3316.84,DEBIT,Apple,Pune,0.01544947890876953,109,0,NORMAL
9275,54,2026-04-10 02:45:00,3226.77,DEBIT,Amazon,Mumbai,-0.12826784119381898,89,0,NORMAL
9276,6,2026-05-04 09:28:00,2929.22,CREDIT,Shell,Hyderabad,0.13185696599819,117,0,NORMAL
9277,11,2026-05-05 22:49:00,2225.85,DEBIT,Amazon,Hyderabad,-0.20187875816416292,118,0,NORMAL
9278,56,2026-07-14 22:12:00,1310.17,DEBIT,Amazon,Pune,-0.4533789769371531,101,0,NORMAL
9279,96,2026-04-02 13:23:00,2285.8,CREDIT,Netflix,Chandigarh,-0.3491533526282253,96,0,NORMAL
9280,26,2026-03-16 12:33:00,1262.32,DEBIT,Shell,Chandigarh,-0.9124959510574445,98,0,NORMAL
9281,95,2026-01-22 14:06:00,3701.38,DEBIT,Uber,Mumbai,0.6602362128009711,113,0,NORMAL
9282,2,2026-03-11 04:10:00,4057.02,DEBIT,Shell,Pune,0.8782036902818221,117,0,NORMAL
9283,39,2026-02-25 16:45:00,5298.06,DEBIT,Myntra,Ludhiana,0.5379215569376171,101,0,NORMAL
9284,48,2026-04-12 22:33:00,708.55,CREDIT,Swiggy,Bangalore,-0.408875125683197,102,0,NORMAL
9285,10,2026-04-03 20:19:00,2339.71,DEBIT,Swiggy,Delhi,-0.2245538688702075,91,0,NORMAL
9286,81,2026-04-07 14:45:00,665.37,DEBIT,Amazon,Pune,-0.44472985071334553,105,0,NORMAL
9287,59,2026-06-13 17:39:00,2589.69,DEBIT,Myntra,Hyderabad,-0.15370310246545874,92,0,NORMAL
9288,10,2026-01-22 19:28:00,4077.34,DEBIT,Walmart,Pune,-0.013693732028586448,91,0,NORMAL
9289,4,2026-06-10 16:00:00,3206.33,DEBIT,Netflix,Bangalore,0.4627197691162465,105,0,NORMAL
9290,78,2026-03-05 18:03:00,3141.77,DEBIT,Walmart,Bangalore,-0.03987270674695378,102,0,NORMAL
9291,47,2026-04-27 16:12:00,1548.13,CREDIT,Netflix,Delhi,-0.33157955975656644,103,0,NORMAL
9292,64,2026-07-18 21:45:00,2530.53,DEBIT,Swiggy,Delhi,-0.10268636963410618,110,0,NORMAL
9293,24,2026-01-18 03:09:00,7118.82,CREDIT,Amazon,Mumbai,2.7630337223551513,95,40,REVIEW
9294,41,2026-05-02 15:32:00,5519.24,DEBIT,Shell,Delhi,0.45555011086314984,100,0,NORMAL
9295,69,2026-06-22 04:40:00,1638.43,DEBIT,Apple,Delhi,-0.2746968586517578,112,0,NORMAL
9296,86,2026-06-27 18:32:00,2939.61,DEBIT,Shell,Pune,0.08486969265543476,76,0,NORMAL
9297,34,2026-01-14 20:22:00,5290.81,DEBIT,Uber,Hyderabad,1.7308316781561963,118,0,NORMAL
9298,56,2026-04-20 19:13:00,1676.4,DEBIT,Local Store,Mumbai,-0.3580154198713633,101,0,NORMAL
9299,69,2026-04-12 09:00:00,3425.26,DEBIT,Apple,Chandigarh,-0.10522567045407352,112,0,NORMAL
9300,60,2026-06-26 13:17:00,4236.22,CREDIT,Local Store,Chandigarh,0.20973337415281695,106,0,NORMAL
9301,79,2026-02-24 20:57:00,4802.95,DEBIT,Amazon,Bangalore,1.4463570663709235,122,10,NORMAL
9302,48,2026-05-14 13:24:00,2326.24,CREDIT,Myntra,Delhi,-0.21790910025053636,102,0,NORMAL
9303,33,2026-01-05 01:03:00,4610.46,DEBIT,Apple,Mumbai,0.048023467256966434,91,0,NORMAL
9304,33,2026-05-12 16:17:00,2910.32,DEBIT,Local Store,Ludhiana,-0.13061921871150806,91,0,NORMAL
9305,66,2026-03-22 06:40:00,3768.85,DEBIT,Netflix,Pune,0.6234527215359044,95,0,NORMAL
9306,64,2026-04-06 19:31:00,3294.08,DEBIT,Amazon,Mumbai,0.4027058251066555,110,0,NORMAL
9307,78,2026-01-03 16:50:00,642.51,DEBIT,Netflix,Ludhiana,-0.7723290188135455,102,0,NORMAL
9308,12,2026-01-05 12:54:00,807.93,DEBIT,Myntra,Bangalore,-0.39361659940469035,99,0,NORMAL
9309,48,2026-06-01 13:48:00,2761.5,DEBIT,Netflix,Bangalore,-0.16652727046249294,102,0,NORMAL
9310,65,2026-04-15 20:00:00,2040.57,DEBIT,Netflix,Delhi,-0.19603926292816146,112,0,NORMAL
9311,43,2026-06-24 07:31:00,2215.93,DEBIT,Flipkart,Bangalore,-0.17553606310377146,97,0,NORMAL
9312,3,2026-03-25 10:45:00,3019.9,DEBIT,Shell,Mumbai,-0.10856794036342189,94,0,NORMAL
9313,68,2026-06-16 10:49:00,1577.8,DEBIT,Walmart,Ludhiana,-0.3844705638679629,100,0,NORMAL
9314,42,2026-01-11 12:03:00,2850.47,DEBIT,Myntra,Mumbai,-0.0853254744053587,104,0,NORMAL
9315,19,2026-04-18 02:55:00,5402.45,DEBIT,Uber,Ludhiana,1.6785636664169667,98,0,NORMAL
9316,40,2026-05-31 18:30:00,2873.81,DEBIT,Netflix,Hyderabad,-0.05987666514086727,109,0,NORMAL
9317,81,2026-03-18 04:42:00,3900.9,DEBIT,Uber,Mumbai,-8.670871514647455e-05,105,0,NORMAL
9318,68,2026-02-16 04:06:00,1038.99,DEBIT,Myntra,Delhi,-0.5138731393300647,100,0,NORMAL
9319,40,2026-04-17 11:55:00,3358.12,DEBIT,Amazon,Mumbai,0.022468107955039503,109,0,NORMAL
9320,49,2026-03-07 17:43:00,3161.25,DEBIT,Apple,Bangalore,0.6556000788959563,95,0,NORMAL
9321,72,2026-01-11 14:32:00,5616.26,DEBIT,Shell,Delhi,1.6896843840826548,98,0,NORMAL
9322,65,2026-07-15 06:40:00,2815.73,DEBIT,Amazon,Hyderabad,-0.09305056266954732,112,0,NORMAL
9323,42,2026-07-10 01:00:00,4028.38,DEBIT,Uber,Chandigarh,0.16227607265861177,104,0,NORMAL
9324,29,2026-04-08 01:20:00,2195.2,CREDIT,Local Store,Delhi,-0.2592646058583471,99,0,NORMAL
9325,76,2026-01-25 00:35:00,2579.81,DEBIT,Netflix,Hyderabad,-0.15188664364116536,74,0,NORMAL
9326,19,2026-02-24 12:51:00,1385.17,DEBIT,Walmart,Pune,-0.9869215019027484,98,0,NORMAL
9327,37,2026-03-10 20:41:00,5565.96,DEBIT,Netflix,Chandigarh,1.9464277269155288,87,0,NORMAL
9328,8,2026-04-28 06:20:00,1383.07,CREDIT,Flipkart,Hyderabad,-0.310248846259437,91,0,NORMAL
9329,97,2026-04-07 12:51:00,4064.04,DEBIT,Walmart,Hyderabad,0.7707779724007562,96,0,NORMAL
9330,83,2026-02-10 07:45:00,2778.05,CREDIT,Shell,Delhi,-0.056735060123454695,101,0,NORMAL
9331,96,2026-03-10 15:08:00,2521.75,CREDIT,Local Store,Hyderabad,-0.20218935856620907,96,0,NORMAL
9332,55,2026-05-14 03:16:00,2681.57,DEBIT,Walmart,Pune,0.13111933392514838,118,0,NORMAL
9333,34,2026-06-13 00:53:00,1390.24,CREDIT,Apple,Bangalore,-1.0440903630972833,118,0,NORMAL
9334,85,2026-05-08 01:22:00,2537.5,DEBIT,Local Store,Pune,-0.2291388196866983,89,0,NORMAL
9335,97,2026-03-11 06:58:00,3370.92,DEBIT,Netflix,Chandigarh,0.27775662635948917,96,0,NORMAL
9336,89,2026-03-15 06:07:00,4085.7,DEBIT,Flipkart,Hyderabad,0.14275940888310734,103,0,NORMAL
9337,30,2026-07-01 16:44:00,2968.54,DEBIT,Amazon,Pune,-0.0193667679154303,92,0,NORMAL
9338,8,2026-03-17 01:08:00,3844.42,DEBIT,Amazon,Bangalore,-0.027374403428343214,91,0,NORMAL
9339,22,2026-02-24 07:46:00,5659.74,DEBIT,Netflix,Delhi,0.33626478265778975,108,0,NORMAL
9340,7,2026-04-27 10:26:00,811.15,DEBIT,Myntra,Bangalore,-0.4299572132909053,93,0,NORMAL
9341,62,2026-03-24 22:58:00,1616.58,DEBIT,Flipkart,Mumbai,-0.7048908981856649,102,0,NORMAL
9342,13,2026-04-19 10:57:00,2671.64,DEBIT,Amazon,Mumbai,-0.06844315922332722,101,0,NORMAL
9343,65,2026-03-16 02:28:00,3629.21,DEBIT,Apple,Ludhiana,0.015029379389353326,112,0,NORMAL
9344,89,2026-06-23 02:34:00,2620.59,DEBIT,Local Store,Mumbai,-0.1344853859803246,103,0,NORMAL
9345,47,2026-03-01 15:32:00,1303.16,CREDIT,Walmart,Pune,-0.38541166197453414,103,0,NORMAL
9346,42,2026-06-01 17:37:00,928.25,DEBIT,Uber,Hyderabad,-0.48938405765646037,104,0,NORMAL
9347,53,2026-02-27 12:32:00,3224.01,DEBIT,Swiggy,Pune,-0.009243049719098978,105,0,NORMAL
9348,62,2026-01-24 18:41:00,892.45,DEBIT,Local Store,Delhi,-1.2186616437841742,102,0,NORMAL
9349,53,2026-06-16 14:29:00,2437.12,DEBIT,Myntra,Bangalore,-0.17984953991275981,105,0,NORMAL
9350,76,2026-04-07 14:34:00,2505.16,DEBIT,Myntra,Chandigarh,-0.16729521083320295,74,0,NORMAL
9351,95,2026-06-11 01:56:00,1336.0,CREDIT,Swiggy,Ludhiana,-0.8455225236589898,113,0,NORMAL
9352,59,2026-02-20 02:41:00,2466.99,DEBIT,Myntra,Chandigarh,-0.17109951955215033,92,0,NORMAL
9353,20,2026-01-19 04:56:00,3871.02,DEBIT,Swiggy,Mumbai,-0.027764695101764186,98,0,NORMAL
9354,5,2026-07-13 04:50:00,891.96,DEBIT,Uber,Mumbai,-1.0303655625629429,87,0,NORMAL
9355,91,2026-01-28 18:05:00,1552.09,DEBIT,Myntra,Ludhiana,-0.3107684035910215,100,0,NORMAL
9356,63,2026-05-13 21:18:00,2340.11,DEBIT,Swiggy,Mumbai,-0.00895450542524435,88,0,NORMAL
9357,80,2026-02-07 16:21:00,1965.36,DEBIT,Swiggy,Mumbai,-0.25078995706702967,84,0,NORMAL
9358,50,2026-07-11 11:49:00,4697.22,CREDIT,Myntra,Chandigarh,0.11216003988651807,118,0,NORMAL
9359,29,2026-06-18 07:18:00,1444.1,DEBIT,Netflix,Bangalore,-0.743499016586615,99,0,NORMAL
9360,39,2026-05-05 22:44:00,1977.7,DEBIT,Amazon,Delhi,-0.25382573065610303,101,0,NORMAL
9361,80,2026-03-01 14:22:00,1560.12,CREDIT,Local Store,Mumbai,-0.3115520385490616,84,0,NORMAL
9362,83,2026-02-06 02:36:00,1995.61,CREDIT,Swiggy,Hyderabad,-0.17861729994739317,101,0,NORMAL
9363,53,2026-01-15 18:32:00,5818.92,DEBIT,Shell,Chandigarh,0.5533622540316568,105,0,NORMAL
9364,74,2026-05-24 08:03:00,3535.23,DEBIT,Shell,Chandigarh,-0.08400425379506367,119,0,NORMAL
9365,30,2026-06-05 17:05:00,4435.81,DEBIT,Netflix,Ludhiana,0.3053947242090873,92,0,NORMAL
9366,49,2026-02-16 15:13:00,1623.23,CREDIT,Myntra,Mumbai,-0.5227799629224928,95,0,NORMAL
9367,52,2026-04-04 12:14:00,589.66,DEBIT,Amazon,Pune,-0.5000892520273338,116,0,NORMAL
9368,72,2026-07-05 19:38:00,1278.09,DEBIT,Netflix,Hyderabad,-1.001514691741589,98,0,NORMAL
9369,65,2026-07-18 01:50:00,3780.14,CREDIT,Uber,Delhi,0.03508212273270517,112,0,NORMAL
9370,83,2026-07-01 01:17:00,3028.3,DEBIT,Myntra,Hyderabad,-0.017753118356749774,101,0,NORMAL
9371,83,2026-05-27 08:38:00,3606.49,DEBIT,Walmart,Ludhiana,0.0723126914737841,101,0,NORMAL
9372,23,2026-05-31 19:24:00,1450.2,DEBIT,Swiggy,Bangalore,-0.8155460997899826,96,0,NORMAL
9373,6,2026-07-24 06:00:00,4402.83,CREDIT,Amazon,Mumbai,1.071513653844917,117,0,NORMAL
9374,22,2026-04-20 13:16:00,4544.48,DEBIT,Apple,Hyderabad,0.15126651631681565,108,0,NORMAL
9375,50,2026-05-11 20:31:00,3071.82,DEBIT,Shell,Chandigarh,-0.09062873807647745,118,0,NORMAL
9376,51,2026-05-27 21:10:00,2237.37,DEBIT,Flipkart,Chandigarh,-0.21677463414513953,108,0,NORMAL
9377,7,2026-07-27 20:29:00,2010.61,DEBIT,Uber,Mumbai,-0.22202333820906966,93,0,NORMAL
9378,87,2026-02-13 02:39:00,5482.63,DEBIT,Uber,Hyderabad,1.408886798625842,85,0,NORMAL
9379,51,2026-01-18 18:41:00,54717.34,DEBIT,Shell,Chandigarh,7.917144714741662,108,90,HIGH
9380,57,2026-06-11 17:49:00,5474.05,DEBIT,Netflix,Hyderabad,0.28384105251380115,107,0,NORMAL
9381,41,2026-06-16 09:27:00,4858.28,DEBIT,Amazon,Pune,0.3207531160414751,100,0,NORMAL
9382,42,2026-02-18 13:45:00,1533.03,DEBIT,Swiggy,Bangalore,-0.36225680376325287,104,0,NORMAL
9383,50,2026-04-02 11:05:00,4010.77,DEBIT,Myntra,Delhi,0.026516901808076875,118,0,NORMAL
9384,65,2026-06-06 08:17:00,2215.09,CREDIT,Swiggy,Ludhiana,-0.17285232349742025,112,0,NORMAL
9385,6,2026-01-11 11:05:00,2948.25,CREDIT,Walmart,Chandigarh,0.14399156522710635,117,0,NORMAL
9386,73,2026-01-17 22:09:00,2398.02,DEBIT,Amazon,Mumbai,0.02115105246602396,111,0,NORMAL
9387,21,2026-04-23 02:57:00,498.27,DEBIT,Uber,Mumbai,-0.499093174001698,122,10,NORMAL
9388,66,2026-04-27 08:29:00,1060.03,DEBIT,Uber,Mumbai,-1.2007430045508998,95,0,NORMAL
9389,4,2026-05-27 03:39:00,5224.52,CREDIT,Uber,Pune,2.078363275996111,105,40,REVIEW
9390,81,2026-01-09 10:37:00,1447.83,DEBIT,Uber,Bangalore,-0.3372001808021066,105,0,NORMAL
9391,34,2026-01-30 00:36:00,4824.96,DEBIT,Netflix,Ludhiana,1.3994192351240409,118,0,NORMAL
9392,52,2026-04-30 21:50:00,1907.82,DEBIT,Flipkart,Delhi,-0.22782900014471166,116,0,NORMAL
9393,57,2026-06-03 13:52:00,3323.39,DEBIT,Apple,Hyderabad,-0.03809740816214522,107,0,NORMAL
9394,78,2026-03-06 08:30:00,6431.14,DEBIT,Swiggy,Mumbai,0.9241405688716235,102,0,NORMAL
9395,66,2026-02-25 13:30:00,5081.58,CREDIT,Amazon,Pune,1.5074820979824495,95,0,NORMAL
9396,85,2026-02-06 03:57:00,2922.99,DEBIT,Apple,Pune,0.003983488493726856,89,0,NORMAL
9397,26,2026-07-05 18:11:00,3588.73,CREDIT,Shell,Bangalore,0.5821640737792032,98,0,NORMAL
9398,68,2026-01-15 05:35:00,3464.95,DEBIT,Local Store,Pune,0.0687542654472049,100,0,NORMAL
9399,75,2026-07-19 05:13:00,5550.68,DEBIT,Walmart,Ludhiana,0.2922582582520744,89,0,NORMAL
9400,73,2026-06-21 23:59:00,1127.32,CREDIT,Walmart,Delhi,-0.8378886104358104,111,0,NORMAL
9401,34,2026-06-03 17:21:00,2060.34,DEBIT,Apple,Chandigarh,-0.5673715092261934,118,0,NORMAL
9402,70,2026-05-21 04:08:00,4998.65,DEBIT,Shell,Ludhiana,1.7000681961939816,90,0,NORMAL
9403,60,2026-02-21 18:54:00,2660.53,DEBIT,Myntra,Hyderabad,-0.14656275830346774,106,0,NORMAL
9404,62,2026-03-11 13:51:00,3235.22,DEBIT,Shell,Pune,0.4435353231496911,102,0,NORMAL
9405,64,2026-05-05 02:34:00,1882.69,CREDIT,Netflix,Pune,-0.5314903503044686,110,0,NORMAL
9406,98,2026-06-14 09:29:00,1156.41,DEBIT,Amazon,Mumbai,-1.1821531026953243,114,0,NORMAL
9407,73,2026-03-26 11:26:00,2263.65,DEBIT,Shell,Delhi,-0.06968798074725958,111,0,NORMAL
9408,4,2026-03-12 12:34:00,1799.19,DEBIT,Uber,Pune,-0.6637532608120216,105,0,NORMAL
9409,100,2026-04-24 17:58:00,3448.08,DEBIT,Apple,Delhi,0.5347186094466512,87,0,NORMAL
9410,2,2026-03-16 17:26:00,2702.79,CREDIT,Uber,Delhi,-0.09414884142600408,117,0,NORMAL
9411,5,2026-05-13 15:02:00,3956.61,CREDIT,Shell,Chandigarh,1.0105652280967752,87,0,NORMAL
9412,23,2026-03-23 06:20:00,2333.42,DEBIT,Apple,Ludhiana,-0.22273503951175255,96,0,NORMAL
9413,63,2026-02-03 22:54:00,2407.59,DEBIT,Walmart,Bangalore,0.04559244357755833,88,0,NORMAL
9414,57,2026-04-25 15:09:00,2926.36,DEBIT,Myntra,Mumbai,-0.09752996702415544,107,0,NORMAL
9415,22,2026-06-02 19:53:00,4766.73,DEBIT,Walmart,Chandigarh,0.18813313458904052,108,0,NORMAL
9416,25,2026-03-24 07:56:00,5172.81,DEBIT,Uber,Delhi,1.5825342827887627,97,0,NORMAL
9417,94,2026-05-26 02:12:00,2711.02,CREDIT,Walmart,Chandigarh,-0.16748873955160692,103,0,NORMAL
9418,36,2026-03-16 09:11:00,672.67,DEBIT,Amazon,Delhi,-0.3866708538431781,85,0,NORMAL
9419,99,2026-06-13 10:57:00,913.54,DEBIT,Uber,Chandigarh,-0.6246907729787977,103,0,NORMAL
9420,27,2026-06-28 13:06:00,2556.37,DEBIT,Flipkart,Bangalore,-0.14246688336562524,90,0,NORMAL
9421,15,2026-01-03 00:49:00,1577.44,DEBIT,Walmart,Hyderabad,-0.3433217559266755,91,0,NORMAL
9422,41,2026-07-20 18:50:00,3539.05,CREDIT,Local Store,Mumbai,0.05170772830455021,100,0,NORMAL
9423,17,2026-03-23 17:42:00,3582.57,DEBIT,Netflix,Chandigarh,-0.02167743237058214,97,0,NORMAL
9424,4,2026-01-16 02:48:00,2161.51,DEBIT,Netflix,Pune,-0.3737013056379733,105,0,NORMAL
9425,66,2026-01-13 16:46:00,2692.77,DEBIT,Swiggy,Mumbai,-0.10120987580444607,95,0,NORMAL
9426,65,2026-05-02 23:05:00,2597.27,CREDIT,Walmart,Mumbai,-0.12207542393495943,112,0,NORMAL
9427,74,2026-02-23 02:51:00,2594.23,DEBIT,Shell,Pune,-0.19079198509903245,119,0,NORMAL
9428,43,2026-03-30 02:43:00,2360.66,DEBIT,Walmart,Chandigarh,-0.14642947492427383,97,0,NORMAL
9429,6,2026-04-18 17:54:00,3981.12,DEBIT,Shell,Chandigarh,0.8026076191194176,117,0,NORMAL
9430,54,2026-05-23 17:33:00,4992.06,DEBIT,Walmart,Mumbai,0.09551621432273506,89,0,NORMAL
9431,68,2026-05-07 22:09:00,6776.8,DEBIT,Flipkart,Hyderabad,0.8641402448168569,100,0,NORMAL
9432,100,2026-01-13 23:10:00,1176.15,DEBIT,Local Store,Hyderabad,-1.0633757798965495,87,0,NORMAL
9433,43,2026-05-23 05:26:00,1313.77,DEBIT,Myntra,Pune,-0.3569690734818242,97,0,NORMAL
9434,71,2026-02-08 01:36:00,3840.99,DEBIT,Netflix,Bangalore,0.8380313989308961,99,0,NORMAL
9435,10,2026-07-15 07:07:00,1136.46,DEBIT,Shell,Delhi,-0.3705673813295231,91,0,NORMAL
9436,2,2026-07-20 14:19:00,1639.79,CREDIT,Flipkart,Pune,-0.8573949231148008,117,0,NORMAL
9437,24,2026-04-16 14:07:00,1378.4,CREDIT,Flipkart,Delhi,-0.896584033790607,95,0,NORMAL
9438,65,2026-07-08 11:23:00,1662.2,DEBIT,Flipkart,Ludhiana,-0.24630996125734747,112,0,NORMAL
9439,66,2026-01-16 23:34:00,6836.06,CREDIT,Swiggy,Ludhiana,2.6889983735211627,95,40,REVIEW
9440,7,2026-07-19 18:13:00,1532.14,DEBIT,Myntra,Ludhiana,-0.30496909814304485,93,0,NORMAL
9441,68,2026-07-18 07:49:00,2173.29,DEBIT,Apple,Hyderabad,-0.24145551280742755,100,0,NORMAL
9442,36,2026-02-23 04:18:00,3428.55,DEBIT,Swiggy,Ludhiana,-0.013598341442988058,85,0,NORMAL
9443,97,2026-05-06 17:56:00,3680.68,DEBIT,Uber,Delhi,0.4980911891332409,96,0,NORMAL
9444,73,2026-03-10 04:52:00,2573.06,DEBIT,Amazon,Hyderabad,0.13948449277005878,111,0,NORMAL
9445,99,2026-07-03 02:57:00,2515.16,CREDIT,Walmart,Bangalore,-0.12668822747518232,103,0,NORMAL
9446,30,2026-03-22 05:58:00,590.32,CREDIT,Netflix,Mumbai,-0.5457554188115639,92,0,NORMAL
9447,50,2026-06-29 13:30:00,3736.13,DEBIT,Local Store,Mumbai,-0.007747839166303011,118,0,NORMAL
9448,46,2026-02-22 12:07:00,1583.33,DEBIT,Myntra,Ludhiana,-0.2799789868755997,94,0,NORMAL
9449,81,2026-02-20 22:29:00,1005.36,CREDIT,Flipkart,Ludhiana,-0.39800667959517705,105,0,NORMAL
9450,97,2026-01-07 07:50:00,3744.36,CREDIT,Apple,Hyderabad,0.5433872407778451,96,0,NORMAL
9451,11,2026-02-10 19:22:00,2027.33,DEBIT,Walmart,Pune,-0.2297058775477077,118,0,NORMAL
9452,98,2026-04-09 20:54:00,4316.62,DEBIT,Apple,Pune,1.1485062183341679,114,0,NORMAL
9453,66,2026-01-27 15:29:00,5341.2,CREDIT,Amazon,Pune,1.6823175224132556,95,0,NORMAL
9454,89,2026-02-04 01:58:00,847.12,CREDIT,Amazon,Chandigarh,-0.4700815708036149,103,0,NORMAL
9455,14,2026-06-28 07:16:00,1008.01,CREDIT,Netflix,Delhi,-0.3729879142695792,112,0,NORMAL
9456,80,2026-02-04 17:02:00,3496.05,DEBIT,Apple,Pune,-0.021276803124350076,84,0,NORMAL
9457,51,2026-01-15 11:07:00,605.25,DEBIT,Netflix,Pune,-0.4697384305746178,108,0,NORMAL
9458,23,2026-01-04 06:59:00,6017.62,CREDIT,Apple,Bangalore,2.2500741227321446,96,40,REVIEW
9459,3,2026-03-16 17:23:00,1234.27,CREDIT,Apple,Mumbai,-0.3272322244475957,94,0,NORMAL
9460,52,2026-01-12 21:11:00,929.95,DEBIT,Walmart,Mumbai,-0.4298038230102664,116,0,NORMAL
9461,77,2026-06-08 06:59:00,593.38,DEBIT,Shell,Hyderabad,-1.3541832824325453,84,0,NORMAL
9462,55,2026-05-20 14:15:00,3759.63,DEBIT,Apple,Chandigarh,0.9558659407113159,118,0,NORMAL
9463,79,2026-03-30 03:18:00,5692.21,DEBIT,Netflix,Hyderabad,2.0568622426474197,122,50,REVIEW
9464,20,2026-02-04 10:41:00,398.43,DEBIT,Swiggy,Ludhiana,-0.3947630176016648,98,0,NORMAL
9465,46,2026-01-01 14:40:00,1899.22,DEBIT,Shell,Chandigarh,-0.22816302996438462,94,0,NORMAL
9466,5,2026-02-11 03:38:00,516.56,DEBIT,Shell,Chandigarh,-1.2803665149763208,87,0,NORMAL
9467,8,2026-02-17 02:42:00,3711.79,CREDIT,Apple,Hyderabad,-0.04261711062264228,91,0,NORMAL
9468,50,2026-02-02 11:01:00,1872.66,CREDIT,Apple,Pune,-0.24023879774308612,118,0,NORMAL
9469,50,2026-03-05 23:44:00,1707.32,CREDIT,Netflix,Mumbai,-0.2608670102128793,118,0,NORMAL
9470,100,2026-05-30 14:34:00,1780.03,DEBIT,Local Store,Chandigarh,-0.6386015835803902,87,0,NORMAL
9471,81,2026-06-28 15:09:00,5132.56,DEBIT,Netflix,Mumbai,0.16917433113721217,105,0,NORMAL
9472,32,2026-03-01 23:00:00,2552.74,DEBIT,Local Store,Mumbai,-0.11742191656710346,107,0,NORMAL
9473,84,2026-05-24 05:50:00,913.57,DEBIT,Walmart,Ludhiana,-0.35774527893116215,95,0,NORMAL
9474,52,2026-05-28 03:56:00,4342.97,DEBIT,Amazon,Bangalore,0.27514070942921504,116,0,NORMAL
9475,51,2026-05-16 01:06:00,4618.34,DEBIT,Amazon,Bangalore,0.15225412010374836,108,0,NORMAL
9476,93,2026-07-10 17:24:00,2593.5,DEBIT,Uber,Chandigarh,-0.20477484663364398,100,0,NORMAL
9477,11,2026-04-11 16:18:00,5981.79,DEBIT,Netflix,Pune,0.324602154476534,118,0,NORMAL
9478,98,2026-02-26 20:24:00,2080.46,CREDIT,Flipkart,Ludhiana,-0.5006649276698347,114,0,NORMAL
9479,7,2026-04-09 08:42:00,1468.37,DEBIT,Myntra,Chandigarh,-0.31602402553868014,93,0,NORMAL
9480,7,2026-04-19 06:00:00,1637.33,DEBIT,Uber,Bangalore,-0.2867337553055528,93,0,NORMAL
9481,14,2026-06-03 19:00:00,1634.97,DEBIT,Walmart,Hyderabad,-0.28472756632584967,112,0,NORMAL
9482,51,2026-03-31 15:59:00,565.2,DEBIT,Amazon,Pune,-0.4759458173151764,108,0,NORMAL
9483,4,2026-01-04 17:18:00,2020.16,CREDIT,Flipkart,Hyderabad,-0.4868577526015739,105,0,NORMAL
9484,92,2026-06-25 00:05:00,2226.56,CREDIT,Shell,Mumbai,-0.24734425024956525,119,0,NORMAL
9485,60,2026-03-23 15:37:00,1215.29,DEBIT,Myntra,Chandigarh,-0.47336144489227705,106,0,NORMAL
9486,94,2026-04-22 02:15:00,3497.23,CREDIT,Uber,Bangalore,-0.03546360109584498,103,0,NORMAL
9487,22,2026-07-16 04:12:00,2283.45,DEBIT,Myntra,Pune,-0.22379098609960077,108,0,NORMAL
9488,53,2026-02-08 14:04:00,5374.64,CREDIT,Uber,Hyderabad,0.45703741642635043,105,0,NORMAL
9489,95,2026-07-21 14:22:00,2477.84,DEBIT,Myntra,Chandigarh,-0.11864753712852037,113,0,NORMAL
9490,78,2026-07-03 20:51:00,3212.91,CREDIT,Walmart,Ludhiana,-0.019023758642147854,102,0,NORMAL
9491,40,2026-06-16 18:58:00,4997.26,DEBIT,Flipkart,Chandigarh,0.3011627691687759,109,0,NORMAL
9492,12,2026-01-14 09:42:00,4095.57,DEBIT,Shell,Chandigarh,0.007208102808211124,99,0,NORMAL
9493,61,2026-05-23 23:57:00,4608.5,DEBIT,Shell,Bangalore,0.36920006513778375,81,0,NORMAL
9494,67,2026-02-28 03:37:00,990.86,DEBIT,Apple,Chandigarh,-0.40453612013306345,98,0,NORMAL
9495,10,2026-07-14 22:58:00,2737.75,DEBIT,Swiggy,Bangalore,-0.17625200433722937,91,0,NORMAL
9496,9,2026-04-06 16:41:00,6381.55,DEBIT,Walmart,Bangalore,0.9028910047534248,84,0,NORMAL
9497,17,2026-04-20 00:03:00,2654.63,CREDIT,Myntra,Hyderabad,-0.1286643297841155,97,0,NORMAL
9498,62,2026-05-17 15:39:00,378.52,DEBIT,Uber,Delhi,-1.5832953411664703,102,0,NORMAL
9499,96,2026-01-12 00:51:00,1198.5,DEBIT,Swiggy,Bangalore,-1.0263898465618144,96,0,NORMAL
9500,99,2026-03-17 21:12:00,1988.59,DEBIT,Myntra,Ludhiana,-0.29041820111801814,103,0,NORMAL
9501,76,2026-04-18 06:27:00,1784.34,DEBIT,Netflix,Bangalore,-0.3160802530751926,74,0,NORMAL
9502,84,2026-01-07 23:12:00,5105.55,DEBIT,Apple,Bangalore,0.15759554474614657,95,0,NORMAL
9503,70,2026-05-13 11:41:00,4374.11,DEBIT,Uber,Bangalore,1.2173311581024573,90,0,NORMAL
9504,7,2026-04-12 01:18:00,1698.42,DEBIT,Flipkart,Hyderabad,-0.2761434226318918,93,0,NORMAL
9505,12,2026-05-29 08:09:00,5346.2,DEBIT,Amazon,Bangalore,0.1596832513428806,99,0,NORMAL
9506,72,2026-07-27 01:58:00,2448.54,DEBIT,Uber,Pune,-0.27542190185587995,98,0,NORMAL
9507,34,2026-07-11 16:55:00,1113.17,DEBIT,Shell,Mumbai,-1.2412019775459668,118,0,NORMAL
9508,21,2026-06-28 01:56:00,863.31,DEBIT,Amazon,Mumbai,-0.44042662361123597,122,10,NORMAL
9509,15,2026-01-16 18:39:00,747.21,CREDIT,Uber,Hyderabad,-0.5305930333452082,91,0,NORMAL
9510,69,2026-03-08 05:51:00,3026.93,CREDIT,Shell,Hyderabad,-0.14300512255348063,112,0,NORMAL
9511,12,2026-06-08 04:43:00,1243.43,DEBIT,Local Store,Pune,-0.34052101782832594,99,0,NORMAL
9512,13,2026-02-10 04:35:00,4180.73,DEBIT,Flipkart,Bangalore,0.9718125578473398,101,0,NORMAL
9513,87,2026-01-26 02:26:00,3075.98,CREDIT,Flipkart,Mumbai,0.029660822968085372,85,0,NORMAL
9514,72,2026-05-22 11:49:00,571.02,CREDIT,Apple,Bangalore,-1.4401480626198735,98,0,NORMAL
9515,76,2026-04-18 04:56:00,1109.65,DEBIT,Uber,Chandigarh,-0.45534356451251123,74,0,NORMAL
9516,60,2026-05-05 05:10:00,3089.22,CREDIT,Swiggy,Chandigarh,-0.04962707360490106,106,0,NORMAL
9517,94,2026-05-26 06:04:00,6760.71,CREDIT,Shell,Pune,0.5125596991008073,103,0,NORMAL
9518,10,2026-05-20 09:44:00,5284.69,CREDIT,Apple,Pune,0.13281731244908201,91,0,NORMAL
9519,8,2026-01-28 17:19:00,1114.8,DEBIT,Myntra,Ludhiana,-0.34108018953784014,91,0,NORMAL
9520,21,2026-02-04 22:14:00,3419.05,DEBIT,Apple,Pune,-0.029686843053161667,122,10,NORMAL
9521,81,2026-01-11 08:53:00,3161.4,DEBIT,Uber,Chandigarh,-0.10171259489381526,105,0,NORMAL
9522,77,2026-02-18 17:35:00,2802.02,DEBIT,Myntra,Mumbai,0.12973613791384847,84,0,NORMAL
9523,2,2026-04-21 23:13:00,707.98,DEBIT,Swiggy,Hyderabad,-1.5264450937436227,117,0,NORMAL
9524,48,2026-02-08 11:35:00,3343.44,CREDIT,Myntra,Bangalore,-0.09783007332318777,102,0,NORMAL
9525,48,2026-07-15 00:08:00,2989.73,DEBIT,Apple,Mumbai,-0.13958504050218154,102,0,NORMAL
9526,71,2026-04-21 10:29:00,3137.46,DEBIT,Netflix,Pune,0.36429325626368914,99,0,NORMAL
9527,72,2026-04-21 13:24:00,459.32,DEBIT,Flipkart,Chandigarh,-1.5094415519874103,98,0,NORMAL
9528,74,2026-07-01 06:41:00,34355.82,DEBIT,Amazon,Ludhiana,3.41361623881895,119,90,HIGH
9529,9,2026-06-20 16:37:00,1543.34,CREDIT,Uber,Ludhiana,-0.44053628202087936,84,0,NORMAL
9530,11,2026-03-10 11:43:00,2304.48,DEBIT,Amazon,Mumbai,-0.19085696490842985,118,0,NORMAL
9531,81,2026-03-20 12:04:00,1750.6,CREDIT,Local Store,Delhi,-0.29559197315056435,105,0,NORMAL
9532,51,2026-04-14 10:10:00,4599.18,CREDIT,Local Store,Chandigarh,0.14928449388779072,108,0,NORMAL
9533,27,2026-05-20 14:02:00,5458.46,DEBIT,Flipkart,Ludhiana,1.9183002877780082,90,0,NORMAL
9534,53,2026-02-09 19:40:00,1379.51,CREDIT,Shell,Hyderabad,-0.40915113237640477,105,0,NORMAL
9535,11,2026-06-07 09:11:00,1201.73,DEBIT,Walmart,Pune,-0.3454326041397617,118,0,NORMAL
9536,74,2026-05-06 07:46:00,4907.96,DEBIT,Walmart,Delhi,0.0717775978445719,119,0,NORMAL
9537,63,2026-04-12 16:53:00,2772.2,DEBIT,Amazon,Chandigarh,0.3403221868483328,88,0,NORMAL
9538,7,2026-02-06 21:11:00,1017.57,DEBIT,Swiggy,Hyderabad,-0.39417301832451,93,0,NORMAL
9539,24,2026-03-01 04:27:00,1103.33,CREDIT,Myntra,Hyderabad,-1.0719459508947586,95,0,NORMAL
9540,65,2026-03-28 23:32:00,4811.54,CREDIT,Netflix,Mumbai,0.1721151810003333,112,0,NORMAL
9541,23,2026-05-31 09:16:00,2374.38,DEBIT,Shell,Mumbai,-0.19524297521407322,96,0,NORMAL
9542,39,2026-01-26 23:00:00,1755.61,DEBIT,Uber,Delhi,-0.30678358917195353,101,0,NORMAL
9543,6,2026-06-16 23:52:00,1647.49,DEBIT,Walmart,Bangalore,-0.685446232618666,117,0,NORMAL
9544,55,2026-06-20 15:25:00,2756.89,DEBIT,Amazon,Delhi,0.18874127929287737,118,0,NORMAL
9545,21,2026-04-04 00:54:00,3818.59,DEBIT,Flipkart,Bangalore,0.03452429420030425,122,10,NORMAL
9546,11,2026-05-21 18:21:00,4201.98,DEBIT,Amazon,Chandigarh,0.0751210676841361,118,0,NORMAL
9547,88,2026-05-24 04:55:00,1236.08,DEBIT,Flipkart,Mumbai,-0.30492186109897074,104,0,NORMAL
9548,71,2026-01-12 11:45:00,2130.97,DEBIT,Apple,Bangalore,-0.31344998597632534,99,0,NORMAL
9549,48,2026-05-03 04:21:00,1840.42,DEBIT,Local Store,Mumbai,-0.27525946680759933,102,0,NORMAL
9550,20,2026-02-03 00:00:00,54860.35,DEBIT,Apple,Chandigarh,5.361008115795537,98,90,HIGH
9551,50,2026-06-14 11:43:00,3668.13,CREDIT,Apple,Pune,-0.016231681236860224,118,0,NORMAL
9552,15,2026-01-21 11:09:00,2404.74,DEBIT,Walmart,Ludhiana,-0.15671138553732314,91,0,NORMAL
9553,85,2026-05-18 19:57:00,4968.08,DEBIT,Shell,Chandigarh,1.2407369742824788,89,0,NORMAL
9554,23,2026-04-13 03:44:00,964.42,DEBIT,Swiggy,Chandigarh,-1.1415982236797932,96,0,NORMAL
9555,68,2026-07-23 04:10:00,4790.11,DEBIT,Walmart,Hyderabad,0.3870095259274464,100,0,NORMAL
9556,63,2026-01-30 08:02:00,3098.35,DEBIT,Swiggy,Chandigarh,0.6039630792203555,88,0,NORMAL
9557,14,2026-03-24 06:28:00,1439.71,DEBIT,Swiggy,Hyderabad,-0.31221530962604843,112,0,NORMAL
9558,47,2026-02-04 23:18:00,3419.67,DEBIT,Swiggy,Pune,0.07969093289565717,103,0,NORMAL
9559,54,2026-05-29 10:37:00,2209.88,DEBIT,Uber,Mumbai,-0.25717797392794683,89,0,NORMAL
9560,98,2026-01-15 00:38:00,4308.83,CREDIT,Shell,Chandigarh,1.1427610823745895,114,0,NORMAL
9561,9,2026-05-13 08:22:00,4004.3,DEBIT,Amazon,Hyderabad,0.24279925233172037,84,0,NORMAL
9562,74,2026-04-05 17:59:00,5330.27,CREDIT,Myntra,Ludhiana,0.11970270603477284,119,0,NORMAL
9563,25,2026-01-03 07:05:00,4089.71,DEBIT,Shell,Mumbai,0.8777595510051984,97,0,NORMAL
9564,34,2026-06-20 13:05:00,3568.14,DEBIT,Local Store,Pune,0.5052992680709697,118,0,NORMAL
9565,39,2026-06-20 01:33:00,4308.71,DEBIT,Flipkart,Chandigarh,0.3020088309136778,101,0,NORMAL
9566,55,2026-05-26 01:32:00,5135.28,DEBIT,Uber,Delhi,2.00827737386475,118,40,REVIEW
9567,29,2026-05-16 23:43:00,1680.96,DEBIT,Amazon,Delhi,-0.5907952986727585,99,0,NORMAL
9568,87,2026-05-21 00:27:00,4557.31,DEBIT,Walmart,Delhi,0.8785955723172243,85,0,NORMAL
9569,98,2026-07-02 21:00:00,1486.36,CREDIT,Amazon,Ludhiana,-0.9388145134959734,114,0,NORMAL
9570,59,2026-01-13 08:09:00,898.12,DEBIT,Flipkart,Pune,-0.3935340499091005,92,0,NORMAL
9571,10,2026-01-23 12:08:00,2451.24,DEBIT,Local Store,Delhi,-0.21101978447827946,91,0,NORMAL
9572,35,2026-05-24 16:32:00,1364.05,DEBIT,Myntra,Hyderabad,-1.0551721749849852,103,0,NORMAL
9573,24,2026-02-17 00:02:00,4865.04,DEBIT,Amazon,Delhi,1.3262097083550979,95,0,NORMAL
9574,72,2026-05-08 08:37:00,2779.13,DEBIT,Uber,Chandigarh,-0.07033922817625533,98,0,NORMAL
9575,30,2026-05-30 16:31:00,1024.99,DEBIT,Myntra,Mumbai,-0.44954676070381006,92,0,NORMAL
9576,24,2026-05-22 20:09:00,1271.6,DEBIT,Flipkart,Pune,-0.9646708943959926,95,0,NORMAL
9577,4,2026-02-04 22:18:00,4713.34,DEBIT,Local Store,Bangalore,1.6691428121909937,105,0,NORMAL
9578,75,2026-03-09 23:57:00,4591.18,DEBIT,Uber,Mumbai,0.13382802436819458,89,0,NORMAL
9579,34,2026-04-06 23:52:00,2906.57,CREDIT,Amazon,Pune,0.03464877985205203,118,0,NORMAL
9580,96,2026-02-01 05:06:00,1873.88,CREDIT,Flipkart,Ludhiana,-0.6057221529419603,96,0,NORMAL
9581,81,2026-03-21 17:09:00,55649.07,DEBIT,Netflix,Delhi,7.111412458795877,105,90,HIGH
9582,70,2026-07-24 04:27:00,2372.62,DEBIT,Uber,Bangalore,-0.32971683621304687,90,0,NORMAL
9583,44,2026-02-11 15:21:00,4063.73,CREDIT,Myntra,Mumbai,-0.010799045732822993,99,0,NORMAL
9584,36,2026-05-06 06:31:00,2323.2,DEBIT,Walmart,Ludhiana,-0.1632331954937995,85,0,NORMAL
9585,23,2026-06-14 12:36:00,596.34,DEBIT,Shell,Delhi,-1.388650934292337,96,0,NORMAL
9586,68,2026-05-04 20:09:00,2064.7,DEBIT,Netflix,Ludhiana,-0.2675348834008272,100,0,NORMAL
9587,92,2026-01-22 15:57:00,2054.48,DEBIT,Flipkart,Chandigarh,-0.2833005684521094,119,0,NORMAL
9588,8,2026-07-27 01:28:00,3441.94,DEBIT,Flipkart,Ludhiana,-0.07363003783655767,91,0,NORMAL
9589,24,2026-06-24 13:44:00,2686.53,CREDIT,Local Store,Mumbai,-0.06262836933627243,95,0,NORMAL
9590,77,2026-06-06 17:26:00,541.26,DEBIT,Local Store,Pune,-1.3892011577714207,84,0,NORMAL
9591,79,2026-01-26 07:20:00,4109.1,CREDIT,Myntra,Mumbai,0.9700070488738514,122,10,NORMAL
9592,11,2026-01-19 15:20:00,2179.69,DEBIT,Uber,Pune,-0.2083491381296295,118,0,NORMAL
9593,56,2026-06-22 22:59:00,3451.27,CREDIT,Uber,Hyderabad,0.10414747374564874,101,0,NORMAL
9594,64,2026-04-17 11:38:00,795.38,DEBIT,Walmart,Delhi,-1.2511786317052647,110,0,NORMAL
9595,22,2026-03-17 04:25:00,2982.18,DEBIT,Uber,Delhi,-0.10788631934886209,108,0,NORMAL
9596,98,2026-02-01 13:12:00,4749.07,CREDIT,Apple,Pune,1.4674387017384998,114,0,NORMAL
9597,29,2026-04-03 22:00:00,3691.26,CREDIT,Walmart,Hyderabad,0.7052457556303131,99,0,NORMAL
9598,43,2026-02-02 21:50:00,3459.75,DEBIT,Walmart,Pune,0.07460804322817595,97,0,NORMAL
9599,67,2026-03-25 20:55:00,3288.68,DEBIT,Local Store,Chandigarh,-0.07213535082228928,98,0,NORMAL
9600,19,2026-03-07 09:13:00,3924.0,DEBIT,Shell,Chandigarh,0.6976047720649966,98,0,NORMAL
9601,60,2026-02-21 05:29:00,1306.0,DEBIT,Netflix,Ludhiana,-0.4528500358111065,106,0,NORMAL
9602,61,2026-01-09 04:36:00,2307.15,DEBIT,Local Store,Delhi,-0.24578328711228814,81,0,NORMAL
9603,2,2026-06-05 10:19:00,2406.9,DEBIT,Apple,Mumbai,-0.30660122440897486,117,0,NORMAL
9604,92,2026-01-13 12:59:00,2668.39,DEBIT,Local Store,Chandigarh,-0.15502335257737745,119,0,NORMAL
9605,68,2026-01-24 21:33:00,4470.49,CREDIT,Netflix,Ludhiana,0.3102484205856803,100,0,NORMAL
9606,42,2026-03-24 04:56:00,4987.79,CREDIT,Walmart,Hyderabad,0.36394801726273585,104,0,NORMAL
9607,92,2026-05-03 00:20:00,2282.3,DEBIT,Walmart,Hyderabad,-0.23569731175229758,119,0,NORMAL
9608,75,2026-03-04 01:23:00,1791.35,DEBIT,Netflix,Mumbai,-0.3284728841623977,89,0,NORMAL
9609,34,2026-05-13 00:08:00,1946.84,DEBIT,Flipkart,Delhi,-0.6481170545393837,118,0,NORMAL
9610,2,2026-02-07 15:46:00,3880.4,DEBIT,Myntra,Delhi,0.7513885228802462,117,0,NORMAL
9611,1,2026-01-30 04:44:00,4052.14,DEBIT,Flipkart,Ludhiana,-0.011817873257900817,112,0,NORMAL
9612,81,2026-06-07 18:42:00,3344.23,CREDIT,Apple,Pune,-0.07658715774703229,105,0,NORMAL
9613,51,2026-05-04 07:41:00,2715.66,DEBIT,Apple,Chandigarh,-0.1426440223063929,108,0,NORMAL
9614,64,2026-07-06 04:53:00,4396.71,DEBIT,Shell,Delhi,1.1325343834027806,110,0,NORMAL
9615,96,2026-04-11 06:12:00,2111.61,DEBIT,Myntra,Ludhiana,-0.45764946674419316,96,0,NORMAL
9616,11,2026-01-05 04:59:00,4428.23,DEBIT,Walmart,Hyderabad,0.10683518092475167,118,0,NORMAL
9617,55,2026-06-24 21:15:00,1533.19,CREDIT,Apple,Hyderabad,-0.7474240758118785,118,0,NORMAL
9618,37,2026-03-15 09:00:00,2280.5,CREDIT,Walmart,Chandigarh,-0.2622281317682736,87,0,NORMAL
9619,72,2026-05-06 14:17:00,4252.66,CREDIT,Walmart,Chandigarh,0.8437703097623909,98,0,NORMAL
9620,37,2026-01-07 21:04:00,1717.23,DEBIT,Myntra,Delhi,-0.640887310550187,87,0,NORMAL
9621,81,2026-04-16 01:48:00,1681.56,DEBIT,Local Store,Hyderabad,-0.30507980436324217,105,0,NORMAL
9622,24,2026-06-05 00:25:00,1766.75,DEBIT,Walmart,Hyderabad,-0.6490041431904062,95,0,NORMAL
9623,79,2026-04-17 19:39:00,450.75,DEBIT,Uber,Bangalore,-1.541566182387107,122,10,NORMAL
9624,21,2026-06-18 22:50:00,1754.59,DEBIT,Walmart,Ludhiana,-0.29718664160375463,122,10,NORMAL
9625,28,2026-06-27 12:47:00,666.63,CREDIT,Netflix,Pune,-1.509804174218334,98,0,NORMAL
9626,75,2026-05-09 09:56:00,214.63,DEBIT,Netflix,Bangalore,-0.5888169366578547,89,0,NORMAL
9627,69,2026-03-17 21:47:00,2967.04,DEBIT,Flipkart,Pune,-0.14868536603560223,112,0,NORMAL
9628,78,2026-05-12 13:12:00,4419.58,DEBIT,Walmart,Mumbai,0.334614141408825,102,0,NORMAL
9629,25,2026-05-16 16:48:00,2243.81,DEBIT,Apple,Mumbai,-0.3233702407031212,97,0,NORMAL
9630,18,2026-07-26 10:09:00,1069.84,DEBIT,Netflix,Bangalore,-1.3264123368776324,96,0,NORMAL
9631,46,2026-06-30 20:56:00,807.3,CREDIT,Myntra,Chandigarh,-0.40727246575055687,94,0,NORMAL
9632,21,2026-07-24 20:29:00,3087.04,DEBIT,Myntra,Hyderabad,-0.08304505419478261,122,10,NORMAL
9633,16,2026-02-10 11:10:00,2234.02,DEBIT,Swiggy,Pune,-0.18037095603971803,95,0,NORMAL
9634,80,2026-05-10 08:08:00,2269.21,DEBIT,Flipkart,Pune,-0.2052303912336583,84,0,NORMAL
9635,28,2026-03-15 23:23:00,4434.96,DEBIT,Apple,Chandigarh,1.0607911340024565,98,0,NORMAL
9636,56,2026-05-16 01:34:00,4166.64,DEBIT,Apple,Hyderabad,0.29042447950201516,101,0,NORMAL
9637,40,2026-04-20 03:56:00,257.11,DEBIT,Uber,Bangalore,-0.5047808954067285,109,0,NORMAL
9638,28,2026-03-26 13:05:00,1702.93,DEBIT,Amazon,Hyderabad,-0.8028841544989344,98,0,NORMAL
9639,81,2026-07-16 22:28:00,5301.98,DEBIT,Myntra,Mumbai,0.19245689724456846,105,0,NORMAL
9640,15,2026-03-10 20:19:00,3501.81,DEBIT,Amazon,Mumbai,0.09074980029979389,91,0,NORMAL
9641,5,2026-05-05 07:34:00,4499.61,DEBIT,Myntra,Hyderabad,1.3721808838252354,87,0,NORMAL
9642,22,2026-02-14 19:34:00,1381.3,DEBIT,Swiggy,Pune,-0.37343876866107495,108,0,NORMAL
9643,7,2026-03-30 19:19:00,877.81,DEBIT,Swiggy,Pune,-0.41840128636299184,93,0,NORMAL
9644,35,2026-05-02 02:32:00,4472.89,DEBIT,Shell,Delhi,1.177442804614339,103,0,NORMAL
9645,47,2026-06-29 20:33:00,5438.16,DEBIT,Myntra,Mumbai,0.5232536548858827,103,0,NORMAL
9646,46,2026-07-06 15:06:00,800.5,CREDIT,Shell,Bangalore,-0.4083878809488736,94,0,NORMAL
9647,76,2026-07-11 15:34:00,2398.96,DEBIT,Flipkart,Bangalore,-0.18921603917606147,74,0,NORMAL
9648,53,2026-03-25 19:11:00,5397.36,CREDIT,Swiggy,Chandigarh,0.4619633647256043,105,0,NORMAL
9649,85,2026-02-03 18:26:00,554.29,DEBIT,Myntra,Pune,-1.4284708200148553,89,0,NORMAL
9650,74,2026-02-08 10:53:00,2951.32,CREDIT,Walmart,Hyderabad,-0.15026825399240734,119,0,NORMAL
9651,72,2026-04-28 10:20:00,1165.53,DEBIT,Walmart,Delhi,-1.071341685145438,98,0,NORMAL
9652,20,2026-05-09 00:32:00,2488.28,DEBIT,Shell,Delhi,-0.17389863560539764,98,0,NORMAL
9653,34,2026-05-02 04:16:00,3133.29,DEBIT,Swiggy,Mumbai,0.19594067441950969,118,0,NORMAL
9654,32,2026-04-04 01:19:00,3710.39,DEBIT,Myntra,Ludhiana,0.25005349417463624,107,0,NORMAL
9655,95,2026-05-03 14:34:00,5754.55,DEBIT,Apple,Mumbai,1.9672476295447916,113,0,NORMAL
9656,34,2026-04-10 16:37:00,3843.96,DEBIT,Flipkart,Ludhiana,0.701521614399464,118,0,NORMAL
9657,20,2026-06-23 14:46:00,3162.44,CREDIT,Netflix,Mumbai,-0.10265049254890869,98,0,NORMAL
9658,29,2026-01-03 12:15:00,6969.5,DEBIT,Apple,Chandigarh,2.8187281343093664,99,40,REVIEW
9659,13,2026-03-06 07:07:00,1269.07,DEBIT,Flipkart,Mumbai,-1.0352718182773304,101,0,NORMAL
9660,96,2026-02-14 00:12:00,4392.56,DEBIT,Uber,Pune,0.9630647619303402,96,0,NORMAL
9661,68,2026-01-02 10:02:00,4592.67,DEBIT,Walmart,Delhi,0.3395916151625435,100,0,NORMAL
9662,18,2026-06-27 17:06:00,2150.04,DEBIT,Shell,Delhi,-0.5983866720625894,96,0,NORMAL
9663,69,2026-06-01 11:58:00,2556.43,DEBIT,Swiggy,Pune,-0.18762950990259078,112,0,NORMAL
9664,31,2026-04-05 22:08:00,2289.01,DEBIT,Netflix,Pune,-0.16601475384010775,104,0,NORMAL
9665,85,2026-04-03 22:15:00,2707.32,DEBIT,Netflix,Bangalore,-0.12644139465569915,89,0,NORMAL
9666,31,2026-04-06 15:52:00,3170.42,DEBIT,Swiggy,Pune,-0.04323032820449221,104,0,NORMAL
9667,22,2026-05-28 06:56:00,834.35,DEBIT,Swiggy,Delhi,-0.46416631360592714,108,0,NORMAL
9668,8,2026-01-01 12:42:00,1718.25,DEBIT,Local Store,Delhi,-0.2717277680917136,91,0,NORMAL
9669,83,2026-05-15 06:33:00,1360.17,DEBIT,Walmart,Bangalore,-0.27760105649578465,101,0,NORMAL
9670,13,2026-04-19 05:33:00,3279.5,CREDIT,Amazon,Delhi,0.35057084271067,101,0,NORMAL
9671,40,2026-01-03 20:02:00,6949.95,DEBIT,Shell,Bangalore,0.6331687466969008,109,0,NORMAL
9672,50,2026-04-10 01:57:00,3011.3,DEBIT,Local Store,Hyderabad,-0.09817935751927337,118,0,NORMAL
9673,41,2026-06-18 08:22:00,4488.63,CREDIT,Flipkart,Bangalore,0.24536624068467286,100,0,NORMAL
9674,55,2026-02-28 09:56:00,2112.28,CREDIT,Netflix,Bangalore,-0.30440373137483245,118,0,NORMAL
9675,3,2026-01-10 13:47:00,941.38,DEBIT,Apple,Delhi,-0.3630988833665283,94,0,NORMAL
9676,81,2026-06-06 17:21:00,1074.63,DEBIT,Uber,Ludhiana,-0.388487240601808,105,0,NORMAL
9677,92,2026-06-17 02:54:00,4371.97,DEBIT,Uber,Hyderabad,0.20094169021370908,119,0,NORMAL
9678,24,2026-04-04 02:52:00,758.43,DEBIT,Uber,Mumbai,-1.2918257095351844,95,0,NORMAL
9679,4,2026-07-19 08:34:00,4020.31,CREDIT,Flipkart,Chandigarh,1.1143439976230132,105,0,NORMAL
9680,59,2026-04-16 03:40:00,5629.96,DEBIT,Walmart,Pune,0.2773466528414341,92,0,NORMAL
9681,92,2026-06-16 08:59:00,1323.65,DEBIT,Netflix,Bangalore,-0.43600835571364666,119,0,NORMAL
9682,64,2026-01-26 00:15:00,1001.96,DEBIT,Shell,Chandigarh,-1.1144437491310435,110,0,NORMAL
9683,60,2026-03-18 01:04:00,742.06,DEBIT,Flipkart,Mumbai,-0.5803685457574774,106,0,NORMAL
9684,42,2026-04-26 22:03:00,2927.06,CREDIT,Flipkart,Pune,-0.06922594006943361,104,0,NORMAL
9685,95,2026-04-17 03:16:00,2898.06,DEBIT,Netflix,Chandigarh,0.14885702291477265,113,0,NORMAL
9686,7,2026-02-16 07:05:00,2129.93,DEBIT,Apple,Mumbai,-0.2013384717068398,93,0,NORMAL
9687,1,2026-01-12 20:40:00,3360.0,DEBIT,Swiggy,Hyderabad,-0.0859863381625931,112,0,NORMAL
9688,34,2026-04-19 15:33:00,3339.43,CREDIT,Apple,Pune,0.3425916586561704,118,0,NORMAL
9689,20,2026-05-19 23:22:00,2424.71,DEBIT,Local Store,Mumbai,-0.18061698800557122,98,0,NORMAL
9690,32,2026-06-26 20:48:00,2580.09,DEBIT,Local Store,Pune,-0.10874014532036506,107,0,NORMAL
9691,7,2026-01-01 08:43:00,1530.4,DEBIT,Swiggy,Mumbai,-0.30527073799984905,93,0,NORMAL
9692,74,2026-04-09 20:50:00,1684.1,DEBIT,Flipkart,Delhi,-0.29407648870336944,119,0,NORMAL
9693,81,2026-05-22 14:52:00,1754.03,CREDIT,Flipkart,Mumbai,-0.29512060494286607,105,0,NORMAL
9694,62,2026-04-03 13:33:00,461.71,CREDIT,Myntra,Chandigarh,-1.5242719775075415,102,0,NORMAL
9695,93,2026-05-25 07:39:00,3571.55,CREDIT,Shell,Mumbai,0.44359149500833195,100,0,NORMAL
9696,41,2026-07-11 10:54:00,832.89,DEBIT,Netflix,Bangalore,-0.5001898683830305,100,0,NORMAL
9697,40,2026-06-28 12:58:00,5484.88,DEBIT,Amazon,Delhi,0.3840703247778404,109,0,NORMAL
9698,36,2026-05-04 15:08:00,1578.81,CREDIT,Amazon,Mumbai,-0.26400371072144996,85,0,NORMAL
9699,81,2026-01-13 22:14:00,1099.75,DEBIT,Uber,Delhi,-0.38503512124980244,105,0,NORMAL
9700,16,2026-07-27 17:50:00,559.03,DEBIT,Shell,Delhi,-0.6625324464196547,95,0,NORMAL
9701,81,2026-05-24 16:13:00,4418.98,DEBIT,Flipkart,Mumbai,0.07111050441730067,105,0,NORMAL
9702,40,2026-06-04 00:06:00,2940.86,DEBIT,Swiggy,Hyderabad,-0.04847649368853185,109,0,NORMAL
9703,56,2026-01-20 14:39:00,5111.55,DEBIT,Flipkart,Pune,0.5364719870984311,101,0,NORMAL
9704,42,2026-01-15 12:51:00,3592.57,CREDIT,Apple,Bangalore,0.07066701065391792,104,0,NORMAL
9705,44,2026-03-12 05:58:00,4570.48,CREDIT,Walmart,Ludhiana,0.04705014340202664,99,0,NORMAL
9706,81,2026-02-26 15:01:00,9581.25,DEBIT,Walmart,Pune,0.7805361480191352,105,0,NORMAL
9707,6,2026-07-17 14:13:00,4429.72,DEBIT,Myntra,Chandigarh,1.0886602315257137,117,0,NORMAL
9708,25,2026-07-19 13:35:00,6711.25,CREDIT,Amazon,Delhi,2.583599409153001,97,40,REVIEW
9709,58,2026-07-08 01:25:00,4082.0,CREDIT,Walmart,Hyderabad,0.1249266613206216,99,0,NORMAL
9710,74,2026-06-14 21:22:00,2479.72,DEBIT,Amazon,Pune,-0.20378695121127205,119,0,NORMAL
9711,54,2026-03-14 19:01:00,5599.17,DEBIT,Netflix,Delhi,0.17247894449435278,89,0,NORMAL
9712,56,2026-03-19 20:14:00,1733.63,DEBIT,Netflix,Ludhiana,-0.3431131552538411,101,0,NORMAL
9713,9,2026-01-17 05:37:00,1953.35,DEBIT,Walmart,Hyderabad,-0.32668867684244923,84,0,NORMAL
9714,35,2026-03-25 19:36:00,764.93,DEBIT,Apple,Chandigarh,-1.4854304985325295,103,0,NORMAL
9715,80,2026-04-13 15:06:00,2026.26,DEBIT,Netflix,Ludhiana,-0.2416585515733574,84,0,NORMAL
9716,41,2026-01-14 04:19:00,49603.67,DEBIT,Myntra,Chandigarh,9.446182951619749,100,90,HIGH
9717,67,2026-05-15 05:54:00,610.2,DEBIT,Shell,Bangalore,-0.4596020856333374,98,0,NORMAL
9718,74,2026-02-01 15:08:00,47001.1,DEBIT,Apple,Bangalore,4.848643617037282,119,90,HIGH
9719,29,2026-05-19 05:13:00,1021.82,DEBIT,Shell,Hyderabad,-1.0157430679277584,99,0,NORMAL
9720,52,2026-03-25 10:02:00,801.66,DEBIT,Shell,Bangalore,-0.4563015681353056,116,0,NORMAL
9721,42,2026-07-18 00:33:00,3415.98,DEBIT,Walmart,Hyderabad,0.03354706329289155,104,0,NORMAL
9722,91,2026-05-18 05:24:00,4978.13,DEBIT,Walmart,Bangalore,0.10061734261409441,100,0,NORMAL
9723,21,2026-06-30 00:47:00,1828.23,DEBIT,Myntra,Hyderabad,-0.28535176112283844,122,10,NORMAL
9724,91,2026-02-17 23:24:00,71620.32,DEBIT,Shell,Pune,8.102755981361195,100,90,HIGH
9725,65,2026-04-11 07:39:00,608.89,CREDIT,Local Store,Delhi,-0.3862540087693461,112,0,NORMAL
9726,26,2026-06-23 12:17:00,4132.28,DEBIT,Apple,Hyderabad,0.931381303975067,98,0,NORMAL
9727,68,2026-06-29 00:09:00,3751.22,DEBIT,Flipkart,Pune,0.1375059131106408,100,0,NORMAL
9728,28,2026-01-26 13:13:00,844.6,DEBIT,Amazon,Bangalore,-1.3884005691720525,98,0,NORMAL
9729,100,2026-03-23 13:16:00,1703.7,DEBIT,Netflix,Chandigarh,-0.6922927381223728,87,0,NORMAL
9730,26,2026-04-22 22:01:00,5804.78,DEBIT,Shell,Ludhiana,2.005920568996836,98,40,REVIEW
9731,78,2026-01-12 06:42:00,1160.83,CREDIT,Amazon,Mumbai,-0.6204253530603403,102,0,NORMAL
9732,33,2026-01-27 07:26:00,1499.59,CREDIT,Uber,Chandigarh,-0.27885206799233553,91,0,NORMAL
9733,60,2026-02-18 08:51:00,3565.35,CREDIT,Flipkart,Pune,0.05803577730258129,106,0,NORMAL
9734,75,2026-07-18 01:53:00,2409.72,CREDIT,Myntra,Bangalore,-0.22636918043464918,89,0,NORMAL
9735,39,2026-03-05 14:06:00,1203.63,DEBIT,Walmart,Chandigarh,-0.4384044579349737,101,0,NORMAL
9736,95,2026-04-03 07:07:00,1566.11,CREDIT,Uber,Delhi,-0.6990386002104102,113,0,NORMAL
9737,91,2026-06-22 03:49:00,4575.61,DEBIT,Shell,Pune,0.052284284458765394,100,0,NORMAL
9738,73,2026-03-15 18:15:00,4923.44,DEBIT,Swiggy,Chandigarh,1.7284273139640567,111,0,NORMAL
9739,15,2026-07-03 09:35:00,1952.31,DEBIT,Local Store,Ludhiana,-0.25876400233323116,91,0,NORMAL
9740,83,2026-03-27 18:00:00,651.85,DEBIT,Shell,Pune,-0.38793747604500517,101,0,NORMAL
9741,17,2026-05-06 07:18:00,2308.07,DEBIT,Amazon,Ludhiana,-0.16862098556750033,97,0,NORMAL
9742,60,2026-03-13 06:07:00,1482.82,CREDIT,Amazon,Ludhiana,-0.41286737288824715,106,0,NORMAL
9743,67,2026-04-10 17:45:00,2907.38,DEBIT,Uber,Ludhiana,-0.1272938982011954,98,0,NORMAL
9744,70,2026-01-22 15:54:00,3297.7,DEBIT,Apple,Ludhiana,0.38532203911552665,90,0,NORMAL
9745,58,2026-05-22 22:49:00,3404.51,DEBIT,Netflix,Hyderabad,0.0079150869351798,99,0,NORMAL
9746,85,2026-04-04 18:01:00,2212.92,DEBIT,Local Store,Chandigarh,-0.4254262429381508,89,0,NORMAL
9747,44,2026-05-16 13:31:00,3055.65,DEBIT,Uber,Hyderabad,-0.12587869167867255,99,0,NORMAL
9748,22,2026-07-13 09:09:00,4125.83,CREDIT,Walmart,Bangalore,0.08182125314621083,108,0,NORMAL
9749,97,2026-06-04 23:19:00,4024.5,DEBIT,Shell,Ludhiana,0.7426528800322317,96,0,NORMAL
9750,53,2026-07-21 05:12:00,1966.6,DEBIT,Uber,Mumbai,-0.2818635009059371,105,0,NORMAL
9751,19,2026-04-30 16:01:00,1462.96,DEBIT,Uber,Mumbai,-0.935307451788345,98,0,NORMAL
9752,42,2026-04-15 04:35:00,4000.72,DEBIT,Flipkart,Chandigarh,0.1564618264158687,104,0,NORMAL
9753,3,2026-02-01 12:58:00,996.33,DEBIT,Netflix,Hyderabad,-0.35636982840529596,94,0,NORMAL
9754,21,2026-06-25 02:13:00,1856.21,DEBIT,Netflix,Delhi,-0.280855020820611,122,10,NORMAL
9755,66,2026-05-11 09:05:00,1076.35,DEBIT,Myntra,Bangalore,-1.189752656631977,95,0,NORMAL
9756,91,2026-05-17 04:55:00,2198.13,DEBIT,Walmart,Chandigarh,-0.23319439760208002,100,0,NORMAL
9757,98,2026-05-04 07:33:00,4799.88,DEBIT,Apple,Hyderabad,1.5049111482219644,114,0,NORMAL
9758,65,2026-07-13 05:12:00,2132.07,DEBIT,Walmart,Hyderabad,-0.18388246165660047,112,0,NORMAL
9759,48,2026-05-09 13:55:00,4665.2,CREDIT,Flipkart,Pune,0.05820183252766969,102,0,NORMAL
9760,87,2026-02-22 19:27:00,5197.03,CREDIT,Shell,Chandigarh,1.245212421941299,85,0,NORMAL
9761,33,2026-06-24 19:47:00,1230.42,CREDIT,Walmart,Bangalore,-0.307135181019577,91,0,NORMAL
9762,62,2026-03-05 04:30:00,3381.08,DEBIT,Uber,Ludhiana,0.5470230959984871,102,0,NORMAL
9763,89,2026-04-26 13:17:00,2894.59,DEBIT,Walmart,Chandigarh,-0.08263598641812082,103,0,NORMAL
9764,37,2026-02-05 20:33:00,6216.02,CREDIT,Shell,Pune,2.3834316251507817,87,40,REVIEW
9765,2,2026-03-23 19:49:00,4001.71,DEBIT,Shell,Pune,0.8384904816475724,117,0,NORMAL
9766,2,2026-02-28 01:45:00,3617.26,DEBIT,Amazon,Hyderabad,0.5624510121224006,117,0,NORMAL
9767,60,2026-01-14 13:53:00,3550.28,DEBIT,Local Store,Chandigarh,0.054628138289757634,106,0,NORMAL
9768,76,2026-04-30 20:05:00,3147.93,DEBIT,Local Store,Pune,-0.03462053254752319,74,0,NORMAL
9769,11,2026-07-10 13:29:00,2139.76,DEBIT,Myntra,Ludhiana,-0.21394624107635998,118,0,NORMAL
9770,95,2026-04-05 23:59:00,1113.66,DEBIT,Local Store,Pune,-0.9870602036362061,113,0,NORMAL
9771,16,2026-06-21 21:27:00,1772.76,DEBIT,Amazon,Pune,-0.31314894817856637,95,0,NORMAL
9772,74,2026-06-29 05:26:00,2932.94,DEBIT,Shell,Ludhiana,-0.1523540759917346,119,0,NORMAL
9773,43,2026-07-22 16:16:00,888.0,DEBIT,Flipkart,Mumbai,-0.44259549543432,97,0,NORMAL
9774,84,2026-04-19 19:56:00,3020.77,DEBIT,Amazon,Delhi,-0.09869676637794748,95,0,NORMAL
9775,44,2026-01-07 14:22:00,4323.57,DEBIT,Swiggy,Ludhiana,0.018863575490263976,99,0,NORMAL
9776,75,2026-07-17 18:42:00,4141.7,DEBIT,Shell,Pune,0.05961101391887057,89,0,NORMAL
9777,12,2026-07-14 19:40:00,701.78,DEBIT,Myntra,Mumbai,-0.4065582664180797,99,0,NORMAL
9778,35,2026-04-27 15:32:00,1721.87,DEBIT,Walmart,Pune,-0.7982035654713949,103,0,NORMAL
9779,33,2026-02-06 10:56:00,2574.97,DEBIT,Swiggy,Ludhiana,-0.16585621374693338,91,0,NORMAL
9780,41,2026-02-04 04:09:00,2071.24,DEBIT,Netflix,Hyderabad,-0.2476392472600867,100,0,NORMAL
9781,94,2026-05-20 07:26:00,1969.66,DEBIT,Local Store,Ludhiana,-0.2919823947398692,103,0,NORMAL
9782,45,2026-05-09 14:19:00,3160.8,CREDIT,Myntra,Delhi,-0.035789586466224516,97,0,NORMAL
9783,6,2026-02-23 02:28:00,783.87,DEBIT,Uber,Pune,-1.236138959159739,117,0,NORMAL
9784,35,2026-03-05 09:43:00,4209.24,CREDIT,Netflix,Ludhiana,0.9881024270550685,103,0,NORMAL
9785,98,2026-01-17 02:34:00,3293.9,CREDIT,Netflix,Ludhiana,0.39424877949203974,114,0,NORMAL
9786,15,2026-05-23 21:23:00,3927.81,DEBIT,Amazon,Bangalore,0.18684071990074172,91,0,NORMAL
9787,1,2026-06-03 19:49:00,4192.66,DEBIT,Uber,Ludhiana,0.0032399946422456273,112,0,NORMAL
9788,21,2026-07-26 17:50:00,750.2,CREDIT,Flipkart,Mumbai,-0.4586048328887539,122,10,NORMAL
9789,57,2026-05-11 22:50:00,2463.02,DEBIT,Netflix,Mumbai,-0.1668886598763929,107,0,NORMAL
9790,92,2026-02-19 10:41:00,2546.75,DEBIT,Amazon,Chandigarh,-0.1804401735104171,119,0,NORMAL
9791,51,2026-05-13 11:04:00,3891.69,DEBIT,Local Store,Chandigarh,0.039629960927045425,108,0,NORMAL
9792,28,2026-04-28 20:05:00,4370.21,DEBIT,Netflix,Chandigarh,1.0166214232267823,98,0,NORMAL
9793,100,2026-07-04 10:50:00,2416.06,CREDIT,Shell,Mumbai,-0.191212810839172,87,0,NORMAL
9794,1,2026-02-20 12:23:00,3542.33,DEBIT,Local Store,Bangalore,-0.06644818662378225,112,0,NORMAL
9795,67,2026-06-02 19:47:00,539.63,DEBIT,Myntra,Mumbai,-0.46981068434440315,98,0,NORMAL
9796,75,2026-01-31 16:47:00,2185.71,DEBIT,Local Store,Delhi,-0.2633571498899153,89,0,NORMAL
9797,55,2026-07-10 10:17:00,5129.66,DEBIT,Amazon,Delhi,2.003977913788188,118,40,REVIEW
9798,35,2026-01-01 13:25:00,3409.92,DEBIT,Uber,Pune,0.4140703747483138,103,0,NORMAL
9799,94,2026-06-11 04:20:00,1782.89,CREDIT,Local Store,Hyderabad,-0.32334594278604345,103,0,NORMAL
9800,63,2026-06-10 07:43:00,464.95,DEBIT,Myntra,Delhi,-1.5247259472168189,88,0,NORMAL
9801,9,2026-04-08 09:19:00,2312.13,DEBIT,Apple,Mumbai,-0.22706612181716404,84,0,NORMAL
9802,12,2026-03-21 01:18:00,951.55,CREDIT,Uber,Delhi,-0.3761066397583127,99,0,NORMAL
9803,3,2026-01-13 19:47:00,5807.83,CREDIT,Amazon,Ludhiana,0.23283577570697936,94,0,NORMAL
9804,24,2026-04-06 22:37:00,4964.85,DEBIT,Uber,Chandigarh,1.3898403221849063,95,0,NORMAL
9805,4,2026-02-14 09:37:00,3586.34,CREDIT,Shell,Delhi,0.7669332916534791,105,0,NORMAL
9806,31,2026-06-16 08:40:00,3949.04,DEBIT,Walmart,Bangalore,0.06523498247771352,104,0,NORMAL
9807,70,2026-04-22 20:13:00,2720.13,CREDIT,Flipkart,Delhi,-0.06110962433360644,90,0,NORMAL
9808,71,2026-05-11 09:23:00,654.1,DEBIT,Local Store,Ludhiana,-1.3079344440106921,99,0,NORMAL
9809,91,2026-06-29 13:53:00,1791.66,DEBIT,Apple,Ludhiana,-0.28200175661131327,100,0,NORMAL
9810,71,2026-06-01 13:39:00,4389.84,CREDIT,Myntra,Bangalore,1.2076121980480579,99,0,NORMAL
9811,70,2026-04-03 11:12:00,4786.52,DEBIT,Uber,Hyderabad,1.5361027049678717,90,0,NORMAL
9812,43,2026-06-18 02:52:00,609.72,DEBIT,Walmart,Pune,-0.4985602667919556,97,0,NORMAL
9813,95,2026-07-18 03:32:00,3154.99,DEBIT,Shell,Hyderabad,0.31241408019886974,113,0,NORMAL
9814,39,2026-05-29 06:33:00,4673.39,CREDIT,Swiggy,Hyderabad,0.38896759467413694,101,0,NORMAL
9815,11,2026-01-14 18:16:00,4572.74,DEBIT,Walmart,Mumbai,0.1270915632646472,118,0,NORMAL
9816,82,2026-02-11 18:12:00,1813.99,CREDIT,Shell,Delhi,-0.26802398857950294,107,0,NORMAL
9817,13,2026-01-09 08:45:00,4466.1,DEBIT,Local Store,Hyderabad,1.1685256591073423,101,0,NORMAL
9818,52,2026-03-01 08:12:00,3512.79,CREDIT,Swiggy,Pune,0.10367061785617741,116,0,NORMAL
9819,24,2026-02-26 23:17:00,676.77,DEBIT,Amazon,Chandigarh,-1.3438853821666055,95,0,NORMAL
9820,25,2026-01-13 15:51:00,726.98,DEBIT,Local Store,Mumbai,-1.3103737089066698,97,0,NORMAL
9821,36,2026-04-19 04:05:00,1817.16,CREDIT,Amazon,Pune,-0.2317374896484768,85,0,NORMAL
9822,45,2026-05-23 04:51:00,4962.85,CREDIT,Apple,Mumbai,0.23170956396756973,97,0,NORMAL
9823,74,2026-04-11 21:08:00,4088.01,DEBIT,Myntra,Hyderabad,-0.021272986940432545,119,0,NORMAL
9824,18,2026-01-25 20:43:00,2502.83,DEBIT,Shell,Hyderabad,-0.36061572752444926,96,0,NORMAL
9825,72,2026-05-22 17:46:00,4714.09,DEBIT,Uber,Delhi,1.1300200393851538,98,0,NORMAL
9826,27,2026-05-09 19:57:00,2812.22,CREDIT,Myntra,Delhi,0.039211589988784296,90,0,NORMAL
9827,74,2026-02-23 22:41:00,2688.5,DEBIT,Walmart,Bangalore,-0.18009391981739042,119,0,NORMAL
9828,19,2026-01-10 00:09:00,3219.78,DEBIT,Myntra,Pune,0.23035131568801778,98,0,NORMAL
9829,72,2026-04-24 17:50:00,5669.87,DEBIT,Local Store,Mumbai,1.7229415368578889,98,0,NORMAL
9830,76,2026-07-08 10:59:00,277.37,DEBIT,Netflix,Hyderabad,-0.6271351559738514,74,0,NORMAL
9831,73,2026-04-07 11:35:00,954.44,DEBIT,Uber,Bangalore,-0.9547618117598594,111,0,NORMAL
9832,63,2026-04-19 06:00:00,841.83,DEBIT,Local Store,Mumbai,-1.2200778419978464,88,0,NORMAL
9833,17,2026-02-05 09:55:00,3785.65,CREDIT,Swiggy,Pune,0.001736688291034281,97,0,NORMAL
9834,38,2026-07-02 09:42:00,903.29,DEBIT,Local Store,Bangalore,-1.2519863720078481,95,0,NORMAL
9835,21,2026-05-13 10:26:00,1625.63,CREDIT,Swiggy,Bangalore,-0.31791214658500044,122,10,NORMAL
9836,53,2026-06-25 03:49:00,6262.07,DEBIT,Walmart,Hyderabad,0.6494420950886288,105,0,NORMAL
9837,65,2026-03-17 11:50:00,925.23,DEBIT,Netflix,Bangalore,-0.34422469167376585,112,0,NORMAL
9838,64,2026-06-23 18:13:00,2562.8,DEBIT,Local Store,Bangalore,-0.0813269221528877,110,0,NORMAL
9839,77,2026-05-18 21:00:00,3174.64,DEBIT,Swiggy,Chandigarh,0.38008841551883304,84,0,NORMAL
9840,49,2026-04-04 01:14:00,1895.18,DEBIT,Local Store,Pune,-0.31442086982062983,95,0,NORMAL
9841,12,2026-04-12 08:06:00,1437.88,CREDIT,Amazon,Mumbai,-0.3168139320934831,99,0,NORMAL
9842,22,2026-02-10 06:29:00,1650.66,DEBIT,Swiggy,Pune,-0.32875758846846986,108,0,NORMAL
9843,33,2026-04-15 10:58:00,4004.71,DEBIT,Uber,Delhi,-0.01562588339968739,91,0,NORMAL
9844,40,2026-04-14 10:06:00,2590.69,DEBIT,Local Store,Ludhiana,-0.10801412288263001,109,0,NORMAL
9845,25,2026-07-02 20:22:00,1256.97,DEBIT,Walmart,Hyderabad,-0.9655084516839101,97,0,NORMAL
9846,80,2026-05-14 03:44:00,3230.16,DEBIT,Walmart,Hyderabad,-0.06114460947430934,84,0,NORMAL
9847,38,2026-03-24 14:40:00,3025.79,DEBIT,Myntra,Chandigarh,0.29433272946359545,95,0,NORMAL
9848,46,2026-01-13 01:48:00,1588.58,DEBIT,Amazon,Bangalore,-0.2791178207298405,94,0,NORMAL
9849,59,2026-01-24 00:26:00,59366.15,DEBIT,Netflix,Ludhiana,7.896068526433156,92,90,HIGH
9850,5,2026-01-22 10:48:00,5771.13,DEBIT,Netflix,Bangalore,2.2189608811951294,87,40,REVIEW
9851,35,2026-04-11 05:05:00,4018.99,DEBIT,Amazon,Mumbai,0.8514742957042201,103,0,NORMAL
9852,93,2026-03-05 19:25:00,4091.78,CREDIT,Uber,Pune,0.7884610026126518,100,0,NORMAL
9853,6,2026-03-11 14:45:00,2418.16,DEBIT,Walmart,Mumbai,-0.19402365838068109,117,0,NORMAL
9854,97,2026-05-03 15:53:00,3190.04,DEBIT,Local Store,Bangalore,0.14909535403731633,96,0,NORMAL
9855,74,2026-04-08 13:44:00,3932.66,CREDIT,Walmart,Ludhiana,-0.03890260868121,119,0,NORMAL
9856,89,2026-05-04 02:06:00,2169.36,DEBIT,Flipkart,Hyderabad,-0.2198722639527816,103,0,NORMAL
9857,28,2026-06-21 06:22:00,2869.94,DEBIT,Amazon,Mumbai,-0.006799302416780042,98,0,NORMAL
9858,17,2026-02-25 00:47:00,3231.63,DEBIT,Flipkart,Mumbai,-0.06213908051411017,97,0,NORMAL
9859,69,2026-02-14 02:20:00,1658.6,CREDIT,Myntra,Ludhiana,-0.2727838429390446,112,0,NORMAL
9860,20,2026-05-04 00:53:00,4576.49,DEBIT,Walmart,Bangalore,0.046792424101483196,98,0,NORMAL
9861,70,2026-05-29 16:49:00,1523.61,CREDIT,Shell,Chandigarh,-0.9859575457113737,90,0,NORMAL
9862,23,2026-03-27 09:28:00,2633.83,DEBIT,Myntra,Delhi,-0.021101957586317218,96,0,NORMAL
9863,23,2026-05-08 11:10:00,1175.99,CREDIT,Amazon,Hyderabad,-0.9995939257437579,96,0,NORMAL
9864,27,2026-05-25 15:25:00,3105.65,DEBIT,Myntra,Mumbai,0.24757553150289205,90,0,NORMAL
9865,12,2026-01-28 03:00:00,1530.8,CREDIT,Uber,Bangalore,-0.3054852491082345,99,0,NORMAL
9866,26,2026-05-19 04:46:00,1776.57,DEBIT,Swiggy,Mumbai,-0.5821032353399889,98,0,NORMAL
9867,78,2026-03-06 22:18:00,1116.65,DEBIT,Walmart,Bangalore,-0.6333731535561279,102,0,NORMAL
9868,30,2026-04-04 21:17:00,4328.49,CREDIT,Amazon,Hyderabad,0.2816408116130393,92,0,NORMAL
9869,50,2026-02-17 17:44:00,566.42,DEBIT,Amazon,Bangalore,-0.40320841342315455,118,0,NORMAL
9870,92,2026-07-23 02:53:00,4068.26,DEBIT,Apple,Bangalore,0.1374811288393792,119,0,NORMAL
9871,58,2026-06-24 14:13:00,1755.5,DEBIT,Apple,Ludhiana,-0.27689097112816796,99,0,NORMAL
9872,14,2026-03-10 18:13:00,3814.16,CREDIT,Flipkart,Mumbai,0.02204809342197465,112,0,NORMAL
9873,28,2026-01-23 22:35:00,4866.74,DEBIT,Myntra,Bangalore,1.3553331837124267,98,0,NORMAL
9874,15,2026-06-13 05:49:00,3485.01,DEBIT,Flipkart,Chandigarh,0.08696029924510869,91,0,NORMAL
9875,48,2026-03-28 22:18:00,2574.95,DEBIT,Shell,Chandigarh,-0.18854923514328029,102,0,NORMAL
9876,72,2026-05-17 18:59:00,4594.07,CREDIT,Walmart,Mumbai,1.0555652086430605,98,0,NORMAL
9877,26,2026-01-01 18:36:00,3690.64,DEBIT,Flipkart,Delhi,0.6476386905196326,98,0,NORMAL
9878,62,2026-01-23 12:20:00,2550.43,DEBIT,Myntra,Hyderabad,-0.042323664709399536,102,0,NORMAL
9879,17,2026-04-01 09:53:00,4139.59,DEBIT,Swiggy,Chandigarh,0.04254422161274258,97,0,NORMAL
9880,52,2026-03-19 19:27:00,2233.46,DEBIT,Local Store,Pune,-0.16056946532112645,116,0,NORMAL
9881,52,2026-06-17 01:48:00,3510.08,DEBIT,Flipkart,Bangalore,0.1031108790668029,116,0,NORMAL
9882,63,2026-03-08 02:41:00,462.94,DEBIT,Walmart,Bangalore,-1.5263507155555212,88,0,NORMAL
9883,26,2026-03-24 18:31:00,3044.87,DEBIT,Local Store,Bangalore,0.23274767636530821,98,0,NORMAL
9884,21,2026-07-06 07:39:00,6191.58,CREDIT,Uber,Hyderabad,0.41589383565072746,122,10,NORMAL
9885,69,2026-05-20 01:24:00,5250.52,DEBIT,Amazon,Bangalore,0.06789039597065924,112,0,NORMAL
9886,7,2026-04-13 12:37:00,1496.43,DEBIT,Apple,Chandigarh,-0.31115964945711316,93,0,NORMAL
9887,60,2026-05-03 18:39:00,3534.14,DEBIT,Myntra,Ludhiana,0.05097855012340222,106,0,NORMAL
9888,21,2026-02-26 12:40:00,3961.19,DEBIT,Apple,Hyderabad,0.05744191990072031,122,10,NORMAL
9889,96,2026-05-28 19:08:00,2414.65,CREDIT,Shell,Ludhiana,-0.2688977449363804,96,0,NORMAL
9890,40,2026-03-23 03:49:00,2033.84,DEBIT,Local Store,Chandigarh,-0.2026925042880433,109,0,NORMAL
9891,4,2026-02-23 17:52:00,2627.61,DEBIT,Netflix,Ludhiana,-0.0005692226543571078,105,0,NORMAL
9892,15,2026-06-21 05:10:00,3859.71,DEBIT,Shell,Pune,0.17147970669692825,91,0,NORMAL
9893,85,2026-01-06 09:49:00,2309.82,DEBIT,Netflix,Pune,-0.3668266640575489,89,0,NORMAL
9894,16,2026-07-17 12:20:00,3941.13,CREDIT,Swiggy,Ludhiana,0.31103657585151334,95,0,NORMAL
9895,50,2026-04-24 01:48:00,2415.32,DEBIT,Shell,Delhi,-0.17253524277237173,118,0,NORMAL
9896,81,2026-04-18 08:20:00,1693.08,DEBIT,Flipkart,Bangalore,-0.30349666682601667,105,0,NORMAL
9897,67,2026-05-07 13:32:00,5178.87,DEBIT,Local Store,Delhi,0.20129799475897137,98,0,NORMAL
9898,82,2026-04-06 20:41:00,866.33,DEBIT,Walmart,Hyderabad,-0.4262401689686589,107,0,NORMAL
9899,93,2026-02-05 02:55:00,1354.09,DEBIT,Walmart,Ludhiana,-1.0264012742135031,100,0,NORMAL
9900,65,2026-01-16 18:58:00,6785.79,CREDIT,Walmart,Hyderabad,0.43441643685147235,112,0,NORMAL
9901,33,2026-02-02 01:12:00,2250.12,CREDIT,Local Store,Hyderabad,-0.19998991834588342,91,0,NORMAL
9902,49,2026-05-09 11:31:00,696.07,DEBIT,Shell,Hyderabad,-1.2331392817690574,95,0,NORMAL
9903,70,2026-03-04 02:48:00,989.83,DEBIT,Myntra,Delhi,-1.3985418096376137,90,0,NORMAL
9904,82,2026-04-07 08:23:00,3448.84,CREDIT,Flipkart,Bangalore,0.0049217118924085625,107,0,NORMAL
9905,79,2026-07-25 20:41:00,7366.46,CREDIT,Flipkart,Delhi,3.206287935224308,122,80,HIGH
9906,21,2026-06-23 19:35:00,907.61,CREDIT,Apple,Hyderabad,-0.4333070526538136,122,10,NORMAL
9907,82,2026-03-25 10:25:00,5591.11,CREDIT,Swiggy,Bangalore,0.36258350701120334,107,0,NORMAL
9908,16,2026-07-24 17:06:00,33710.62,DEBIT,Swiggy,Hyderabad,8.88046186570436,95,90,HIGH
9909,59,2026-03-01 09:02:00,867.01,CREDIT,Flipkart,Delhi,-0.39794482852007834,92,0,NORMAL
9910,49,2026-02-19 23:45:00,5764.85,DEBIT,Amazon,Mumbai,2.65039226422418,95,40,REVIEW
9911,48,2026-06-11 20:18:00,3176.01,CREDIT,Local Store,Pune,-0.11759494894100722,102,0,NORMAL
9912,43,2026-06-07 11:41:00,296.32,CREDIT,Uber,Pune,-0.5615880062755081,97,0,NORMAL
9913,34,2026-06-19 15:06:00,2136.59,DEBIT,Uber,Mumbai,-0.513126153894645,118,0,NORMAL
9914,98,2026-07-26 21:54:00,2642.01,DEBIT,Local Store,Ludhiana,-0.08652101263757049,114,0,NORMAL
9915,67,2026-02-26 17:55:00,5035.3,CREDIT,Local Store,Chandigarh,0.18052927551640766,98,0,NORMAL
9916,62,2026-07-20 17:53:00,3101.32,DEBIT,Apple,Bangalore,0.34853317873413003,102,0,NORMAL
9917,72,2026-01-14 20:23:00,5839.7,DEBIT,Flipkart,Bangalore,1.8282961769589525,98,0,NORMAL
9918,94,2026-06-14 15:10:00,3678.18,DEBIT,Uber,Hyderabad,-0.005077382650938276,103,0,NORMAL
9919,74,2026-07-25 01:34:00,703.22,CREDIT,Swiggy,Chandigarh,-0.4053899317229623,119,0,NORMAL
9920,31,2026-03-27 19:35:00,1269.13,DEBIT,Myntra,Delhi,-0.30808868086300467,104,0,NORMAL
9921,81,2026-01-28 01:02:00,2516.73,DEBIT,Myntra,Delhi,-0.19030645566839594,105,0,NORMAL
9922,78,2026-05-10 15:19:00,5698.64,DEBIT,Myntra,Hyderabad,0.7094673261562684,102,0,NORMAL
9923,56,2026-05-24 01:57:00,1080.33,CREDIT,Swiggy,Mumbai,-0.5132275965368613,101,0,NORMAL
9924,10,2026-06-22 02:57:00,3833.81,DEBIT,Apple,Hyderabad,-0.04324592042602435,91,0,NORMAL
9925,72,2026-03-28 04:53:00,4042.54,DEBIT,Amazon,Mumbai,0.7134216259136276,98,0,NORMAL
9926,53,2026-07-08 01:22:00,2713.47,CREDIT,Swiggy,Pune,-0.11993379112319821,105,0,NORMAL
9927,91,2026-06-16 03:54:00,575.01,CREDIT,Flipkart,Ludhiana,-0.42809242342210774,100,0,NORMAL
9928,34,2026-03-24 10:08:00,5486.31,DEBIT,Walmart,Ludhiana,1.8699132121538058,118,0,NORMAL
9929,81,2026-07-07 05:28:00,2656.34,DEBIT,Myntra,Chandigarh,-0.1711205327888774,105,0,NORMAL
9930,94,2026-04-10 06:29:00,1257.8,DEBIT,Swiggy,Delhi,-0.41152223150246275,103,0,NORMAL
9931,2,2026-07-24 05:00:00,1605.44,DEBIT,Shell,Mumbai,-0.8820586135249702,117,0,NORMAL
9932,68,2026-05-16 19:29:00,2535.64,CREDIT,Walmart,Chandigarh,-0.15443221476416072,100,0,NORMAL
9933,12,2026-04-04 22:26:00,2991.97,DEBIT,Flipkart,Delhi,-0.12734134340918438,99,0,NORMAL
9934,3,2026-04-08 08:08:00,4545.26,DEBIT,Apple,Delhi,0.0782242575558757,94,0,NORMAL
9935,89,2026-03-25 06:48:00,3565.88,DEBIT,Apple,Chandigarh,0.04439315019542578,103,0,NORMAL
9936,14,2026-04-30 15:26:00,924.9,CREDIT,Flipkart,Mumbai,-0.3846877316703756,112,0,NORMAL
9937,34,2026-03-09 04:13:00,3849.15,DEBIT,Amazon,Delhi,0.7052138556344901,118,0,NORMAL
9938,47,2026-01-11 22:49:00,1233.11,DEBIT,Shell,Pune,-0.4008051336664501,103,0,NORMAL
9939,30,2026-04-28 16:54:00,3289.31,DEBIT,Walmart,Bangalore,0.05163157855712177,92,0,NORMAL
9940,17,2026-03-16 16:12:00,1267.36,CREDIT,Apple,Bangalore,-0.2886097068288301,97,0,NORMAL
9941,99,2026-06-24 20:23:00,841.61,DEBIT,Walmart,Pune,-0.6470564546623899,103,0,NORMAL
9942,28,2026-05-20 14:21:00,1898.18,CREDIT,Swiggy,Hyderabad,-0.6696928644765346,98,0,NORMAL
9943,60,2026-01-04 15:04:00,753.48,DEBIT,Swiggy,Delhi,-0.577786247315112,106,0,NORMAL
9944,44,2026-06-02 20:03:00,2376.42,DEBIT,Apple,Delhi,-0.20341772421160584,99,0,NORMAL
9945,46,2026-01-09 00:12:00,788.84,DEBIT,Walmart,Pune,-0.4103004899506931,94,0,NORMAL
9946,38,2026-01-08 09:12:00,3615.25,DEBIT,Apple,Mumbai,0.7237759603485694,95,0,NORMAL
9947,67,2026-02-06 20:47:00,6712.43,DEBIT,Myntra,Mumbai,0.4231415350642307,98,0,NORMAL
9948,95,2026-02-09 17:37:00,813.21,DEBIT,Flipkart,Pune,-1.17832131701731,113,0,NORMAL
9949,46,2026-04-05 20:22:00,1084.87,DEBIT,Walmart,Bangalore,-0.3617422015451501,94,0,NORMAL
9950,71,2026-06-01 00:38:00,5806.83,DEBIT,Shell,Ludhiana,2.1617750777802733,99,40,REVIEW
9951,18,2026-03-05 12:47:00,3396.4,DEBIT,Myntra,Mumbai,0.24162635108023325,96,0,NORMAL
9952,69,2026-05-30 06:26:00,1714.18,CREDIT,Shell,Ludhiana,-0.2675123797108543,112,0,NORMAL
9953,42,2026-04-08 17:06:00,2207.98,CREDIT,Flipkart,Hyderabad,-0.22037952605033181,104,0,NORMAL
9954,52,2026-06-09 20:42:00,2096.92,CREDIT,Amazon,Ludhiana,-0.18877121229573743,116,0,NORMAL
9955,28,2026-06-06 04:14:00,3505.25,DEBIT,Flipkart,Ludhiana,0.4265823030333133,98,0,NORMAL
9956,14,2026-04-03 01:49:00,1051.61,DEBIT,Apple,Hyderabad,-0.3668501205182288,112,0,NORMAL
9957,83,2026-07-21 08:09:00,2909.29,DEBIT,Apple,Bangalore,-0.036291543490238526,101,0,NORMAL
9958,59,2026-04-02 04:26:00,3412.55,DEBIT,Local Store,Pune,-0.03703793731505107,92,0,NORMAL
9959,93,2026-06-24 21:02:00,900.19,DEBIT,Myntra,Delhi,-1.327299472129042,100,0,NORMAL
9960,40,2026-01-12 12:16:00,1975.57,CREDIT,Uber,Ludhiana,-0.21259985686861874,109,0,NORMAL
9961,55,2026-05-29 18:17:00,608.5,DEBIT,Local Store,Delhi,-1.4548382641029767,118,0,NORMAL
9962,5,2026-07-19 02:16:00,2924.66,CREDIT,Local Store,Ludhiana,0.3233289925001176,87,0,NORMAL
9963,13,2026-02-10 08:17:00,3664.65,DEBIT,Amazon,Bangalore,0.6160649414256357,101,0,NORMAL
9964,59,2026-04-08 11:06:00,369.2,DEBIT,Apple,Pune,-0.4685243753002407,92,0,NORMAL
9965,33,2026-02-18 20:10:00,1834.75,CREDIT,Flipkart,Chandigarh,-0.2436350372600465,91,0,NORMAL
9966,61,2026-01-24 09:51:00,946.58,CREDIT,Local Store,Pune,-0.6093646196218501,81,0,NORMAL
9967,43,2026-02-18 00:10:00,860.4,DEBIT,Swiggy,Bangalore,-0.44814611958794487,97,0,NORMAL
9968,97,2026-01-26 19:08:00,2804.04,CREDIT,Swiggy,Bangalore,-0.12546928061747517,96,0,NORMAL
9969,46,2026-01-04 23:40:00,945.55,CREDIT,Amazon,Delhi,-0.3845950905788975,94,0,NORMAL
9970,69,2026-07-09 17:12:00,4276.17,DEBIT,Myntra,Pune,-0.024521446353688196,112,0,NORMAL
9971,54,2026-06-12 03:04:00,1934.38,DEBIT,Uber,Mumbai,-0.29210283459945724,89,0,NORMAL
9972,23,2026-06-06 10:02:00,2200.97,DEBIT,Local Store,Pune,-0.31163454918527866,96,0,NORMAL
9973,88,2026-04-15 14:49:00,1502.13,DEBIT,Shell,Ludhiana,-0.2773750255872246,104,0,NORMAL
9974,10,2026-06-29 05:21:00,3111.29,DEBIT,Netflix,Mumbai,-0.13092319698709204,91,0,NORMAL
9975,60,2026-01-15 20:19:00,3204.7,DEBIT,Netflix,Chandigarh,-0.023514654679825848,106,0,NORMAL
9976,61,2026-01-04 09:43:00,2074.78,DEBIT,Uber,Hyderabad,-0.307878875163801,81,0,NORMAL
9977,41,2026-03-21 20:08:00,3953.43,DEBIT,Netflix,Bangalore,0.13621689484141405,100,0,NORMAL
9978,70,2026-05-07 07:42:00,2404.64,DEBIT,Walmart,Pune,-0.3049670364248978,90,0,NORMAL
9979,38,2026-06-07 03:12:00,3236.08,DEBIT,Myntra,Mumbai,0.44753670771962833,95,0,NORMAL
9980,30,2026-07-09 22:56:00,3183.04,CREDIT,Shell,Delhi,0.0281100700630665,92,0,NORMAL
9981,14,2026-01-18 02:26:00,2539.83,CREDIT,Myntra,Chandigarh,-0.15734582197156374,112,0,NORMAL
9982,99,2026-05-13 08:08:00,3921.39,DEBIT,Flipkart,Ludhiana,0.3105603830338954,103,0,NORMAL
9983,85,2026-02-22 11:08:00,2268.24,DEBIT,Flipkart,Mumbai,-0.39197187035120673,89,0,NORMAL
9984,89,2026-05-28 23:48:00,659.7,DEBIT,Myntra,Pune,-0.5055473170297032,103,0,NORMAL
9985,32,2026-01-11 23:02:00,937.92,DEBIT,Myntra,Hyderabad,-0.6300178158233346,107,0,NORMAL
9986,1,2026-03-20 04:09:00,1475.75,DEBIT,Myntra,Hyderabad,-0.2878991448153894,112,0,NORMAL
9987,17,2026-02-12 04:28:00,1833.06,CREDIT,Swiggy,Hyderabad,-0.2233872917299704,97,0,NORMAL
9988,95,2026-06-08 16:39:00,5107.24,CREDIT,Uber,Ludhiana,1.5551816242103853,113,0,NORMAL
9989,50,2026-06-23 21:11:00,2586.03,DEBIT,Netflix,Bangalore,-0.1512370563037714,118,0,NORMAL
9990,22,2026-04-07 16:22:00,3517.24,CREDIT,Uber,Chandigarh,-0.019131076276931253,108,0,NORMAL
9991,70,2026-05-27 19:22:00,1802.21,CREDIT,Shell,Ludhiana,-0.7706141909025565,90,0,NORMAL
9992,74,2026-03-29 02:19:00,1612.97,DEBIT,Uber,Delhi,-0.3021485517508203,119,0,NORMAL
9993,80,2026-01-12 11:47:00,1010.42,DEBIT,Apple,Bangalore,-0.393974593555164,84,0,NORMAL
9994,17,2026-03-18 12:55:00,591.02,DEBIT,Apple,Pune,-0.36658836729897804,97,0,NORMAL
9995,69,2026-04-14 02:45:00,2255.87,DEBIT,Apple,Chandigarh,-0.21613600482639214,112,0,NORMAL
9996,22,2026-04-23 14:04:00,2083.26,CREDIT,Apple,Delhi,-0.25699831258741485,108,0,NORMAL
9997,52,2026-05-21 18:03:00,6272.93,DEBIT,Apple,Hyderabad,0.6737656075625109,116,0,NORMAL
9998,13,2026-03-22 08:58:00,3280.08,DEBIT,Netflix,Chandigarh,0.3509706520765136,101,0,NORMAL
9999,76,2026-02-15 12:26:00,863.93,DEBIT,Walmart,Mumbai,-0.506062829488097,74,0,NORMAL
10000,96,2026-05-24 16:33:00,4243.44,DEBIT,Amazon,Bangalore,0.8701837668274455,96,0,NORMAL
