transaction_id,account_id,transaction_time,amount,transaction_type,merchant,location,known_anomaly
1,82,2026-02-07 07:36:00,991.04,DEBIT,Shell,Delhi,False
2,76,2026-03-21 14:29:00,1949.82,DEBIT,Netflix,Ludhiana,False
3,78,2026-03-22 06:14:00,690.3,DEBIT,Myntra,Ludhiana,False
4,36,2026-02-28 03:07:00,5565.96,DEBIT,Swiggy,Bangalore,False
5,36,2026-02-05 05:07:00,1461.6,DEBIT,Flipkart,Hyderabad,False
6,45,2026-06-17 06:30:00,3023.25,CREDIT,Shell,Delhi,False
7,49,2026-05-12 16:00:00,774.01,CREDIT,Local Store,Mumbai,False
8,91,2026-04-16 08:42:00,1088.62,DEBIT,Walmart,Hyderabad,False
9,30,2026-03-01 05:17:00,3517.32,CREDIT,Flipkart,Bangalore,False
10,27,2026-01-26 23:55:00,4176.56,DEBIT,Local Store,Pune,False
11,22,2026-07-22 18:42:00,2929.99,DEBIT,Netflix,Pune,False
12,42,2026-03-25 09:27:00,5487.64,CREDIT,Amazon,Hyderabad,False
13,41,2026-04-25 13:41:00,3470.65,DEBIT,Netflix,Pune,False
14,64,2026-06-17 01:30:00,2789.47,CREDIT,Uber,Bangalore,False
15,18,2026-05-26 10:00:00,1318.66,DEBIT,Flipkart,Mumbai,False
16,18,2026-01-18 03:42:00,2587.83,DEBIT,Walmart,Mumbai,False
17,81,2026-06-20 09:52:00,1046.12,DEBIT,Shell,Bangalore,False
18,71,2026-02-11 16:58:00,3038.9,DEBIT,Shell,Hyderabad,False
19,35,2026-01-02 04:21:00,3515.88,DEBIT,Apple,Ludhiana,False
20,98,2026-04-19 15:51:00,1533.21,CREDIT,Shell,Ludhiana,False
21,26,2026-07-13 02:18:00,1216.81,CREDIT,Amazon,Ludhiana,False
22,42,2026-05-13 03:46:00,1861.25,DEBIT,Apple,Mumbai,False
23,8,2026-01-26 04:47:00,1437.68,DEBIT,Shell,Hyderabad,False
24,17,2026-07-20 04:15:00,1032.94,DEBIT,Uber,Bangalore,False
25,68,2026-03-15 05:41:00,3749.86,DEBIT,Apple,Chandigarh,False
26,86,2026-07-08 10:38:00,3698.74,DEBIT,Myntra,Delhi,False
27,32,2026-03-22 04:17:00,1246.58,DEBIT,Amazon,Delhi,False
28,91,2026-01-12 10:29:00,4286.33,DEBIT,Flipkart,Delhi,False
29,66,2026-07-27 21:51:00,1438.1,DEBIT,Local Store,Chandigarh,False
30,32,2026-03-11 07:49:00,3419.77,CREDIT,Walmart,Delhi,False
31,85,2026-02-05 19:59:00,1832.85,DEBIT,Amazon,Chandigarh,False
32,94,2026-04-01 12:47:00,2289.45,CREDIT,Netflix,Mumbai,False
33,69,2026-01-28 10:43:00,2070.0,DEBIT,Myntra,Hyderabad,False
34,71,2026-07-16 19:43:00,1030.15,DEBIT,Amazon,Delhi,False
35,97,2026-05-27 00:20:00,4944.09,DEBIT,Amazon,Mumbai,False
36,49,2026-06-15 15:55:00,636.78,DEBIT,Apple,Chandigarh,False
37,90,2026-02-26 08:38:00,6338.5,DEBIT,Netflix,Bangalore,False
38,28,2026-07-17 09:46:00,4814.69,DEBIT,Amazon,Pune,False
39,41,2026-02-27 07:40:00,564.01,CREDIT,Amazon,Ludhiana,False
40,11,2026-01-25 17:51:00,3685.12,DEBIT,Netflix,Chandigarh,False
41,16,2026-01-30 20:22:00,3326.44,DEBIT,Swiggy,Pune,False
42,75,2026-04-05 22:36:00,2619.27,DEBIT,Netflix,Pune,False
43,92,2026-06-16 11:17:00,1889.0,DEBIT,Flipkart,Hyderabad,False
44,10,2026-07-24 23:30:00,613.33,DEBIT,Walmart,Delhi,False
45,69,2026-03-30 22:35:00,1378.25,CREDIT,Flipkart,Bangalore,False
46,21,2026-04-21 03:26:00,3903.13,DEBIT,Local Store,Hyderabad,False
47,84,2026-02-07 17:09:00,2428.31,CREDIT,Uber,Bangalore,False
48,15,2026-02-26 14:19:00,3258.21,DEBIT,Apple,Bangalore,False
49,78,2026-07-04 00:19:00,1143.64,CREDIT,Myntra,Bangalore,False
50,7,2026-04-11 17:40:00,1206.6,DEBIT,Amazon,Delhi,False
51,43,2026-07-20 20:39:00,3466.21,DEBIT,Swiggy,Ludhiana,False
52,2,2026-02-24 06:27:00,855.06,CREDIT,Shell,Delhi,False
53,48,2026-01-15 12:36:00,3364.72,DEBIT,Flipkart,Mumbai,False
54,88,2026-07-23 20:20:00,1792.77,DEBIT,Swiggy,Ludhiana,False
55,96,2026-03-06 11:06:00,1736.1,CREDIT,Swiggy,Delhi,False
56,23,2026-05-30 21:36:00,3001.26,DEBIT,Netflix,Bangalore,False
57,21,2026-03-22 23:39:00,5638.42,CREDIT,Netflix,Hyderabad,False
58,59,2026-03-24 20:45:00,2733.91,CREDIT,Netflix,Delhi,False
59,85,2026-04-12 15:01:00,1046.06,CREDIT,Flipkart,Pune,False
60,66,2026-07-15 05:31:00,3311.07,CREDIT,Flipkart,Delhi,False
61,15,2026-01-14 22:17:00,4343.49,CREDIT,Walmart,Ludhiana,False
62,56,2026-06-08 21:16:00,2731.36,CREDIT,Local Store,Ludhiana,False
63,15,2026-01-01 14:46:00,1853.86,DEBIT,Shell,Hyderabad,False
64,69,2026-03-13 17:43:00,3272.24,CREDIT,Flipkart,Chandigarh,False
65,9,2026-02-15 08:59:00,6233.73,DEBIT,Apple,Ludhiana,False
66,40,2026-04-18 15:28:00,2917.12,DEBIT,Shell,Mumbai,False
67,25,2026-07-27 04:55:00,3229.03,CREDIT,Apple,Chandigarh,False
68,71,2026-03-18 12:36:00,3666.63,DEBIT,Swiggy,Hyderabad,False
69,75,2026-07-06 02:42:00,2847.6,DEBIT,Myntra,Hyderabad,False
70,95,2026-07-07 16:05:00,1570.18,DEBIT,Local Store,Bangalore,False
71,12,2026-03-14 12:01:00,4194.08,DEBIT,Uber,Delhi,False
72,6,2026-01-27 12:22:00,1003.23,DEBIT,Myntra,Chandigarh,False
73,81,2026-02-23 17:29:00,2940.25,DEBIT,Amazon,Hyderabad,False
74,99,2026-03-21 16:15:00,3402.75,CREDIT,Uber,Hyderabad,False
75,90,2026-06-16 04:37:00,3340.17,CREDIT,Uber,Hyderabad,False
76,60,2026-04-26 12:35:00,3709.92,CREDIT,Myntra,Ludhiana,False
77,93,2026-02-27 22:44:00,2311.18,DEBIT,Myntra,Chandigarh,False
78,34,2026-04-11 23:11:00,4822.55,CREDIT,Shell,Chandigarh,False
79,81,2026-05-03 06:40:00,997.31,DEBIT,Flipkart,Ludhiana,False
80,11,2026-02-25 15:13:00,1286.39,DEBIT,Netflix,Delhi,False
81,54,2026-06-02 23:16:00,1750.73,DEBIT,Swiggy,Hyderabad,False
82,75,2026-05-19 11:49:00,4431.07,DEBIT,Myntra,Delhi,False
83,46,2026-07-15 23:02:00,1095.05,CREDIT,Shell,Hyderabad,False
84,78,2026-04-10 08:56:00,6065.61,DEBIT,Swiggy,Chandigarh,False
85,4,2026-06-20 04:07:00,1758.88,DEBIT,Uber,Ludhiana,False
86,69,2026-07-25 11:43:00,378.78,DEBIT,Amazon,Delhi,False
87,83,2026-04-30 04:27:00,2686.41,DEBIT,Netflix,Chandigarh,False
88,42,2026-04-12 07:26:00,1781.46,CREDIT,Swiggy,Bangalore,False
89,11,2026-03-23 15:16:00,2615.07,CREDIT,Walmart,Hyderabad,False
90,84,2026-04-01 00:47:00,625.46,DEBIT,Netflix,Hyderabad,False
91,3,2026-03-21 08:36:00,3363.14,DEBIT,Myntra,Pune,False
92,33,2026-02-11 16:48:00,5067.08,DEBIT,Uber,Bangalore,False
93,14,2026-05-17 15:28:00,4020.6,CREDIT,Swiggy,Pune,False
94,26,2026-03-30 10:03:00,722.87,DEBIT,Walmart,Pune,False
95,99,2026-07-26 01:11:00,1519.85,CREDIT,Amazon,Bangalore,False
96,69,2026-07-04 05:09:00,1421.74,DEBIT,Flipkart,Delhi,False
97,54,2026-06-17 09:15:00,6306.75,DEBIT,Uber,Chandigarh,False
98,23,2026-04-09 08:00:00,5291.27,CREDIT,Local Store,Hyderabad,False
99,69,2026-04-28 08:20:00,2168.35,DEBIT,Netflix,Hyderabad,False
100,12,2026-06-19 04:41:00,1934.74,DEBIT,Local Store,Ludhiana,False
101,86,2026-03-19 05:31:00,3263.8,DEBIT,Flipkart,Hyderabad,False
102,34,2026-04-11 14:04:00,2209.25,CREDIT,Shell,Delhi,False
103,67,2026-03-29 11:58:00,6399.21,DEBIT,Myntra,Pune,False
104,92,2026-02-03 21:06:00,3262.35,CREDIT,Apple,Mumbai,False
105,52,2026-07-13 07:15:00,3200.67,DEBIT,Flipkart,Chandigarh,False
106,96,2026-06-15 04:53:00,3898.46,DEBIT,Apple,Bangalore,False
107,33,2026-03-09 09:51:00,1477.36,DEBIT,Netflix,Mumbai,False
108,95,2026-07-11 00:20:00,2105.17,DEBIT,Local Store,Bangalore,False
109,13,2026-07-14 11:20:00,3959.0,DEBIT,Uber,Bangalore,False
110,6,2026-02-15 23:26:00,5991.3,DEBIT,Myntra,Delhi,False
111,2,2026-01-19 16:56:00,2267.93,DEBIT,Apple,Hyderabad,False
112,62,2026-06-29 00:56:00,1065.57,DEBIT,Walmart,Ludhiana,False
113,81,2026-02-01 00:19:00,4537.51,CREDIT,Netflix,Delhi,False
114,72,2026-03-24 04:05:00,5406.32,DEBIT,Shell,Chandigarh,False
115,58,2026-07-27 00:45:00,4140.13,DEBIT,Local Store,Delhi,False
116,79,2026-03-17 15:40:00,6355.96,DEBIT,Netflix,Bangalore,False
117,85,2026-05-29 17:40:00,882.79,DEBIT,Myntra,Pune,False
118,77,2026-04-15 21:29:00,3441.26,DEBIT,Apple,Pune,False
119,59,2026-03-14 00:34:00,837.02,CREDIT,Swiggy,Delhi,False
120,70,2026-04-07 17:07:00,1806.3,DEBIT,Uber,Delhi,False
121,8,2026-04-16 01:55:00,1063.15,DEBIT,Myntra,Delhi,False
122,60,2026-04-10 02:55:00,4998.06,DEBIT,Shell,Ludhiana,False
123,64,2026-04-02 03:44:00,1412.25,DEBIT,Amazon,Delhi,False
124,30,2026-01-08 13:16:00,3364.95,CREDIT,Apple,Ludhiana,False
125,6,2026-04-12 06:34:00,4472.9,DEBIT,Uber,Ludhiana,False
126,56,2026-02-03 05:17:00,4261.62,DEBIT,Myntra,Bangalore,False
127,53,2026-06-30 09:28:00,1524.94,DEBIT,Apple,Pune,False
128,52,2026-06-15 14:19:00,2359.95,DEBIT,Walmart,Bangalore,False
129,33,2026-01-01 10:03:00,2443.34,DEBIT,Shell,Chandigarh,False
130,53,2026-07-01 11:53:00,708.67,DEBIT,Myntra,Hyderabad,False
131,7,2026-06-26 11:28:00,643.14,DEBIT,Walmart,Delhi,False
132,81,2026-02-27 15:55:00,2674.91,DEBIT,Apple,Ludhiana,False
133,2,2026-06-18 00:11:00,4924.27,CREDIT,Walmart,Pune,False
134,20,2026-07-05 06:35:00,3924.41,DEBIT,Apple,Chandigarh,False
135,62,2026-07-05 01:04:00,4972.31,DEBIT,Uber,Hyderabad,False
136,9,2026-06-01 01:49:00,2294.36,CREDIT,Flipkart,Hyderabad,False
137,65,2026-06-28 06:32:00,2387.03,CREDIT,Uber,Chandigarh,False
138,69,2026-07-17 20:33:00,2696.91,DEBIT,Swiggy,Chandigarh,False
139,42,2026-05-30 13:24:00,5222.32,DEBIT,Amazon,Bangalore,False
140,96,2026-05-19 19:14:00,2569.9,CREDIT,Swiggy,Pune,False
141,84,2026-05-01 21:00:00,4576.41,DEBIT,Walmart,Hyderabad,False
142,57,2026-01-06 14:06:00,950.61,CREDIT,Uber,Chandigarh,False
143,84,2026-05-25 17:15:00,6755.91,DEBIT,Walmart,Hyderabad,False
144,43,2026-05-19 08:34:00,5191.98,CREDIT,Flipkart,Pune,False
145,92,2026-03-27 11:27:00,3095.54,DEBIT,Apple,Mumbai,False
146,96,2026-02-06 14:14:00,928.11,CREDIT,Myntra,Mumbai,False
147,89,2026-05-11 12:18:00,2249.89,DEBIT,Flipkart,Chandigarh,False
148,19,2026-03-07 13:21:00,1662.92,DEBIT,Uber,Mumbai,False
149,11,2026-02-22 02:34:00,2333.43,DEBIT,Netflix,Chandigarh,False
150,82,2026-01-04 10:06:00,2061.85,DEBIT,Myntra,Bangalore,False
151,87,2026-04-19 22:02:00,4554.48,CREDIT,Swiggy,Pune,False
152,33,2026-05-21 01:30:00,3245.09,DEBIT,Myntra,Delhi,False
153,31,2026-01-08 23:42:00,1922.68,DEBIT,Swiggy,Bangalore,False
154,2,2026-01-18 20:33:00,3540.9,DEBIT,Local Store,Pune,False
155,64,2026-05-09 06:37:00,5752.98,DEBIT,Netflix,Pune,False
156,25,2026-02-19 19:11:00,2478.42,DEBIT,Walmart,Pune,False
157,83,2026-02-17 20:17:00,688.0,DEBIT,Walmart,Bangalore,False
158,42,2026-02-18 02:49:00,3619.4,DEBIT,Shell,Bangalore,False
159,68,2026-06-25 10:27:00,2699.75,CREDIT,Apple,Pune,False
160,44,2026-01-28 09:58:00,4730.35,DEBIT,Uber,Hyderabad,False
161,29,2026-07-22 21:52:00,3877.85,CREDIT,Flipkart,Delhi,False
162,51,2026-06-15 13:58:00,174.49,DEBIT,Flipkart,Pune,False
163,96,2026-02-09 10:44:00,2112.76,CREDIT,Netflix,Chandigarh,False
164,4,2026-04-30 10:09:00,2513.66,CREDIT,Local Store,Mumbai,False
165,83,2026-05-29 15:44:00,976.83,DEBIT,Walmart,Mumbai,False
166,6,2026-06-29 08:37:00,2427.06,DEBIT,Walmart,Delhi,False
167,31,2026-07-16 16:16:00,5305.49,DEBIT,Swiggy,Ludhiana,False
168,96,2026-02-06 01:15:00,4549.83,CREDIT,Myntra,Ludhiana,False
169,53,2026-06-11 21:48:00,4389.69,DEBIT,Netflix,Hyderabad,False
170,47,2026-07-18 05:36:00,1303.3,DEBIT,Flipkart,Delhi,False
171,51,2026-02-03 09:03:00,2782.52,CREDIT,Netflix,Pune,False
172,82,2026-05-02 10:14:00,2801.41,DEBIT,Netflix,Mumbai,False
173,73,2026-03-26 19:58:00,1640.89,DEBIT,Flipkart,Hyderabad,False
174,19,2026-04-11 22:51:00,2920.66,DEBIT,Uber,Mumbai,False
175,70,2026-01-06 09:51:00,1901.42,DEBIT,Flipkart,Hyderabad,False
176,31,2026-04-07 14:49:00,4180.27,DEBIT,Amazon,Mumbai,False
177,95,2026-05-12 19:32:00,2558.25,DEBIT,Shell,Ludhiana,False
178,14,2026-01-16 18:55:00,2684.38,DEBIT,Shell,Bangalore,False
179,59,2026-06-05 04:50:00,6411.1,CREDIT,Walmart,Chandigarh,False
180,92,2026-01-30 09:57:00,5402.74,DEBIT,Flipkart,Ludhiana,False
181,19,2026-04-29 09:30:00,751.48,DEBIT,Swiggy,Ludhiana,False
182,68,2026-06-06 15:08:00,2465.86,DEBIT,Walmart,Hyderabad,False
183,90,2026-03-20 06:54:00,721.73,DEBIT,Swiggy,Chandigarh,False
184,30,2026-05-26 04:09:00,1362.1,CREDIT,Swiggy,Pune,False
185,13,2026-06-22 16:12:00,1766.5,CREDIT,Walmart,Delhi,False
186,11,2026-05-16 16:14:00,1082.45,DEBIT,Uber,Ludhiana,False
187,8,2026-05-09 17:47:00,2489.11,DEBIT,Swiggy,Hyderabad,False
188,93,2026-04-24 18:13:00,669.78,DEBIT,Flipkart,Delhi,False
189,74,2026-05-08 16:58:00,46965.62,DEBIT,Shell,Bangalore,True
190,15,2026-06-06 05:38:00,4863.36,DEBIT,Shell,Hyderabad,False
191,80,2026-04-08 08:59:00,3143.68,CREDIT,Amazon,Mumbai,False
192,35,2026-05-04 17:25:00,3497.16,DEBIT,Flipkart,Delhi,False
193,24,2026-01-12 03:53:00,3393.05,DEBIT,Walmart,Pune,False
194,68,2026-05-05 02:47:00,1317.75,DEBIT,Uber,Bangalore,False
195,40,2026-01-20 03:42:00,3950.75,DEBIT,Uber,Mumbai,False
196,97,2026-04-10 01:40:00,2233.42,DEBIT,Myntra,Pune,False
197,55,2026-02-11 10:33:00,2184.34,CREDIT,Flipkart,Chandigarh,False
198,15,2026-06-27 04:15:00,1900.83,DEBIT,Shell,Pune,False
199,40,2026-04-20 17:50:00,515.95,DEBIT,Netflix,Hyderabad,False
200,18,2026-02-13 16:26:00,4753.23,DEBIT,Amazon,Chandigarh,False
201,96,2026-07-23 10:12:00,2955.31,DEBIT,Flipkart,Delhi,False
202,51,2026-01-07 19:45:00,5357.19,DEBIT,Myntra,Delhi,False
203,41,2026-02-11 22:24:00,2002.85,DEBIT,Swiggy,Delhi,False
204,42,2026-06-17 12:23:00,1050.67,CREDIT,Flipkart,Delhi,False
205,56,2026-05-25 02:15:00,4360.35,DEBIT,Apple,Pune,False
206,44,2026-01-28 19:24:00,1995.65,CREDIT,Shell,Pune,False
207,15,2026-02-23 18:32:00,3318.97,DEBIT,Netflix,Delhi,False
208,19,2026-02-25 15:47:00,2322.52,DEBIT,Walmart,Mumbai,False
209,99,2026-07-25 12:36:00,2282.2,DEBIT,Local Store,Bangalore,False
210,81,2026-06-20 17:29:00,2061.65,DEBIT,Myntra,Pune,False
211,39,2026-06-18 02:46:00,3285.22,DEBIT,Myntra,Delhi,False
212,8,2026-02-02 21:01:00,1886.12,DEBIT,Local Store,Ludhiana,False
213,65,2026-01-15 22:27:00,1018.12,DEBIT,Myntra,Hyderabad,False
214,74,2026-06-23 04:06:00,2402.44,DEBIT,Shell,Mumbai,False
215,8,2026-01-31 16:52:00,2977.46,CREDIT,Shell,Pune,False
216,23,2026-06-09 23:43:00,377.32,DEBIT,Shell,Ludhiana,False
217,79,2026-05-04 04:41:00,1041.67,DEBIT,Local Store,Delhi,False
218,81,2026-02-04 09:48:00,3911.48,DEBIT,Shell,Pune,False
219,50,2026-02-24 17:58:00,1671.86,CREDIT,Flipkart,Delhi,False
220,75,2026-04-23 22:50:00,2229.32,CREDIT,Swiggy,Mumbai,False
221,77,2026-04-30 14:16:00,4706.69,DEBIT,Uber,Pune,False
222,90,2026-07-11 15:41:00,4917.07,DEBIT,Walmart,Pune,False
223,86,2026-03-19 23:38:00,2036.53,DEBIT,Flipkart,Hyderabad,False
224,63,2026-02-26 09:55:00,1611.0,CREDIT,Walmart,Bangalore,False
225,13,2026-05-03 14:41:00,1679.58,DEBIT,Local Store,Mumbai,False
226,77,2026-03-02 06:30:00,1972.9,DEBIT,Myntra,Delhi,False
227,53,2026-06-13 10:47:00,1870.85,DEBIT,Netflix,Ludhiana,False
228,31,2026-06-20 18:19:00,664.79,CREDIT,Netflix,Bangalore,False
229,87,2026-05-20 00:51:00,6080.72,DEBIT,Shell,Ludhiana,False
230,54,2026-02-20 09:20:00,4716.54,CREDIT,Apple,Delhi,False
231,83,2026-07-07 20:05:00,1590.75,DEBIT,Walmart,Bangalore,False
232,11,2026-07-06 21:44:00,5594.99,DEBIT,Uber,Hyderabad,False
233,56,2026-01-10 17:02:00,1268.32,CREDIT,Swiggy,Delhi,False
234,51,2026-01-30 17:04:00,2081.62,DEBIT,Flipkart,Mumbai,False
235,4,2026-02-23 04:11:00,2556.21,DEBIT,Uber,Delhi,False
236,37,2026-02-20 12:47:00,5696.89,DEBIT,Myntra,Chandigarh,False
237,79,2026-07-19 19:31:00,612.07,CREDIT,Local Store,Ludhiana,False
238,55,2026-04-20 15:29:00,1092.16,DEBIT,Walmart,Delhi,False
239,31,2026-07-01 23:34:00,2569.02,DEBIT,Local Store,Ludhiana,False
240,3,2026-02-22 06:35:00,2454.74,DEBIT,Apple,Chandigarh,False
241,1,2026-02-01 04:06:00,3316.88,DEBIT,Shell,Bangalore,False
242,9,2026-07-04 19:40:00,6031.34,DEBIT,Shell,Delhi,False
243,50,2026-01-06 21:55:00,5484.73,DEBIT,Flipkart,Hyderabad,False
244,9,2026-02-07 17:49:00,2188.66,DEBIT,Local Store,Pune,False
245,97,2026-03-05 17:57:00,2599.37,CREDIT,Myntra,Pune,False
246,62,2026-01-23 23:22:00,3631.61,CREDIT,Myntra,Delhi,False
247,38,2026-04-23 21:29:00,1594.35,DEBIT,Shell,Chandigarh,False
248,70,2026-03-11 13:53:00,1305.93,DEBIT,Apple,Bangalore,False
249,100,2026-06-09 02:08:00,635.38,CREDIT,Swiggy,Pune,False
250,57,2026-03-10 00:26:00,3775.91,DEBIT,Myntra,Pune,False
251,64,2026-06-04 13:20:00,2277.2,DEBIT,Walmart,Chandigarh,False
252,78,2026-04-17 22:58:00,4040.63,DEBIT,Flipkart,Delhi,False
253,11,2026-03-02 16:09:00,1823.83,DEBIT,Myntra,Bangalore,False
254,58,2026-05-09 08:42:00,870.55,CREDIT,Local Store,Chandigarh,False
255,36,2026-05-28 21:31:00,3452.4,DEBIT,Flipkart,Ludhiana,False
256,96,2026-02-21 23:37:00,3261.99,CREDIT,Local Store,Pune,False
257,57,2026-05-20 09:25:00,916.55,DEBIT,Local Store,Delhi,False
258,78,2026-05-16 01:32:00,1402.34,DEBIT,Flipkart,Chandigarh,False
259,98,2026-04-12 11:13:00,977.14,DEBIT,Netflix,Delhi,False
260,4,2026-05-21 21:32:00,4503.96,DEBIT,Shell,Delhi,False
261,34,2026-06-28 20:10:00,3790.03,DEBIT,Netflix,Delhi,False
262,18,2026-06-12 01:26:00,3615.23,DEBIT,Walmart,Hyderabad,False
263,88,2026-07-20 05:56:00,6649.29,DEBIT,Shell,Bangalore,False
264,39,2026-03-05 09:13:00,4195.68,DEBIT,Flipkart,Ludhiana,False
265,29,2026-01-10 13:40:00,1089.49,CREDIT,Flipkart,Ludhiana,False
266,74,2026-07-20 20:21:00,2441.51,CREDIT,Uber,Ludhiana,False
267,12,2026-05-30 13:34:00,542.29,DEBIT,Swiggy,Hyderabad,False
268,74,2026-01-28 00:03:00,1029.17,CREDIT,Myntra,Chandigarh,False
269,88,2026-03-08 06:01:00,3747.91,DEBIT,Uber,Chandigarh,False
270,65,2026-02-15 04:56:00,6157.7,DEBIT,Shell,Mumbai,False
271,39,2026-07-08 22:11:00,1025.96,DEBIT,Apple,Hyderabad,False
272,11,2026-07-20 13:19:00,2201.9,DEBIT,Apple,Mumbai,False
273,81,2026-02-26 03:22:00,1324.51,DEBIT,Uber,Pune,False
274,80,2026-07-25 04:58:00,3511.95,DEBIT,Amazon,Hyderabad,False
275,4,2026-03-18 18:04:00,1217.78,DEBIT,Local Store,Chandigarh,False
276,80,2026-07-18 15:19:00,2915.14,DEBIT,Apple,Pune,False
277,39,2026-01-27 13:38:00,3015.47,DEBIT,Amazon,Mumbai,False
278,57,2026-05-04 20:38:00,1522.25,DEBIT,Local Store,Mumbai,False
279,41,2026-05-26 04:02:00,3003.45,DEBIT,Uber,Hyderabad,False
280,48,2026-03-30 00:20:00,4717.13,DEBIT,Myntra,Delhi,False
281,35,2026-06-02 05:43:00,2651.9,CREDIT,Netflix,Hyderabad,False
282,21,2026-04-24 20:32:00,4420.12,CREDIT,Netflix,Hyderabad,False
283,21,2026-01-09 10:31:00,1939.91,DEBIT,Walmart,Chandigarh,False
284,65,2026-05-09 11:38:00,2488.11,DEBIT,Amazon,Delhi,False
285,37,2026-07-15 09:40:00,3461.26,DEBIT,Amazon,Hyderabad,False
286,14,2026-05-14 04:12:00,1840.38,CREDIT,Swiggy,Bangalore,False
287,6,2026-01-27 18:31:00,1960.17,DEBIT,Swiggy,Ludhiana,False
288,58,2026-02-13 06:11:00,3662.83,DEBIT,Uber,Delhi,False
289,51,2026-02-22 12:37:00,2873.07,DEBIT,Netflix,Ludhiana,False
290,66,2026-01-15 04:02:00,2245.16,DEBIT,Uber,Pune,False
291,43,2026-02-20 21:25:00,3537.49,CREDIT,Flipkart,Ludhiana,False
292,41,2026-04-19 22:44:00,1210.08,CREDIT,Local Store,Bangalore,False
293,65,2026-07-24 10:14:00,73271.02,DEBIT,Myntra,Hyderabad,True
294,87,2026-04-23 00:31:00,914.52,DEBIT,Amazon,Ludhiana,False
295,61,2026-03-24 20:18:00,1061.3,DEBIT,Amazon,Ludhiana,False
296,62,2026-05-19 10:09:00,564.6,DEBIT,Uber,Hyderabad,False
297,88,2026-06-10 13:51:00,1035.72,DEBIT,Flipkart,Chandigarh,False
298,20,2026-07-02 16:57:00,1955.17,DEBIT,Local Store,Chandigarh,False
299,95,2026-06-24 04:04:00,3460.38,DEBIT,Shell,Chandigarh,False
300,41,2026-07-14 02:32:00,3408.09,DEBIT,Flipkart,Ludhiana,False
301,46,2026-04-07 06:01:00,4442.78,CREDIT,Local Store,Chandigarh,False
302,25,2026-04-19 16:19:00,3465.74,DEBIT,Netflix,Bangalore,False
303,99,2026-05-07 23:53:00,1987.06,DEBIT,Shell,Hyderabad,False
304,93,2026-07-17 18:28:00,2382.36,DEBIT,Swiggy,Chandigarh,False
305,45,2026-01-29 18:34:00,5129.92,DEBIT,Flipkart,Chandigarh,False
306,84,2026-03-15 13:41:00,1331.42,DEBIT,Shell,Bangalore,False
307,72,2026-03-30 06:37:00,4449.83,DEBIT,Amazon,Pune,False
308,68,2026-02-06 11:32:00,1913.47,DEBIT,Swiggy,Bangalore,False
309,92,2026-02-27 12:06:00,2476.23,CREDIT,Swiggy,Pune,False
310,61,2026-04-15 13:59:00,2321.56,DEBIT,Flipkart,Bangalore,False
311,83,2026-01-14 13:55:00,798.92,DEBIT,Uber,Chandigarh,False
312,23,2026-05-25 12:59:00,3005.57,DEBIT,Myntra,Mumbai,False
313,96,2026-07-26 18:55:00,7038.18,DEBIT,Local Store,Delhi,False
314,43,2026-07-17 19:25:00,1372.33,CREDIT,Shell,Chandigarh,False
315,18,2026-03-01 03:53:00,3635.54,DEBIT,Myntra,Pune,False
316,33,2026-05-03 17:43:00,3855.63,DEBIT,Apple,Ludhiana,False
317,87,2026-06-05 17:19:00,4775.84,CREDIT,Shell,Bangalore,False
318,12,2026-02-21 04:41:00,3315.89,DEBIT,Myntra,Bangalore,False
319,32,2026-05-01 00:18:00,423.3,DEBIT,Apple,Ludhiana,False
320,93,2026-05-11 21:48:00,3637.22,DEBIT,Netflix,Delhi,False
321,86,2026-04-24 05:22:00,940.09,DEBIT,Walmart,Pune,False
322,38,2026-02-18 15:08:00,2668.44,DEBIT,Myntra,Mumbai,False
323,59,2026-06-21 10:09:00,3076.04,DEBIT,Shell,Hyderabad,False
324,86,2026-01-30 19:23:00,3541.49,CREDIT,Shell,Chandigarh,False
325,68,2026-07-19 09:25:00,4709.01,DEBIT,Shell,Mumbai,False
326,74,2026-07-09 10:48:00,3357.59,DEBIT,Myntra,Delhi,False
327,88,2026-01-21 06:09:00,1289.56,DEBIT,Myntra,Mumbai,False
328,66,2026-07-23 10:50:00,2240.34,DEBIT,Myntra,Pune,False
329,40,2026-01-27 14:08:00,2382.72,DEBIT,Amazon,Chandigarh,False
330,45,2026-01-22 22:31:00,4674.11,DEBIT,Walmart,Chandigarh,False
331,5,2026-06-03 01:10:00,1894.83,DEBIT,Flipkart,Chandigarh,False
332,58,2026-05-17 18:26:00,4951.84,CREDIT,Walmart,Pune,False
333,85,2026-07-15 14:38:00,5911.12,DEBIT,Swiggy,Ludhiana,False
334,17,2026-01-02 06:21:00,5164.26,DEBIT,Amazon,Bangalore,False
335,60,2026-04-01 02:47:00,2485.25,CREDIT,Myntra,Bangalore,False
336,20,2026-02-11 02:03:00,1592.64,CREDIT,Amazon,Hyderabad,False
337,85,2026-03-17 00:46:00,2511.23,DEBIT,Walmart,Delhi,False
338,77,2026-01-18 17:20:00,315.11,DEBIT,Netflix,Pune,False
339,6,2026-01-21 13:12:00,2349.91,CREDIT,Uber,Ludhiana,False
340,38,2026-04-27 02:37:00,1824.3,CREDIT,Local Store,Ludhiana,False
341,99,2026-07-09 18:45:00,3205.42,DEBIT,Netflix,Chandigarh,False
342,39,2026-03-05 18:20:00,2070.8,DEBIT,Swiggy,Ludhiana,False
343,64,2026-07-10 22:49:00,568.3,DEBIT,Flipkart,Pune,False
344,54,2026-03-08 22:45:00,3032.8,DEBIT,Shell,Chandigarh,False
345,31,2026-07-05 17:51:00,37277.51,DEBIT,Uber,Ludhiana,True
346,54,2026-03-30 10:07:00,4127.55,DEBIT,Apple,Mumbai,False
347,43,2026-03-11 08:27:00,4869.13,DEBIT,Amazon,Bangalore,False
348,49,2026-01-27 11:59:00,2728.23,DEBIT,Netflix,Hyderabad,False
349,98,2026-05-02 05:29:00,2883.65,DEBIT,Apple,Delhi,False
350,28,2026-02-12 17:07:00,3990.75,CREDIT,Myntra,Mumbai,False
351,90,2026-04-14 01:24:00,3723.85,DEBIT,Swiggy,Chandigarh,False
352,69,2026-05-11 22:37:00,5240.83,DEBIT,Shell,Chandigarh,False
353,60,2026-03-15 22:57:00,1207.57,CREDIT,Flipkart,Bangalore,False
354,53,2026-02-23 03:05:00,682.45,CREDIT,Amazon,Bangalore,False
355,71,2026-05-01 02:24:00,3631.18,DEBIT,Netflix,Chandigarh,False
356,73,2026-05-03 21:40:00,3723.12,DEBIT,Apple,Hyderabad,False
357,63,2026-05-09 05:21:00,3963.34,DEBIT,Uber,Mumbai,False
358,93,2026-07-17 09:15:00,2291.54,DEBIT,Amazon,Ludhiana,False
359,5,2026-01-03 07:46:00,6037.7,DEBIT,Swiggy,Mumbai,False
360,81,2026-01-04 07:52:00,1861.73,DEBIT,Netflix,Ludhiana,False
361,59,2026-06-25 22:18:00,1583.13,DEBIT,Myntra,Delhi,False
362,1,2026-01-07 02:09:00,2171.19,DEBIT,Shell,Pune,False
363,36,2026-06-06 18:24:00,2714.43,DEBIT,Uber,Delhi,False
364,13,2026-07-11 16:14:00,3681.86,DEBIT,Apple,Hyderabad,False
365,46,2026-07-25 17:03:00,1374.91,DEBIT,Netflix,Pune,False
366,29,2026-01-30 08:26:00,2119.57,CREDIT,Amazon,Delhi,False
367,52,2026-03-04 09:34:00,2029.38,DEBIT,Walmart,Chandigarh,False
368,56,2026-02-04 17:17:00,3308.11,DEBIT,Shell,Delhi,False
369,30,2026-01-17 22:51:00,1964.07,DEBIT,Walmart,Pune,False
370,36,2026-01-12 23:30:00,2795.43,DEBIT,Uber,Hyderabad,False
371,41,2026-05-26 00:21:00,591.63,CREDIT,Walmart,Bangalore,False
372,21,2026-05-22 16:30:00,3446.36,DEBIT,Shell,Bangalore,False
373,50,2026-07-02 07:59:00,5757.94,DEBIT,Flipkart,Delhi,False
374,13,2026-05-05 00:08:00,3886.32,CREDIT,Local Store,Hyderabad,False
375,79,2026-04-10 12:22:00,3150.26,DEBIT,Myntra,Chandigarh,False
376,30,2026-06-07 05:32:00,2648.35,CREDIT,Uber,Pune,False
377,75,2026-01-27 18:18:00,4508.02,CREDIT,Walmart,Bangalore,False
378,20,2026-02-26 04:05:00,2603.38,CREDIT,Swiggy,Bangalore,False
379,47,2026-04-09 05:15:00,1189.6,DEBIT,Walmart,Mumbai,False
380,12,2026-07-21 23:23:00,1352.67,DEBIT,Shell,Chandigarh,False
381,14,2026-04-29 02:54:00,576.68,DEBIT,Swiggy,Delhi,False
382,38,2026-07-23 17:18:00,2569.48,CREDIT,Netflix,Ludhiana,False
383,67,2026-06-29 12:58:00,1136.72,DEBIT,Uber,Delhi,False
384,22,2026-06-26 07:16:00,2684.73,DEBIT,Walmart,Bangalore,False
385,33,2026-06-16 16:51:00,4496.37,DEBIT,Walmart,Mumbai,False
386,39,2026-05-19 07:31:00,377.84,DEBIT,Flipkart,Chandigarh,False
387,43,2026-04-20 09:14:00,2831.99,DEBIT,Flipkart,Ludhiana,False
388,89,2026-05-25 23:52:00,947.97,DEBIT,Flipkart,Bangalore,False
389,95,2026-05-17 22:01:00,2441.48,DEBIT,Apple,Hyderabad,False
390,51,2026-03-14 17:52:00,2182.19,CREDIT,Local Store,Ludhiana,False
391,24,2026-03-18 07:56:00,1470.41,DEBIT,Myntra,Hyderabad,False
392,38,2026-05-29 23:08:00,3429.04,DEBIT,Myntra,Mumbai,False
393,82,2026-05-18 06:11:00,1858.21,DEBIT,Walmart,Chandigarh,False
394,77,2026-07-04 10:50:00,3040.79,DEBIT,Swiggy,Ludhiana,False
395,5,2026-01-31 22:35:00,2688.68,DEBIT,Walmart,Hyderabad,False
396,32,2026-01-17 03:04:00,4878.88,DEBIT,Local Store,Pune,False
397,87,2026-02-08 13:45:00,4159.07,CREDIT,Amazon,Delhi,False
398,34,2026-07-23 03:49:00,1429.37,DEBIT,Local Store,Pune,False
399,74,2026-07-02 05:08:00,1201.61,DEBIT,Uber,Bangalore,False
400,4,2026-02-01 06:12:00,3202.25,DEBIT,Walmart,Hyderabad,False
401,94,2026-06-25 19:52:00,1018.68,DEBIT,Flipkart,Chandigarh,False
402,13,2026-04-27 02:40:00,3102.07,DEBIT,Walmart,Bangalore,False
403,6,2026-03-01 20:08:00,5657.34,DEBIT,Netflix,Ludhiana,False
404,23,2026-06-05 05:40:00,3943.63,DEBIT,Myntra,Mumbai,False
405,52,2026-03-13 20:14:00,3808.59,DEBIT,Myntra,Ludhiana,False
406,55,2026-03-16 22:10:00,3008.02,DEBIT,Apple,Hyderabad,False
407,91,2026-03-10 01:40:00,4582.12,CREDIT,Flipkart,Bangalore,False
408,26,2026-06-28 05:10:00,2672.5,DEBIT,Shell,Pune,False
409,41,2026-06-16 16:50:00,2375.67,DEBIT,Local Store,Mumbai,False
410,87,2026-01-31 20:34:00,2889.98,DEBIT,Uber,Bangalore,False
411,16,2026-05-22 10:26:00,1855.75,DEBIT,Swiggy,Ludhiana,False
412,18,2026-06-27 04:35:00,3586.78,DEBIT,Shell,Pune,False
413,83,2026-03-10 02:53:00,5016.62,DEBIT,Flipkart,Hyderabad,False
414,58,2026-01-04 11:44:00,3727.29,CREDIT,Myntra,Mumbai,False
415,25,2026-06-29 00:45:00,5373.31,DEBIT,Swiggy,Pune,False
416,57,2026-01-12 05:39:00,2518.73,DEBIT,Netflix,Bangalore,False
417,5,2026-06-30 08:06:00,1480.63,DEBIT,Shell,Ludhiana,False
418,15,2026-07-17 17:44:00,2967.91,DEBIT,Flipkart,Ludhiana,False
419,97,2026-02-07 06:55:00,645.41,CREDIT,Netflix,Bangalore,False
420,5,2026-02-01 16:04:00,1745.51,DEBIT,Myntra,Hyderabad,False
421,16,2026-05-08 15:51:00,4139.46,DEBIT,Local Store,Pune,False
422,55,2026-03-17 05:28:00,1813.76,DEBIT,Netflix,Hyderabad,False
423,8,2026-04-17 13:04:00,2053.54,DEBIT,Apple,Ludhiana,False
424,35,2026-02-04 16:05:00,4460.92,DEBIT,Uber,Hyderabad,False
425,53,2026-02-18 07:28:00,6959.36,DEBIT,Netflix,Mumbai,False
426,92,2026-05-23 23:28:00,1903.23,DEBIT,Myntra,Mumbai,False
427,74,2026-02-03 21:28:00,2782.42,DEBIT,Swiggy,Ludhiana,False
428,96,2026-05-15 08:59:00,1446.38,CREDIT,Myntra,Chandigarh,False
429,42,2026-06-16 21:59:00,4145.74,DEBIT,Flipkart,Hyderabad,False
430,9,2026-06-06 10:16:00,2629.92,DEBIT,Netflix,Chandigarh,False
431,35,2026-06-26 16:56:00,1824.11,DEBIT,Flipkart,Pune,False
432,98,2026-06-17 07:53:00,938.77,DEBIT,Amazon,Delhi,False
433,21,2026-02-18 00:40:00,4050.74,DEBIT,Apple,Mumbai,False
434,36,2026-01-31 00:12:00,922.49,DEBIT,Flipkart,Pune,False
435,84,2026-03-27 05:58:00,1033.51,DEBIT,Swiggy,Pune,False
436,12,2026-06-23 14:24:00,4141.16,DEBIT,Walmart,Mumbai,False
437,76,2026-02-13 21:45:00,1495.78,DEBIT,Swiggy,Pune,False
438,17,2026-02-02 12:35:00,2567.78,DEBIT,Walmart,Delhi,False
439,41,2026-02-18 11:26:00,1992.92,CREDIT,Uber,Delhi,False
440,68,2026-03-01 18:04:00,3744.66,DEBIT,Myntra,Bangalore,False
441,93,2026-06-11 01:36:00,1449.84,DEBIT,Netflix,Delhi,False
442,13,2026-05-20 19:43:00,495.3,DEBIT,Flipkart,Chandigarh,False
443,41,2026-04-14 17:40:00,4080.15,DEBIT,Amazon,Hyderabad,False
444,85,2026-07-05 12:16:00,6038.19,DEBIT,Netflix,Pune,False
445,51,2026-06-30 04:23:00,2750.39,CREDIT,Swiggy,Delhi,False
446,31,2026-07-12 08:14:00,3241.55,DEBIT,Amazon,Bangalore,False
447,41,2026-03-04 21:41:00,1321.29,DEBIT,Myntra,Hyderabad,False
448,10,2026-04-06 11:00:00,432.11,DEBIT,Netflix,Delhi,False
449,8,2026-06-01 06:06:00,3983.92,DEBIT,Swiggy,Pune,False
450,52,2026-02-25 14:08:00,977.91,DEBIT,Apple,Delhi,False
451,40,2026-04-29 23:11:00,1364.46,DEBIT,Swiggy,Ludhiana,False
452,82,2026-01-25 01:43:00,2665.7,DEBIT,Apple,Pune,False
453,56,2026-06-08 04:34:00,3971.0,DEBIT,Walmart,Chandigarh,False
454,79,2026-03-05 22:49:00,3009.83,DEBIT,Walmart,Delhi,False
455,91,2026-07-08 07:33:00,1443.85,DEBIT,Apple,Mumbai,False
456,48,2026-04-08 20:29:00,1093.54,CREDIT,Walmart,Hyderabad,False
457,4,2026-01-29 01:26:00,1455.44,DEBIT,Myntra,Chandigarh,False
458,66,2026-07-26 09:31:00,2398.01,DEBIT,Uber,Bangalore,False
459,21,2026-03-25 03:49:00,2077.57,DEBIT,Shell,Delhi,False
460,6,2026-01-17 17:47:00,5222.67,DEBIT,Myntra,Bangalore,False
461,50,2026-06-02 16:30:00,5913.52,DEBIT,Netflix,Bangalore,False
462,32,2026-04-09 18:17:00,3732.82,DEBIT,Walmart,Ludhiana,False
463,48,2026-07-07 18:54:00,997.78,DEBIT,Amazon,Chandigarh,False
464,9,2026-04-24 02:55:00,4122.4,CREDIT,Flipkart,Delhi,False
465,71,2026-03-30 07:43:00,2194.87,CREDIT,Myntra,Bangalore,False
466,76,2026-03-13 03:37:00,5615.5,CREDIT,Shell,Hyderabad,False
467,32,2026-01-04 11:50:00,1236.56,DEBIT,Flipkart,Delhi,False
468,98,2026-04-22 23:04:00,3379.49,CREDIT,Walmart,Mumbai,False
469,68,2026-02-21 20:04:00,2175.96,CREDIT,Apple,Delhi,False
470,6,2026-07-09 05:43:00,6075.02,CREDIT,Swiggy,Pune,False
471,48,2026-05-24 13:53:00,2551.91,DEBIT,Walmart,Ludhiana,False
472,73,2026-02-17 14:08:00,523.08,DEBIT,Netflix,Bangalore,False
473,34,2026-04-29 18:49:00,5295.8,CREDIT,Flipkart,Chandigarh,False
474,35,2026-02-19 13:21:00,1377.6,CREDIT,Local Store,Delhi,False
475,20,2026-05-11 10:45:00,774.27,DEBIT,Netflix,Chandigarh,False
476,40,2026-02-02 22:06:00,2759.91,CREDIT,Uber,Hyderabad,False
477,88,2026-04-30 08:18:00,1690.57,DEBIT,Uber,Delhi,False
478,92,2026-07-06 22:40:00,1089.39,DEBIT,Amazon,Pune,False
479,39,2026-06-14 15:23:00,1775.53,DEBIT,Shell,Pune,False
480,71,2026-02-20 21:31:00,1618.36,DEBIT,Walmart,Delhi,False
481,8,2026-05-16 12:40:00,4793.94,CREDIT,Walmart,Ludhiana,False
482,76,2026-01-08 22:29:00,1640.61,CREDIT,Walmart,Mumbai,False
483,83,2026-05-01 17:07:00,3429.68,CREDIT,Walmart,Delhi,False
484,60,2026-06-07 16:58:00,1013.67,CREDIT,Swiggy,Chandigarh,False
485,4,2026-04-11 02:49:00,1757.13,CREDIT,Apple,Chandigarh,False
486,20,2026-03-31 11:42:00,724.08,DEBIT,Apple,Chandigarh,False
487,53,2026-06-02 15:19:00,3997.53,DEBIT,Netflix,Pune,False
488,68,2026-07-17 22:32:00,1643.98,CREDIT,Amazon,Chandigarh,False
489,92,2026-07-02 21:58:00,1530.54,CREDIT,Flipkart,Chandigarh,False
490,35,2026-03-21 17:49:00,1205.12,DEBIT,Amazon,Hyderabad,False
491,100,2026-03-26 17:54:00,1943.68,DEBIT,Uber,Delhi,False
492,32,2026-01-21 08:32:00,2545.43,DEBIT,Netflix,Ludhiana,False
493,50,2026-04-26 18:45:00,2634.97,DEBIT,Flipkart,Ludhiana,False
494,4,2026-07-26 16:12:00,2166.3,DEBIT,Local Store,Mumbai,False
495,73,2026-07-17 09:09:00,5894.01,CREDIT,Apple,Mumbai,False
496,63,2026-03-21 15:58:00,409.26,DEBIT,Amazon,Ludhiana,False
497,62,2026-03-06 14:40:00,576.46,DEBIT,Flipkart,Delhi,False
498,3,2026-02-21 13:46:00,1068.36,DEBIT,Walmart,Hyderabad,False
499,68,2026-05-25 00:46:00,5398.12,CREDIT,Local Store,Delhi,False
500,44,2026-02-27 08:17:00,1747.75,DEBIT,Swiggy,Hyderabad,False
501,82,2026-05-10 21:59:00,4381.38,CREDIT,Netflix,Pune,False
502,76,2026-04-18 05:31:00,3645.79,DEBIT,Uber,Mumbai,False
503,94,2026-07-26 14:44:00,458.89,CREDIT,Amazon,Mumbai,False
504,78,2026-03-22 10:12:00,1330.44,CREDIT,Local Store,Delhi,False
505,64,2026-03-03 03:01:00,1126.79,CREDIT,Walmart,Hyderabad,False
506,91,2026-05-03 05:49:00,2867.47,DEBIT,Myntra,Delhi,False
507,34,2026-01-01 11:11:00,1326.4,CREDIT,Amazon,Chandigarh,False
508,57,2026-05-31 17:45:00,2970.47,CREDIT,Myntra,Chandigarh,False
509,45,2026-03-24 03:10:00,3636.09,CREDIT,Uber,Chandigarh,False
510,10,2026-01-08 07:26:00,4792.72,DEBIT,Flipkart,Bangalore,False
511,14,2026-07-19 04:09:00,931.24,DEBIT,Walmart,Bangalore,False
512,77,2026-01-12 06:49:00,5982.88,CREDIT,Swiggy,Pune,False
513,22,2026-03-11 04:06:00,2987.36,DEBIT,Swiggy,Pune,False
514,71,2026-04-07 13:55:00,3874.11,DEBIT,Apple,Bangalore,False
515,31,2026-01-20 20:16:00,701.56,DEBIT,Flipkart,Delhi,False
516,55,2026-06-24 21:10:00,1070.35,CREDIT,Netflix,Delhi,False
517,4,2026-02-12 01:19:00,796.02,DEBIT,Apple,Hyderabad,False
518,51,2026-04-07 11:38:00,1246.08,CREDIT,Walmart,Pune,False
519,70,2026-01-17 05:52:00,1864.91,DEBIT,Apple,Chandigarh,False
520,60,2026-07-25 10:27:00,1984.53,CREDIT,Amazon,Mumbai,False
521,97,2026-05-31 17:28:00,4742.03,CREDIT,Local Store,Mumbai,False
522,71,2026-07-10 06:23:00,938.6,DEBIT,Swiggy,Ludhiana,False
523,88,2026-01-29 17:55:00,2156.29,DEBIT,Swiggy,Hyderabad,False
524,92,2026-07-08 04:01:00,709.67,DEBIT,Local Store,Pune,False
525,80,2026-03-02 20:42:00,1465.11,CREDIT,Netflix,Hyderabad,False
526,25,2026-06-08 12:31:00,976.47,DEBIT,Netflix,Hyderabad,False
527,81,2026-01-25 09:33:00,953.95,DEBIT,Walmart,Chandigarh,False
528,72,2026-04-11 13:28:00,2005.73,DEBIT,Shell,Chandigarh,False
529,2,2026-05-31 21:27:00,3160.62,DEBIT,Uber,Mumbai,False
530,73,2026-02-06 11:35:00,2477.81,CREDIT,Walmart,Ludhiana,False
531,100,2026-05-30 14:24:00,888.01,DEBIT,Apple,Chandigarh,False
532,84,2026-01-14 15:22:00,3495.3,DEBIT,Uber,Bangalore,False
533,52,2026-05-01 16:38:00,805.01,DEBIT,Netflix,Delhi,False
534,96,2026-05-16 14:26:00,1998.35,DEBIT,Amazon,Bangalore,False
535,39,2026-03-24 23:55:00,2416.26,DEBIT,Uber,Bangalore,False
536,96,2026-04-09 02:13:00,1465.39,CREDIT,Swiggy,Ludhiana,False
537,83,2026-06-26 09:16:00,436.13,DEBIT,Shell,Hyderabad,False
538,48,2026-02-27 21:07:00,5025.23,DEBIT,Walmart,Bangalore,False
539,91,2026-01-11 12:57:00,3673.91,CREDIT,Uber,Mumbai,False
540,26,2026-06-16 04:30:00,5834.0,DEBIT,Amazon,Bangalore,False
541,91,2026-02-15 02:25:00,1132.05,DEBIT,Amazon,Mumbai,False
542,48,2026-06-22 18:57:00,3254.47,DEBIT,Local Store,Ludhiana,False
543,45,2026-02-02 21:51:00,2256.54,CREDIT,Apple,Delhi,False
544,50,2026-03-20 00:44:00,604.19,CREDIT,Netflix,Pune,False
545,29,2026-01-04 05:45:00,3440.67,DEBIT,Myntra,Mumbai,False
546,83,2026-03-23 11:19:00,1605.36,CREDIT,Apple,Ludhiana,False
547,40,2026-05-07 23:04:00,3519.47,CREDIT,Myntra,Bangalore,False
548,28,2026-05-25 14:22:00,2095.31,DEBIT,Local Store,Delhi,False
549,1,2026-04-13 22:04:00,2096.15,DEBIT,Apple,Pune,False
550,14,2026-04-11 15:56:00,1573.59,DEBIT,Flipkart,Hyderabad,False
551,36,2026-02-24 14:06:00,1461.15,DEBIT,Shell,Hyderabad,False
552,31,2026-05-28 03:03:00,2218.96,CREDIT,Flipkart,Pune,False
553,18,2026-06-02 09:28:00,1932.33,DEBIT,Swiggy,Chandigarh,False
554,95,2026-07-28 06:34:00,186.97,DEBIT,Netflix,Bangalore,False
555,93,2026-05-11 12:35:00,3194.88,DEBIT,Shell,Bangalore,False
556,22,2026-03-07 22:47:00,2876.47,CREDIT,Apple,Delhi,False
557,61,2026-03-08 15:40:00,1049.19,CREDIT,Flipkart,Pune,False
558,12,2026-04-22 19:21:00,2180.84,DEBIT,Swiggy,Hyderabad,False
559,43,2026-01-20 13:02:00,1651.76,DEBIT,Local Store,Ludhiana,False
560,80,2026-07-02 05:14:00,703.2,CREDIT,Walmart,Hyderabad,False
561,88,2026-02-20 00:18:00,2162.21,CREDIT,Netflix,Bangalore,False
562,53,2026-06-16 14:19:00,5335.44,CREDIT,Uber,Bangalore,False
563,92,2026-04-25 02:39:00,1569.3,CREDIT,Amazon,Delhi,False
564,58,2026-03-03 09:17:00,1920.09,CREDIT,Local Store,Hyderabad,False
565,21,2026-06-06 08:14:00,2727.8,DEBIT,Swiggy,Chandigarh,False
566,62,2026-03-14 14:30:00,1986.99,DEBIT,Flipkart,Delhi,False
567,42,2026-04-01 14:14:00,3723.66,DEBIT,Netflix,Pune,False
568,45,2026-07-03 06:13:00,1886.87,DEBIT,Local Store,Bangalore,False
569,22,2026-07-09 10:20:00,1257.28,DEBIT,Local Store,Ludhiana,False
570,44,2026-02-18 17:04:00,2874.37,DEBIT,Flipkart,Chandigarh,False
571,46,2026-01-07 23:06:00,4951.53,CREDIT,Netflix,Mumbai,False
572,94,2026-01-08 23:28:00,7243.5,DEBIT,Local Store,Ludhiana,False
573,22,2026-04-04 03:07:00,941.21,DEBIT,Shell,Ludhiana,False
574,7,2026-02-09 08:42:00,1808.56,DEBIT,Amazon,Delhi,False
575,89,2026-02-25 18:02:00,897.88,DEBIT,Netflix,Pune,False
576,88,2026-02-06 18:22:00,3483.27,DEBIT,Shell,Bangalore,False
577,80,2026-02-12 20:46:00,4214.7,DEBIT,Apple,Delhi,False
578,14,2026-04-06 18:04:00,3719.62,DEBIT,Shell,Mumbai,False
579,46,2026-03-17 14:51:00,3592.42,DEBIT,Myntra,Bangalore,False
580,31,2026-02-10 04:57:00,547.17,DEBIT,Local Store,Pune,False
581,64,2026-02-06 21:05:00,1467.05,DEBIT,Apple,Pune,False
582,30,2026-03-30 00:39:00,43666.58,DEBIT,Swiggy,Mumbai,True
583,13,2026-04-24 20:28:00,5589.42,DEBIT,Swiggy,Pune,False
584,15,2026-01-17 16:59:00,605.12,CREDIT,Amazon,Hyderabad,False
585,18,2026-04-08 16:31:00,3877.62,DEBIT,Walmart,Bangalore,False
586,44,2026-06-16 05:17:00,1596.02,DEBIT,Apple,Hyderabad,False
587,50,2026-03-02 17:20:00,2670.19,CREDIT,Walmart,Mumbai,False
588,90,2026-02-28 00:49:00,3903.23,CREDIT,Walmart,Chandigarh,False
589,76,2026-05-11 13:29:00,2020.97,DEBIT,Local Store,Delhi,False
590,88,2026-02-17 13:41:00,3957.22,DEBIT,Myntra,Chandigarh,False
591,15,2026-01-05 12:00:00,4115.63,DEBIT,Shell,Hyderabad,False
592,96,2026-05-04 04:06:00,3196.83,DEBIT,Shell,Ludhiana,False
593,89,2026-05-06 21:12:00,4763.43,DEBIT,Swiggy,Mumbai,False
594,72,2026-01-05 05:45:00,5450.33,DEBIT,Uber,Ludhiana,False
595,61,2026-03-29 16:56:00,4624.84,DEBIT,Flipkart,Bangalore,False
596,7,2026-05-18 20:35:00,2580.54,DEBIT,Swiggy,Hyderabad,False
597,31,2026-07-01 11:34:00,592.92,DEBIT,Myntra,Bangalore,False
598,16,2026-01-07 11:16:00,5463.5,DEBIT,Walmart,Chandigarh,False
599,53,2026-04-21 21:37:00,366.73,CREDIT,Shell,Ludhiana,False
600,27,2026-05-05 02:25:00,2956.62,DEBIT,Flipkart,Hyderabad,False
601,7,2026-06-22 06:18:00,4698.25,CREDIT,Flipkart,Pune,False
602,58,2026-03-22 17:39:00,824.39,CREDIT,Amazon,Bangalore,False
603,46,2026-02-08 17:03:00,5092.32,DEBIT,Amazon,Mumbai,False
604,64,2026-05-29 23:44:00,1079.9,DEBIT,Walmart,Bangalore,False
605,79,2026-03-11 09:18:00,1871.84,DEBIT,Flipkart,Delhi,False
606,97,2026-02-14 20:42:00,3160.54,CREDIT,Myntra,Chandigarh,False
607,85,2026-01-18 16:25:00,1122.08,DEBIT,Shell,Chandigarh,False
608,75,2026-03-06 12:25:00,2627.78,DEBIT,Local Store,Mumbai,False
609,94,2026-04-28 04:18:00,5382.53,DEBIT,Shell,Chandigarh,False
610,54,2026-04-01 09:08:00,5995.69,CREDIT,Apple,Chandigarh,False
611,44,2026-07-06 12:29:00,4244.52,DEBIT,Apple,Hyderabad,False
612,90,2026-07-21 13:16:00,3080.93,DEBIT,Netflix,Mumbai,False
613,27,2026-03-06 17:45:00,3116.73,DEBIT,Shell,Ludhiana,False
614,89,2026-05-09 05:54:00,4115.41,DEBIT,Shell,Chandigarh,False
615,75,2026-07-14 09:18:00,2671.33,DEBIT,Apple,Hyderabad,False
616,55,2026-01-10 04:49:00,3204.48,DEBIT,Swiggy,Mumbai,False
617,7,2026-04-15 08:29:00,3969.42,DEBIT,Apple,Mumbai,False
618,8,2026-07-17 00:50:00,5036.06,DEBIT,Amazon,Bangalore,False
619,58,2026-07-24 08:27:00,1227.39,CREDIT,Swiggy,Mumbai,False
620,66,2026-04-15 17:25:00,2811.08,CREDIT,Amazon,Chandigarh,False
621,50,2026-01-20 14:07:00,2588.6,CREDIT,Amazon,Pune,False
622,33,2026-06-11 07:33:00,891.84,CREDIT,Netflix,Pune,False
623,91,2026-03-13 12:46:00,2863.68,DEBIT,Netflix,Bangalore,False
624,58,2026-03-10 01:49:00,1617.87,DEBIT,Uber,Pune,False
625,66,2026-02-28 14:13:00,1240.05,DEBIT,Local Store,Hyderabad,False
626,33,2026-02-26 08:42:00,552.24,DEBIT,Amazon,Mumbai,False
627,42,2026-04-20 15:31:00,3351.28,CREDIT,Myntra,Hyderabad,False
628,74,2026-04-26 17:29:00,1944.76,DEBIT,Shell,Mumbai,False
629,24,2026-05-27 21:06:00,2937.31,DEBIT,Walmart,Bangalore,False
630,29,2026-05-01 12:54:00,3833.06,DEBIT,Flipkart,Bangalore,False
631,28,2026-01-04 04:55:00,3778.47,DEBIT,Walmart,Pune,False
632,45,2026-03-30 18:35:00,2024.47,CREDIT,Amazon,Pune,False
633,42,2026-04-13 23:23:00,2293.98,DEBIT,Amazon,Ludhiana,False
634,99,2026-06-12 05:20:00,1930.28,CREDIT,Myntra,Delhi,False
635,38,2026-03-02 22:43:00,5024.29,CREDIT,Shell,Ludhiana,False
636,1,2026-03-19 14:45:00,4254.13,DEBIT,Swiggy,Hyderabad,False
637,14,2026-06-08 11:09:00,1772.56,DEBIT,Walmart,Pune,False
638,88,2026-05-01 18:34:00,653.32,DEBIT,Amazon,Delhi,False
639,10,2026-03-24 21:11:00,809.42,DEBIT,Apple,Chandigarh,False
640,50,2026-04-26 04:46:00,1752.71,DEBIT,Amazon,Chandigarh,False
641,87,2026-01-17 13:43:00,1444.07,DEBIT,Walmart,Bangalore,False
642,65,2026-04-20 17:14:00,992.07,CREDIT,Local Store,Delhi,False
643,37,2026-06-22 13:46:00,3029.96,DEBIT,Uber,Ludhiana,False
644,29,2026-07-18 16:36:00,1220.27,DEBIT,Apple,Pune,False
645,19,2026-05-16 20:27:00,2746.47,CREDIT,Amazon,Ludhiana,False
646,72,2026-05-24 11:32:00,655.93,DEBIT,Shell,Ludhiana,False
647,11,2026-05-31 05:49:00,1860.28,DEBIT,Shell,Mumbai,False
648,21,2026-04-03 00:29:00,610.0,DEBIT,Netflix,Delhi,False
649,24,2026-07-19 19:56:00,3251.06,CREDIT,Myntra,Pune,False
650,71,2026-04-02 06:32:00,800.71,DEBIT,Walmart,Mumbai,False
651,93,2026-03-27 09:22:00,3810.53,DEBIT,Walmart,Bangalore,False
652,80,2026-06-26 21:31:00,756.78,DEBIT,Myntra,Bangalore,False
653,79,2026-04-26 04:09:00,3294.01,DEBIT,Swiggy,Mumbai,False
654,1,2026-06-08 18:54:00,1652.1,CREDIT,Apple,Hyderabad,False
655,47,2026-05-11 14:43:00,1043.92,DEBIT,Apple,Chandigarh,False
656,71,2026-01-30 20:17:00,485.22,DEBIT,Apple,Hyderabad,False
657,18,2026-01-28 10:51:00,5116.56,DEBIT,Amazon,Hyderabad,False
658,65,2026-05-28 12:07:00,4625.03,CREDIT,Local Store,Mumbai,False
659,5,2026-02-24 02:46:00,360.62,DEBIT,Flipkart,Chandigarh,False
660,29,2026-04-16 22:47:00,3400.51,DEBIT,Uber,Chandigarh,False
661,65,2026-03-02 09:09:00,2138.68,DEBIT,Shell,Mumbai,False
662,58,2026-07-26 00:08:00,1433.46,DEBIT,Uber,Pune,False
663,94,2026-01-23 21:17:00,2378.85,DEBIT,Apple,Bangalore,False
664,30,2026-05-12 12:39:00,786.99,DEBIT,Swiggy,Chandigarh,False
665,59,2026-07-09 19:49:00,6031.42,DEBIT,Apple,Hyderabad,False
666,95,2026-03-05 07:07:00,1836.06,DEBIT,Swiggy,Pune,False
667,49,2026-05-18 00:24:00,1562.74,DEBIT,Netflix,Ludhiana,False
668,52,2026-06-27 06:15:00,1273.68,CREDIT,Myntra,Ludhiana,False
669,1,2026-04-13 05:45:00,3024.83,DEBIT,Netflix,Mumbai,False
670,24,2026-02-13 01:59:00,1347.39,DEBIT,Netflix,Chandigarh,False
671,43,2026-02-28 16:59:00,2680.6,DEBIT,Swiggy,Delhi,False
672,32,2026-02-28 15:58:00,717.11,DEBIT,Uber,Pune,False
673,66,2026-03-07 13:11:00,624.81,DEBIT,Shell,Chandigarh,False
674,77,2026-04-14 04:51:00,4680.75,DEBIT,Walmart,Mumbai,False
675,58,2026-05-30 13:20:00,2318.7,DEBIT,Local Store,Mumbai,False
676,75,2026-07-05 23:28:00,4406.68,DEBIT,Apple,Mumbai,False
677,93,2026-05-18 16:51:00,4651.88,DEBIT,Swiggy,Mumbai,False
678,14,2026-07-03 15:09:00,483.82,DEBIT,Swiggy,Hyderabad,False
679,20,2026-07-13 11:42:00,3989.37,DEBIT,Shell,Hyderabad,False
680,16,2026-07-16 08:21:00,1363.74,DEBIT,Amazon,Hyderabad,False
681,87,2026-07-12 21:36:00,2606.62,DEBIT,Swiggy,Mumbai,False
682,62,2026-02-05 13:51:00,3918.43,DEBIT,Swiggy,Mumbai,False
683,33,2026-07-17 23:11:00,2790.79,DEBIT,Swiggy,Bangalore,False
684,25,2026-01-03 14:09:00,782.68,DEBIT,Local Store,Ludhiana,False
685,16,2026-05-29 20:32:00,2498.53,CREDIT,Flipkart,Delhi,False
686,20,2026-04-06 03:17:00,2707.06,DEBIT,Shell,Chandigarh,False
687,73,2026-05-31 10:50:00,2015.81,CREDIT,Shell,Hyderabad,False
688,72,2026-07-22 00:53:00,3667.03,DEBIT,Myntra,Bangalore,False
689,40,2026-02-13 08:35:00,3217.67,DEBIT,Netflix,Chandigarh,False
690,90,2026-07-05 01:58:00,3583.4,DEBIT,Swiggy,Hyderabad,False
691,44,2026-05-22 16:02:00,2928.49,DEBIT,Amazon,Hyderabad,False
692,12,2026-06-08 12:23:00,3156.02,DEBIT,Walmart,Delhi,False
693,34,2026-05-26 20:53:00,1589.0,DEBIT,Local Store,Pune,False
694,67,2026-01-21 22:07:00,1848.92,CREDIT,Uber,Pune,False
695,64,2026-04-15 03:09:00,2745.83,CREDIT,Netflix,Delhi,False
696,77,2026-03-03 16:57:00,3773.67,DEBIT,Amazon,Bangalore,False
697,31,2026-05-26 10:18:00,3810.68,DEBIT,Flipkart,Pune,False
698,51,2026-01-06 14:16:00,2286.77,DEBIT,Walmart,Delhi,False
699,71,2026-04-11 16:09:00,2255.02,DEBIT,Netflix,Ludhiana,False
700,25,2026-01-02 16:38:00,1306.71,DEBIT,Apple,Mumbai,False
701,53,2026-02-12 14:26:00,2011.71,DEBIT,Shell,Bangalore,False
702,69,2026-06-11 04:58:00,3716.28,DEBIT,Swiggy,Ludhiana,False
703,62,2026-06-17 17:50:00,4083.48,DEBIT,Local Store,Hyderabad,False
704,4,2026-05-20 07:50:00,969.58,DEBIT,Netflix,Pune,False
705,90,2026-01-04 12:57:00,1150.57,DEBIT,Apple,Mumbai,False
706,37,2026-05-05 12:22:00,1443.19,DEBIT,Walmart,Ludhiana,False
707,23,2026-03-11 05:42:00,1795.65,DEBIT,Myntra,Pune,False
708,26,2026-04-07 15:08:00,2213.5,DEBIT,Netflix,Mumbai,False
709,26,2026-02-13 15:30:00,4772.71,CREDIT,Walmart,Pune,False
710,85,2026-07-17 03:28:00,2171.21,DEBIT,Amazon,Hyderabad,False
711,62,2026-04-11 00:39:00,1707.03,CREDIT,Myntra,Mumbai,False
712,98,2026-03-22 20:40:00,6885.97,DEBIT,Local Store,Mumbai,False
713,7,2026-05-07 10:39:00,1362.03,DEBIT,Swiggy,Hyderabad,False
714,88,2026-02-13 19:47:00,5089.18,DEBIT,Shell,Chandigarh,False
715,41,2026-04-29 11:42:00,4219.19,DEBIT,Flipkart,Ludhiana,False
716,34,2026-04-09 02:07:00,1359.32,DEBIT,Myntra,Ludhiana,False
717,44,2026-05-16 13:17:00,1777.66,DEBIT,Flipkart,Hyderabad,False
718,52,2026-02-17 17:54:00,1760.67,DEBIT,Local Store,Pune,False
719,30,2026-05-19 16:12:00,3821.13,DEBIT,Netflix,Mumbai,False
720,95,2026-03-06 07:13:00,652.37,CREDIT,Swiggy,Chandigarh,False
721,18,2026-06-27 04:09:00,5858.23,DEBIT,Apple,Bangalore,False
722,72,2026-02-06 00:51:00,3295.63,DEBIT,Uber,Delhi,False
723,28,2026-05-02 20:16:00,2711.05,DEBIT,Apple,Bangalore,False
724,47,2026-04-04 19:56:00,3178.0,CREDIT,Flipkart,Delhi,False
725,53,2026-07-16 00:56:00,1497.11,DEBIT,Uber,Hyderabad,False
726,37,2026-06-27 11:47:00,1100.62,DEBIT,Myntra,Delhi,False
727,49,2026-05-03 20:08:00,1271.84,CREDIT,Swiggy,Pune,False
728,79,2026-01-26 23:24:00,3506.78,CREDIT,Walmart,Mumbai,False
729,44,2026-05-24 23:32:00,1397.73,DEBIT,Apple,Chandigarh,False
730,100,2026-07-09 16:00:00,5212.85,DEBIT,Myntra,Chandigarh,False
731,22,2026-01-30 03:36:00,1857.22,DEBIT,Netflix,Mumbai,False
732,51,2026-06-22 06:45:00,1019.75,DEBIT,Shell,Delhi,False
733,4,2026-02-26 12:48:00,708.05,DEBIT,Walmart,Pune,False
734,50,2026-04-14 11:09:00,1656.11,DEBIT,Myntra,Pune,False
735,17,2026-04-29 09:39:00,1125.41,DEBIT,Myntra,Chandigarh,False
736,70,2026-02-19 04:39:00,4466.23,DEBIT,Shell,Mumbai,False
737,76,2026-07-10 14:03:00,2418.81,DEBIT,Shell,Bangalore,False
738,45,2026-02-02 14:32:00,1972.21,DEBIT,Myntra,Bangalore,False
739,47,2026-02-19 15:00:00,2402.81,DEBIT,Flipkart,Bangalore,False
740,61,2026-06-29 02:33:00,2995.81,DEBIT,Myntra,Bangalore,False
741,2,2026-07-19 14:21:00,4341.24,CREDIT,Flipkart,Mumbai,False
742,53,2026-04-01 23:37:00,3031.1,DEBIT,Uber,Pune,False
743,95,2026-03-29 05:19:00,3691.43,DEBIT,Shell,Hyderabad,False
744,79,2026-04-14 15:32:00,3491.23,DEBIT,Shell,Hyderabad,False
745,35,2026-06-15 18:50:00,2584.55,DEBIT,Local Store,Chandigarh,False
746,35,2026-04-27 17:49:00,3190.9,DEBIT,Amazon,Mumbai,False
747,7,2026-02-15 12:36:00,8089.3,DEBIT,Myntra,Pune,False
748,2,2026-06-29 16:57:00,1691.3,DEBIT,Netflix,Bangalore,False
749,54,2026-01-12 13:19:00,2414.01,DEBIT,Flipkart,Delhi,False
750,97,2026-05-23 21:02:00,775.08,DEBIT,Walmart,Ludhiana,False
751,61,2026-01-05 14:14:00,1515.29,DEBIT,Walmart,Hyderabad,False
752,92,2026-06-11 06:39:00,1433.04,CREDIT,Netflix,Pune,False
753,5,2026-03-17 21:26:00,1382.03,DEBIT,Myntra,Chandigarh,False
754,88,2026-02-27 17:58:00,4291.83,CREDIT,Amazon,Pune,False
755,71,2026-01-19 23:08:00,2823.06,DEBIT,Netflix,Delhi,False
756,31,2026-03-02 22:25:00,4541.9,DEBIT,Apple,Ludhiana,False
757,16,2026-06-23 00:58:00,2346.34,DEBIT,Local Store,Mumbai,False
758,48,2026-07-02 00:21:00,6579.24,DEBIT,Walmart,Pune,False
759,80,2026-05-10 10:33:00,2861.27,DEBIT,Uber,Pune,False
760,69,2026-03-26 17:08:00,3736.67,DEBIT,Flipkart,Ludhiana,False
761,83,2026-05-18 12:59:00,4263.82,DEBIT,Flipkart,Pune,False
762,18,2026-06-09 06:56:00,1217.03,DEBIT,Shell,Bangalore,False
763,70,2026-06-20 12:53:00,3852.56,DEBIT,Apple,Hyderabad,False
764,77,2026-01-26 01:51:00,5304.27,DEBIT,Shell,Mumbai,False
765,58,2026-07-04 05:07:00,1793.85,DEBIT,Swiggy,Pune,False
766,24,2026-05-13 13:20:00,5539.11,DEBIT,Local Store,Mumbai,False
767,42,2026-07-10 19:23:00,3109.79,DEBIT,Myntra,Hyderabad,False
768,71,2026-05-30 04:55:00,882.23,DEBIT,Flipkart,Delhi,False
769,13,2026-01-12 09:16:00,4092.29,DEBIT,Netflix,Delhi,False
770,63,2026-05-22 11:37:00,1625.37,DEBIT,Myntra,Ludhiana,False
771,80,2026-01-26 19:18:00,3623.34,DEBIT,Amazon,Mumbai,False
772,84,2026-01-30 02:40:00,3358.38,CREDIT,Myntra,Hyderabad,False
773,82,2026-05-15 08:58:00,346.99,DEBIT,Amazon,Hyderabad,False
774,79,2026-01-26 15:03:00,1339.39,DEBIT,Apple,Delhi,False
775,28,2026-03-10 23:31:00,6410.7,DEBIT,Netflix,Ludhiana,False
776,85,2026-03-07 03:14:00,1992.32,DEBIT,Shell,Pune,False
777,72,2026-06-17 00:21:00,3034.15,DEBIT,Swiggy,Delhi,False
778,22,2026-07-03 18:04:00,4958.7,DEBIT,Flipkart,Pune,False
779,21,2026-07-20 06:41:00,1535.1,CREDIT,Flipkart,Hyderabad,False
780,48,2026-04-28 18:21:00,1550.16,DEBIT,Local Store,Mumbai,False
781,73,2026-05-12 01:48:00,2294.62,DEBIT,Myntra,Chandigarh,False
782,51,2026-04-14 13:50:00,612.77,DEBIT,Local Store,Delhi,False
783,67,2026-03-20 05:09:00,1132.43,CREDIT,Flipkart,Delhi,False
784,99,2026-04-11 11:21:00,4122.1,DEBIT,Shell,Ludhiana,False
785,72,2026-02-26 20:05:00,2760.63,DEBIT,Uber,Bangalore,False
786,47,2026-04-04 07:05:00,4285.4,DEBIT,Apple,Delhi,False
787,74,2026-06-25 16:26:00,3113.03,DEBIT,Uber,Chandigarh,False
788,89,2026-02-04 17:18:00,2927.29,CREDIT,Local Store,Pune,False
789,39,2026-05-02 17:56:00,726.87,CREDIT,Flipkart,Hyderabad,False
790,56,2026-03-24 13:05:00,1831.09,CREDIT,Local Store,Delhi,False
791,82,2026-07-16 13:58:00,3368.02,DEBIT,Local Store,Mumbai,False
792,42,2026-01-19 09:26:00,3156.93,DEBIT,Swiggy,Chandigarh,False
793,97,2026-05-24 13:38:00,2615.25,DEBIT,Uber,Mumbai,False
794,44,2026-01-18 22:53:00,866.87,DEBIT,Shell,Chandigarh,False
795,34,2026-02-19 02:31:00,502.32,DEBIT,Myntra,Ludhiana,False
796,26,2026-03-13 09:32:00,2682.07,DEBIT,Shell,Ludhiana,False
797,95,2026-02-02 14:53:00,2886.26,DEBIT,Walmart,Pune,False
798,53,2026-04-27 18:39:00,2878.68,DEBIT,Flipkart,Ludhiana,False
799,84,2026-06-11 00:05:00,456.54,DEBIT,Local Store,Mumbai,False
800,57,2026-03-14 16:52:00,1191.63,CREDIT,Flipkart,Mumbai,False
801,97,2026-02-23 18:25:00,5107.81,DEBIT,Apple,Delhi,False
802,44,2026-06-13 20:41:00,4384.75,DEBIT,Myntra,Delhi,False
803,43,2026-04-05 04:11:00,1204.3,DEBIT,Shell,Chandigarh,False
804,80,2026-01-07 16:40:00,3633.56,DEBIT,Swiggy,Ludhiana,False
805,85,2026-04-09 18:29:00,2861.93,DEBIT,Amazon,Chandigarh,False
806,84,2026-05-20 20:43:00,51752.75,DEBIT,Walmart,Delhi,True
807,14,2026-05-19 14:37:00,728.48,DEBIT,Shell,Pune,False
808,13,2026-07-13 12:50:00,3344.01,DEBIT,Walmart,Mumbai,False
809,26,2026-04-01 01:44:00,1235.43,DEBIT,Shell,Bangalore,False
810,43,2026-01-07 16:32:00,3107.67,DEBIT,Flipkart,Pune,False
811,46,2026-04-11 10:39:00,1536.18,CREDIT,Amazon,Pune,False
812,33,2026-01-11 17:28:00,7955.71,CREDIT,Shell,Bangalore,False
813,29,2026-05-20 03:46:00,1528.02,DEBIT,Shell,Pune,False
814,79,2026-06-01 22:42:00,3452.46,DEBIT,Netflix,Ludhiana,False
815,20,2026-02-17 23:26:00,2104.05,DEBIT,Netflix,Pune,False
816,18,2026-03-15 15:48:00,4095.95,DEBIT,Uber,Bangalore,False
817,89,2026-02-22 20:21:00,3183.59,CREDIT,Local Store,Mumbai,False
818,41,2026-02-13 02:29:00,788.99,DEBIT,Uber,Bangalore,False
819,19,2026-05-30 17:34:00,3959.93,DEBIT,Apple,Chandigarh,False
820,96,2026-04-10 16:28:00,2292.08,CREDIT,Uber,Hyderabad,False
821,25,2026-04-08 03:52:00,1146.13,DEBIT,Local Store,Ludhiana,False
822,79,2026-01-10 11:55:00,2137.42,DEBIT,Flipkart,Delhi,False
823,89,2026-05-17 03:42:00,5299.99,DEBIT,Uber,Hyderabad,False
824,50,2026-03-12 08:43:00,3690.32,DEBIT,Netflix,Delhi,False
825,53,2026-03-15 20:23:00,4718.26,DEBIT,Netflix,Delhi,False
826,23,2026-06-28 09:11:00,4759.22,CREDIT,Flipkart,Hyderabad,False
827,59,2026-05-19 11:45:00,2747.97,DEBIT,Flipkart,Chandigarh,False
828,79,2026-07-15 05:01:00,5624.93,DEBIT,Shell,Pune,False
829,91,2026-01-16 10:38:00,2943.03,CREDIT,Netflix,Ludhiana,False
830,69,2026-07-23 01:15:00,2199.41,DEBIT,Swiggy,Ludhiana,False
831,98,2026-04-21 21:14:00,3997.29,DEBIT,Apple,Chandigarh,False
832,22,2026-01-20 20:38:00,2552.87,DEBIT,Shell,Mumbai,False
833,60,2026-07-18 22:34:00,2616.57,DEBIT,Uber,Chandigarh,False
834,53,2026-06-15 04:19:00,2189.57,DEBIT,Local Store,Pune,False
835,26,2026-03-01 17:00:00,5306.24,DEBIT,Walmart,Delhi,False
836,15,2026-02-01 01:25:00,4114.86,DEBIT,Shell,Pune,False
837,50,2026-07-20 08:59:00,5052.57,DEBIT,Swiggy,Delhi,False
838,99,2026-02-24 15:30:00,1201.2,DEBIT,Uber,Hyderabad,False
839,19,2026-06-12 11:27:00,1224.52,DEBIT,Apple,Pune,False
840,24,2026-03-15 20:32:00,768.26,DEBIT,Amazon,Ludhiana,False
841,98,2026-01-03 02:14:00,860.22,DEBIT,Local Store,Chandigarh,False
842,31,2026-06-15 04:49:00,1662.38,DEBIT,Swiggy,Chandigarh,False
843,11,2026-07-22 23:56:00,4861.36,DEBIT,Netflix,Delhi,False
844,24,2026-01-14 08:52:00,1192.07,DEBIT,Uber,Hyderabad,False
845,5,2026-01-18 20:26:00,3888.61,CREDIT,Walmart,Chandigarh,False
846,23,2026-07-24 16:22:00,1006.41,DEBIT,Uber,Chandigarh,False
847,96,2026-05-15 04:36:00,3417.29,DEBIT,Swiggy,Hyderabad,False
848,9,2026-01-24 15:19:00,3732.47,CREDIT,Apple,Chandigarh,False
849,18,2026-03-18 09:39:00,1197.83,DEBIT,Netflix,Ludhiana,False
850,8,2026-07-12 14:00:00,820.6,DEBIT,Walmart,Chandigarh,False
851,93,2026-04-26 05:31:00,6009.97,DEBIT,Apple,Ludhiana,False
852,74,2026-02-17 05:27:00,3506.93,DEBIT,Local Store,Ludhiana,False
853,64,2026-03-26 17:33:00,2279.93,DEBIT,Apple,Mumbai,False
854,1,2026-02-12 22:27:00,810.51,DEBIT,Netflix,Hyderabad,False
855,79,2026-03-19 07:26:00,4030.08,DEBIT,Amazon,Pune,False
856,26,2026-01-25 16:45:00,4022.77,DEBIT,Apple,Bangalore,False
857,65,2026-05-25 04:43:00,3014.03,DEBIT,Local Store,Ludhiana,False
858,4,2026-05-04 00:56:00,3725.52,DEBIT,Myntra,Chandigarh,False
859,5,2026-07-15 12:05:00,2217.53,CREDIT,Flipkart,Chandigarh,False
860,53,2026-07-09 17:12:00,4865.52,DEBIT,Apple,Ludhiana,False
861,93,2026-05-01 18:36:00,3389.54,DEBIT,Flipkart,Delhi,False
862,20,2026-05-17 14:54:00,1732.97,DEBIT,Shell,Hyderabad,False
863,22,2026-04-23 05:48:00,2276.05,CREDIT,Flipkart,Pune,False
864,5,2026-03-28 12:32:00,2091.94,DEBIT,Flipkart,Chandigarh,False
865,39,2026-03-15 13:57:00,1414.64,CREDIT,Walmart,Chandigarh,False
866,65,2026-07-02 01:32:00,682.89,DEBIT,Uber,Mumbai,False
867,44,2026-02-22 04:07:00,4500.28,CREDIT,Walmart,Hyderabad,False
868,67,2026-01-14 07:24:00,2472.42,DEBIT,Myntra,Chandigarh,False
869,92,2026-02-01 16:52:00,5099.17,DEBIT,Flipkart,Chandigarh,False
870,6,2026-04-24 18:29:00,1102.34,CREDIT,Amazon,Ludhiana,False
871,98,2026-04-11 17:24:00,2230.96,DEBIT,Shell,Bangalore,False
872,99,2026-02-24 08:47:00,2142.33,DEBIT,Uber,Bangalore,False
873,15,2026-05-08 13:07:00,446.34,DEBIT,Shell,Bangalore,False
874,35,2026-04-14 03:13:00,898.67,DEBIT,Local Store,Mumbai,False
875,22,2026-02-17 08:36:00,679.3,DEBIT,Amazon,Chandigarh,False
876,87,2026-02-01 08:31:00,619.09,DEBIT,Swiggy,Chandigarh,False
877,23,2026-06-12 07:46:00,4674.09,DEBIT,Local Store,Bangalore,False
878,40,2026-07-14 05:39:00,1551.76,DEBIT,Walmart,Hyderabad,False
879,98,2026-06-20 11:51:00,3399.05,CREDIT,Walmart,Chandigarh,False
880,40,2026-06-19 10:41:00,4787.22,DEBIT,Myntra,Mumbai,False
881,29,2026-03-08 18:09:00,1322.36,DEBIT,Flipkart,Hyderabad,False
882,42,2026-06-23 01:32:00,2240.81,DEBIT,Walmart,Bangalore,False
883,62,2026-02-16 09:11:00,3100.93,DEBIT,Shell,Delhi,False
884,52,2026-04-29 15:29:00,5748.15,CREDIT,Shell,Pune,False
885,10,2026-03-30 17:24:00,3058.84,DEBIT,Shell,Mumbai,False
886,62,2026-06-06 23:25:00,2112.04,DEBIT,Swiggy,Ludhiana,False
887,44,2026-02-15 09:41:00,53023.37,DEBIT,Netflix,Pune,True
888,77,2026-06-12 02:21:00,3531.44,DEBIT,Uber,Bangalore,False
889,52,2026-05-18 22:58:00,1102.45,CREDIT,Flipkart,Chandigarh,False
890,83,2026-02-20 13:52:00,4475.57,DEBIT,Local Store,Hyderabad,False
891,82,2026-04-17 03:11:00,4212.01,DEBIT,Swiggy,Ludhiana,False
892,74,2026-04-26 06:28:00,1589.48,DEBIT,Apple,Ludhiana,False
893,87,2026-05-06 08:13:00,2338.63,CREDIT,Walmart,Ludhiana,False
894,2,2026-02-16 10:35:00,2949.04,DEBIT,Apple,Delhi,False
895,48,2026-05-11 19:07:00,4600.67,DEBIT,Walmart,Hyderabad,False
896,37,2026-05-24 13:10:00,4386.52,DEBIT,Flipkart,Pune,False
897,49,2026-02-20 15:12:00,1959.15,DEBIT,Netflix,Ludhiana,False
898,50,2026-06-01 21:51:00,4587.92,DEBIT,Uber,Bangalore,False
899,86,2026-06-27 04:51:00,1448.89,DEBIT,Swiggy,Mumbai,False
900,11,2026-06-16 00:50:00,1146.91,CREDIT,Local Store,Chandigarh,False
901,80,2026-05-10 08:43:00,895.05,DEBIT,Netflix,Mumbai,False
902,55,2026-03-28 04:45:00,3160.25,DEBIT,Shell,Bangalore,False
903,53,2026-06-25 22:51:00,4399.35,DEBIT,Flipkart,Delhi,False
904,75,2026-02-21 17:34:00,2586.61,DEBIT,Shell,Hyderabad,False
905,97,2026-02-02 04:51:00,3610.54,CREDIT,Netflix,Chandigarh,False
906,81,2026-01-29 10:17:00,3922.22,CREDIT,Shell,Hyderabad,False
907,75,2026-06-20 17:02:00,2319.68,CREDIT,Myntra,Ludhiana,False
908,61,2026-05-09 11:48:00,3313.05,DEBIT,Apple,Bangalore,False
909,22,2026-07-25 05:44:00,901.49,DEBIT,Apple,Delhi,False
910,81,2026-01-19 19:03:00,2119.72,DEBIT,Apple,Hyderabad,False
911,95,2026-04-12 03:52:00,3230.71,DEBIT,Apple,Mumbai,False
912,79,2026-01-06 04:06:00,1942.55,CREDIT,Walmart,Ludhiana,False
913,23,2026-03-05 20:39:00,4478.83,DEBIT,Apple,Hyderabad,False
914,90,2026-07-12 00:23:00,991.0,DEBIT,Amazon,Bangalore,False
915,11,2026-05-31 08:23:00,2993.85,CREDIT,Swiggy,Mumbai,False
916,85,2026-03-18 18:29:00,1830.18,DEBIT,Local Store,Pune,False
917,45,2026-06-18 22:37:00,713.36,DEBIT,Swiggy,Chandigarh,False
918,39,2026-07-13 21:14:00,3861.02,CREDIT,Netflix,Chandigarh,False
919,88,2026-01-05 07:39:00,3167.2,CREDIT,Apple,Hyderabad,False
920,58,2026-07-13 01:25:00,2268.41,DEBIT,Amazon,Delhi,False
921,69,2026-04-10 05:55:00,4230.06,CREDIT,Flipkart,Bangalore,False
922,35,2026-05-23 09:57:00,3813.41,DEBIT,Myntra,Hyderabad,False
923,87,2026-05-03 20:18:00,3743.97,DEBIT,Uber,Bangalore,False
924,71,2026-01-25 17:46:00,365.99,DEBIT,Amazon,Chandigarh,False
925,13,2026-04-02 17:06:00,2600.98,DEBIT,Netflix,Delhi,False
926,4,2026-03-20 22:38:00,2584.36,DEBIT,Local Store,Pune,False
927,16,2026-07-26 02:23:00,5010.17,DEBIT,Uber,Delhi,False
928,90,2026-01-28 13:36:00,1777.3,DEBIT,Myntra,Bangalore,False
929,99,2026-02-28 23:16:00,3273.73,DEBIT,Walmart,Bangalore,False
930,100,2026-01-22 20:48:00,589.9,DEBIT,Apple,Hyderabad,False
931,34,2026-05-23 22:53:00,2122.12,DEBIT,Uber,Pune,False
932,63,2026-06-07 00:21:00,1278.66,DEBIT,Netflix,Ludhiana,False
933,83,2026-01-26 15:16:00,801.4,DEBIT,Local Store,Pune,False
934,33,2026-07-01 04:58:00,4275.26,DEBIT,Uber,Pune,False
935,82,2026-05-01 02:06:00,625.73,DEBIT,Swiggy,Ludhiana,False
936,1,2026-06-28 15:37:00,2984.39,CREDIT,Myntra,Chandigarh,False
937,52,2026-01-02 04:54:00,4662.36,DEBIT,Swiggy,Pune,False
938,100,2026-05-11 16:16:00,1520.62,DEBIT,Flipkart,Pune,False
939,39,2026-07-14 15:38:00,1322.61,DEBIT,Flipkart,Delhi,False
940,59,2026-03-15 22:53:00,2092.66,DEBIT,Uber,Ludhiana,False
941,6,2026-02-08 20:57:00,4309.88,DEBIT,Flipkart,Chandigarh,False
942,11,2026-03-10 23:33:00,3683.64,DEBIT,Uber,Delhi,False
943,25,2026-07-16 19:24:00,727.45,DEBIT,Apple,Chandigarh,False
944,69,2026-01-06 23:27:00,4821.99,CREDIT,Amazon,Bangalore,False
945,8,2026-07-10 11:05:00,1926.46,DEBIT,Myntra,Pune,False
946,69,2026-01-27 05:26:00,876.85,DEBIT,Amazon,Pune,False
947,19,2026-03-30 08:35:00,4161.27,DEBIT,Uber,Delhi,False
948,23,2026-02-05 10:09:00,3564.98,CREDIT,Myntra,Ludhiana,False
949,22,2026-03-22 07:23:00,6066.47,DEBIT,Walmart,Hyderabad,False
950,26,2026-05-27 08:48:00,2854.02,CREDIT,Flipkart,Delhi,False
951,88,2026-01-17 14:20:00,4048.3,CREDIT,Local Store,Mumbai,False
952,43,2026-06-01 03:40:00,1068.02,DEBIT,Uber,Pune,False
953,48,2026-02-06 09:31:00,1410.84,DEBIT,Local Store,Chandigarh,False
954,100,2026-01-30 09:21:00,1469.15,CREDIT,Amazon,Delhi,False
955,23,2026-06-23 07:27:00,4247.14,DEBIT,Uber,Mumbai,False
956,19,2026-05-31 00:23:00,2286.95,DEBIT,Netflix,Mumbai,False
957,79,2026-02-02 01:08:00,2431.83,DEBIT,Apple,Bangalore,False
958,54,2026-02-12 18:47:00,402.94,DEBIT,Shell,Delhi,False
959,80,2026-03-17 18:28:00,2174.87,DEBIT,Apple,Delhi,False
960,25,2026-06-22 17:28:00,694.19,DEBIT,Myntra,Mumbai,False
961,21,2026-05-08 13:39:00,53607.81,DEBIT,Myntra,Delhi,True
962,79,2026-01-16 18:30:00,4520.11,CREDIT,Walmart,Pune,False
963,7,2026-02-12 06:11:00,5580.11,DEBIT,Walmart,Mumbai,False
964,93,2026-06-02 13:51:00,3482.25,DEBIT,Netflix,Pune,False
965,87,2026-03-28 07:58:00,4611.22,DEBIT,Swiggy,Hyderabad,False
966,26,2026-06-21 11:34:00,2452.3,DEBIT,Local Store,Chandigarh,False
967,7,2026-05-22 00:32:00,6091.73,DEBIT,Flipkart,Mumbai,False
968,59,2026-04-09 04:37:00,5432.6,DEBIT,Netflix,Bangalore,False
969,17,2026-06-19 11:54:00,525.65,DEBIT,Myntra,Chandigarh,False
970,22,2026-04-18 11:09:00,3588.79,DEBIT,Local Store,Mumbai,False
971,82,2026-03-25 15:10:00,6091.15,DEBIT,Walmart,Chandigarh,False
972,67,2026-06-22 09:24:00,2205.39,CREDIT,Myntra,Bangalore,False
973,2,2026-03-22 23:25:00,3723.31,DEBIT,Local Store,Mumbai,False
974,74,2026-01-17 02:26:00,3690.71,DEBIT,Amazon,Chandigarh,False
975,94,2026-02-05 16:19:00,5149.73,DEBIT,Myntra,Chandigarh,False
976,31,2026-05-29 01:04:00,930.29,CREDIT,Netflix,Mumbai,False
977,46,2026-04-21 23:42:00,1711.32,DEBIT,Uber,Pune,False
978,59,2026-01-09 21:19:00,3980.17,DEBIT,Myntra,Chandigarh,False
979,99,2026-06-19 01:04:00,1071.66,CREDIT,Amazon,Hyderabad,False
980,81,2026-05-02 04:58:00,692.97,CREDIT,Shell,Delhi,False
981,38,2026-03-17 10:04:00,2235.48,DEBIT,Walmart,Ludhiana,False
982,43,2026-05-13 12:35:00,6095.74,DEBIT,Amazon,Delhi,False
983,50,2026-07-23 10:47:00,1770.31,DEBIT,Walmart,Ludhiana,False
984,91,2026-05-02 22:39:00,3334.92,DEBIT,Netflix,Ludhiana,False
985,15,2026-03-18 09:12:00,3307.51,CREDIT,Netflix,Bangalore,False
986,46,2026-06-06 16:04:00,59965.56,DEBIT,Shell,Mumbai,True
987,9,2026-06-21 04:21:00,1563.82,CREDIT,Shell,Pune,False
988,69,2026-05-15 00:54:00,4942.67,DEBIT,Walmart,Mumbai,False
989,59,2026-01-29 00:22:00,784.55,CREDIT,Walmart,Mumbai,False
990,36,2026-02-24 19:04:00,1104.03,DEBIT,Netflix,Ludhiana,False
991,81,2026-06-22 13:02:00,404.76,CREDIT,Flipkart,Chandigarh,False
992,57,2026-03-10 20:02:00,4543.87,DEBIT,Walmart,Delhi,False
993,30,2026-04-29 19:18:00,3301.63,DEBIT,Myntra,Ludhiana,False
994,86,2026-06-12 02:42:00,3534.76,CREDIT,Myntra,Bangalore,False
995,73,2026-06-26 07:22:00,1134.87,DEBIT,Flipkart,Bangalore,False
996,99,2026-04-14 12:58:00,3664.24,DEBIT,Myntra,Mumbai,False
997,80,2026-02-25 21:10:00,4431.77,CREDIT,Uber,Mumbai,False
998,15,2026-02-16 01:08:00,548.82,DEBIT,Myntra,Bangalore,False
999,48,2026-05-06 04:34:00,1248.59,DEBIT,Uber,Bangalore,False
1000,58,2026-04-20 19:04:00,2854.94,DEBIT,Walmart,Delhi,False
1001,52,2026-02-26 19:36:00,5020.56,CREDIT,Amazon,Pune,False
1002,70,2026-04-18 14:36:00,1939.49,DEBIT,Myntra,Bangalore,False
1003,97,2026-06-10 23:10:00,4293.28,DEBIT,Flipkart,Pune,False
1004,15,2026-02-20 18:17:00,3553.4,CREDIT,Shell,Delhi,False
1005,40,2026-04-29 19:50:00,531.8,DEBIT,Amazon,Ludhiana,False
1006,83,2026-04-12 04:33:00,1214.54,DEBIT,Netflix,Delhi,False
1007,11,2026-07-06 08:04:00,1895.86,DEBIT,Swiggy,Mumbai,False
1008,63,2026-01-21 09:45:00,2171.84,DEBIT,Flipkart,Chandigarh,False
1009,19,2026-05-06 13:57:00,2896.04,DEBIT,Flipkart,Bangalore,False
1010,58,2026-06-11 17:39:00,4915.29,DEBIT,Swiggy,Hyderabad,False
1011,57,2026-05-31 19:16:00,2207.71,DEBIT,Uber,Hyderabad,False
1012,76,2026-04-21 09:40:00,1202.79,DEBIT,Myntra,Hyderabad,False
1013,68,2026-02-02 04:52:00,7807.88,CREDIT,Amazon,Chandigarh,False
1014,82,2026-07-22 08:46:00,5796.65,DEBIT,Myntra,Pune,False
1015,73,2026-07-21 15:45:00,4306.41,DEBIT,Myntra,Delhi,False
1016,39,2026-07-23 15:04:00,4773.06,DEBIT,Myntra,Mumbai,False
1017,4,2026-06-22 01:07:00,4546.91,DEBIT,Walmart,Pune,False
1018,86,2026-06-29 02:10:00,5302.91,DEBIT,Netflix,Delhi,False
1019,16,2026-05-12 17:06:00,1326.58,DEBIT,Local Store,Chandigarh,False
1020,73,2026-06-23 07:42:00,2533.68,DEBIT,Walmart,Bangalore,False
1021,66,2026-02-23 04:57:00,4529.97,DEBIT,Flipkart,Chandigarh,False
1022,89,2026-04-10 06:37:00,1133.4,DEBIT,Flipkart,Chandigarh,False
1023,82,2026-01-28 23:19:00,4016.08,DEBIT,Shell,Mumbai,False
1024,99,2026-03-02 20:27:00,3867.15,CREDIT,Shell,Bangalore,False
1025,41,2026-05-12 23:46:00,3865.83,DEBIT,Walmart,Ludhiana,False
1026,75,2026-02-19 20:40:00,1677.98,DEBIT,Shell,Bangalore,False
1027,48,2026-03-21 07:49:00,2085.49,DEBIT,Uber,Ludhiana,False
1028,29,2026-07-23 09:36:00,5496.76,CREDIT,Local Store,Pune,False
1029,68,2026-06-01 22:49:00,3916.49,CREDIT,Myntra,Delhi,False
1030,15,2026-06-24 14:05:00,2601.14,CREDIT,Flipkart,Bangalore,False
1031,89,2026-05-05 12:50:00,2589.09,DEBIT,Uber,Pune,False
1032,39,2026-03-22 22:59:00,327.87,CREDIT,Uber,Hyderabad,False
1033,89,2026-01-29 14:51:00,1162.26,DEBIT,Swiggy,Pune,False
1034,98,2026-06-26 07:29:00,4543.68,DEBIT,Swiggy,Delhi,False
1035,26,2026-02-13 07:09:00,1064.19,DEBIT,Apple,Delhi,False
1036,9,2026-02-05 03:15:00,1320.27,DEBIT,Walmart,Ludhiana,False
1037,27,2026-02-22 23:53:00,3506.04,DEBIT,Apple,Ludhiana,False
1038,45,2026-03-30 01:04:00,2823.72,CREDIT,Shell,Ludhiana,False
1039,9,2026-03-11 17:46:00,910.97,DEBIT,Apple,Mumbai,False
1040,97,2026-02-05 22:19:00,2859.37,CREDIT,Netflix,Ludhiana,False
1041,91,2026-02-09 01:48:00,2501.21,DEBIT,Uber,Hyderabad,False
1042,46,2026-07-07 05:35:00,4170.86,DEBIT,Netflix,Chandigarh,False
1043,15,2026-06-30 12:30:00,3494.3,DEBIT,Flipkart,Pune,False
1044,37,2026-04-30 11:06:00,3781.32,DEBIT,Myntra,Delhi,False
1045,50,2026-06-11 15:20:00,1466.11,CREDIT,Netflix,Ludhiana,False
1046,53,2026-03-10 17:37:00,1577.15,CREDIT,Walmart,Hyderabad,False
1047,61,2026-02-08 07:00:00,4598.36,DEBIT,Swiggy,Chandigarh,False
1048,67,2026-02-22 04:45:00,3566.24,DEBIT,Swiggy,Chandigarh,False
1049,89,2026-01-24 13:26:00,4600.62,CREDIT,Flipkart,Mumbai,False
1050,44,2026-05-28 04:43:00,1877.14,CREDIT,Walmart,Mumbai,False
1051,55,2026-04-10 09:16:00,3498.27,DEBIT,Swiggy,Bangalore,False
1052,61,2026-06-26 09:54:00,4861.41,CREDIT,Shell,Bangalore,False
1053,19,2026-02-19 00:13:00,4540.81,DEBIT,Amazon,Delhi,False
1054,95,2026-01-10 17:44:00,825.83,DEBIT,Uber,Chandigarh,False
1055,78,2026-01-28 20:37:00,4268.0,DEBIT,Shell,Hyderabad,False
1056,64,2026-07-01 06:42:00,5228.88,DEBIT,Myntra,Ludhiana,False
1057,34,2026-01-12 12:06:00,3275.74,DEBIT,Swiggy,Delhi,False
1058,50,2026-06-11 03:06:00,1792.46,CREDIT,Myntra,Delhi,False
1059,5,2026-03-01 18:18:00,992.34,CREDIT,Myntra,Chandigarh,False
1060,18,2026-02-09 19:47:00,1208.22,DEBIT,Local Store,Pune,False
1061,63,2026-02-26 21:51:00,3023.77,DEBIT,Shell,Delhi,False
1062,51,2026-05-18 13:14:00,1180.86,DEBIT,Local Store,Pune,False
1063,46,2026-02-16 16:12:00,3873.65,DEBIT,Flipkart,Bangalore,False
1064,95,2026-05-05 05:56:00,3399.79,CREDIT,Swiggy,Delhi,False
1065,55,2026-04-01 03:41:00,1754.89,DEBIT,Netflix,Pune,False
1066,40,2026-01-24 20:20:00,3741.51,CREDIT,Apple,Delhi,False
1067,44,2026-06-03 19:37:00,1179.31,DEBIT,Local Store,Ludhiana,False
1068,54,2026-01-09 02:18:00,1671.75,DEBIT,Flipkart,Chandigarh,False
1069,74,2026-03-16 23:15:00,1335.69,DEBIT,Flipkart,Chandigarh,False
1070,65,2026-03-02 16:00:00,3321.18,DEBIT,Local Store,Bangalore,False
1071,47,2026-01-28 10:09:00,5377.89,CREDIT,Shell,Mumbai,False
1072,37,2026-05-27 08:58:00,2267.13,DEBIT,Netflix,Ludhiana,False
1073,96,2026-04-10 12:41:00,4492.29,DEBIT,Walmart,Ludhiana,False
1074,68,2026-01-28 21:52:00,1789.72,DEBIT,Apple,Ludhiana,False
1075,39,2026-07-07 15:21:00,2051.96,DEBIT,Myntra,Pune,False
1076,98,2026-07-07 22:50:00,2841.05,CREDIT,Uber,Ludhiana,False
1077,64,2026-07-13 22:58:00,2041.66,DEBIT,Local Store,Hyderabad,False
1078,99,2026-01-22 19:15:00,4136.16,CREDIT,Shell,Mumbai,False
1079,47,2026-06-08 12:29:00,2645.81,CREDIT,Swiggy,Bangalore,False
1080,9,2026-04-08 04:30:00,4738.63,CREDIT,Apple,Pune,False
1081,21,2026-03-11 20:59:00,1314.57,DEBIT,Amazon,Mumbai,False
1082,40,2026-06-08 18:59:00,2196.41,DEBIT,Swiggy,Pune,False
1083,5,2026-04-12 03:12:00,1396.77,CREDIT,Shell,Mumbai,False
1084,83,2026-06-26 21:21:00,4597.32,CREDIT,Amazon,Delhi,False
1085,11,2026-05-13 07:44:00,1861.11,CREDIT,Walmart,Chandigarh,False
1086,93,2026-07-27 21:14:00,4663.8,DEBIT,Shell,Delhi,False
1087,67,2026-06-30 18:03:00,2170.46,DEBIT,Walmart,Mumbai,False
1088,77,2026-04-30 21:20:00,830.68,CREDIT,Local Store,Pune,False
1089,50,2026-02-08 21:21:00,4034.63,DEBIT,Uber,Mumbai,False
1090,36,2026-01-21 08:41:00,1028.39,DEBIT,Myntra,Ludhiana,False
1091,48,2026-03-31 16:36:00,4517.39,DEBIT,Apple,Hyderabad,False
1092,19,2026-04-23 04:50:00,2570.13,DEBIT,Amazon,Pune,False
1093,78,2026-03-29 06:19:00,637.16,DEBIT,Apple,Ludhiana,False
1094,50,2026-05-13 02:40:00,1046.47,CREDIT,Walmart,Ludhiana,False
1095,31,2026-04-04 00:53:00,2532.2,DEBIT,Apple,Delhi,False
1096,97,2026-02-28 08:05:00,2111.01,DEBIT,Myntra,Pune,False
1097,41,2026-01-30 03:52:00,4577.08,DEBIT,Myntra,Chandigarh,False
1098,95,2026-06-03 18:41:00,1759.61,CREDIT,Walmart,Hyderabad,False
1099,21,2026-07-19 10:07:00,2795.64,DEBIT,Flipkart,Chandigarh,False
1100,89,2026-03-08 21:32:00,617.31,DEBIT,Myntra,Hyderabad,False
1101,83,2026-01-30 22:33:00,794.93,DEBIT,Walmart,Mumbai,False
1102,32,2026-02-17 08:46:00,3404.05,CREDIT,Local Store,Pune,False
1103,53,2026-04-05 21:51:00,3576.98,DEBIT,Uber,Pune,False
1104,76,2026-03-14 07:57:00,5311.57,CREDIT,Walmart,Chandigarh,False
1105,48,2026-05-22 14:04:00,62035.69,DEBIT,Flipkart,Delhi,True
1106,72,2026-02-02 09:29:00,1973.11,DEBIT,Myntra,Mumbai,False
1107,34,2026-04-05 17:17:00,4107.78,DEBIT,Uber,Delhi,False
1108,48,2026-01-06 03:20:00,1545.05,DEBIT,Shell,Chandigarh,False
1109,99,2026-03-15 23:06:00,2977.01,DEBIT,Netflix,Hyderabad,False
1110,35,2026-02-17 09:41:00,1988.5,DEBIT,Swiggy,Hyderabad,False
1111,27,2026-06-02 07:25:00,3852.66,DEBIT,Uber,Chandigarh,False
1112,19,2026-03-27 17:42:00,625.61,CREDIT,Local Store,Chandigarh,False
1113,32,2026-02-18 11:57:00,1923.05,DEBIT,Flipkart,Pune,False
1114,51,2026-06-04 02:46:00,2680.58,DEBIT,Local Store,Bangalore,False
1115,10,2026-05-09 23:56:00,1123.59,DEBIT,Local Store,Pune,False
1116,77,2026-01-02 22:50:00,3992.78,CREDIT,Apple,Ludhiana,False
1117,80,2026-07-23 17:30:00,3031.7,DEBIT,Amazon,Ludhiana,False
1118,23,2026-05-04 11:46:00,1583.59,DEBIT,Myntra,Mumbai,False
1119,12,2026-01-17 01:53:00,1666.24,DEBIT,Uber,Chandigarh,False
1120,36,2026-04-14 00:14:00,3763.67,CREDIT,Apple,Ludhiana,False
1121,98,2026-06-28 20:49:00,3428.2,DEBIT,Uber,Ludhiana,False
1122,85,2026-03-10 18:48:00,3269.14,DEBIT,Uber,Delhi,False
1123,30,2026-02-12 05:50:00,1129.74,DEBIT,Myntra,Delhi,False
1124,57,2026-06-26 15:44:00,2162.78,DEBIT,Myntra,Chandigarh,False
1125,15,2026-04-14 10:38:00,4676.94,DEBIT,Uber,Hyderabad,False
1126,22,2026-07-25 01:43:00,3505.29,CREDIT,Local Store,Mumbai,False
1127,75,2026-01-28 23:23:00,7119.59,DEBIT,Netflix,Hyderabad,False
1128,64,2026-01-10 10:51:00,3585.3,CREDIT,Apple,Pune,False
1129,88,2026-04-28 19:07:00,626.17,DEBIT,Uber,Delhi,False
1130,11,2026-06-24 17:02:00,3626.26,DEBIT,Myntra,Pune,False
1131,35,2026-06-14 23:15:00,5271.55,DEBIT,Flipkart,Pune,False
1132,94,2026-02-17 02:01:00,4691.43,CREDIT,Netflix,Hyderabad,False
1133,7,2026-07-19 05:07:00,3729.39,DEBIT,Local Store,Chandigarh,False
1134,12,2026-05-26 05:47:00,3299.3,DEBIT,Walmart,Delhi,False
1135,27,2026-02-26 02:50:00,1279.76,CREDIT,Walmart,Bangalore,False
1136,63,2026-04-23 21:42:00,3278.85,DEBIT,Local Store,Mumbai,False
1137,46,2026-05-22 07:10:00,4011.31,DEBIT,Myntra,Bangalore,False
1138,73,2026-06-03 20:10:00,2366.62,DEBIT,Flipkart,Ludhiana,False
1139,24,2026-06-18 18:20:00,2295.94,DEBIT,Netflix,Pune,False
1140,88,2026-07-11 23:25:00,3830.87,CREDIT,Shell,Delhi,False
1141,38,2026-02-16 12:38:00,3637.01,DEBIT,Apple,Hyderabad,False
1142,32,2026-01-18 09:03:00,3466.3,DEBIT,Shell,Delhi,False
1143,6,2026-07-26 23:26:00,2086.74,DEBIT,Apple,Bangalore,False
1144,33,2026-01-06 22:09:00,3080.95,CREDIT,Walmart,Pune,False
1145,85,2026-06-01 13:15:00,2862.94,DEBIT,Apple,Bangalore,False
1146,76,2026-06-13 19:42:00,1997.1,CREDIT,Local Store,Hyderabad,False
1147,34,2026-01-29 11:30:00,2843.56,DEBIT,Local Store,Bangalore,False
1148,87,2026-01-03 03:05:00,759.09,DEBIT,Swiggy,Delhi,False
1149,2,2026-06-27 05:02:00,789.63,CREDIT,Apple,Ludhiana,False
1150,79,2026-05-24 19:32:00,2239.96,DEBIT,Apple,Delhi,False
1151,17,2026-03-10 12:42:00,1293.24,DEBIT,Amazon,Mumbai,False
1152,62,2026-06-08 15:58:00,4883.85,DEBIT,Shell,Mumbai,False
1153,12,2026-06-22 13:26:00,33225.57,DEBIT,Flipkart,Hyderabad,True
1154,90,2026-01-08 03:30:00,2665.31,DEBIT,Myntra,Ludhiana,False
1155,32,2026-01-03 20:48:00,802.42,DEBIT,Walmart,Pune,False
1156,92,2026-06-30 11:31:00,1954.1,DEBIT,Local Store,Ludhiana,False
1157,94,2026-06-27 15:20:00,2775.04,DEBIT,Netflix,Pune,False
1158,8,2026-04-25 23:56:00,3681.98,DEBIT,Shell,Delhi,False
1159,35,2026-05-07 06:04:00,3408.36,DEBIT,Myntra,Pune,False
1160,56,2026-03-11 23:28:00,677.23,DEBIT,Myntra,Bangalore,False
1161,57,2026-06-20 13:31:00,1704.45,DEBIT,Uber,Bangalore,False
1162,93,2026-05-12 03:57:00,5690.89,CREDIT,Myntra,Hyderabad,False
1163,21,2026-02-17 00:03:00,3020.52,DEBIT,Uber,Mumbai,False
1164,21,2026-06-01 10:55:00,4539.49,DEBIT,Myntra,Bangalore,False
1165,31,2026-05-10 23:53:00,1508.44,CREDIT,Uber,Mumbai,False
1166,65,2026-06-06 18:49:00,652.84,DEBIT,Walmart,Ludhiana,False
1167,30,2026-05-10 08:08:00,1075.73,DEBIT,Amazon,Hyderabad,False
1168,72,2026-07-07 15:31:00,2028.28,DEBIT,Local Store,Pune,False
1169,14,2026-02-10 09:19:00,4562.87,DEBIT,Walmart,Hyderabad,False
1170,79,2026-02-07 02:08:00,2856.33,CREDIT,Shell,Delhi,False
1171,65,2026-02-27 04:10:00,636.8,CREDIT,Apple,Pune,False
1172,57,2026-02-06 03:38:00,2480.77,DEBIT,Uber,Pune,False
1173,47,2026-06-01 08:52:00,2637.24,DEBIT,Amazon,Mumbai,False
1174,61,2026-02-01 00:47:00,2789.08,DEBIT,Apple,Bangalore,False
1175,92,2026-07-12 20:09:00,2973.94,DEBIT,Swiggy,Hyderabad,False
1176,30,2026-05-30 00:35:00,1439.25,DEBIT,Myntra,Hyderabad,False
1177,67,2026-01-04 14:55:00,3913.93,DEBIT,Shell,Delhi,False
1178,11,2026-03-01 19:53:00,2117.24,DEBIT,Swiggy,Delhi,False
1179,51,2026-01-22 01:08:00,3166.26,CREDIT,Shell,Bangalore,False
1180,54,2026-07-21 13:31:00,1610.44,DEBIT,Apple,Pune,False
1181,96,2026-02-23 11:17:00,1412.36,CREDIT,Swiggy,Chandigarh,False
1182,83,2026-06-10 23:30:00,1976.28,DEBIT,Flipkart,Hyderabad,False
1183,84,2026-05-02 18:50:00,2480.05,DEBIT,Swiggy,Pune,False
1184,93,2026-07-16 21:29:00,4597.39,DEBIT,Apple,Mumbai,False
1185,12,2026-01-09 12:39:00,2558.71,DEBIT,Amazon,Hyderabad,False
1186,70,2026-04-21 15:53:00,3834.23,DEBIT,Swiggy,Ludhiana,False
1187,15,2026-02-15 01:53:00,4194.27,DEBIT,Amazon,Hyderabad,False
1188,84,2026-01-02 21:33:00,3965.62,DEBIT,Myntra,Bangalore,False
1189,31,2026-07-14 03:56:00,5452.52,CREDIT,Local Store,Mumbai,False
1190,45,2026-02-20 23:05:00,1805.24,DEBIT,Swiggy,Ludhiana,False
1191,95,2026-05-12 12:48:00,1363.76,CREDIT,Myntra,Delhi,False
1192,19,2026-01-30 20:03:00,4782.12,CREDIT,Walmart,Delhi,False
1193,55,2026-07-11 14:29:00,3289.36,DEBIT,Swiggy,Ludhiana,False
1194,72,2026-04-07 00:11:00,2949.8,DEBIT,Local Store,Chandigarh,False
1195,82,2026-06-01 19:07:00,1112.09,DEBIT,Uber,Mumbai,False
1196,65,2026-02-17 02:35:00,1299.94,DEBIT,Shell,Hyderabad,False
1197,68,2026-07-23 12:50:00,1099.17,DEBIT,Flipkart,Delhi,False
1198,78,2026-05-15 13:29:00,5529.19,DEBIT,Local Store,Bangalore,False
1199,6,2026-04-18 00:50:00,3301.75,DEBIT,Myntra,Delhi,False
1200,19,2026-01-18 17:07:00,1303.45,DEBIT,Apple,Bangalore,False
1201,28,2026-01-25 14:23:00,1322.46,DEBIT,Amazon,Chandigarh,False
1202,62,2026-05-03 23:56:00,3029.13,DEBIT,Swiggy,Chandigarh,False
1203,93,2026-06-13 19:32:00,4641.38,DEBIT,Myntra,Mumbai,False
1204,94,2026-05-30 03:23:00,2162.09,CREDIT,Swiggy,Mumbai,False
1205,51,2026-04-11 23:44:00,2748.92,DEBIT,Walmart,Hyderabad,False
1206,22,2026-04-23 10:45:00,4071.91,DEBIT,Shell,Pune,False
1207,16,2026-01-20 06:01:00,5218.47,DEBIT,Local Store,Ludhiana,False
1208,25,2026-01-07 19:05:00,5109.15,DEBIT,Walmart,Pune,False
1209,69,2026-06-11 17:44:00,1880.01,DEBIT,Walmart,Hyderabad,False
1210,69,2026-01-17 09:04:00,3399.73,DEBIT,Myntra,Hyderabad,False
1211,3,2026-05-20 02:03:00,2077.16,DEBIT,Apple,Delhi,False
1212,15,2026-04-14 21:26:00,5154.47,DEBIT,Uber,Mumbai,False
1213,33,2026-01-22 10:47:00,5338.34,DEBIT,Local Store,Bangalore,False
1214,24,2026-05-22 23:20:00,938.48,DEBIT,Walmart,Bangalore,False
1215,19,2026-02-14 01:01:00,2100.54,CREDIT,Amazon,Mumbai,False
1216,31,2026-06-29 11:43:00,4726.37,DEBIT,Shell,Hyderabad,False
1217,65,2026-05-29 05:05:00,2380.74,DEBIT,Walmart,Chandigarh,False
1218,4,2026-01-07 18:43:00,2470.26,DEBIT,Apple,Ludhiana,False
1219,76,2026-04-21 21:44:00,3563.98,CREDIT,Local Store,Chandigarh,False
1220,58,2026-03-16 01:50:00,1156.59,DEBIT,Uber,Bangalore,False
1221,70,2026-07-22 02:59:00,5240.04,DEBIT,Myntra,Delhi,False
1222,1,2026-04-16 07:30:00,2892.3,CREDIT,Uber,Delhi,False
1223,8,2026-05-19 09:49:00,3124.43,CREDIT,Flipkart,Hyderabad,False
1224,81,2026-04-13 10:08:00,1512.32,CREDIT,Amazon,Mumbai,False
1225,95,2026-02-20 20:16:00,3188.22,DEBIT,Shell,Bangalore,False
1226,56,2026-01-24 21:14:00,37956.16,DEBIT,Apple,Mumbai,True
1227,34,2026-04-28 02:31:00,4651.32,DEBIT,Flipkart,Mumbai,False
1228,59,2026-02-18 16:30:00,3887.78,DEBIT,Amazon,Ludhiana,False
1229,61,2026-06-28 00:44:00,599.26,DEBIT,Swiggy,Ludhiana,False
1230,11,2026-01-29 05:24:00,4080.41,DEBIT,Shell,Delhi,False
1231,86,2026-05-11 07:57:00,3698.63,DEBIT,Swiggy,Mumbai,False
1232,99,2026-02-15 10:12:00,6097.59,CREDIT,Myntra,Bangalore,False
1233,25,2026-05-11 06:41:00,2522.84,DEBIT,Netflix,Delhi,False
1234,79,2026-03-22 12:25:00,3476.52,CREDIT,Netflix,Chandigarh,False
1235,47,2026-01-03 14:21:00,406.19,DEBIT,Netflix,Hyderabad,False
1236,82,2026-07-27 04:53:00,2322.44,CREDIT,Shell,Chandigarh,False
1237,22,2026-07-25 18:16:00,2466.11,DEBIT,Uber,Delhi,False
1238,76,2026-04-05 12:37:00,783.66,DEBIT,Local Store,Hyderabad,False
1239,30,2026-01-09 10:00:00,4346.36,CREDIT,Shell,Ludhiana,False
1240,33,2026-01-01 17:04:00,2855.98,CREDIT,Swiggy,Pune,False
1241,87,2026-05-29 03:20:00,7399.28,DEBIT,Apple,Delhi,False
1242,88,2026-07-08 07:51:00,3368.07,DEBIT,Amazon,Pune,False
1243,29,2026-05-23 16:06:00,902.41,DEBIT,Netflix,Bangalore,False
1244,11,2026-03-24 03:34:00,3785.91,CREDIT,Swiggy,Delhi,False
1245,32,2026-01-11 03:33:00,1326.34,DEBIT,Myntra,Chandigarh,False
1246,4,2026-05-02 17:10:00,3416.98,DEBIT,Apple,Mumbai,False
1247,14,2026-07-09 04:59:00,3833.15,CREDIT,Netflix,Delhi,False
1248,100,2026-02-04 19:59:00,2812.74,DEBIT,Myntra,Ludhiana,False
1249,16,2026-01-24 16:13:00,938.38,DEBIT,Uber,Delhi,False
1250,57,2026-06-07 05:28:00,764.64,DEBIT,Walmart,Delhi,False
1251,87,2026-05-30 16:18:00,1097.25,DEBIT,Netflix,Hyderabad,False
1252,77,2026-06-15 01:58:00,4677.92,DEBIT,Swiggy,Chandigarh,False
1253,55,2026-01-10 10:56:00,3715.98,CREDIT,Myntra,Ludhiana,False
1254,43,2026-01-05 11:22:00,2657.36,DEBIT,Local Store,Pune,False
1255,9,2026-07-05 06:49:00,4094.56,DEBIT,Apple,Bangalore,False
1256,54,2026-03-09 16:37:00,1450.67,DEBIT,Netflix,Mumbai,False
1257,6,2026-05-11 06:00:00,694.16,CREDIT,Apple,Ludhiana,False
1258,70,2026-04-23 09:14:00,4977.85,DEBIT,Local Store,Bangalore,False
1259,38,2026-01-21 20:50:00,2876.31,DEBIT,Netflix,Ludhiana,False
1260,72,2026-03-13 03:29:00,4437.75,DEBIT,Netflix,Pune,False
1261,26,2026-06-20 04:13:00,3219.15,DEBIT,Local Store,Pune,False
1262,43,2026-05-03 05:02:00,5683.85,DEBIT,Local Store,Bangalore,False
1263,54,2026-06-30 13:30:00,2778.23,CREDIT,Netflix,Delhi,False
1264,82,2026-03-19 14:25:00,1973.88,DEBIT,Netflix,Chandigarh,False
1265,95,2026-05-26 17:59:00,4667.01,DEBIT,Uber,Hyderabad,False
1266,1,2026-01-11 22:17:00,1243.9,DEBIT,Shell,Delhi,False
1267,19,2026-01-16 23:38:00,2012.91,CREDIT,Amazon,Mumbai,False
1268,26,2026-04-06 09:22:00,2333.03,DEBIT,Uber,Bangalore,False
1269,71,2026-02-06 20:12:00,1690.07,DEBIT,Amazon,Hyderabad,False
1270,87,2026-02-10 09:39:00,1281.57,DEBIT,Flipkart,Mumbai,False
1271,40,2026-07-11 20:21:00,2132.25,DEBIT,Local Store,Chandigarh,False
1272,92,2026-02-17 14:54:00,934.19,DEBIT,Netflix,Mumbai,False
1273,69,2026-03-31 00:54:00,1677.75,CREDIT,Amazon,Hyderabad,False
1274,79,2026-04-18 02:36:00,3898.15,CREDIT,Uber,Bangalore,False
1275,32,2026-06-28 00:51:00,845.83,CREDIT,Netflix,Pune,False
1276,11,2026-01-24 14:52:00,2067.77,CREDIT,Uber,Ludhiana,False
1277,50,2026-06-19 00:49:00,3171.87,DEBIT,Uber,Bangalore,False
1278,92,2026-06-30 03:33:00,1667.95,DEBIT,Myntra,Bangalore,False
1279,75,2026-03-21 22:14:00,2975.55,DEBIT,Netflix,Chandigarh,False
1280,31,2026-05-18 07:00:00,1922.56,DEBIT,Local Store,Mumbai,False
1281,48,2026-07-08 21:31:00,2236.85,DEBIT,Flipkart,Mumbai,False
1282,75,2026-02-18 19:33:00,41090.2,DEBIT,Flipkart,Ludhiana,True
1283,60,2026-01-09 23:59:00,1963.34,DEBIT,Uber,Chandigarh,False
1284,30,2026-01-31 00:11:00,2063.07,DEBIT,Apple,Hyderabad,False
1285,65,2026-02-05 19:54:00,2044.08,CREDIT,Walmart,Delhi,False
1286,47,2026-03-13 14:19:00,440.65,DEBIT,Flipkart,Bangalore,False
1287,39,2026-02-20 04:41:00,4069.16,DEBIT,Shell,Bangalore,False
1288,2,2026-05-07 04:55:00,2062.52,DEBIT,Swiggy,Chandigarh,False
1289,75,2026-02-24 08:26:00,5330.52,CREDIT,Swiggy,Mumbai,False
1290,30,2026-03-27 02:18:00,3857.11,DEBIT,Shell,Ludhiana,False
1291,71,2026-04-24 23:41:00,3722.44,CREDIT,Netflix,Chandigarh,False
1292,99,2026-06-09 17:15:00,3440.39,DEBIT,Myntra,Hyderabad,False
1293,72,2026-01-04 12:35:00,843.13,DEBIT,Myntra,Hyderabad,False
1294,85,2026-06-02 14:33:00,5912.46,DEBIT,Swiggy,Pune,False
1295,97,2026-01-09 11:04:00,2443.84,DEBIT,Local Store,Hyderabad,False
1296,5,2026-05-01 05:46:00,3229.2,DEBIT,Local Store,Pune,False
1297,78,2026-05-23 05:25:00,3585.31,DEBIT,Walmart,Ludhiana,False
1298,50,2026-07-27 08:29:00,1197.34,DEBIT,Myntra,Pune,False
1299,39,2026-06-27 21:34:00,1150.85,DEBIT,Amazon,Mumbai,False
1300,26,2026-04-14 08:02:00,969.84,CREDIT,Netflix,Mumbai,False
1301,38,2026-03-04 13:26:00,3737.95,DEBIT,Flipkart,Hyderabad,False
1302,53,2026-02-17 00:25:00,2342.71,CREDIT,Shell,Chandigarh,False
1303,62,2026-03-16 21:13:00,2250.93,DEBIT,Apple,Chandigarh,False
1304,91,2026-01-24 01:47:00,35869.45,DEBIT,Flipkart,Hyderabad,True
1305,65,2026-06-12 06:51:00,3120.99,CREDIT,Walmart,Hyderabad,False
1306,52,2026-04-30 17:53:00,3359.7,DEBIT,Local Store,Chandigarh,False
1307,59,2026-06-16 03:16:00,2855.82,DEBIT,Flipkart,Pune,False
1308,92,2026-03-05 18:16:00,4173.57,DEBIT,Swiggy,Mumbai,False
1309,23,2026-03-08 18:57:00,4417.58,CREDIT,Local Store,Delhi,False
1310,51,2026-02-27 12:01:00,2641.49,DEBIT,Apple,Pune,False
1311,69,2026-03-21 02:24:00,2420.31,DEBIT,Myntra,Chandigarh,False
1312,98,2026-01-28 20:45:00,2407.42,CREDIT,Walmart,Ludhiana,False
1313,99,2026-01-17 06:01:00,3499.83,DEBIT,Myntra,Delhi,False
1314,10,2026-06-18 04:10:00,3645.99,DEBIT,Swiggy,Bangalore,False
1315,96,2026-02-19 16:35:00,2351.58,DEBIT,Flipkart,Pune,False
1316,96,2026-01-31 01:19:00,2757.88,DEBIT,Shell,Pune,False
1317,32,2026-02-28 18:02:00,2743.55,DEBIT,Uber,Hyderabad,False
1318,3,2026-02-15 04:51:00,3579.04,DEBIT,Shell,Pune,False
1319,51,2026-06-10 10:31:00,1235.65,DEBIT,Flipkart,Mumbai,False
1320,28,2026-07-13 19:17:00,3592.07,CREDIT,Netflix,Chandigarh,False
1321,90,2026-02-07 10:13:00,570.9,DEBIT,Swiggy,Pune,False
1322,40,2026-01-18 17:14:00,1928.74,DEBIT,Swiggy,Hyderabad,False
1323,26,2026-06-03 12:43:00,4070.32,DEBIT,Amazon,Delhi,False
1324,44,2026-01-24 00:00:00,4740.73,DEBIT,Netflix,Delhi,False
1325,86,2026-04-30 02:36:00,1417.48,DEBIT,Flipkart,Ludhiana,False
1326,81,2026-07-17 05:28:00,1657.04,DEBIT,Swiggy,Chandigarh,False
1327,16,2026-04-26 03:20:00,1814.57,DEBIT,Amazon,Chandigarh,False
1328,28,2026-04-12 09:11:00,2914.3,DEBIT,Local Store,Bangalore,False
1329,6,2026-02-07 01:39:00,836.37,DEBIT,Shell,Hyderabad,False
1330,73,2026-04-29 02:15:00,1535.64,CREDIT,Swiggy,Pune,False
1331,99,2026-04-26 18:26:00,2987.71,CREDIT,Myntra,Delhi,False
1332,43,2026-06-13 10:38:00,758.44,CREDIT,Swiggy,Ludhiana,False
1333,82,2026-01-08 17:21:00,2339.95,DEBIT,Local Store,Hyderabad,False
1334,16,2026-03-30 16:08:00,1873.96,DEBIT,Local Store,Delhi,False
1335,8,2026-01-14 19:14:00,931.07,DEBIT,Netflix,Pune,False
1336,77,2026-04-30 16:08:00,4955.13,DEBIT,Uber,Bangalore,False
1337,41,2026-04-16 00:33:00,3464.07,CREDIT,Amazon,Mumbai,False
1338,94,2026-07-16 08:34:00,1388.3,DEBIT,Amazon,Pune,False
1339,32,2026-07-09 20:41:00,3865.35,CREDIT,Flipkart,Mumbai,False
1340,57,2026-06-29 00:02:00,2776.13,DEBIT,Walmart,Mumbai,False
1341,7,2026-07-19 19:53:00,3711.77,DEBIT,Netflix,Mumbai,False
1342,65,2026-04-24 09:36:00,963.52,DEBIT,Uber,Pune,False
1343,26,2026-06-13 05:03:00,1737.32,DEBIT,Netflix,Bangalore,False
1344,62,2026-05-25 23:54:00,1005.71,CREDIT,Swiggy,Mumbai,False
1345,61,2026-06-25 11:47:00,1473.89,CREDIT,Amazon,Hyderabad,False
1346,49,2026-04-20 07:27:00,2390.46,DEBIT,Local Store,Ludhiana,False
1347,20,2026-04-14 02:51:00,3316.8,DEBIT,Swiggy,Ludhiana,False
1348,78,2026-06-20 20:26:00,3245.72,DEBIT,Netflix,Mumbai,False
1349,25,2026-05-28 07:03:00,654.35,DEBIT,Swiggy,Chandigarh,False
1350,96,2026-01-26 22:27:00,1505.4,DEBIT,Swiggy,Delhi,False
1351,16,2026-04-03 22:28:00,1895.76,DEBIT,Flipkart,Ludhiana,False
1352,91,2026-01-22 00:13:00,2521.14,DEBIT,Swiggy,Chandigarh,False
1353,95,2026-01-11 06:54:00,711.18,DEBIT,Uber,Bangalore,False
1354,78,2026-04-03 14:00:00,2750.19,DEBIT,Netflix,Ludhiana,False
1355,75,2026-05-20 22:28:00,4885.47,CREDIT,Swiggy,Pune,False
1356,76,2026-03-10 17:57:00,4722.21,DEBIT,Swiggy,Mumbai,False
1357,55,2026-05-20 08:51:00,1292.2,DEBIT,Local Store,Bangalore,False
1358,94,2026-02-02 08:35:00,3810.76,CREDIT,Walmart,Pune,False
1359,74,2026-05-25 21:31:00,3685.32,DEBIT,Apple,Delhi,False
1360,22,2026-01-26 10:17:00,4653.91,DEBIT,Swiggy,Ludhiana,False
1361,54,2026-02-18 21:48:00,3389.31,DEBIT,Netflix,Chandigarh,False
1362,24,2026-07-26 11:19:00,2341.81,DEBIT,Netflix,Mumbai,False
1363,26,2026-05-29 20:04:00,897.87,DEBIT,Myntra,Pune,False
1364,80,2026-01-30 01:23:00,1372.79,DEBIT,Apple,Delhi,False
1365,49,2026-06-26 15:41:00,1120.93,DEBIT,Walmart,Delhi,False
1366,8,2026-01-16 05:46:00,1738.28,CREDIT,Walmart,Mumbai,False
1367,67,2026-04-07 18:54:00,3189.09,CREDIT,Myntra,Chandigarh,False
1368,97,2026-05-15 23:58:00,2446.79,DEBIT,Flipkart,Bangalore,False
1369,31,2026-05-10 15:01:00,4147.38,DEBIT,Flipkart,Hyderabad,False
1370,13,2026-05-27 07:03:00,406.01,CREDIT,Uber,Delhi,False
1371,78,2026-04-01 11:45:00,418.27,CREDIT,Flipkart,Chandigarh,False
1372,80,2026-07-07 11:23:00,3166.4,CREDIT,Swiggy,Pune,False
1373,25,2026-05-12 03:31:00,315.78,DEBIT,Amazon,Hyderabad,False
1374,95,2026-06-26 09:56:00,1070.94,DEBIT,Swiggy,Pune,False
1375,79,2026-06-23 08:25:00,2677.46,CREDIT,Walmart,Pune,False
1376,50,2026-02-22 02:57:00,2700.93,DEBIT,Shell,Ludhiana,False
1377,92,2026-07-19 19:01:00,3629.49,DEBIT,Myntra,Mumbai,False
1378,58,2026-07-16 20:25:00,6338.88,DEBIT,Netflix,Mumbai,False
1379,28,2026-01-11 15:20:00,1728.5,DEBIT,Uber,Bangalore,False
1380,50,2026-04-04 19:11:00,3422.45,DEBIT,Myntra,Pune,False
1381,16,2026-05-02 04:03:00,4589.55,DEBIT,Netflix,Ludhiana,False
1382,99,2026-05-05 23:09:00,3887.48,DEBIT,Swiggy,Pune,False
1383,96,2026-06-09 02:14:00,2806.48,DEBIT,Netflix,Mumbai,False
1384,34,2026-02-02 10:54:00,1268.21,DEBIT,Flipkart,Pune,False
1385,76,2026-04-25 02:17:00,4697.64,DEBIT,Swiggy,Ludhiana,False
1386,95,2026-07-15 00:10:00,444.55,DEBIT,Netflix,Hyderabad,False
1387,50,2026-02-15 23:41:00,4413.65,DEBIT,Shell,Pune,False
1388,78,2026-01-04 08:17:00,3840.15,DEBIT,Shell,Hyderabad,False
1389,59,2026-06-15 22:42:00,2084.45,DEBIT,Uber,Ludhiana,False
1390,37,2026-01-13 12:06:00,934.45,DEBIT,Local Store,Bangalore,False
1391,40,2026-06-24 03:17:00,2553.11,CREDIT,Netflix,Chandigarh,False
1392,38,2026-05-02 07:03:00,2989.42,DEBIT,Uber,Hyderabad,False
1393,92,2026-01-20 03:19:00,1375.98,DEBIT,Uber,Hyderabad,False
1394,63,2026-02-27 23:03:00,2063.15,DEBIT,Amazon,Ludhiana,False
1395,51,2026-05-23 09:09:00,1345.77,CREDIT,Walmart,Ludhiana,False
1396,94,2026-03-13 00:44:00,559.52,DEBIT,Shell,Chandigarh,False
1397,13,2026-04-21 17:02:00,1094.16,CREDIT,Myntra,Pune,False
1398,21,2026-06-25 15:38:00,2076.87,DEBIT,Apple,Mumbai,False
1399,27,2026-02-07 02:50:00,1475.48,DEBIT,Uber,Chandigarh,False
1400,55,2026-01-21 12:13:00,2107.47,DEBIT,Walmart,Bangalore,False
1401,61,2026-06-07 22:47:00,2175.52,DEBIT,Uber,Pune,False
1402,93,2026-03-29 16:37:00,2843.69,DEBIT,Swiggy,Chandigarh,False
1403,39,2026-02-02 15:02:00,4850.59,DEBIT,Myntra,Hyderabad,False
1404,84,2026-06-12 01:30:00,1992.12,DEBIT,Flipkart,Delhi,False
1405,16,2026-03-23 21:30:00,1289.05,CREDIT,Amazon,Ludhiana,False
1406,74,2026-02-04 10:13:00,6171.14,DEBIT,Local Store,Mumbai,False
1407,50,2026-02-06 04:55:00,2239.72,DEBIT,Flipkart,Delhi,False
1408,92,2026-03-09 07:35:00,3625.01,CREDIT,Swiggy,Hyderabad,False
1409,90,2026-06-27 21:07:00,417.52,CREDIT,Walmart,Ludhiana,False
1410,75,2026-02-15 04:18:00,2612.55,CREDIT,Netflix,Pune,False
1411,16,2026-04-25 10:21:00,1145.04,DEBIT,Walmart,Delhi,False
1412,17,2026-02-01 23:23:00,2804.28,DEBIT,Shell,Bangalore,False
1413,97,2026-07-18 05:16:00,851.24,DEBIT,Uber,Chandigarh,False
1414,85,2026-07-09 02:57:00,481.69,DEBIT,Apple,Pune,False
1415,69,2026-05-09 04:50:00,1648.87,DEBIT,Local Store,Ludhiana,False
1416,66,2026-01-17 06:54:00,1185.2,DEBIT,Netflix,Delhi,False
1417,25,2026-07-21 00:04:00,1259.91,DEBIT,Netflix,Ludhiana,False
1418,46,2026-06-03 15:37:00,1509.13,DEBIT,Walmart,Ludhiana,False
1419,33,2026-04-03 13:03:00,1525.93,DEBIT,Swiggy,Pune,False
1420,19,2026-04-09 02:03:00,2560.27,DEBIT,Netflix,Pune,False
1421,48,2026-02-25 21:13:00,2492.11,DEBIT,Flipkart,Hyderabad,False
1422,56,2026-04-01 02:40:00,1676.89,CREDIT,Walmart,Bangalore,False
1423,16,2026-02-02 09:28:00,2593.87,DEBIT,Flipkart,Bangalore,False
1424,100,2026-03-24 04:46:00,1325.22,CREDIT,Apple,Delhi,False
1425,13,2026-02-14 23:11:00,2722.78,DEBIT,Uber,Ludhiana,False
1426,94,2026-06-28 06:21:00,4228.72,DEBIT,Walmart,Ludhiana,False
1427,45,2026-01-18 11:06:00,4418.88,DEBIT,Uber,Bangalore,False
1428,97,2026-07-13 13:54:00,1719.14,DEBIT,Shell,Ludhiana,False
1429,52,2026-02-26 14:42:00,2709.44,DEBIT,Uber,Mumbai,False
1430,49,2026-05-15 18:25:00,3129.8,DEBIT,Netflix,Pune,False
1431,78,2026-06-20 15:15:00,1764.21,DEBIT,Shell,Bangalore,False
1432,36,2026-03-25 06:58:00,5124.04,DEBIT,Apple,Pune,False
1433,12,2026-01-29 22:27:00,3905.02,DEBIT,Walmart,Pune,False
1434,31,2026-01-21 21:40:00,5322.09,DEBIT,Walmart,Pune,False
1435,37,2026-06-04 08:49:00,1470.85,CREDIT,Shell,Pune,False
1436,18,2026-07-13 20:15:00,2719.24,DEBIT,Walmart,Chandigarh,False
1437,2,2026-07-14 13:00:00,4421.05,DEBIT,Flipkart,Mumbai,False
1438,95,2026-07-12 06:42:00,2711.43,CREDIT,Local Store,Delhi,False
1439,78,2026-03-23 22:40:00,3230.64,CREDIT,Uber,Delhi,False
1440,47,2026-01-19 12:49:00,6428.42,DEBIT,Swiggy,Chandigarh,False
1441,49,2026-07-16 06:53:00,1549.71,DEBIT,Walmart,Bangalore,False
1442,39,2026-01-01 19:31:00,2559.27,DEBIT,Local Store,Chandigarh,False
1443,28,2026-01-13 21:35:00,7308.82,DEBIT,Myntra,Ludhiana,False
1444,63,2026-06-17 14:38:00,552.07,DEBIT,Flipkart,Bangalore,False
1445,46,2026-01-04 05:27:00,751.7,DEBIT,Walmart,Chandigarh,False
1446,63,2026-02-25 23:08:00,1839.29,DEBIT,Swiggy,Delhi,False
1447,63,2026-05-17 06:45:00,543.38,DEBIT,Apple,Bangalore,False
1448,55,2026-04-09 02:46:00,3664.83,DEBIT,Walmart,Chandigarh,False
1449,85,2026-05-11 19:03:00,4802.71,DEBIT,Netflix,Delhi,False
1450,25,2026-06-03 07:14:00,2136.08,DEBIT,Flipkart,Delhi,False
1451,21,2026-02-13 06:01:00,5598.56,CREDIT,Swiggy,Chandigarh,False
1452,71,2026-02-16 09:32:00,2178.79,DEBIT,Flipkart,Hyderabad,False
1453,98,2026-05-22 13:48:00,2706.72,DEBIT,Uber,Delhi,False
1454,14,2026-05-06 06:58:00,5029.94,DEBIT,Shell,Delhi,False
1455,99,2026-01-03 22:09:00,5175.12,DEBIT,Swiggy,Chandigarh,False
1456,38,2026-06-06 04:14:00,2037.48,DEBIT,Netflix,Ludhiana,False
1457,20,2026-04-06 22:45:00,4078.43,DEBIT,Netflix,Pune,False
1458,55,2026-02-07 12:35:00,1653.81,DEBIT,Shell,Ludhiana,False
1459,24,2026-02-13 20:36:00,1639.76,DEBIT,Uber,Chandigarh,False
1460,5,2026-02-23 05:35:00,1250.22,DEBIT,Swiggy,Delhi,False
1461,79,2026-03-26 06:14:00,1623.54,DEBIT,Netflix,Bangalore,False
1462,55,2026-01-19 19:22:00,2167.26,DEBIT,Apple,Delhi,False
1463,35,2026-01-18 07:33:00,2924.78,DEBIT,Uber,Delhi,False
1464,1,2026-01-14 00:50:00,63156.24,DEBIT,Amazon,Ludhiana,True
1465,36,2026-05-13 09:01:00,5179.38,CREDIT,Flipkart,Bangalore,False
1466,15,2026-07-20 21:25:00,1024.5,DEBIT,Uber,Bangalore,False
1467,47,2026-05-16 07:01:00,2762.88,DEBIT,Netflix,Pune,False
1468,36,2026-02-08 17:26:00,1925.21,DEBIT,Uber,Pune,False
1469,96,2026-03-11 08:02:00,5246.16,CREDIT,Netflix,Pune,False
1470,58,2026-07-19 00:04:00,5446.19,DEBIT,Local Store,Bangalore,False
1471,39,2026-01-16 22:49:00,4394.9,DEBIT,Uber,Mumbai,False
1472,54,2026-07-24 00:22:00,2944.72,DEBIT,Flipkart,Bangalore,False
1473,58,2026-07-10 16:42:00,3994.65,DEBIT,Shell,Hyderabad,False
1474,3,2026-02-16 22:38:00,1476.45,DEBIT,Apple,Delhi,False
1475,73,2026-06-30 05:36:00,897.31,CREDIT,Shell,Hyderabad,False
1476,66,2026-07-05 10:08:00,4735.78,DEBIT,Swiggy,Ludhiana,False
1477,100,2026-07-28 05:19:00,1955.95,DEBIT,Netflix,Ludhiana,False
1478,90,2026-07-06 16:52:00,482.54,CREDIT,Myntra,Ludhiana,False
1479,91,2026-04-08 18:19:00,3641.05,DEBIT,Shell,Delhi,False
1480,22,2026-04-17 06:09:00,2243.96,DEBIT,Amazon,Pune,False
1481,19,2026-01-19 18:11:00,4629.39,CREDIT,Netflix,Hyderabad,False
1482,27,2026-05-07 12:10:00,3287.84,DEBIT,Local Store,Bangalore,False
1483,42,2026-05-29 16:09:00,798.36,DEBIT,Local Store,Bangalore,False
1484,42,2026-01-04 18:56:00,3437.11,DEBIT,Flipkart,Mumbai,False
1485,94,2026-02-08 18:06:00,6279.22,DEBIT,Swiggy,Pune,False
1486,33,2026-07-20 13:38:00,7054.34,DEBIT,Netflix,Hyderabad,False
1487,57,2026-05-24 23:36:00,1434.83,CREDIT,Uber,Chandigarh,False
1488,30,2026-02-24 00:09:00,5024.42,DEBIT,Myntra,Delhi,False
1489,64,2026-06-28 14:12:00,1577.08,DEBIT,Uber,Pune,False
1490,37,2026-03-06 17:03:00,866.48,DEBIT,Swiggy,Pune,False
1491,78,2026-05-27 13:08:00,1565.25,DEBIT,Walmart,Pune,False
1492,68,2026-01-05 07:00:00,1348.93,CREDIT,Local Store,Delhi,False
1493,49,2026-01-16 22:12:00,2298.84,CREDIT,Uber,Mumbai,False
1494,99,2026-01-05 21:56:00,899.25,DEBIT,Amazon,Hyderabad,False
1495,14,2026-02-20 16:36:00,3539.01,DEBIT,Myntra,Hyderabad,False
1496,73,2026-04-22 21:58:00,2506.24,CREDIT,Flipkart,Chandigarh,False
1497,20,2026-01-08 17:19:00,1293.83,DEBIT,Amazon,Delhi,False
1498,70,2026-06-01 04:48:00,1737.55,DEBIT,Uber,Delhi,False
1499,29,2026-03-24 05:48:00,531.01,DEBIT,Swiggy,Pune,False
1500,92,2026-03-03 17:37:00,4464.76,DEBIT,Walmart,Mumbai,False
1501,14,2026-05-29 13:32:00,61543.23,DEBIT,Netflix,Bangalore,True
1502,78,2026-05-02 21:54:00,1295.14,DEBIT,Local Store,Mumbai,False
1503,87,2026-04-15 11:53:00,3133.74,DEBIT,Flipkart,Delhi,False
1504,35,2026-04-07 15:06:00,3526.74,DEBIT,Walmart,Hyderabad,False
1505,1,2026-02-23 19:19:00,6257.89,DEBIT,Swiggy,Chandigarh,False
1506,93,2026-01-25 12:11:00,3842.26,CREDIT,Walmart,Ludhiana,False
1507,55,2026-03-08 05:13:00,4724.79,CREDIT,Swiggy,Bangalore,False
1508,41,2026-05-31 17:06:00,3015.72,DEBIT,Local Store,Hyderabad,False
1509,82,2026-06-02 10:18:00,2235.05,DEBIT,Shell,Chandigarh,False
1510,69,2026-03-25 18:46:00,1901.26,DEBIT,Swiggy,Delhi,False
1511,75,2026-03-21 20:34:00,2131.24,CREDIT,Walmart,Mumbai,False
1512,47,2026-01-07 05:53:00,475.49,CREDIT,Flipkart,Ludhiana,False
1513,61,2026-02-20 17:39:00,5179.71,DEBIT,Apple,Chandigarh,False
1514,19,2026-06-03 07:25:00,4080.72,DEBIT,Netflix,Mumbai,False
1515,29,2026-05-18 10:18:00,1062.77,DEBIT,Amazon,Pune,False
1516,55,2026-01-27 20:36:00,3230.74,DEBIT,Myntra,Hyderabad,False
1517,77,2026-01-29 01:24:00,5451.13,DEBIT,Amazon,Ludhiana,False
1518,54,2026-02-21 00:19:00,1226.47,DEBIT,Shell,Pune,False
1519,39,2026-01-05 19:25:00,2494.26,DEBIT,Apple,Delhi,False
1520,20,2026-07-06 20:36:00,51740.36,DEBIT,Swiggy,Chandigarh,True
1521,2,2026-04-04 22:54:00,1051.28,DEBIT,Local Store,Ludhiana,False
1522,40,2026-02-27 02:08:00,4729.17,DEBIT,Apple,Delhi,False
1523,67,2026-01-21 09:18:00,3062.94,DEBIT,Netflix,Chandigarh,False
1524,24,2026-01-29 02:39:00,3677.26,CREDIT,Myntra,Chandigarh,False
1525,41,2026-05-16 06:01:00,2741.39,DEBIT,Swiggy,Mumbai,False
1526,35,2026-05-03 03:23:00,1123.51,DEBIT,Amazon,Mumbai,False
1527,37,2026-04-23 13:07:00,1399.23,DEBIT,Netflix,Ludhiana,False
1528,26,2026-04-09 00:01:00,3733.62,DEBIT,Walmart,Ludhiana,False
1529,73,2026-02-03 22:29:00,903.02,DEBIT,Apple,Delhi,False
1530,46,2026-07-02 02:57:00,3787.94,CREDIT,Netflix,Bangalore,False
1531,97,2026-05-01 15:06:00,2074.43,DEBIT,Swiggy,Pune,False
1532,65,2026-02-24 16:21:00,1053.42,CREDIT,Amazon,Ludhiana,False
1533,49,2026-06-18 14:41:00,2770.35,DEBIT,Walmart,Pune,False
1534,12,2026-03-20 12:21:00,4545.07,DEBIT,Uber,Hyderabad,False
1535,92,2026-07-10 12:33:00,1584.15,DEBIT,Flipkart,Chandigarh,False
1536,17,2026-06-06 21:16:00,1887.47,DEBIT,Amazon,Pune,False
1537,100,2026-02-25 11:42:00,3781.14,DEBIT,Local Store,Pune,False
1538,64,2026-04-23 16:49:00,1736.26,DEBIT,Shell,Hyderabad,False
1539,12,2026-01-25 19:36:00,2343.31,DEBIT,Apple,Ludhiana,False
1540,47,2026-06-17 18:01:00,2179.44,DEBIT,Apple,Chandigarh,False
1541,33,2026-07-27 01:40:00,1846.83,CREDIT,Myntra,Delhi,False
1542,47,2026-02-16 23:04:00,5248.3,DEBIT,Myntra,Bangalore,False
1543,66,2026-07-04 04:59:00,5295.24,DEBIT,Myntra,Bangalore,False
1544,88,2026-01-21 18:35:00,642.37,CREDIT,Netflix,Pune,False
1545,72,2026-05-26 08:57:00,602.7,DEBIT,Walmart,Mumbai,False
1546,50,2026-05-08 01:03:00,3701.05,DEBIT,Myntra,Chandigarh,False
1547,83,2026-02-09 10:45:00,3053.42,DEBIT,Swiggy,Hyderabad,False
1548,56,2026-04-26 12:28:00,1244.88,DEBIT,Flipkart,Ludhiana,False
1549,63,2026-07-18 10:59:00,1447.04,DEBIT,Uber,Chandigarh,False
1550,19,2026-01-12 09:42:00,2965.09,DEBIT,Local Store,Hyderabad,False
1551,49,2026-03-19 16:53:00,904.71,CREDIT,Amazon,Mumbai,False
1552,3,2026-04-09 05:58:00,2815.34,DEBIT,Apple,Pune,False
1553,23,2026-06-14 08:34:00,1078.59,DEBIT,Swiggy,Ludhiana,False
1554,28,2026-01-20 13:36:00,3890.76,DEBIT,Walmart,Chandigarh,False
1555,44,2026-06-25 08:30:00,4601.51,CREDIT,Myntra,Ludhiana,False
1556,89,2026-06-09 00:40:00,4668.46,CREDIT,Flipkart,Pune,False
1557,74,2026-01-29 07:54:00,3233.09,DEBIT,Local Store,Ludhiana,False
1558,19,2026-04-26 05:45:00,2010.13,CREDIT,Amazon,Mumbai,False
1559,59,2026-05-28 23:03:00,3676.84,CREDIT,Apple,Ludhiana,False
1560,93,2026-02-15 18:32:00,516.94,DEBIT,Myntra,Pune,False
1561,75,2026-07-18 19:46:00,1066.28,DEBIT,Uber,Ludhiana,False
1562,49,2026-03-11 14:22:00,2476.33,DEBIT,Local Store,Delhi,False
1563,48,2026-02-15 10:02:00,6367.42,DEBIT,Myntra,Pune,False
1564,59,2026-07-17 12:08:00,2491.08,DEBIT,Swiggy,Ludhiana,False
1565,98,2026-07-21 06:02:00,2509.8,DEBIT,Local Store,Mumbai,False
1566,70,2026-06-09 06:52:00,2157.02,DEBIT,Apple,Pune,False
1567,80,2026-02-07 19:07:00,5168.46,DEBIT,Walmart,Pune,False
1568,3,2026-06-30 17:39:00,3064.62,DEBIT,Local Store,Ludhiana,False
1569,13,2026-06-03 03:36:00,1834.39,DEBIT,Netflix,Mumbai,False
1570,100,2026-03-13 04:49:00,2521.5,DEBIT,Myntra,Delhi,False
1571,45,2026-05-25 02:37:00,5928.47,CREDIT,Amazon,Bangalore,False
1572,29,2026-04-07 07:13:00,2414.59,DEBIT,Apple,Hyderabad,False
1573,54,2026-01-10 13:20:00,5461.59,DEBIT,Uber,Hyderabad,False
1574,48,2026-04-26 14:06:00,4344.71,DEBIT,Flipkart,Mumbai,False
1575,74,2026-05-24 04:51:00,5139.42,DEBIT,Amazon,Hyderabad,False
1576,74,2026-05-23 03:28:00,4066.38,CREDIT,Uber,Chandigarh,False
1577,41,2026-07-03 14:15:00,2528.68,CREDIT,Walmart,Pune,False
1578,74,2026-04-05 17:55:00,4206.09,CREDIT,Shell,Mumbai,False
1579,42,2026-02-25 17:21:00,1733.49,DEBIT,Amazon,Ludhiana,False
1580,91,2026-07-28 04:24:00,3383.48,CREDIT,Swiggy,Delhi,False
1581,96,2026-03-09 22:08:00,5145.56,CREDIT,Netflix,Pune,False
1582,29,2026-03-31 07:03:00,1768.41,DEBIT,Swiggy,Hyderabad,False
1583,34,2026-02-07 15:41:00,3150.13,DEBIT,Walmart,Chandigarh,False
1584,77,2026-04-06 09:20:00,1659.46,DEBIT,Uber,Delhi,False
1585,10,2026-06-28 18:44:00,1886.65,DEBIT,Amazon,Chandigarh,False
1586,10,2026-03-18 13:35:00,3671.04,DEBIT,Swiggy,Chandigarh,False
1587,41,2026-03-07 01:18:00,2877.88,DEBIT,Local Store,Pune,False
1588,78,2026-05-05 19:31:00,4542.29,DEBIT,Flipkart,Chandigarh,False
1589,79,2026-02-14 06:30:00,4171.15,DEBIT,Netflix,Ludhiana,False
1590,4,2026-02-25 11:13:00,2939.65,DEBIT,Netflix,Hyderabad,False
1591,47,2026-02-16 02:04:00,1063.21,DEBIT,Apple,Bangalore,False
1592,62,2026-07-20 19:03:00,1700.93,DEBIT,Apple,Chandigarh,False
1593,96,2026-04-02 01:20:00,1836.14,CREDIT,Uber,Mumbai,False
1594,88,2026-05-24 00:33:00,5325.56,DEBIT,Walmart,Ludhiana,False
1595,99,2026-06-07 19:43:00,3413.86,DEBIT,Myntra,Chandigarh,False
1596,77,2026-02-09 03:51:00,4427.41,CREDIT,Local Store,Chandigarh,False
1597,55,2026-06-13 14:56:00,948.66,CREDIT,Uber,Delhi,False
1598,66,2026-07-13 03:33:00,2337.3,DEBIT,Flipkart,Chandigarh,False
1599,4,2026-03-31 07:37:00,1113.45,DEBIT,Walmart,Mumbai,False
1600,85,2026-04-25 11:43:00,1636.29,DEBIT,Walmart,Delhi,False
1601,41,2026-04-28 01:50:00,3468.16,DEBIT,Netflix,Ludhiana,False
1602,9,2026-07-11 23:17:00,1856.01,DEBIT,Netflix,Delhi,False
1603,72,2026-01-28 05:49:00,1044.37,CREDIT,Local Store,Pune,False
1604,54,2026-04-27 13:15:00,2409.27,DEBIT,Netflix,Mumbai,False
1605,7,2026-02-15 04:20:00,983.44,DEBIT,Myntra,Mumbai,False
1606,77,2026-01-08 17:50:00,1983.65,DEBIT,Apple,Delhi,False
1607,83,2026-02-17 17:12:00,3938.55,DEBIT,Swiggy,Delhi,False
1608,69,2026-01-06 22:11:00,4579.95,DEBIT,Walmart,Chandigarh,False
1609,13,2026-05-06 21:51:00,3462.99,DEBIT,Swiggy,Delhi,False
1610,72,2026-01-18 03:19:00,4414.66,DEBIT,Swiggy,Bangalore,False
1611,90,2026-05-17 03:14:00,3165.75,CREDIT,Local Store,Delhi,False
1612,4,2026-02-20 12:16:00,1530.65,CREDIT,Walmart,Bangalore,False
1613,89,2026-05-15 07:19:00,3818.89,DEBIT,Shell,Delhi,False
1614,89,2026-01-16 16:24:00,4873.69,DEBIT,Walmart,Delhi,False
1615,39,2026-04-09 06:31:00,699.79,CREDIT,Uber,Mumbai,False
1616,75,2026-02-23 21:15:00,3351.4,DEBIT,Local Store,Hyderabad,False
1617,53,2026-06-24 00:11:00,2863.75,DEBIT,Myntra,Bangalore,False
1618,42,2026-02-03 10:09:00,2925.18,DEBIT,Apple,Hyderabad,False
1619,38,2026-03-16 23:06:00,2641.1,DEBIT,Walmart,Delhi,False
1620,64,2026-03-20 16:37:00,1063.44,DEBIT,Myntra,Hyderabad,False
1621,50,2026-07-12 02:37:00,1527.9,DEBIT,Shell,Hyderabad,False
1622,41,2026-06-15 07:18:00,4331.81,DEBIT,Uber,Hyderabad,False
1623,65,2026-06-14 17:24:00,1347.51,DEBIT,Local Store,Ludhiana,False
1624,26,2026-04-12 03:47:00,5639.99,DEBIT,Swiggy,Mumbai,False
1625,88,2026-02-09 00:29:00,2347.35,DEBIT,Walmart,Mumbai,False
1626,3,2026-01-11 09:47:00,3330.37,DEBIT,Myntra,Pune,False
1627,68,2026-06-07 02:16:00,2395.1,DEBIT,Netflix,Mumbai,False
1628,51,2026-01-20 08:29:00,4330.59,DEBIT,Myntra,Bangalore,False
1629,48,2026-04-18 01:03:00,713.3,DEBIT,Netflix,Chandigarh,False
1630,23,2026-06-29 17:17:00,2138.29,DEBIT,Shell,Chandigarh,False
1631,14,2026-01-20 08:19:00,2199.71,DEBIT,Amazon,Ludhiana,False
1632,35,2026-04-11 07:00:00,783.32,DEBIT,Netflix,Ludhiana,False
1633,90,2026-04-08 16:09:00,3386.64,DEBIT,Myntra,Mumbai,False
1634,22,2026-04-15 20:31:00,4328.69,DEBIT,Local Store,Bangalore,False
1635,94,2026-04-22 03:57:00,625.28,DEBIT,Netflix,Mumbai,False
1636,41,2026-05-01 22:25:00,5353.53,DEBIT,Myntra,Mumbai,False
1637,2,2026-01-29 00:38:00,3335.85,CREDIT,Uber,Pune,False
1638,98,2026-06-22 12:23:00,4436.28,DEBIT,Local Store,Delhi,False
1639,63,2026-04-16 19:48:00,4097.76,DEBIT,Netflix,Ludhiana,False
1640,65,2026-02-04 04:35:00,1269.21,DEBIT,Walmart,Bangalore,False
1641,95,2026-06-27 03:02:00,1544.15,DEBIT,Apple,Bangalore,False
1642,59,2026-05-02 12:15:00,568.67,DEBIT,Shell,Hyderabad,False
1643,85,2026-07-09 01:47:00,5553.76,DEBIT,Amazon,Mumbai,False
1644,53,2026-02-21 13:36:00,3508.46,DEBIT,Flipkart,Chandigarh,False
1645,4,2026-02-02 12:05:00,1538.9,DEBIT,Netflix,Chandigarh,False
1646,82,2026-07-18 09:33:00,323.44,DEBIT,Myntra,Ludhiana,False
1647,23,2026-06-01 22:22:00,1311.91,DEBIT,Apple,Bangalore,False
1648,25,2026-05-05 23:34:00,361.64,DEBIT,Local Store,Delhi,False
1649,56,2026-02-10 02:51:00,2426.76,DEBIT,Amazon,Chandigarh,False
1650,88,2026-07-10 11:40:00,952.53,DEBIT,Apple,Ludhiana,False
1651,72,2026-01-06 16:14:00,3251.52,CREDIT,Myntra,Delhi,False
1652,28,2026-01-20 08:48:00,2118.66,DEBIT,Myntra,Bangalore,False
1653,1,2026-05-08 12:15:00,2424.79,DEBIT,Apple,Hyderabad,False
1654,65,2026-02-26 10:44:00,3467.51,CREDIT,Walmart,Pune,False
1655,35,2026-04-16 21:04:00,1109.63,CREDIT,Netflix,Delhi,False
1656,61,2026-05-21 15:01:00,3455.92,DEBIT,Swiggy,Chandigarh,False
1657,13,2026-06-08 16:13:00,5854.24,DEBIT,Flipkart,Hyderabad,False
1658,75,2026-04-02 00:42:00,943.81,CREDIT,Uber,Chandigarh,False
1659,71,2026-06-17 21:37:00,1298.41,CREDIT,Shell,Mumbai,False
1660,49,2026-02-04 23:13:00,4815.37,CREDIT,Uber,Ludhiana,False
1661,57,2026-05-09 22:59:00,2246.73,DEBIT,Swiggy,Chandigarh,False
1662,54,2026-07-23 11:49:00,4782.54,DEBIT,Amazon,Hyderabad,False
1663,54,2026-07-06 11:43:00,1208.3,CREDIT,Flipkart,Mumbai,False
1664,80,2026-04-17 19:16:00,4184.34,DEBIT,Amazon,Hyderabad,False
1665,51,2026-07-08 14:25:00,923.62,CREDIT,Myntra,Hyderabad,False
1666,7,2026-02-08 23:24:00,665.75,DEBIT,Flipkart,Ludhiana,False
1667,13,2026-02-14 05:10:00,2724.92,CREDIT,Local Store,Pune,False
1668,66,2026-03-16 15:52:00,3241.36,DEBIT,Shell,Mumbai,False
1669,72,2026-02-26 08:26:00,3150.74,DEBIT,Apple,Pune,False
1670,40,2026-06-26 13:36:00,3755.74,CREDIT,Local Store,Pune,False
1671,26,2026-02-05 06:24:00,1361.88,DEBIT,Netflix,Mumbai,False
1672,14,2026-06-11 14:07:00,2632.04,CREDIT,Swiggy,Delhi,False
1673,16,2026-07-19 01:18:00,1556.27,DEBIT,Apple,Hyderabad,False
1674,79,2026-02-14 20:30:00,3624.0,CREDIT,Swiggy,Mumbai,False
1675,82,2026-07-06 05:41:00,752.74,DEBIT,Shell,Mumbai,False
1676,61,2026-02-06 09:59:00,3516.73,DEBIT,Local Store,Chandigarh,False
1677,48,2026-06-01 18:53:00,2454.04,DEBIT,Swiggy,Mumbai,False
1678,4,2026-05-22 18:53:00,2209.04,DEBIT,Amazon,Ludhiana,False
1679,39,2026-05-10 03:39:00,513.4,DEBIT,Uber,Chandigarh,False
1680,93,2026-02-27 15:22:00,1802.71,DEBIT,Flipkart,Ludhiana,False
1681,65,2026-03-05 12:46:00,1810.13,DEBIT,Uber,Bangalore,False
1682,84,2026-02-20 23:40:00,3081.3,DEBIT,Apple,Hyderabad,False
1683,98,2026-06-26 03:01:00,3751.53,CREDIT,Swiggy,Chandigarh,False
1684,78,2026-07-04 14:03:00,3314.76,DEBIT,Shell,Bangalore,False
1685,17,2026-05-28 00:13:00,2622.3,DEBIT,Walmart,Delhi,False
1686,4,2026-02-05 03:34:00,3577.35,DEBIT,Walmart,Chandigarh,False
1687,87,2026-03-28 03:35:00,2759.9,CREDIT,Walmart,Mumbai,False
1688,94,2026-06-02 22:30:00,1336.61,CREDIT,Walmart,Delhi,False
1689,79,2026-05-17 06:52:00,2285.84,DEBIT,Local Store,Pune,False
1690,4,2026-06-13 15:52:00,5107.43,DEBIT,Swiggy,Mumbai,False
1691,82,2026-04-15 03:53:00,3264.59,DEBIT,Netflix,Mumbai,False
1692,95,2026-03-12 00:18:00,1452.29,CREDIT,Walmart,Ludhiana,False
1693,4,2026-01-02 21:45:00,3056.22,CREDIT,Flipkart,Hyderabad,False
1694,53,2026-05-05 01:10:00,2607.56,CREDIT,Uber,Pune,False
1695,94,2026-03-17 12:56:00,4609.37,DEBIT,Local Store,Hyderabad,False
1696,61,2026-07-23 09:58:00,1917.87,DEBIT,Uber,Hyderabad,False
1697,9,2026-02-16 07:25:00,1587.1,DEBIT,Shell,Bangalore,False
1698,13,2026-07-16 19:17:00,658.74,DEBIT,Flipkart,Delhi,False
1699,29,2026-05-11 07:25:00,3707.62,DEBIT,Walmart,Hyderabad,False
1700,21,2026-03-29 21:22:00,7063.93,DEBIT,Shell,Ludhiana,False
1701,65,2026-06-21 11:28:00,1465.33,CREDIT,Apple,Pune,False
1702,4,2026-03-15 00:05:00,507.74,DEBIT,Flipkart,Hyderabad,False
1703,8,2026-01-23 16:38:00,688.35,CREDIT,Netflix,Chandigarh,False
1704,10,2026-01-13 20:59:00,3636.19,DEBIT,Flipkart,Delhi,False
1705,54,2026-02-17 03:16:00,2942.85,DEBIT,Apple,Pune,False
1706,6,2026-03-24 00:13:00,903.86,DEBIT,Flipkart,Chandigarh,False
1707,62,2026-01-21 03:42:00,2595.4,DEBIT,Amazon,Hyderabad,False
1708,26,2026-01-07 14:06:00,1336.24,CREDIT,Shell,Chandigarh,False
1709,7,2026-07-20 01:59:00,2034.18,DEBIT,Uber,Delhi,False
1710,57,2026-05-14 21:05:00,1123.92,DEBIT,Flipkart,Mumbai,False
1711,44,2026-03-24 16:39:00,2882.72,DEBIT,Swiggy,Pune,False
1712,97,2026-07-26 19:41:00,4788.34,CREDIT,Amazon,Hyderabad,False
1713,2,2026-06-09 16:09:00,4429.84,DEBIT,Uber,Bangalore,False
1714,6,2026-03-30 22:14:00,2077.29,DEBIT,Apple,Mumbai,False
1715,78,2026-07-17 22:27:00,1830.96,DEBIT,Netflix,Chandigarh,False
1716,91,2026-03-22 04:53:00,2644.58,DEBIT,Myntra,Pune,False
1717,39,2026-07-11 19:38:00,4922.34,DEBIT,Apple,Bangalore,False
1718,90,2026-05-07 04:56:00,2336.44,DEBIT,Swiggy,Pune,False
1719,80,2026-07-09 16:31:00,3993.28,CREDIT,Netflix,Bangalore,False
1720,95,2026-02-21 16:28:00,3767.81,DEBIT,Amazon,Mumbai,False
1721,90,2026-01-13 06:57:00,2617.87,DEBIT,Apple,Bangalore,False
1722,76,2026-01-31 18:18:00,856.16,CREDIT,Amazon,Bangalore,False
1723,79,2026-03-23 17:15:00,2770.82,DEBIT,Netflix,Chandigarh,False
1724,24,2026-04-22 02:25:00,3570.31,DEBIT,Amazon,Ludhiana,False
1725,98,2026-04-06 14:02:00,2762.99,CREDIT,Local Store,Mumbai,False
1726,97,2026-06-08 01:00:00,657.75,DEBIT,Swiggy,Hyderabad,False
1727,94,2026-04-15 15:30:00,4710.57,DEBIT,Shell,Chandigarh,False
1728,55,2026-07-08 22:19:00,1680.81,DEBIT,Apple,Mumbai,False
1729,49,2026-04-13 04:47:00,3082.54,CREDIT,Apple,Delhi,False
1730,32,2026-07-27 22:11:00,3937.05,DEBIT,Swiggy,Delhi,False
1731,79,2026-01-05 11:49:00,1695.52,DEBIT,Walmart,Bangalore,False
1732,73,2026-03-07 02:14:00,4128.39,CREDIT,Myntra,Chandigarh,False
1733,3,2026-07-22 15:43:00,904.02,DEBIT,Netflix,Chandigarh,False
1734,8,2026-07-20 18:37:00,3530.8,DEBIT,Flipkart,Delhi,False
1735,57,2026-02-16 07:41:00,1335.49,CREDIT,Netflix,Pune,False
1736,23,2026-01-19 01:14:00,928.88,DEBIT,Netflix,Delhi,False
1737,84,2026-01-16 06:36:00,539.49,DEBIT,Shell,Pune,False
1738,30,2026-04-05 07:39:00,421.84,DEBIT,Apple,Delhi,False
1739,87,2026-03-27 10:48:00,5086.48,DEBIT,Flipkart,Delhi,False
1740,10,2026-01-29 04:46:00,2077.88,DEBIT,Netflix,Mumbai,False
1741,42,2026-06-05 06:35:00,3619.47,DEBIT,Apple,Mumbai,False
1742,4,2026-05-02 23:09:00,1315.27,CREDIT,Swiggy,Pune,False
1743,48,2026-01-17 05:48:00,3518.34,DEBIT,Apple,Mumbai,False
1744,76,2026-04-24 23:57:00,579.38,DEBIT,Shell,Pune,False
1745,100,2026-05-18 22:21:00,4155.68,CREDIT,Local Store,Delhi,False
1746,85,2026-01-29 13:27:00,2312.81,DEBIT,Walmart,Mumbai,False
1747,73,2026-02-14 03:25:00,1987.71,DEBIT,Shell,Hyderabad,False
1748,7,2026-07-09 10:45:00,2772.74,DEBIT,Myntra,Bangalore,False
1749,35,2026-05-12 18:53:00,703.05,DEBIT,Netflix,Chandigarh,False
1750,41,2026-03-29 18:17:00,2898.43,DEBIT,Myntra,Pune,False
1751,53,2026-06-26 06:36:00,1750.86,CREDIT,Local Store,Mumbai,False
1752,58,2026-02-15 14:43:00,4999.03,DEBIT,Shell,Mumbai,False
1753,100,2026-04-15 10:50:00,3811.5,DEBIT,Flipkart,Bangalore,False
1754,16,2026-02-24 00:43:00,581.7,DEBIT,Local Store,Chandigarh,False
1755,81,2026-03-02 17:16:00,4691.77,DEBIT,Walmart,Chandigarh,False
1756,34,2026-06-21 01:42:00,4533.21,DEBIT,Walmart,Mumbai,False
1757,5,2026-07-07 11:14:00,4887.64,DEBIT,Shell,Chandigarh,False
1758,55,2026-07-22 18:37:00,2142.07,DEBIT,Netflix,Pune,False
1759,38,2026-02-09 05:43:00,1478.21,DEBIT,Amazon,Delhi,False
1760,95,2026-05-29 20:48:00,3151.96,CREDIT,Myntra,Pune,False
1761,56,2026-07-05 10:58:00,1562.1,DEBIT,Walmart,Mumbai,False
1762,1,2026-06-15 02:58:00,3232.1,DEBIT,Swiggy,Bangalore,False
1763,57,2026-03-26 13:32:00,1250.24,CREDIT,Apple,Chandigarh,False
1764,44,2026-07-11 05:12:00,574.31,DEBIT,Local Store,Ludhiana,False
1765,55,2026-01-16 06:25:00,1223.7,CREDIT,Netflix,Chandigarh,False
1766,67,2026-04-25 10:59:00,2242.86,CREDIT,Walmart,Bangalore,False
1767,37,2026-03-03 15:32:00,1160.49,DEBIT,Apple,Bangalore,False
1768,78,2026-04-12 10:41:00,4982.22,CREDIT,Uber,Delhi,False
1769,27,2026-01-15 11:17:00,2531.59,DEBIT,Shell,Ludhiana,False
1770,25,2026-01-10 09:14:00,525.59,CREDIT,Flipkart,Mumbai,False
1771,37,2026-06-15 05:47:00,3004.62,DEBIT,Apple,Delhi,False
1772,92,2026-06-11 19:16:00,3033.08,CREDIT,Swiggy,Chandigarh,False
1773,34,2026-05-09 18:51:00,1008.33,DEBIT,Walmart,Pune,False
1774,29,2026-07-04 14:45:00,4350.5,DEBIT,Flipkart,Bangalore,False
1775,59,2026-04-25 14:51:00,1896.82,DEBIT,Amazon,Chandigarh,False
1776,13,2026-04-26 14:35:00,4531.7,CREDIT,Netflix,Hyderabad,False
1777,72,2026-01-03 21:38:00,3643.23,DEBIT,Netflix,Mumbai,False
1778,76,2026-03-13 05:51:00,2090.21,CREDIT,Apple,Chandigarh,False
1779,20,2026-02-02 07:10:00,2982.58,DEBIT,Shell,Hyderabad,False
1780,93,2026-01-25 11:44:00,4919.57,DEBIT,Myntra,Ludhiana,False
1781,79,2026-05-19 11:01:00,1601.81,DEBIT,Local Store,Mumbai,False
1782,82,2026-03-07 13:25:00,2553.54,DEBIT,Apple,Hyderabad,False
1783,30,2026-05-11 00:37:00,3802.94,DEBIT,Shell,Chandigarh,False
1784,38,2026-04-15 14:12:00,698.45,DEBIT,Swiggy,Chandigarh,False
1785,42,2026-02-11 08:05:00,1389.64,CREDIT,Flipkart,Pune,False
1786,51,2026-06-26 02:58:00,3931.57,CREDIT,Myntra,Ludhiana,False
1787,53,2026-05-29 21:56:00,4290.1,DEBIT,Amazon,Ludhiana,False
1788,99,2026-05-30 17:22:00,2024.2,DEBIT,Swiggy,Hyderabad,False
1789,57,2026-03-21 17:11:00,2399.81,DEBIT,Flipkart,Pune,False
1790,6,2026-03-02 15:12:00,2046.18,DEBIT,Shell,Mumbai,False
1791,100,2026-07-16 12:33:00,4395.1,DEBIT,Amazon,Pune,False
1792,3,2026-05-02 08:18:00,3655.15,DEBIT,Flipkart,Hyderabad,False
1793,99,2026-03-14 05:59:00,2479.96,DEBIT,Uber,Hyderabad,False
1794,69,2026-04-16 15:41:00,1709.98,DEBIT,Uber,Bangalore,False
1795,43,2026-01-08 07:00:00,1938.51,DEBIT,Shell,Delhi,False
1796,65,2026-02-27 03:24:00,2149.27,DEBIT,Apple,Bangalore,False
1797,4,2026-02-15 00:24:00,1575.62,DEBIT,Swiggy,Pune,False
1798,52,2026-04-09 07:17:00,886.93,DEBIT,Walmart,Delhi,False
1799,10,2026-07-17 05:25:00,2446.21,DEBIT,Local Store,Mumbai,False
1800,13,2026-03-12 17:40:00,2329.34,CREDIT,Local Store,Hyderabad,False
1801,40,2026-06-17 01:58:00,2549.4,DEBIT,Netflix,Delhi,False
1802,34,2026-05-18 02:36:00,5770.19,DEBIT,Apple,Chandigarh,False
1803,12,2026-07-14 03:12:00,1248.07,DEBIT,Shell,Mumbai,False
1804,49,2026-05-24 07:43:00,642.22,DEBIT,Flipkart,Hyderabad,False
1805,70,2026-03-26 12:15:00,2550.07,DEBIT,Myntra,Bangalore,False
1806,62,2026-05-02 00:51:00,3328.5,DEBIT,Uber,Hyderabad,False
1807,81,2026-06-28 08:02:00,5506.05,CREDIT,Local Store,Mumbai,False
1808,11,2026-06-22 09:38:00,1233.55,DEBIT,Shell,Pune,False
1809,73,2026-05-04 00:20:00,4988.79,DEBIT,Uber,Delhi,False
1810,42,2026-01-03 00:41:00,3980.38,DEBIT,Apple,Pune,False
1811,27,2026-03-27 19:55:00,4236.87,DEBIT,Flipkart,Chandigarh,False
1812,91,2026-01-30 15:35:00,1866.9,DEBIT,Walmart,Chandigarh,False
1813,90,2026-02-14 05:29:00,873.26,DEBIT,Uber,Mumbai,False
1814,57,2026-06-04 10:33:00,4544.95,DEBIT,Myntra,Mumbai,False
1815,81,2026-05-26 10:03:00,2409.56,DEBIT,Amazon,Bangalore,False
1816,16,2026-04-09 16:58:00,2541.84,DEBIT,Shell,Bangalore,False
1817,79,2026-03-16 10:36:00,3878.56,DEBIT,Local Store,Pune,False
1818,48,2026-06-18 12:42:00,2670.44,DEBIT,Netflix,Bangalore,False
1819,96,2026-06-22 12:44:00,4043.13,DEBIT,Amazon,Bangalore,False
1820,54,2026-01-03 00:57:00,1165.58,DEBIT,Apple,Pune,False
1821,25,2026-06-20 15:30:00,1718.19,DEBIT,Local Store,Mumbai,False
1822,9,2026-03-24 07:04:00,2396.91,DEBIT,Flipkart,Pune,False
1823,2,2026-04-22 07:41:00,4342.06,CREDIT,Flipkart,Ludhiana,False
1824,99,2026-07-16 23:28:00,3374.91,DEBIT,Netflix,Delhi,False
1825,76,2026-02-07 06:06:00,1156.77,DEBIT,Uber,Hyderabad,False
1826,67,2026-05-01 04:59:00,2510.76,CREDIT,Local Store,Hyderabad,False
1827,76,2026-06-22 08:41:00,4509.48,DEBIT,Netflix,Mumbai,False
1828,1,2026-02-03 06:07:00,3682.99,CREDIT,Local Store,Mumbai,False
1829,19,2026-01-20 00:02:00,1435.21,CREDIT,Uber,Ludhiana,False
1830,57,2026-04-21 03:47:00,2036.19,DEBIT,Shell,Hyderabad,False
1831,16,2026-05-10 05:57:00,1048.71,DEBIT,Apple,Hyderabad,False
1832,67,2026-03-19 21:04:00,2442.58,DEBIT,Uber,Pune,False
1833,36,2026-04-02 05:14:00,4336.0,DEBIT,Walmart,Ludhiana,False
1834,56,2026-05-14 03:25:00,2504.4,DEBIT,Myntra,Hyderabad,False
1835,86,2026-03-11 12:50:00,1424.07,CREDIT,Swiggy,Bangalore,False
1836,23,2026-03-13 07:14:00,5446.68,CREDIT,Myntra,Bangalore,False
1837,68,2026-04-03 09:23:00,1113.75,CREDIT,Shell,Delhi,False
1838,78,2026-06-24 07:14:00,1529.84,DEBIT,Swiggy,Delhi,False
1839,90,2026-01-12 01:52:00,3621.54,DEBIT,Myntra,Ludhiana,False
1840,81,2026-07-18 15:24:00,2761.09,DEBIT,Walmart,Delhi,False
1841,48,2026-02-17 22:21:00,701.25,DEBIT,Walmart,Chandigarh,False
1842,16,2026-01-23 16:36:00,685.35,DEBIT,Flipkart,Delhi,False
1843,70,2026-05-02 02:52:00,2131.89,DEBIT,Flipkart,Pune,False
1844,22,2026-05-14 08:23:00,3241.45,DEBIT,Shell,Delhi,False
1845,86,2026-07-02 14:23:00,2765.21,DEBIT,Uber,Pune,False
1846,35,2026-04-11 07:34:00,599.59,DEBIT,Local Store,Mumbai,False
1847,89,2026-01-02 04:10:00,3309.6,CREDIT,Apple,Bangalore,False
1848,72,2026-07-26 20:46:00,2840.29,DEBIT,Walmart,Ludhiana,False
1849,60,2026-04-26 14:22:00,1020.58,DEBIT,Local Store,Pune,False
1850,3,2026-03-21 04:46:00,3641.38,CREDIT,Flipkart,Chandigarh,False
1851,11,2026-03-11 13:44:00,5341.05,DEBIT,Uber,Bangalore,False
1852,7,2026-04-12 13:37:00,2041.67,DEBIT,Uber,Ludhiana,False
1853,41,2026-04-18 09:09:00,2603.64,DEBIT,Apple,Pune,False
1854,57,2026-05-13 09:18:00,1400.4,DEBIT,Flipkart,Hyderabad,False
1855,83,2026-05-21 10:07:00,3374.57,DEBIT,Uber,Ludhiana,False
1856,73,2026-05-07 07:26:00,963.63,DEBIT,Apple,Mumbai,False
1857,44,2026-02-03 01:03:00,1932.25,CREDIT,Shell,Hyderabad,False
1858,27,2026-01-12 10:47:00,1643.46,DEBIT,Walmart,Ludhiana,False
1859,85,2026-07-25 06:17:00,2414.29,DEBIT,Swiggy,Pune,False
1860,76,2026-02-08 02:07:00,4754.02,DEBIT,Flipkart,Hyderabad,False
1861,2,2026-03-10 03:00:00,942.55,CREDIT,Flipkart,Bangalore,False
1862,21,2026-01-08 22:03:00,2691.13,DEBIT,Myntra,Hyderabad,False
1863,79,2026-03-30 16:30:00,1948.0,DEBIT,Apple,Pune,False
1864,48,2026-05-27 01:19:00,2811.03,DEBIT,Apple,Delhi,False
1865,30,2026-04-09 01:42:00,4884.32,DEBIT,Local Store,Chandigarh,False
1866,76,2026-04-20 10:31:00,519.49,DEBIT,Local Store,Pune,False
1867,68,2026-05-02 07:05:00,1965.83,DEBIT,Amazon,Delhi,False
1868,40,2026-05-07 00:17:00,3775.21,DEBIT,Myntra,Chandigarh,False
1869,22,2026-04-22 23:12:00,2338.99,DEBIT,Walmart,Mumbai,False
1870,31,2026-03-31 02:30:00,3747.86,DEBIT,Uber,Pune,False
1871,72,2026-06-21 09:55:00,3442.54,DEBIT,Shell,Pune,False
1872,51,2026-05-18 00:05:00,4381.84,CREDIT,Myntra,Pune,False
1873,32,2026-02-18 14:46:00,4358.85,CREDIT,Swiggy,Hyderabad,False
1874,42,2026-06-04 14:08:00,4878.33,CREDIT,Local Store,Chandigarh,False
1875,69,2026-03-22 17:11:00,485.67,DEBIT,Local Store,Mumbai,False
1876,99,2026-07-02 13:47:00,1605.16,DEBIT,Amazon,Ludhiana,False
1877,77,2026-03-10 10:30:00,5084.08,DEBIT,Amazon,Mumbai,False
1878,39,2026-03-07 11:46:00,2006.54,DEBIT,Swiggy,Mumbai,False
1879,37,2026-06-03 13:11:00,1653.9,DEBIT,Uber,Mumbai,False
1880,51,2026-06-19 06:33:00,2659.3,CREDIT,Walmart,Bangalore,False
1881,88,2026-02-28 13:49:00,3258.15,CREDIT,Flipkart,Mumbai,False
1882,74,2026-01-05 05:15:00,2193.67,DEBIT,Myntra,Pune,False
1883,86,2026-02-12 05:15:00,2373.25,DEBIT,Local Store,Hyderabad,False
1884,58,2026-05-02 23:49:00,2178.48,CREDIT,Shell,Bangalore,False
1885,15,2026-01-30 03:07:00,5268.13,DEBIT,Uber,Delhi,False
1886,44,2026-04-04 21:00:00,4589.64,DEBIT,Netflix,Ludhiana,False
1887,79,2026-02-14 06:07:00,3488.48,DEBIT,Myntra,Chandigarh,False
1888,47,2026-05-15 10:57:00,741.29,DEBIT,Apple,Chandigarh,False
1889,44,2026-04-17 18:22:00,3557.86,DEBIT,Flipkart,Chandigarh,False
1890,3,2026-01-13 23:12:00,2374.27,DEBIT,Local Store,Delhi,False
1891,46,2026-07-14 18:46:00,2859.21,DEBIT,Walmart,Mumbai,False
1892,94,2026-04-11 00:19:00,1094.48,DEBIT,Flipkart,Chandigarh,False
1893,89,2026-07-10 14:55:00,4824.02,CREDIT,Local Store,Chandigarh,False
1894,6,2026-02-23 10:19:00,621.37,DEBIT,Local Store,Pune,False
1895,82,2026-05-03 23:30:00,5158.79,DEBIT,Apple,Chandigarh,False
1896,52,2026-04-04 12:27:00,707.59,CREDIT,Walmart,Hyderabad,False
1897,56,2026-07-07 03:44:00,5269.74,CREDIT,Shell,Hyderabad,False
1898,32,2026-06-22 04:25:00,2489.61,DEBIT,Netflix,Hyderabad,False
1899,56,2026-01-17 15:42:00,1632.25,DEBIT,Local Store,Chandigarh,False
1900,24,2026-05-29 06:01:00,3024.22,DEBIT,Netflix,Delhi,False
1901,54,2026-04-26 20:07:00,3308.18,CREDIT,Walmart,Mumbai,False
1902,29,2026-01-24 04:48:00,741.3,DEBIT,Local Store,Bangalore,False
1903,94,2026-04-30 16:40:00,4277.54,DEBIT,Shell,Chandigarh,False
1904,61,2026-05-05 00:10:00,3303.89,DEBIT,Flipkart,Bangalore,False
1905,57,2026-03-03 21:35:00,1395.0,DEBIT,Swiggy,Bangalore,False
1906,52,2026-01-29 14:53:00,494.89,CREDIT,Myntra,Ludhiana,False
1907,45,2026-04-25 19:27:00,870.56,DEBIT,Myntra,Pune,False
1908,60,2026-03-02 16:56:00,438.69,DEBIT,Local Store,Bangalore,False
1909,73,2026-07-22 14:14:00,2574.71,CREDIT,Myntra,Mumbai,False
1910,49,2026-02-14 23:06:00,4638.66,DEBIT,Walmart,Chandigarh,False
1911,28,2026-05-27 01:00:00,1681.11,CREDIT,Shell,Chandigarh,False
1912,46,2026-04-12 12:53:00,4394.36,DEBIT,Flipkart,Hyderabad,False
1913,47,2026-04-26 16:45:00,2684.01,DEBIT,Shell,Ludhiana,False
1914,69,2026-06-30 03:55:00,1524.26,CREDIT,Myntra,Bangalore,False
1915,58,2026-05-02 15:00:00,1419.67,DEBIT,Myntra,Pune,False
1916,23,2026-06-02 05:24:00,2929.61,DEBIT,Swiggy,Chandigarh,False
1917,25,2026-01-30 07:28:00,3026.82,DEBIT,Local Store,Ludhiana,False
1918,94,2026-04-02 00:00:00,2122.46,DEBIT,Uber,Ludhiana,False
1919,81,2026-05-22 18:05:00,3154.18,DEBIT,Shell,Ludhiana,False
1920,25,2026-05-15 08:55:00,4889.11,DEBIT,Netflix,Mumbai,False
1921,61,2026-07-08 01:45:00,33446.87,DEBIT,Local Store,Delhi,True
1922,60,2026-06-11 12:42:00,2297.83,DEBIT,Netflix,Hyderabad,False
1923,23,2026-05-01 14:35:00,4285.65,DEBIT,Uber,Mumbai,False
1924,60,2026-01-12 18:26:00,3748.59,DEBIT,Swiggy,Hyderabad,False
1925,67,2026-04-05 16:10:00,5288.02,DEBIT,Shell,Delhi,False
1926,92,2026-07-14 11:39:00,3704.08,DEBIT,Amazon,Chandigarh,False
1927,62,2026-01-15 12:42:00,6020.35,CREDIT,Flipkart,Chandigarh,False
1928,92,2026-06-10 05:10:00,5456.48,DEBIT,Swiggy,Hyderabad,False
1929,16,2026-02-10 16:46:00,1199.38,DEBIT,Uber,Bangalore,False
1930,53,2026-03-30 11:57:00,2262.05,DEBIT,Myntra,Mumbai,False
1931,34,2026-06-28 23:27:00,879.39,CREDIT,Netflix,Hyderabad,False
1932,34,2026-05-01 09:21:00,1885.13,DEBIT,Myntra,Pune,False
1933,34,2026-04-16 00:20:00,1984.46,DEBIT,Amazon,Mumbai,False
1934,48,2026-04-22 15:39:00,2317.62,DEBIT,Uber,Ludhiana,False
1935,82,2026-02-16 19:18:00,1710.45,DEBIT,Uber,Ludhiana,False
1936,38,2026-03-24 23:34:00,2777.22,DEBIT,Amazon,Hyderabad,False
1937,28,2026-07-05 04:08:00,3197.09,DEBIT,Shell,Chandigarh,False
1938,62,2026-05-06 07:47:00,3385.76,DEBIT,Uber,Ludhiana,False
1939,65,2026-03-03 13:48:00,1239.3,DEBIT,Shell,Chandigarh,False
1940,23,2026-01-24 13:49:00,3629.9,DEBIT,Flipkart,Mumbai,False
1941,40,2026-02-13 13:00:00,1716.33,DEBIT,Netflix,Bangalore,False
1942,64,2026-01-05 10:36:00,3278.39,CREDIT,Shell,Mumbai,False
1943,95,2026-04-30 23:20:00,1228.83,DEBIT,Shell,Delhi,False
1944,35,2026-07-15 18:44:00,2342.93,DEBIT,Walmart,Hyderabad,False
1945,8,2026-03-08 12:19:00,2044.65,CREDIT,Netflix,Mumbai,False
1946,89,2026-04-07 18:16:00,3627.88,DEBIT,Shell,Bangalore,False
1947,12,2026-02-18 06:13:00,3619.68,CREDIT,Shell,Bangalore,False
1948,8,2026-06-23 18:33:00,637.98,DEBIT,Myntra,Delhi,False
1949,69,2026-06-24 03:26:00,6339.82,DEBIT,Walmart,Chandigarh,False
1950,11,2026-03-20 06:38:00,3010.33,DEBIT,Local Store,Chandigarh,False
1951,39,2026-06-11 03:51:00,1736.98,DEBIT,Netflix,Ludhiana,False
1952,82,2026-01-01 04:19:00,2468.25,DEBIT,Apple,Hyderabad,False
1953,53,2026-07-07 05:09:00,2707.07,DEBIT,Apple,Pune,False
1954,39,2026-03-16 05:57:00,41968.51,DEBIT,Flipkart,Pune,True
1955,72,2026-03-08 07:54:00,2527.62,CREDIT,Myntra,Delhi,False
1956,41,2026-06-30 12:15:00,4129.42,DEBIT,Uber,Mumbai,False
1957,9,2026-05-05 16:12:00,3718.62,CREDIT,Shell,Hyderabad,False
1958,24,2026-03-26 09:31:00,1235.93,DEBIT,Netflix,Bangalore,False
1959,65,2026-03-18 13:33:00,1928.76,DEBIT,Local Store,Pune,False
1960,20,2026-05-25 06:23:00,1407.06,DEBIT,Uber,Hyderabad,False
1961,21,2026-06-01 19:00:00,4365.78,CREDIT,Apple,Mumbai,False
1962,34,2026-04-21 13:03:00,3995.75,CREDIT,Flipkart,Mumbai,False
1963,40,2026-06-04 20:18:00,1498.92,DEBIT,Local Store,Chandigarh,False
1964,98,2026-05-28 02:54:00,3157.58,CREDIT,Amazon,Chandigarh,False
1965,46,2026-03-15 14:57:00,4006.12,DEBIT,Netflix,Pune,False
1966,92,2026-01-09 14:54:00,2003.1,CREDIT,Flipkart,Chandigarh,False
1967,49,2026-07-03 02:47:00,1660.81,DEBIT,Myntra,Hyderabad,False
1968,36,2026-04-29 12:06:00,920.58,DEBIT,Myntra,Pune,False
1969,76,2026-06-27 07:49:00,2811.72,DEBIT,Netflix,Bangalore,False
1970,78,2026-01-21 10:20:00,3094.09,DEBIT,Flipkart,Bangalore,False
1971,69,2026-01-27 22:31:00,2395.17,DEBIT,Flipkart,Hyderabad,False
1972,94,2026-02-24 18:23:00,2229.7,DEBIT,Local Store,Bangalore,False
1973,74,2026-04-05 22:11:00,1623.39,DEBIT,Shell,Ludhiana,False
1974,38,2026-01-25 18:13:00,3957.93,DEBIT,Flipkart,Hyderabad,False
1975,47,2026-06-20 12:17:00,2333.45,DEBIT,Netflix,Chandigarh,False
1976,47,2026-04-05 07:24:00,2345.1,DEBIT,Apple,Ludhiana,False
1977,96,2026-06-27 01:51:00,5768.07,DEBIT,Amazon,Hyderabad,False
1978,68,2026-05-16 23:28:00,984.61,CREDIT,Amazon,Ludhiana,False
1979,56,2026-07-16 04:11:00,7430.0,DEBIT,Myntra,Bangalore,False
1980,74,2026-01-28 12:11:00,1747.69,DEBIT,Local Store,Delhi,False
1981,72,2026-02-01 22:35:00,2252.43,CREDIT,Local Store,Chandigarh,False
1982,79,2026-01-27 14:36:00,3121.83,DEBIT,Swiggy,Hyderabad,False
1983,36,2026-05-01 07:20:00,4199.08,DEBIT,Walmart,Mumbai,False
1984,83,2026-06-07 10:20:00,1497.22,DEBIT,Amazon,Chandigarh,False
1985,74,2026-04-28 09:02:00,1499.29,DEBIT,Swiggy,Mumbai,False
1986,34,2026-04-29 22:02:00,3591.88,DEBIT,Shell,Chandigarh,False
1987,84,2026-02-25 13:28:00,3636.91,DEBIT,Netflix,Hyderabad,False
1988,19,2026-01-10 13:09:00,964.76,DEBIT,Shell,Ludhiana,False
1989,6,2026-04-25 19:27:00,1594.06,DEBIT,Netflix,Pune,False
1990,27,2026-04-09 16:42:00,1189.56,DEBIT,Netflix,Mumbai,False
1991,99,2026-05-17 13:47:00,2829.65,DEBIT,Amazon,Chandigarh,False
1992,96,2026-01-18 22:02:00,6109.85,DEBIT,Myntra,Chandigarh,False
1993,52,2026-03-05 18:01:00,1455.06,DEBIT,Shell,Ludhiana,False
1994,93,2026-03-18 07:50:00,1889.29,DEBIT,Walmart,Chandigarh,False
1995,95,2026-02-03 01:20:00,3220.42,DEBIT,Shell,Bangalore,False
1996,62,2026-06-16 08:55:00,1288.93,DEBIT,Amazon,Delhi,False
1997,49,2026-04-23 20:39:00,2469.98,DEBIT,Walmart,Chandigarh,False
1998,84,2026-01-31 17:56:00,2389.23,CREDIT,Swiggy,Chandigarh,False
1999,3,2026-02-21 05:46:00,4513.97,DEBIT,Netflix,Mumbai,False
2000,73,2026-02-21 01:15:00,734.92,DEBIT,Myntra,Hyderabad,False
2001,5,2026-05-16 07:59:00,901.0,DEBIT,Local Store,Chandigarh,False
2002,21,2026-07-08 19:35:00,1253.81,DEBIT,Uber,Pune,False
2003,86,2026-07-01 03:42:00,1432.19,DEBIT,Netflix,Bangalore,False
2004,52,2026-04-07 13:11:00,3039.24,CREDIT,Local Store,Bangalore,False
2005,4,2026-02-22 13:16:00,2990.4,DEBIT,Swiggy,Delhi,False
2006,70,2026-07-11 05:18:00,3199.78,DEBIT,Uber,Mumbai,False
2007,13,2026-02-10 22:15:00,617.01,CREDIT,Myntra,Chandigarh,False
2008,54,2026-02-18 22:27:00,4064.64,DEBIT,Local Store,Hyderabad,False
2009,82,2026-04-28 13:20:00,236.52,DEBIT,Shell,Bangalore,False
2010,79,2026-06-29 10:10:00,3787.55,DEBIT,Local Store,Mumbai,False
2011,17,2026-01-30 22:10:00,2095.45,DEBIT,Walmart,Pune,False
2012,52,2026-04-01 22:36:00,2540.06,DEBIT,Netflix,Bangalore,False
2013,24,2026-07-09 07:06:00,3314.88,DEBIT,Shell,Ludhiana,False
2014,35,2026-06-03 15:40:00,5383.44,DEBIT,Flipkart,Pune,False
2015,19,2026-05-21 04:26:00,3295.11,CREDIT,Amazon,Hyderabad,False
2016,26,2026-01-13 10:05:00,4778.59,DEBIT,Netflix,Mumbai,False
2017,51,2026-05-28 16:41:00,1446.9,DEBIT,Myntra,Mumbai,False
2018,59,2026-02-12 21:31:00,2881.21,DEBIT,Apple,Pune,False
2019,99,2026-05-05 03:33:00,1574.46,DEBIT,Myntra,Hyderabad,False
2020,71,2026-05-05 15:43:00,4393.74,DEBIT,Shell,Bangalore,False
2021,9,2026-02-04 10:29:00,3814.7,DEBIT,Netflix,Chandigarh,False
2022,15,2026-02-15 23:37:00,1067.56,DEBIT,Flipkart,Bangalore,False
2023,58,2026-07-03 18:20:00,2717.74,CREDIT,Uber,Chandigarh,False
2024,66,2026-03-22 18:37:00,1362.85,CREDIT,Amazon,Mumbai,False
2025,94,2026-07-13 04:07:00,2197.19,DEBIT,Shell,Delhi,False
2026,69,2026-07-13 06:48:00,1983.57,DEBIT,Uber,Bangalore,False
2027,21,2026-02-25 08:38:00,1121.06,DEBIT,Shell,Ludhiana,False
2028,55,2026-05-26 22:52:00,5696.96,DEBIT,Apple,Chandigarh,False
2029,67,2026-04-20 05:22:00,5949.1,DEBIT,Amazon,Delhi,False
2030,33,2026-03-30 21:12:00,60199.6,DEBIT,Myntra,Mumbai,True
2031,9,2026-03-30 06:40:00,676.21,CREDIT,Swiggy,Hyderabad,False
2032,21,2026-03-12 09:42:00,3660.77,DEBIT,Netflix,Hyderabad,False
2033,45,2026-02-14 22:54:00,977.37,CREDIT,Local Store,Pune,False
2034,20,2026-04-11 07:05:00,1360.81,DEBIT,Flipkart,Delhi,False
2035,82,2026-06-21 12:36:00,982.99,DEBIT,Netflix,Pune,False
2036,57,2026-06-15 10:19:00,2043.65,DEBIT,Uber,Delhi,False
2037,97,2026-05-19 21:36:00,4099.79,CREDIT,Apple,Delhi,False
2038,81,2026-06-27 10:07:00,3034.24,DEBIT,Apple,Mumbai,False
2039,67,2026-05-13 00:00:00,1291.32,DEBIT,Netflix,Hyderabad,False
2040,86,2026-06-07 11:02:00,2711.45,DEBIT,Swiggy,Delhi,False
2041,82,2026-04-02 15:07:00,1031.82,DEBIT,Shell,Bangalore,False
2042,54,2026-05-10 20:33:00,1832.09,DEBIT,Walmart,Delhi,False
2043,13,2026-06-07 22:18:00,2482.93,DEBIT,Apple,Delhi,False
2044,100,2026-07-25 22:27:00,4345.13,DEBIT,Swiggy,Ludhiana,False
2045,67,2026-02-05 21:22:00,4256.41,DEBIT,Local Store,Delhi,False
2046,16,2026-06-03 14:00:00,4541.29,DEBIT,Swiggy,Pune,False
2047,96,2026-07-10 07:59:00,569.15,DEBIT,Amazon,Chandigarh,False
2048,81,2026-01-10 08:03:00,3022.24,DEBIT,Netflix,Ludhiana,False
2049,24,2026-01-11 07:56:00,674.09,CREDIT,Myntra,Hyderabad,False
2050,33,2026-05-09 07:07:00,2033.36,DEBIT,Netflix,Bangalore,False
2051,58,2026-02-28 11:16:00,3322.65,DEBIT,Netflix,Ludhiana,False
2052,99,2026-05-27 02:47:00,5902.09,DEBIT,Flipkart,Hyderabad,False
2053,23,2026-03-24 20:32:00,4903.1,DEBIT,Flipkart,Hyderabad,False
2054,40,2026-05-28 20:15:00,787.05,DEBIT,Flipkart,Ludhiana,False
2055,64,2026-06-26 17:50:00,3401.04,CREDIT,Flipkart,Bangalore,False
2056,57,2026-03-03 08:45:00,3770.38,CREDIT,Flipkart,Delhi,False
2057,15,2026-04-18 20:16:00,1204.79,DEBIT,Shell,Ludhiana,False
2058,23,2026-03-14 07:33:00,2922.55,DEBIT,Walmart,Delhi,False
2059,92,2026-05-04 20:23:00,3772.25,DEBIT,Shell,Bangalore,False
2060,51,2026-04-18 00:14:00,903.27,DEBIT,Local Store,Ludhiana,False
2061,11,2026-02-26 10:30:00,2101.44,DEBIT,Apple,Delhi,False
2062,64,2026-03-21 17:26:00,2207.47,DEBIT,Netflix,Mumbai,False
2063,57,2026-01-08 13:31:00,3444.17,DEBIT,Local Store,Chandigarh,False
2064,57,2026-07-26 20:00:00,2456.72,DEBIT,Netflix,Chandigarh,False
2065,24,2026-05-21 22:33:00,2991.46,CREDIT,Apple,Pune,False
2066,47,2026-05-15 19:06:00,3411.96,DEBIT,Flipkart,Mumbai,False
2067,41,2026-03-31 21:24:00,3928.89,DEBIT,Shell,Ludhiana,False
2068,17,2026-07-04 18:11:00,1101.98,CREDIT,Myntra,Ludhiana,False
2069,41,2026-07-21 17:33:00,1052.2,DEBIT,Netflix,Chandigarh,False
2070,35,2026-06-09 10:10:00,2592.21,DEBIT,Myntra,Ludhiana,False
2071,56,2026-01-21 22:50:00,832.76,DEBIT,Flipkart,Chandigarh,False
2072,91,2026-01-24 19:35:00,1163.83,DEBIT,Apple,Ludhiana,False
2073,33,2026-02-18 13:17:00,4500.8,DEBIT,Swiggy,Mumbai,False
2074,85,2026-04-21 22:10:00,1542.26,DEBIT,Flipkart,Mumbai,False
2075,73,2026-04-25 11:46:00,3047.89,CREDIT,Amazon,Ludhiana,False
2076,7,2026-02-13 13:48:00,3657.2,DEBIT,Walmart,Ludhiana,False
2077,9,2026-03-07 07:06:00,2739.99,DEBIT,Uber,Delhi,False
2078,84,2026-05-01 19:13:00,2794.06,DEBIT,Walmart,Delhi,False
2079,52,2026-06-22 17:26:00,3807.32,DEBIT,Uber,Hyderabad,False
2080,44,2026-03-06 14:14:00,1220.33,DEBIT,Swiggy,Bangalore,False
2081,64,2026-01-30 16:45:00,898.28,DEBIT,Flipkart,Chandigarh,False
2082,97,2026-01-23 04:09:00,1077.22,DEBIT,Shell,Delhi,False
2083,88,2026-01-02 16:43:00,2866.22,DEBIT,Flipkart,Chandigarh,False
2084,40,2026-07-25 02:45:00,974.76,CREDIT,Flipkart,Hyderabad,False
2085,9,2026-03-21 12:10:00,5430.84,DEBIT,Flipkart,Delhi,False
2086,88,2026-03-06 10:01:00,6092.45,DEBIT,Myntra,Pune,False
2087,99,2026-01-15 02:48:00,1655.06,DEBIT,Shell,Hyderabad,False
2088,16,2026-04-17 02:33:00,5669.59,DEBIT,Walmart,Bangalore,False
2089,88,2026-02-26 12:37:00,612.46,DEBIT,Local Store,Bangalore,False
2090,59,2026-05-22 13:47:00,4387.64,DEBIT,Myntra,Delhi,False
2091,86,2026-06-28 16:23:00,2618.55,DEBIT,Netflix,Hyderabad,False
2092,52,2026-06-24 22:00:00,826.46,DEBIT,Local Store,Delhi,False
2093,67,2026-07-13 16:02:00,627.16,DEBIT,Shell,Chandigarh,False
2094,97,2026-04-27 14:58:00,1611.47,DEBIT,Uber,Chandigarh,False
2095,98,2026-01-30 23:55:00,1735.57,DEBIT,Myntra,Delhi,False
2096,63,2026-05-22 13:27:00,881.75,DEBIT,Apple,Chandigarh,False
2097,99,2026-03-10 11:27:00,1731.63,CREDIT,Walmart,Bangalore,False
2098,76,2026-03-05 02:49:00,3567.48,DEBIT,Flipkart,Pune,False
2099,7,2026-07-15 19:03:00,3494.24,DEBIT,Amazon,Hyderabad,False
2100,88,2026-07-10 18:38:00,4706.79,DEBIT,Uber,Ludhiana,False
2101,48,2026-03-09 14:43:00,4160.14,DEBIT,Netflix,Pune,False
2102,41,2026-03-17 06:29:00,868.24,DEBIT,Local Store,Pune,False
2103,79,2026-04-16 17:55:00,655.62,DEBIT,Amazon,Mumbai,False
2104,85,2026-03-06 11:09:00,3829.07,CREDIT,Swiggy,Hyderabad,False
2105,30,2026-03-31 15:05:00,2259.18,DEBIT,Local Store,Pune,False
2106,34,2026-07-27 17:27:00,4180.81,DEBIT,Apple,Mumbai,False
2107,84,2026-05-31 14:26:00,3608.06,DEBIT,Swiggy,Bangalore,False
2108,25,2026-01-04 19:08:00,5757.31,DEBIT,Swiggy,Delhi,False
2109,90,2026-02-11 15:28:00,4994.16,DEBIT,Walmart,Mumbai,False
2110,63,2026-03-02 22:28:00,1020.56,DEBIT,Apple,Pune,False
2111,92,2026-07-27 13:40:00,3522.1,DEBIT,Apple,Delhi,False
2112,98,2026-03-15 14:12:00,1229.19,CREDIT,Walmart,Ludhiana,False
2113,64,2026-02-10 13:29:00,1309.56,DEBIT,Netflix,Delhi,False
2114,50,2026-01-25 12:57:00,1319.91,CREDIT,Netflix,Chandigarh,False
2115,79,2026-07-03 08:41:00,2126.21,CREDIT,Netflix,Hyderabad,False
2116,27,2026-01-06 04:10:00,2748.84,DEBIT,Uber,Bangalore,False
2117,33,2026-05-23 11:20:00,4190.68,DEBIT,Swiggy,Mumbai,False
2118,38,2026-03-12 18:09:00,3150.63,DEBIT,Flipkart,Pune,False
2119,93,2026-07-12 10:35:00,2636.98,DEBIT,Apple,Ludhiana,False
2120,21,2026-01-21 15:34:00,1066.62,CREDIT,Walmart,Pune,False
2121,9,2026-04-28 02:40:00,1549.61,DEBIT,Flipkart,Delhi,False
2122,19,2026-01-03 03:34:00,4218.85,DEBIT,Swiggy,Delhi,False
2123,73,2026-01-13 19:32:00,575.22,CREDIT,Local Store,Ludhiana,False
2124,10,2026-06-23 11:05:00,712.78,CREDIT,Local Store,Pune,False
2125,50,2026-06-28 14:35:00,1410.23,DEBIT,Local Store,Bangalore,False
2126,45,2026-06-24 10:41:00,4016.68,DEBIT,Uber,Chandigarh,False
2127,69,2026-05-22 10:20:00,4607.44,DEBIT,Apple,Mumbai,False
2128,48,2026-04-20 04:11:00,4606.76,DEBIT,Uber,Delhi,False
2129,59,2026-02-15 12:28:00,3181.22,CREDIT,Flipkart,Mumbai,False
2130,52,2026-06-14 16:21:00,1593.29,DEBIT,Myntra,Chandigarh,False
2131,60,2026-03-16 23:18:00,1888.38,DEBIT,Netflix,Mumbai,False
2132,92,2026-05-13 07:34:00,1663.85,DEBIT,Myntra,Ludhiana,False
2133,98,2026-06-21 04:57:00,3449.86,DEBIT,Walmart,Ludhiana,False
2134,84,2026-05-31 01:08:00,2919.66,CREDIT,Amazon,Mumbai,False
2135,28,2026-06-07 04:59:00,2590.51,CREDIT,Uber,Chandigarh,False
2136,4,2026-03-04 17:56:00,2774.76,DEBIT,Apple,Pune,False
2137,88,2026-03-14 00:29:00,3464.12,CREDIT,Uber,Chandigarh,False
2138,41,2026-02-17 12:48:00,3157.46,CREDIT,Myntra,Bangalore,False
2139,79,2026-02-05 08:09:00,3240.87,CREDIT,Walmart,Delhi,False
2140,3,2026-01-20 04:57:00,396.5,CREDIT,Flipkart,Hyderabad,False
2141,12,2026-03-19 13:19:00,2172.16,DEBIT,Apple,Hyderabad,False
2142,9,2026-06-12 14:35:00,1925.37,CREDIT,Myntra,Bangalore,False
2143,91,2026-02-25 08:20:00,1098.05,DEBIT,Uber,Chandigarh,False
2144,16,2026-02-27 15:04:00,4126.52,DEBIT,Shell,Ludhiana,False
2145,81,2026-02-11 06:33:00,3607.31,CREDIT,Uber,Chandigarh,False
2146,13,2026-05-19 16:47:00,3744.26,DEBIT,Myntra,Chandigarh,False
2147,62,2026-06-10 12:57:00,1746.82,CREDIT,Local Store,Ludhiana,False
2148,24,2026-06-29 01:07:00,2632.93,DEBIT,Local Store,Bangalore,False
2149,44,2026-04-20 06:21:00,5298.43,DEBIT,Swiggy,Mumbai,False
2150,15,2026-03-13 18:33:00,4661.01,CREDIT,Flipkart,Bangalore,False
2151,92,2026-06-30 03:11:00,4284.34,CREDIT,Amazon,Ludhiana,False
2152,76,2026-04-03 00:15:00,1837.58,DEBIT,Netflix,Ludhiana,False
2153,36,2026-03-02 18:14:00,5140.04,DEBIT,Amazon,Pune,False
2154,31,2026-06-07 15:10:00,3539.78,DEBIT,Flipkart,Delhi,False
2155,35,2026-07-20 17:06:00,3940.74,DEBIT,Amazon,Mumbai,False
2156,80,2026-04-21 05:07:00,396.67,DEBIT,Swiggy,Mumbai,False
2157,61,2026-05-03 04:49:00,3013.97,DEBIT,Flipkart,Hyderabad,False
2158,66,2026-05-29 06:07:00,4704.55,CREDIT,Flipkart,Mumbai,False
2159,45,2026-06-13 19:03:00,2712.07,DEBIT,Walmart,Hyderabad,False
2160,86,2026-02-11 07:59:00,4178.48,CREDIT,Amazon,Hyderabad,False
2161,17,2026-02-26 01:43:00,4445.48,DEBIT,Local Store,Hyderabad,False
2162,31,2026-01-04 12:16:00,4250.26,CREDIT,Amazon,Pune,False
2163,44,2026-06-17 18:12:00,3939.67,DEBIT,Flipkart,Hyderabad,False
2164,86,2026-02-20 12:06:00,880.53,DEBIT,Netflix,Pune,False
2165,11,2026-03-26 20:38:00,1306.1,DEBIT,Netflix,Delhi,False
2166,92,2026-07-12 17:23:00,765.27,DEBIT,Netflix,Chandigarh,False
2167,26,2026-01-23 07:21:00,2244.84,DEBIT,Myntra,Mumbai,False
2168,65,2026-03-13 23:42:00,534.52,DEBIT,Apple,Mumbai,False
2169,70,2026-03-10 12:30:00,3237.28,CREDIT,Uber,Hyderabad,False
2170,42,2026-05-24 16:39:00,4369.41,DEBIT,Local Store,Bangalore,False
2171,77,2026-05-06 12:33:00,2093.07,DEBIT,Netflix,Ludhiana,False
2172,1,2026-04-02 15:06:00,2979.42,CREDIT,Apple,Hyderabad,False
2173,21,2026-06-06 14:13:00,958.63,DEBIT,Walmart,Pune,False
2174,98,2026-02-02 02:58:00,4944.93,DEBIT,Flipkart,Ludhiana,False
2175,99,2026-01-24 23:39:00,3497.14,DEBIT,Local Store,Bangalore,False
2176,94,2026-06-24 22:13:00,5515.19,DEBIT,Flipkart,Chandigarh,False
2177,39,2026-03-04 02:18:00,2504.78,DEBIT,Amazon,Pune,False
2178,46,2026-04-29 02:22:00,4365.63,CREDIT,Swiggy,Chandigarh,False
2179,60,2026-01-09 21:54:00,3197.22,DEBIT,Uber,Hyderabad,False
2180,41,2026-02-24 09:20:00,2935.72,CREDIT,Swiggy,Bangalore,False
2181,2,2026-03-08 23:01:00,3002.37,DEBIT,Netflix,Delhi,False
2182,3,2026-05-03 19:30:00,1141.91,DEBIT,Netflix,Delhi,False
2183,64,2026-03-24 22:00:00,1799.36,DEBIT,Netflix,Chandigarh,False
2184,78,2026-02-28 04:32:00,5966.31,DEBIT,Myntra,Pune,False
2185,8,2026-04-16 08:07:00,3105.96,DEBIT,Uber,Mumbai,False
2186,67,2026-06-01 14:04:00,6557.36,CREDIT,Myntra,Delhi,False
2187,40,2026-02-14 08:43:00,2961.13,DEBIT,Local Store,Mumbai,False
2188,68,2026-02-16 15:38:00,2092.32,DEBIT,Flipkart,Ludhiana,False
2189,61,2026-04-29 18:23:00,591.59,DEBIT,Netflix,Hyderabad,False
2190,41,2026-06-23 08:59:00,3636.62,CREDIT,Apple,Ludhiana,False
2191,44,2026-04-28 04:13:00,2849.24,DEBIT,Local Store,Mumbai,False
2192,91,2026-04-01 16:39:00,3622.35,DEBIT,Myntra,Ludhiana,False
2193,61,2026-02-24 00:20:00,3605.27,DEBIT,Local Store,Bangalore,False
2194,11,2026-04-07 20:24:00,4250.62,DEBIT,Walmart,Chandigarh,False
2195,50,2026-01-22 11:44:00,4204.6,DEBIT,Myntra,Mumbai,False
2196,29,2026-06-25 16:36:00,2698.17,DEBIT,Shell,Mumbai,False
2197,35,2026-03-14 20:08:00,3766.57,CREDIT,Netflix,Ludhiana,False
2198,78,2026-03-12 23:26:00,1063.34,DEBIT,Shell,Hyderabad,False
2199,65,2026-01-04 23:22:00,1888.53,CREDIT,Apple,Bangalore,False
2200,27,2026-06-03 10:27:00,857.01,DEBIT,Walmart,Bangalore,False
2201,60,2026-02-27 03:41:00,5075.57,DEBIT,Local Store,Chandigarh,False
2202,98,2026-06-16 00:05:00,1890.44,CREDIT,Apple,Mumbai,False
2203,91,2026-01-07 04:09:00,2996.95,DEBIT,Walmart,Delhi,False
2204,42,2026-04-25 18:51:00,3955.27,DEBIT,Swiggy,Ludhiana,False
2205,4,2026-01-13 13:45:00,2823.55,DEBIT,Apple,Bangalore,False
2206,73,2026-07-06 07:22:00,3125.37,DEBIT,Amazon,Pune,False
2207,92,2026-02-07 05:30:00,1589.34,DEBIT,Shell,Mumbai,False
2208,92,2026-05-11 00:13:00,1576.16,CREDIT,Flipkart,Delhi,False
2209,53,2026-06-01 14:08:00,2514.91,DEBIT,Swiggy,Pune,False
2210,20,2026-03-17 11:01:00,3284.08,DEBIT,Myntra,Mumbai,False
2211,15,2026-07-23 01:07:00,4411.52,DEBIT,Amazon,Delhi,False
2212,83,2026-01-16 10:27:00,3726.62,DEBIT,Amazon,Mumbai,False
2213,98,2026-04-28 13:58:00,1996.09,DEBIT,Swiggy,Hyderabad,False
2214,82,2026-04-16 10:54:00,4971.12,DEBIT,Myntra,Delhi,False
2215,86,2026-01-14 02:37:00,3416.37,DEBIT,Netflix,Mumbai,False
2216,75,2026-01-30 08:31:00,2841.14,DEBIT,Local Store,Bangalore,False
2217,66,2026-04-13 11:03:00,4947.06,DEBIT,Apple,Ludhiana,False
2218,48,2026-03-15 09:29:00,3214.31,DEBIT,Local Store,Bangalore,False
2219,43,2026-06-14 10:34:00,1657.24,DEBIT,Amazon,Chandigarh,False
2220,78,2026-05-28 16:58:00,4129.69,DEBIT,Netflix,Mumbai,False
2221,15,2026-03-14 20:52:00,782.8,CREDIT,Local Store,Pune,False
2222,96,2026-03-20 00:57:00,1128.44,DEBIT,Local Store,Hyderabad,False
2223,39,2026-04-02 20:54:00,2826.1,DEBIT,Netflix,Ludhiana,False
2224,4,2026-03-07 20:53:00,2117.12,DEBIT,Flipkart,Mumbai,False
2225,64,2026-03-02 04:02:00,3950.02,CREDIT,Myntra,Chandigarh,False
2226,72,2026-04-01 11:35:00,3642.26,CREDIT,Walmart,Ludhiana,False
2227,14,2026-04-10 20:16:00,5415.8,CREDIT,Amazon,Bangalore,False
2228,57,2026-02-28 01:37:00,1601.12,DEBIT,Walmart,Delhi,False
2229,48,2026-01-28 16:58:00,1608.93,CREDIT,Apple,Chandigarh,False
2230,84,2026-02-13 17:14:00,747.55,CREDIT,Apple,Mumbai,False
2231,34,2026-02-13 19:24:00,4221.02,CREDIT,Amazon,Chandigarh,False
2232,23,2026-03-27 11:44:00,397.82,DEBIT,Myntra,Hyderabad,False
2233,75,2026-01-24 00:58:00,3599.08,DEBIT,Uber,Mumbai,False
2234,9,2026-01-14 12:43:00,2409.88,DEBIT,Myntra,Chandigarh,False
2235,60,2026-01-23 22:35:00,3117.1,DEBIT,Apple,Pune,False
2236,37,2026-04-08 07:34:00,3527.49,DEBIT,Amazon,Pune,False
2237,35,2026-01-17 01:33:00,5535.77,CREDIT,Local Store,Hyderabad,False
2238,56,2026-03-26 07:03:00,4082.22,DEBIT,Amazon,Bangalore,False
2239,47,2026-05-16 21:39:00,618.17,DEBIT,Flipkart,Pune,False
2240,71,2026-05-07 06:16:00,3940.29,DEBIT,Swiggy,Mumbai,False
2241,75,2026-06-30 01:06:00,1785.97,DEBIT,Shell,Chandigarh,False
2242,47,2026-04-03 04:29:00,5052.42,DEBIT,Uber,Bangalore,False
2243,46,2026-01-16 13:36:00,2395.33,DEBIT,Flipkart,Ludhiana,False
2244,81,2026-02-28 01:06:00,1261.94,DEBIT,Local Store,Mumbai,False
2245,27,2026-07-02 13:09:00,2651.77,CREDIT,Shell,Delhi,False
2246,67,2026-07-20 09:53:00,1240.13,DEBIT,Uber,Pune,False
2247,30,2026-05-16 22:08:00,3821.51,DEBIT,Shell,Chandigarh,False
2248,67,2026-05-08 20:15:00,2482.56,DEBIT,Swiggy,Pune,False
2249,97,2026-03-10 13:39:00,5214.75,DEBIT,Amazon,Hyderabad,False
2250,65,2026-01-27 06:57:00,5555.6,DEBIT,Apple,Mumbai,False
2251,97,2026-03-11 13:02:00,2658.6,DEBIT,Amazon,Delhi,False
2252,4,2026-01-26 23:20:00,1321.72,DEBIT,Walmart,Bangalore,False
2253,58,2026-04-20 07:19:00,3788.16,DEBIT,Flipkart,Chandigarh,False
2254,48,2026-06-24 04:40:00,1597.35,DEBIT,Local Store,Ludhiana,False
2255,6,2026-04-04 03:03:00,4591.85,DEBIT,Myntra,Hyderabad,False
2256,50,2026-06-03 21:37:00,3723.41,CREDIT,Local Store,Ludhiana,False
2257,45,2026-06-27 11:23:00,3235.85,DEBIT,Walmart,Chandigarh,False
2258,33,2026-02-04 05:26:00,761.35,DEBIT,Myntra,Chandigarh,False
2259,96,2026-07-21 04:55:00,1566.43,DEBIT,Myntra,Mumbai,False
2260,79,2026-02-16 17:50:00,1947.38,DEBIT,Local Store,Hyderabad,False
2261,87,2026-06-18 15:19:00,5013.68,DEBIT,Apple,Pune,False
2262,73,2026-01-18 17:40:00,2006.83,CREDIT,Apple,Ludhiana,False
2263,16,2026-03-01 06:05:00,1681.47,DEBIT,Amazon,Bangalore,False
2264,77,2026-02-26 08:37:00,2051.38,DEBIT,Walmart,Mumbai,False
2265,62,2026-03-06 07:25:00,3849.4,CREDIT,Swiggy,Delhi,False
2266,39,2026-06-29 14:58:00,1342.49,DEBIT,Netflix,Pune,False
2267,57,2026-02-18 01:25:00,4624.65,DEBIT,Local Store,Ludhiana,False
2268,4,2026-06-06 13:09:00,2373.0,DEBIT,Amazon,Pune,False
2269,68,2026-01-13 05:02:00,3577.89,DEBIT,Apple,Chandigarh,False
2270,72,2026-02-01 18:20:00,4502.72,DEBIT,Apple,Pune,False
2271,46,2026-02-20 01:43:00,2144.34,CREDIT,Walmart,Delhi,False
2272,21,2026-03-13 13:11:00,881.29,DEBIT,Myntra,Pune,False
2273,70,2026-03-09 13:00:00,2163.38,CREDIT,Local Store,Chandigarh,False
2274,15,2026-02-23 15:53:00,3298.21,DEBIT,Apple,Mumbai,False
2275,96,2026-02-11 01:14:00,3977.41,CREDIT,Shell,Pune,False
2276,35,2026-02-19 21:39:00,3154.45,DEBIT,Flipkart,Mumbai,False
2277,62,2026-02-06 01:29:00,4543.34,DEBIT,Uber,Chandigarh,False
2278,71,2026-01-26 19:41:00,4231.06,DEBIT,Uber,Pune,False
2279,17,2026-01-27 10:18:00,5486.22,DEBIT,Local Store,Mumbai,False
2280,32,2026-05-12 16:46:00,4432.65,DEBIT,Netflix,Hyderabad,False
2281,34,2026-05-24 16:19:00,2331.33,DEBIT,Amazon,Mumbai,False
2282,86,2026-06-13 18:39:00,3490.18,DEBIT,Local Store,Hyderabad,False
2283,29,2026-05-29 00:19:00,4799.62,CREDIT,Uber,Mumbai,False
2284,77,2026-01-28 07:50:00,3550.7,DEBIT,Swiggy,Ludhiana,False
2285,4,2026-01-15 13:04:00,1518.55,CREDIT,Flipkart,Bangalore,False
2286,51,2026-05-05 07:55:00,1503.53,DEBIT,Apple,Hyderabad,False
2287,69,2026-06-27 14:21:00,4609.49,DEBIT,Swiggy,Hyderabad,False
2288,89,2026-02-19 23:27:00,2400.5,DEBIT,Myntra,Bangalore,False
2289,12,2026-01-23 21:55:00,4711.69,DEBIT,Apple,Pune,False
2290,35,2026-07-06 23:11:00,4478.84,CREDIT,Netflix,Bangalore,False
2291,42,2026-05-02 23:15:00,3611.86,DEBIT,Shell,Pune,False
2292,53,2026-03-10 13:51:00,1589.82,DEBIT,Local Store,Hyderabad,False
2293,18,2026-07-17 14:50:00,3858.08,DEBIT,Shell,Bangalore,False
2294,27,2026-03-05 03:19:00,3476.44,DEBIT,Walmart,Pune,False
2295,93,2026-05-03 20:00:00,3957.03,CREDIT,Uber,Pune,False
2296,64,2026-04-09 13:45:00,1903.59,DEBIT,Local Store,Chandigarh,False
2297,69,2026-05-18 02:26:00,2030.45,DEBIT,Shell,Chandigarh,False
2298,1,2026-04-03 18:34:00,876.72,CREDIT,Myntra,Chandigarh,False
2299,71,2026-01-19 13:35:00,2954.72,DEBIT,Swiggy,Pune,False
2300,63,2026-05-21 20:39:00,4192.69,DEBIT,Flipkart,Delhi,False
2301,18,2026-01-26 14:06:00,934.45,DEBIT,Apple,Delhi,False
2302,71,2026-02-04 21:54:00,3908.69,DEBIT,Swiggy,Mumbai,False
2303,6,2026-04-11 21:58:00,4365.86,DEBIT,Apple,Chandigarh,False
2304,31,2026-07-27 18:07:00,1515.23,DEBIT,Apple,Ludhiana,False
2305,46,2026-03-22 01:16:00,5071.19,DEBIT,Uber,Hyderabad,False
2306,50,2026-02-28 09:33:00,1780.25,DEBIT,Walmart,Ludhiana,False
2307,95,2026-03-31 15:16:00,4729.85,DEBIT,Swiggy,Mumbai,False
2308,31,2026-03-05 04:26:00,2378.26,DEBIT,Netflix,Bangalore,False
2309,14,2026-05-21 19:03:00,448.93,CREDIT,Myntra,Mumbai,False
2310,30,2026-06-11 16:53:00,727.91,DEBIT,Myntra,Mumbai,False
2311,95,2026-04-09 22:21:00,5603.43,DEBIT,Netflix,Pune,False
2312,63,2026-05-05 14:57:00,1636.2,CREDIT,Flipkart,Delhi,False
2313,64,2026-02-22 14:47:00,2210.94,DEBIT,Walmart,Ludhiana,False
2314,90,2026-05-28 02:15:00,4200.03,DEBIT,Netflix,Mumbai,False
2315,41,2026-05-19 03:37:00,1964.63,CREDIT,Local Store,Chandigarh,False
2316,4,2026-01-24 13:18:00,4994.51,DEBIT,Myntra,Pune,False
2317,3,2026-06-12 03:19:00,1939.74,DEBIT,Swiggy,Delhi,False
2318,56,2026-05-14 11:21:00,1980.47,DEBIT,Apple,Chandigarh,False
2319,21,2026-03-13 06:09:00,1532.9,DEBIT,Amazon,Chandigarh,False
2320,47,2026-02-27 19:12:00,511.04,DEBIT,Walmart,Ludhiana,False
2321,90,2026-02-24 06:14:00,2985.47,DEBIT,Apple,Mumbai,False
2322,56,2026-03-25 09:48:00,2288.35,CREDIT,Swiggy,Bangalore,False
2323,22,2026-03-06 01:25:00,2877.93,DEBIT,Apple,Ludhiana,False
2324,61,2026-03-28 00:20:00,5257.0,CREDIT,Amazon,Hyderabad,False
2325,26,2026-03-07 01:46:00,4435.44,DEBIT,Shell,Delhi,False
2326,100,2026-03-07 03:27:00,3098.54,CREDIT,Uber,Ludhiana,False
2327,24,2026-07-06 20:48:00,2393.53,CREDIT,Amazon,Ludhiana,False
2328,65,2026-03-02 19:16:00,4649.02,DEBIT,Amazon,Chandigarh,False
2329,20,2026-04-12 16:21:00,4384.29,DEBIT,Myntra,Mumbai,False
2330,59,2026-04-01 08:56:00,1728.9,DEBIT,Uber,Pune,False
2331,78,2026-06-17 18:17:00,4760.42,DEBIT,Shell,Hyderabad,False
2332,63,2026-07-17 03:25:00,3902.2,DEBIT,Swiggy,Ludhiana,False
2333,60,2026-05-28 12:40:00,5887.13,DEBIT,Apple,Ludhiana,False
2334,53,2026-02-15 23:06:00,1149.04,CREDIT,Amazon,Mumbai,False
2335,10,2026-05-31 03:43:00,2745.89,DEBIT,Swiggy,Chandigarh,False
2336,39,2026-03-14 08:17:00,2520.9,DEBIT,Amazon,Mumbai,False
2337,56,2026-02-20 21:59:00,3990.2,DEBIT,Apple,Chandigarh,False
2338,32,2026-06-09 20:16:00,828.69,CREDIT,Apple,Chandigarh,False
2339,52,2026-06-01 09:18:00,1286.47,DEBIT,Amazon,Mumbai,False
2340,19,2026-04-18 13:24:00,5045.62,CREDIT,Flipkart,Delhi,False
2341,45,2026-04-18 00:35:00,1878.96,DEBIT,Flipkart,Hyderabad,False
2342,66,2026-06-24 13:34:00,3692.01,DEBIT,Walmart,Bangalore,False
2343,43,2026-02-23 03:14:00,1552.78,CREDIT,Shell,Bangalore,False
2344,8,2026-07-09 17:21:00,567.75,DEBIT,Flipkart,Delhi,False
2345,58,2026-04-14 17:43:00,2508.28,DEBIT,Flipkart,Delhi,False
2346,67,2026-06-27 11:59:00,2304.9,CREDIT,Swiggy,Hyderabad,False
2347,66,2026-01-25 11:58:00,711.7,DEBIT,Uber,Hyderabad,False
2348,49,2026-04-08 06:00:00,1197.43,DEBIT,Uber,Mumbai,False
2349,98,2026-01-16 06:03:00,5564.36,DEBIT,Amazon,Bangalore,False
2350,2,2026-07-27 06:34:00,5442.49,DEBIT,Netflix,Chandigarh,False
2351,20,2026-01-25 02:42:00,742.32,DEBIT,Uber,Hyderabad,False
2352,5,2026-01-25 01:29:00,1158.06,DEBIT,Netflix,Chandigarh,False
2353,22,2026-05-05 18:52:00,4186.27,DEBIT,Local Store,Pune,False
2354,48,2026-04-04 23:10:00,4345.76,CREDIT,Local Store,Ludhiana,False
2355,71,2026-07-11 18:27:00,4898.08,DEBIT,Uber,Pune,False
2356,88,2026-04-12 13:37:00,3382.11,DEBIT,Local Store,Hyderabad,False
2357,32,2026-07-05 06:16:00,1949.79,DEBIT,Apple,Chandigarh,False
2358,93,2026-04-20 08:25:00,5159.32,DEBIT,Apple,Delhi,False
2359,19,2026-06-19 01:31:00,3292.29,CREDIT,Uber,Delhi,False
2360,90,2026-05-26 13:56:00,2511.65,DEBIT,Swiggy,Ludhiana,False
2361,43,2026-01-25 03:31:00,1876.27,CREDIT,Flipkart,Delhi,False
2362,56,2026-05-31 19:32:00,3138.29,DEBIT,Myntra,Delhi,False
2363,43,2026-06-29 01:56:00,5356.29,CREDIT,Swiggy,Ludhiana,False
2364,28,2026-04-15 07:11:00,2612.04,CREDIT,Netflix,Ludhiana,False
2365,22,2026-02-06 15:34:00,1461.41,CREDIT,Walmart,Delhi,False
2366,95,2026-06-29 08:49:00,433.96,DEBIT,Walmart,Hyderabad,False
2367,90,2026-02-18 14:23:00,3471.0,DEBIT,Apple,Hyderabad,False
2368,47,2026-05-11 01:42:00,3551.38,CREDIT,Local Store,Delhi,False
2369,6,2026-01-30 23:32:00,1191.17,CREDIT,Amazon,Ludhiana,False
2370,1,2026-03-03 20:54:00,4644.39,DEBIT,Swiggy,Hyderabad,False
2371,63,2026-04-14 13:31:00,700.72,DEBIT,Uber,Delhi,False
2372,60,2026-07-07 11:11:00,2610.18,DEBIT,Walmart,Chandigarh,False
2373,78,2026-03-01 06:37:00,1427.9,DEBIT,Myntra,Hyderabad,False
2374,58,2026-04-17 21:58:00,2631.11,DEBIT,Swiggy,Chandigarh,False
2375,31,2026-02-25 16:30:00,65822.99,DEBIT,Apple,Ludhiana,True
2376,20,2026-02-12 20:38:00,463.57,DEBIT,Uber,Delhi,False
2377,58,2026-04-27 11:46:00,1030.47,DEBIT,Local Store,Mumbai,False
2378,92,2026-07-21 00:30:00,2131.81,DEBIT,Local Store,Bangalore,False
2379,91,2026-03-11 17:15:00,1350.59,DEBIT,Flipkart,Delhi,False
2380,7,2026-06-26 10:14:00,55956.57,DEBIT,Flipkart,Bangalore,True
2381,64,2026-06-13 16:46:00,3692.13,CREDIT,Uber,Hyderabad,False
2382,42,2026-04-25 14:39:00,3502.04,DEBIT,Local Store,Hyderabad,False
2383,90,2026-02-03 22:32:00,1463.17,DEBIT,Myntra,Bangalore,False
2384,19,2026-07-06 16:46:00,613.54,DEBIT,Local Store,Chandigarh,False
2385,36,2026-05-12 08:05:00,4365.33,CREDIT,Flipkart,Hyderabad,False
2386,79,2026-06-25 18:45:00,1621.55,DEBIT,Shell,Mumbai,False
2387,28,2026-04-10 13:24:00,921.35,DEBIT,Shell,Chandigarh,False
2388,68,2026-03-13 14:27:00,2748.01,DEBIT,Swiggy,Hyderabad,False
2389,94,2026-07-16 04:02:00,2532.33,DEBIT,Myntra,Delhi,False
2390,37,2026-01-23 20:44:00,2218.89,DEBIT,Myntra,Hyderabad,False
2391,54,2026-04-25 18:04:00,6055.99,DEBIT,Local Store,Mumbai,False
2392,58,2026-01-15 02:15:00,1393.51,CREDIT,Netflix,Pune,False
2393,75,2026-06-13 13:36:00,1594.91,DEBIT,Netflix,Chandigarh,False
2394,1,2026-04-10 15:03:00,3180.41,CREDIT,Shell,Hyderabad,False
2395,70,2026-04-22 11:39:00,7099.03,DEBIT,Local Store,Pune,False
2396,7,2026-07-14 10:56:00,2876.05,DEBIT,Shell,Bangalore,False
2397,100,2026-04-30 15:14:00,1094.6,DEBIT,Uber,Ludhiana,False
2398,84,2026-01-30 00:13:00,2451.36,DEBIT,Flipkart,Pune,False
2399,32,2026-04-05 00:07:00,5381.96,DEBIT,Uber,Pune,False
2400,38,2026-06-05 06:22:00,3583.38,DEBIT,Netflix,Pune,False
2401,21,2026-07-19 18:26:00,2167.99,CREDIT,Walmart,Delhi,False
2402,20,2026-01-02 05:04:00,3519.4,CREDIT,Netflix,Delhi,False
2403,100,2026-06-14 07:26:00,4008.27,DEBIT,Flipkart,Delhi,False
2404,65,2026-06-19 09:49:00,3165.17,CREDIT,Shell,Delhi,False
2405,62,2026-05-09 14:39:00,3441.34,CREDIT,Uber,Chandigarh,False
2406,25,2026-01-07 15:16:00,3256.95,DEBIT,Local Store,Hyderabad,False
2407,99,2026-07-14 17:14:00,1003.9,DEBIT,Netflix,Chandigarh,False
2408,97,2026-05-22 17:33:00,3524.12,DEBIT,Swiggy,Delhi,False
2409,66,2026-06-26 00:12:00,3497.1,DEBIT,Local Store,Pune,False
2410,90,2026-03-24 13:22:00,870.81,CREDIT,Myntra,Ludhiana,False
2411,99,2026-01-14 05:53:00,2291.16,CREDIT,Myntra,Mumbai,False
2412,1,2026-05-16 15:16:00,3730.91,DEBIT,Flipkart,Chandigarh,False
2413,96,2026-02-04 22:39:00,6354.18,DEBIT,Local Store,Ludhiana,False
2414,72,2026-06-22 08:53:00,3574.47,DEBIT,Myntra,Ludhiana,False
2415,71,2026-04-26 10:34:00,3055.03,DEBIT,Netflix,Bangalore,False
2416,69,2026-02-08 19:15:00,5437.77,DEBIT,Amazon,Bangalore,False
2417,86,2026-02-25 17:15:00,5448.2,DEBIT,Apple,Bangalore,False
2418,53,2026-05-13 10:48:00,5636.05,CREDIT,Walmart,Chandigarh,False
2419,40,2026-03-09 06:35:00,3640.38,DEBIT,Walmart,Hyderabad,False
2420,18,2026-02-06 10:53:00,4840.47,DEBIT,Flipkart,Delhi,False
2421,13,2026-03-19 07:11:00,5006.55,DEBIT,Local Store,Hyderabad,False
2422,11,2026-07-20 07:47:00,1206.55,DEBIT,Shell,Hyderabad,False
2423,11,2026-04-19 05:01:00,2853.65,DEBIT,Shell,Pune,False
2424,39,2026-01-15 19:58:00,857.43,DEBIT,Apple,Chandigarh,False
2425,12,2026-01-02 11:02:00,3426.76,DEBIT,Walmart,Chandigarh,False
2426,6,2026-07-17 07:45:00,2823.45,DEBIT,Walmart,Bangalore,False
2427,21,2026-03-03 07:19:00,1857.34,DEBIT,Uber,Pune,False
2428,73,2026-01-07 03:11:00,3044.14,DEBIT,Myntra,Mumbai,False
2429,94,2026-07-05 13:41:00,4809.84,CREDIT,Netflix,Chandigarh,False
2430,1,2026-03-10 06:50:00,5524.17,CREDIT,Myntra,Ludhiana,False
2431,31,2026-07-12 03:49:00,836.15,DEBIT,Apple,Bangalore,False
2432,18,2026-04-15 17:38:00,3154.77,DEBIT,Apple,Mumbai,False
2433,79,2026-07-01 04:46:00,5157.81,DEBIT,Amazon,Delhi,False
2434,52,2026-02-16 16:09:00,3739.99,DEBIT,Local Store,Mumbai,False
2435,83,2026-03-26 01:14:00,3686.71,DEBIT,Netflix,Pune,False
2436,6,2026-02-18 09:50:00,3643.84,DEBIT,Netflix,Bangalore,False
2437,15,2026-01-06 00:14:00,2376.51,CREDIT,Swiggy,Delhi,False
2438,44,2026-02-14 20:55:00,965.43,DEBIT,Flipkart,Bangalore,False
2439,53,2026-02-23 03:01:00,1765.36,DEBIT,Netflix,Chandigarh,False
2440,46,2026-03-30 09:20:00,1314.08,DEBIT,Myntra,Chandigarh,False
2441,36,2026-01-22 16:43:00,2459.8,DEBIT,Myntra,Ludhiana,False
2442,38,2026-04-15 13:40:00,1794.86,DEBIT,Uber,Bangalore,False
2443,36,2026-01-24 18:33:00,1340.61,CREDIT,Local Store,Chandigarh,False
2444,45,2026-03-15 03:42:00,1340.42,DEBIT,Apple,Hyderabad,False
2445,62,2026-02-18 14:25:00,4665.52,DEBIT,Amazon,Hyderabad,False
2446,31,2026-07-20 21:14:00,4369.66,DEBIT,Shell,Pune,False
2447,19,2026-04-09 23:07:00,939.94,DEBIT,Shell,Hyderabad,False
2448,40,2026-07-26 11:53:00,2705.71,DEBIT,Walmart,Mumbai,False
2449,37,2026-07-12 22:30:00,1671.28,CREDIT,Uber,Pune,False
2450,64,2026-01-08 03:00:00,7976.44,DEBIT,Flipkart,Hyderabad,False
2451,89,2026-03-10 05:16:00,3170.89,DEBIT,Walmart,Pune,False
2452,40,2026-04-10 00:15:00,4157.28,DEBIT,Local Store,Mumbai,False
2453,81,2026-02-04 23:38:00,2736.27,DEBIT,Swiggy,Chandigarh,False
2454,80,2026-01-17 16:14:00,990.16,DEBIT,Flipkart,Bangalore,False
2455,61,2026-07-24 18:38:00,2797.78,DEBIT,Amazon,Pune,False
2456,10,2026-03-26 05:10:00,907.39,CREDIT,Swiggy,Hyderabad,False
2457,6,2026-07-19 17:27:00,416.36,DEBIT,Myntra,Pune,False
2458,18,2026-05-16 00:46:00,2141.79,DEBIT,Walmart,Delhi,False
2459,33,2026-06-13 18:44:00,493.0,DEBIT,Netflix,Delhi,False
2460,44,2026-02-04 01:06:00,4348.15,DEBIT,Apple,Hyderabad,False
2461,77,2026-04-11 21:10:00,2066.76,DEBIT,Shell,Mumbai,False
2462,85,2026-06-28 05:44:00,2709.52,DEBIT,Netflix,Hyderabad,False
2463,53,2026-04-12 02:19:00,5568.96,DEBIT,Amazon,Chandigarh,False
2464,90,2026-06-23 19:20:00,72792.63,DEBIT,Flipkart,Mumbai,True
2465,22,2026-04-11 05:14:00,799.49,DEBIT,Netflix,Mumbai,False
2466,21,2026-03-07 07:32:00,1867.83,DEBIT,Netflix,Hyderabad,False
2467,27,2026-02-18 23:24:00,1354.94,DEBIT,Amazon,Delhi,False
2468,93,2026-04-20 01:53:00,4998.24,DEBIT,Swiggy,Mumbai,False
2469,89,2026-05-17 08:44:00,965.48,DEBIT,Amazon,Ludhiana,False
2470,23,2026-02-09 12:18:00,2989.88,CREDIT,Walmart,Hyderabad,False
2471,21,2026-03-02 12:10:00,1552.0,DEBIT,Apple,Pune,False
2472,67,2026-07-13 06:46:00,4077.48,CREDIT,Local Store,Ludhiana,False
2473,43,2026-07-26 13:05:00,6604.43,DEBIT,Netflix,Chandigarh,False
2474,55,2026-06-12 01:07:00,2187.89,CREDIT,Apple,Bangalore,False
2475,34,2026-03-13 11:01:00,4519.99,CREDIT,Swiggy,Bangalore,False
2476,49,2026-02-03 03:23:00,3181.01,DEBIT,Local Store,Delhi,False
2477,89,2026-02-11 04:50:00,1483.16,DEBIT,Shell,Chandigarh,False
2478,51,2026-02-19 05:33:00,5214.15,DEBIT,Amazon,Ludhiana,False
2479,24,2026-07-05 02:36:00,2969.0,CREDIT,Local Store,Ludhiana,False
2480,10,2026-05-04 11:12:00,1791.63,DEBIT,Shell,Ludhiana,False
2481,12,2026-06-05 17:28:00,1557.16,DEBIT,Myntra,Hyderabad,False
2482,27,2026-02-02 13:02:00,1261.53,CREDIT,Shell,Mumbai,False
2483,80,2026-04-28 04:18:00,1711.51,DEBIT,Myntra,Mumbai,False
2484,88,2026-01-11 21:47:00,2033.8,CREDIT,Amazon,Hyderabad,False
2485,2,2026-01-12 01:10:00,4253.44,CREDIT,Walmart,Bangalore,False
2486,22,2026-01-30 12:20:00,2430.41,CREDIT,Walmart,Pune,False
2487,25,2026-05-16 06:33:00,2907.6,CREDIT,Amazon,Hyderabad,False
2488,81,2026-02-24 12:45:00,2890.7,DEBIT,Flipkart,Bangalore,False
2489,49,2026-04-17 08:44:00,3813.99,DEBIT,Apple,Mumbai,False
2490,11,2026-07-16 14:42:00,2115.11,DEBIT,Myntra,Bangalore,False
2491,63,2026-04-16 05:07:00,2895.91,CREDIT,Shell,Ludhiana,False
2492,6,2026-07-04 15:29:00,1641.95,DEBIT,Swiggy,Chandigarh,False
2493,4,2026-05-18 14:06:00,943.91,CREDIT,Flipkart,Pune,False
2494,44,2026-04-11 03:40:00,999.14,DEBIT,Shell,Mumbai,False
2495,52,2026-07-06 07:09:00,2606.27,CREDIT,Netflix,Bangalore,False
2496,48,2026-03-03 23:32:00,4101.94,DEBIT,Local Store,Chandigarh,False
2497,94,2026-03-17 16:48:00,634.79,DEBIT,Netflix,Chandigarh,False
2498,78,2026-05-10 06:42:00,2866.4,DEBIT,Amazon,Hyderabad,False
2499,80,2026-02-15 18:57:00,5889.95,DEBIT,Walmart,Delhi,False
2500,35,2026-05-23 14:31:00,3521.51,CREDIT,Apple,Hyderabad,False
2501,68,2026-04-05 04:13:00,753.89,DEBIT,Uber,Ludhiana,False
2502,61,2026-07-07 17:56:00,2453.91,CREDIT,Netflix,Chandigarh,False
2503,92,2026-02-26 09:11:00,3584.51,DEBIT,Walmart,Mumbai,False
2504,90,2026-03-04 05:05:00,2263.3,DEBIT,Shell,Ludhiana,False
2505,83,2026-03-30 08:53:00,3403.18,DEBIT,Swiggy,Hyderabad,False
2506,92,2026-07-12 08:32:00,811.19,DEBIT,Swiggy,Mumbai,False
2507,14,2026-05-23 01:28:00,1927.79,CREDIT,Apple,Pune,False
2508,50,2026-05-17 01:08:00,1082.24,CREDIT,Apple,Hyderabad,False
2509,6,2026-07-17 20:54:00,1468.38,DEBIT,Uber,Bangalore,False
2510,25,2026-01-09 11:17:00,2948.65,CREDIT,Walmart,Chandigarh,False
2511,49,2026-07-13 02:18:00,2130.42,DEBIT,Shell,Delhi,False
2512,99,2026-03-29 21:45:00,786.69,DEBIT,Shell,Pune,False
2513,65,2026-02-18 21:07:00,3109.68,DEBIT,Myntra,Ludhiana,False
2514,90,2026-01-14 16:02:00,640.46,DEBIT,Apple,Pune,False
2515,82,2026-03-18 01:43:00,843.33,CREDIT,Flipkart,Mumbai,False
2516,68,2026-02-14 11:37:00,1415.14,DEBIT,Swiggy,Pune,False
2517,29,2026-06-15 13:36:00,4284.64,DEBIT,Shell,Chandigarh,False
2518,93,2026-01-18 14:19:00,3999.54,DEBIT,Local Store,Mumbai,False
2519,31,2026-05-28 10:53:00,2811.67,DEBIT,Flipkart,Mumbai,False
2520,6,2026-01-28 23:26:00,3926.72,CREDIT,Walmart,Hyderabad,False
2521,79,2026-02-04 16:48:00,1419.5,CREDIT,Myntra,Ludhiana,False
2522,53,2026-07-10 22:55:00,4058.68,DEBIT,Amazon,Delhi,False
2523,24,2026-05-02 19:40:00,2086.47,DEBIT,Swiggy,Delhi,False
2524,71,2026-01-05 18:38:00,1157.1,DEBIT,Netflix,Pune,False
2525,49,2026-02-13 13:57:00,1619.15,DEBIT,Swiggy,Delhi,False
2526,80,2026-05-06 21:34:00,2769.49,DEBIT,Uber,Delhi,False
2527,10,2026-04-15 10:24:00,2120.36,DEBIT,Walmart,Ludhiana,False
2528,38,2026-06-23 19:07:00,1600.06,DEBIT,Flipkart,Hyderabad,False
2529,4,2026-02-27 09:48:00,3172.39,DEBIT,Netflix,Ludhiana,False
2530,78,2026-06-14 07:26:00,2067.04,DEBIT,Apple,Bangalore,False
2531,44,2026-04-18 00:33:00,3543.39,DEBIT,Uber,Ludhiana,False
2532,69,2026-05-14 13:27:00,3076.67,DEBIT,Amazon,Hyderabad,False
2533,44,2026-01-17 21:05:00,1951.04,CREDIT,Shell,Pune,False
2534,13,2026-01-07 13:00:00,917.62,DEBIT,Amazon,Mumbai,False
2535,8,2026-02-02 04:16:00,3046.12,CREDIT,Amazon,Chandigarh,False
2536,20,2026-03-19 11:56:00,4435.07,DEBIT,Walmart,Mumbai,False
2537,99,2026-07-05 08:22:00,1761.89,CREDIT,Shell,Mumbai,False
2538,56,2026-06-26 16:21:00,2641.41,DEBIT,Swiggy,Hyderabad,False
2539,72,2026-04-07 00:58:00,3764.01,DEBIT,Apple,Pune,False
2540,6,2026-07-21 21:33:00,1158.42,DEBIT,Amazon,Hyderabad,False
2541,68,2026-07-20 08:29:00,5146.53,DEBIT,Shell,Mumbai,False
2542,53,2026-05-17 06:42:00,548.44,DEBIT,Local Store,Pune,False
2543,16,2026-01-18 06:59:00,639.27,DEBIT,Shell,Bangalore,False
2544,73,2026-04-16 08:22:00,2373.95,DEBIT,Apple,Ludhiana,False
2545,24,2026-03-02 07:02:00,4422.53,DEBIT,Swiggy,Hyderabad,False
2546,77,2026-06-03 04:27:00,2692.41,DEBIT,Local Store,Ludhiana,False
2547,49,2026-06-16 02:21:00,3264.34,DEBIT,Walmart,Ludhiana,False
2548,38,2026-05-20 20:18:00,700.81,CREDIT,Local Store,Mumbai,False
2549,19,2026-04-23 17:16:00,2068.78,DEBIT,Local Store,Ludhiana,False
2550,25,2026-02-09 10:49:00,4939.45,CREDIT,Uber,Hyderabad,False
2551,100,2026-06-06 12:18:00,4435.26,CREDIT,Swiggy,Ludhiana,False
2552,72,2026-01-09 08:38:00,6892.57,DEBIT,Shell,Chandigarh,False
2553,20,2026-01-12 02:41:00,3009.74,CREDIT,Myntra,Mumbai,False
2554,96,2026-03-25 01:15:00,1892.84,DEBIT,Shell,Ludhiana,False
2555,29,2026-07-09 09:39:00,1405.44,DEBIT,Uber,Pune,False
2556,72,2026-04-14 15:45:00,2087.77,CREDIT,Amazon,Bangalore,False
2557,53,2026-06-08 01:38:00,4952.54,DEBIT,Flipkart,Delhi,False
2558,71,2026-05-28 21:42:00,4505.82,CREDIT,Local Store,Hyderabad,False
2559,46,2026-07-20 11:20:00,3606.39,DEBIT,Swiggy,Ludhiana,False
2560,49,2026-03-20 20:57:00,2651.81,DEBIT,Amazon,Ludhiana,False
2561,62,2026-03-11 06:44:00,5729.49,CREDIT,Shell,Bangalore,False
2562,74,2026-02-13 18:12:00,2565.58,CREDIT,Apple,Hyderabad,False
2563,25,2026-04-24 03:18:00,3541.09,DEBIT,Shell,Bangalore,False
2564,81,2026-03-01 19:11:00,4929.18,CREDIT,Myntra,Hyderabad,False
2565,29,2026-05-22 17:38:00,429.54,DEBIT,Walmart,Delhi,False
2566,15,2026-07-03 11:08:00,3141.86,CREDIT,Netflix,Delhi,False
2567,11,2026-01-10 06:41:00,3818.75,CREDIT,Amazon,Delhi,False
2568,49,2026-04-12 16:05:00,2278.35,DEBIT,Walmart,Bangalore,False
2569,81,2026-03-06 12:18:00,3675.08,DEBIT,Shell,Mumbai,False
2570,75,2026-02-22 07:12:00,3953.86,DEBIT,Amazon,Pune,False
2571,48,2026-06-11 04:19:00,1479.51,DEBIT,Local Store,Bangalore,False
2572,51,2026-06-13 11:38:00,1286.07,DEBIT,Uber,Pune,False
2573,52,2026-01-08 02:03:00,3492.27,DEBIT,Shell,Hyderabad,False
2574,12,2026-06-22 15:05:00,4124.59,DEBIT,Swiggy,Delhi,False
2575,21,2026-01-09 06:39:00,3302.31,CREDIT,Swiggy,Ludhiana,False
2576,87,2026-03-13 02:16:00,2789.92,DEBIT,Netflix,Mumbai,False
2577,59,2026-03-04 08:23:00,2429.78,DEBIT,Netflix,Bangalore,False
2578,52,2026-01-29 19:37:00,753.28,DEBIT,Myntra,Delhi,False
2579,27,2026-03-01 11:39:00,4844.63,DEBIT,Amazon,Chandigarh,False
2580,15,2026-07-06 21:14:00,1353.2,DEBIT,Flipkart,Mumbai,False
2581,60,2026-03-21 11:07:00,2168.54,DEBIT,Myntra,Delhi,False
2582,86,2026-01-18 21:46:00,2650.98,DEBIT,Uber,Hyderabad,False
2583,75,2026-02-04 09:53:00,2263.98,DEBIT,Swiggy,Bangalore,False
2584,37,2026-03-16 14:21:00,5943.52,DEBIT,Apple,Hyderabad,False
2585,14,2026-07-01 22:04:00,1009.11,CREDIT,Shell,Mumbai,False
2586,24,2026-02-03 14:15:00,735.93,CREDIT,Myntra,Hyderabad,False
2587,76,2026-06-02 20:51:00,3335.35,DEBIT,Uber,Ludhiana,False
2588,70,2026-06-09 10:41:00,2681.33,CREDIT,Netflix,Hyderabad,False
2589,55,2026-02-11 20:45:00,4635.2,DEBIT,Shell,Mumbai,False
2590,70,2026-01-11 14:46:00,5214.1,DEBIT,Flipkart,Mumbai,False
2591,74,2026-07-18 06:46:00,4078.26,CREDIT,Swiggy,Chandigarh,False
2592,88,2026-06-24 03:38:00,4609.07,DEBIT,Amazon,Chandigarh,False
2593,64,2026-01-06 15:06:00,999.71,DEBIT,Flipkart,Hyderabad,False
2594,1,2026-03-04 05:41:00,2728.16,DEBIT,Uber,Mumbai,False
2595,81,2026-05-14 06:30:00,1970.65,DEBIT,Amazon,Hyderabad,False
2596,43,2026-02-08 04:38:00,2650.12,DEBIT,Apple,Chandigarh,False
2597,73,2026-01-27 11:43:00,1559.52,CREDIT,Local Store,Mumbai,False
2598,42,2026-01-15 08:35:00,3545.47,CREDIT,Shell,Ludhiana,False
2599,69,2026-04-16 03:36:00,3854.21,DEBIT,Shell,Hyderabad,False
2600,3,2026-01-14 18:11:00,6049.65,DEBIT,Flipkart,Hyderabad,False
2601,5,2026-06-07 16:55:00,4472.39,CREDIT,Local Store,Pune,False
2602,89,2026-02-17 07:51:00,1353.73,CREDIT,Apple,Ludhiana,False
2603,44,2026-01-31 14:07:00,3252.36,DEBIT,Apple,Bangalore,False
2604,58,2026-01-14 00:49:00,2647.33,DEBIT,Myntra,Delhi,False
2605,46,2026-06-23 21:20:00,4791.14,DEBIT,Netflix,Ludhiana,False
2606,99,2026-06-14 13:41:00,6395.09,DEBIT,Apple,Chandigarh,False
2607,100,2026-06-17 23:49:00,595.18,DEBIT,Myntra,Ludhiana,False
2608,69,2026-06-08 21:53:00,2005.2,DEBIT,Shell,Chandigarh,False
2609,92,2026-03-13 10:00:00,4599.55,DEBIT,Myntra,Pune,False
2610,5,2026-07-10 22:09:00,3601.11,DEBIT,Amazon,Chandigarh,False
2611,83,2026-04-09 01:25:00,1164.1,DEBIT,Amazon,Pune,False
2612,47,2026-05-01 19:59:00,3391.72,DEBIT,Myntra,Ludhiana,False
2613,5,2026-05-05 17:57:00,729.27,DEBIT,Flipkart,Bangalore,False
2614,33,2026-06-17 17:32:00,1510.49,DEBIT,Local Store,Chandigarh,False
2615,26,2026-03-31 19:02:00,1311.37,DEBIT,Uber,Pune,False
2616,69,2026-05-23 11:58:00,2660.58,CREDIT,Netflix,Hyderabad,False
2617,25,2026-05-28 10:04:00,3743.2,DEBIT,Uber,Bangalore,False
2618,11,2026-03-09 22:33:00,2903.21,CREDIT,Shell,Hyderabad,False
2619,44,2026-05-22 15:48:00,4285.32,CREDIT,Uber,Ludhiana,False
2620,22,2026-03-22 22:13:00,2166.56,DEBIT,Flipkart,Ludhiana,False
2621,78,2026-01-30 09:22:00,33004.34,DEBIT,Local Store,Mumbai,True
2622,91,2026-06-28 06:28:00,2553.45,DEBIT,Shell,Bangalore,False
2623,50,2026-06-27 14:11:00,4575.51,DEBIT,Apple,Hyderabad,False
2624,34,2026-02-13 16:22:00,1484.79,DEBIT,Shell,Hyderabad,False
2625,74,2026-03-02 00:10:00,1064.15,DEBIT,Amazon,Mumbai,False
2626,67,2026-03-27 22:21:00,2204.71,DEBIT,Apple,Hyderabad,False
2627,5,2026-04-17 21:57:00,740.95,DEBIT,Myntra,Delhi,False
2628,42,2026-03-20 20:38:00,5021.14,DEBIT,Uber,Bangalore,False
2629,80,2026-07-10 23:22:00,5012.48,CREDIT,Walmart,Mumbai,False
2630,55,2026-01-06 20:18:00,1862.22,DEBIT,Local Store,Bangalore,False
2631,20,2026-02-01 17:24:00,3365.54,CREDIT,Amazon,Hyderabad,False
2632,46,2026-07-12 16:19:00,1175.74,DEBIT,Walmart,Pune,False
2633,76,2026-06-24 00:56:00,1954.97,CREDIT,Amazon,Bangalore,False
2634,47,2026-07-11 19:06:00,944.81,CREDIT,Shell,Hyderabad,False
2635,99,2026-06-05 21:14:00,2213.5,DEBIT,Swiggy,Delhi,False
2636,42,2026-06-01 06:48:00,4896.19,DEBIT,Myntra,Ludhiana,False
2637,57,2026-07-05 18:16:00,1913.71,DEBIT,Flipkart,Pune,False
2638,86,2026-06-03 15:10:00,1576.04,DEBIT,Flipkart,Hyderabad,False
2639,41,2026-04-21 21:07:00,4497.74,DEBIT,Local Store,Delhi,False
2640,11,2026-05-01 23:38:00,3437.37,DEBIT,Amazon,Mumbai,False
2641,1,2026-03-25 14:02:00,6409.23,DEBIT,Local Store,Pune,False
2642,30,2026-02-12 03:17:00,926.38,DEBIT,Flipkart,Hyderabad,False
2643,41,2026-03-16 07:22:00,996.42,DEBIT,Swiggy,Ludhiana,False
2644,95,2026-04-21 09:56:00,1330.19,DEBIT,Apple,Hyderabad,False
2645,67,2026-06-28 15:11:00,2156.15,CREDIT,Uber,Chandigarh,False
2646,89,2026-06-13 11:27:00,6061.06,DEBIT,Myntra,Pune,False
2647,38,2026-07-07 14:52:00,3450.66,DEBIT,Uber,Bangalore,False
2648,37,2026-07-11 10:45:00,1474.08,CREDIT,Netflix,Hyderabad,False
2649,23,2026-01-23 21:45:00,3838.64,DEBIT,Uber,Mumbai,False
2650,78,2026-01-03 13:54:00,1017.91,CREDIT,Apple,Ludhiana,False
2651,12,2026-06-01 05:32:00,736.16,DEBIT,Apple,Chandigarh,False
2652,21,2026-05-06 14:43:00,681.89,DEBIT,Amazon,Ludhiana,False
2653,22,2026-03-06 10:08:00,2677.89,DEBIT,Uber,Bangalore,False
2654,62,2026-05-13 05:34:00,3163.73,DEBIT,Shell,Pune,False
2655,35,2026-04-29 11:41:00,1711.17,CREDIT,Uber,Ludhiana,False
2656,12,2026-06-15 03:23:00,3760.81,CREDIT,Swiggy,Pune,False
2657,71,2026-06-10 00:43:00,1689.69,CREDIT,Walmart,Pune,False
2658,61,2026-03-20 07:17:00,1353.8,DEBIT,Netflix,Chandigarh,False
2659,92,2026-01-11 15:44:00,5008.69,CREDIT,Flipkart,Mumbai,False
2660,23,2026-03-19 22:49:00,1001.78,CREDIT,Swiggy,Mumbai,False
2661,13,2026-04-21 09:23:00,4221.99,DEBIT,Netflix,Ludhiana,False
2662,71,2026-04-29 08:47:00,747.71,CREDIT,Flipkart,Pune,False
2663,32,2026-04-23 03:52:00,4830.39,DEBIT,Apple,Chandigarh,False
2664,16,2026-06-29 12:47:00,2038.17,DEBIT,Netflix,Mumbai,False
2665,51,2026-04-03 10:34:00,2352.5,DEBIT,Local Store,Hyderabad,False
2666,100,2026-02-12 09:48:00,2423.17,DEBIT,Uber,Chandigarh,False
2667,78,2026-03-05 11:19:00,4936.72,DEBIT,Myntra,Delhi,False
2668,21,2026-06-20 13:54:00,594.79,DEBIT,Shell,Chandigarh,False
2669,93,2026-07-23 06:36:00,472.74,DEBIT,Shell,Mumbai,False
2670,17,2026-02-05 21:11:00,1209.38,CREDIT,Uber,Hyderabad,False
2671,47,2026-03-05 02:01:00,2574.66,DEBIT,Amazon,Delhi,False
2672,34,2026-06-19 12:29:00,2031.59,DEBIT,Shell,Ludhiana,False
2673,65,2026-05-16 12:16:00,2845.9,DEBIT,Shell,Bangalore,False
2674,24,2026-01-23 03:59:00,1789.81,DEBIT,Amazon,Mumbai,False
2675,3,2026-04-27 18:37:00,1433.09,DEBIT,Walmart,Chandigarh,False
2676,9,2026-03-18 11:27:00,3164.53,CREDIT,Local Store,Hyderabad,False
2677,12,2026-05-07 19:02:00,719.79,CREDIT,Amazon,Delhi,False
2678,39,2026-07-06 04:30:00,1763.6,DEBIT,Netflix,Delhi,False
2679,79,2026-01-31 02:11:00,5375.74,CREDIT,Netflix,Pune,False
2680,76,2026-02-11 22:22:00,2274.5,DEBIT,Uber,Chandigarh,False
2681,7,2026-06-17 14:33:00,3302.34,DEBIT,Swiggy,Chandigarh,False
2682,97,2026-02-02 11:45:00,3043.63,DEBIT,Walmart,Delhi,False
2683,49,2026-01-12 14:53:00,2562.79,DEBIT,Myntra,Mumbai,False
2684,93,2026-07-12 15:49:00,2277.63,DEBIT,Myntra,Mumbai,False
2685,26,2026-03-12 01:36:00,4648.26,DEBIT,Swiggy,Chandigarh,False
2686,44,2026-03-07 02:42:00,1188.35,DEBIT,Myntra,Pune,False
2687,86,2026-04-13 16:32:00,4231.56,CREDIT,Uber,Delhi,False
2688,12,2026-05-24 17:40:00,1574.78,CREDIT,Shell,Mumbai,False
2689,44,2026-04-15 09:20:00,3507.71,DEBIT,Swiggy,Mumbai,False
2690,3,2026-05-14 12:30:00,3840.35,DEBIT,Flipkart,Pune,False
2691,49,2026-03-20 03:21:00,5890.01,DEBIT,Local Store,Ludhiana,False
2692,45,2026-06-30 18:59:00,1255.55,DEBIT,Amazon,Hyderabad,False
2693,13,2026-05-11 17:07:00,1327.18,DEBIT,Shell,Bangalore,False
2694,70,2026-02-17 10:52:00,2235.34,DEBIT,Netflix,Hyderabad,False
2695,4,2026-02-21 06:43:00,2279.05,DEBIT,Myntra,Delhi,False
2696,55,2026-06-24 12:16:00,1250.98,DEBIT,Netflix,Ludhiana,False
2697,64,2026-02-01 02:00:00,2055.92,DEBIT,Swiggy,Chandigarh,False
2698,76,2026-02-16 01:13:00,781.29,DEBIT,Apple,Ludhiana,False
2699,84,2026-02-27 17:51:00,5568.67,CREDIT,Amazon,Mumbai,False
2700,90,2026-04-01 21:53:00,4201.57,DEBIT,Amazon,Delhi,False
2701,3,2026-06-14 09:02:00,3971.43,DEBIT,Flipkart,Chandigarh,False
2702,40,2026-05-07 17:09:00,2842.82,DEBIT,Flipkart,Bangalore,False
2703,55,2026-02-19 19:53:00,5065.83,CREDIT,Apple,Chandigarh,False
2704,56,2026-01-22 15:01:00,479.73,DEBIT,Walmart,Hyderabad,False
2705,66,2026-05-31 05:06:00,1178.36,DEBIT,Shell,Mumbai,False
2706,13,2026-02-02 18:15:00,3622.96,DEBIT,Myntra,Mumbai,False
2707,55,2026-05-14 08:17:00,2004.8,CREDIT,Myntra,Delhi,False
2708,19,2026-02-09 09:18:00,2904.52,CREDIT,Flipkart,Pune,False
2709,8,2026-03-31 17:58:00,2649.49,DEBIT,Amazon,Chandigarh,False
2710,92,2026-01-18 09:40:00,1637.56,DEBIT,Apple,Bangalore,False
2711,68,2026-02-11 13:56:00,3994.23,DEBIT,Netflix,Delhi,False
2712,3,2026-07-13 13:59:00,3068.48,DEBIT,Shell,Pune,False
2713,46,2026-03-16 11:29:00,2266.76,DEBIT,Walmart,Ludhiana,False
2714,1,2026-03-14 22:49:00,1356.63,CREDIT,Local Store,Chandigarh,False
2715,21,2026-06-09 06:42:00,5190.2,DEBIT,Swiggy,Chandigarh,False
2716,20,2026-07-11 00:09:00,743.69,DEBIT,Netflix,Hyderabad,False
2717,18,2026-05-27 17:19:00,3417.63,CREDIT,Swiggy,Chandigarh,False
2718,13,2026-01-10 01:52:00,1916.66,DEBIT,Walmart,Hyderabad,False
2719,15,2026-04-02 20:46:00,498.64,DEBIT,Amazon,Delhi,False
2720,96,2026-07-18 00:28:00,2773.54,DEBIT,Shell,Delhi,False
2721,92,2026-01-02 02:26:00,2665.25,DEBIT,Flipkart,Mumbai,False
2722,86,2026-03-04 16:00:00,3129.08,DEBIT,Amazon,Bangalore,False
2723,79,2026-06-30 22:01:00,4290.38,DEBIT,Swiggy,Hyderabad,False
2724,78,2026-03-23 10:33:00,3108.13,DEBIT,Walmart,Mumbai,False
2725,60,2026-07-22 15:08:00,2583.23,DEBIT,Apple,Delhi,False
2726,53,2026-02-24 01:05:00,2656.54,CREDIT,Netflix,Chandigarh,False
2727,37,2026-03-05 10:08:00,3236.52,DEBIT,Flipkart,Chandigarh,False
2728,24,2026-07-07 15:31:00,1493.51,DEBIT,Local Store,Ludhiana,False
2729,38,2026-01-06 08:06:00,5314.58,DEBIT,Walmart,Pune,False
2730,34,2026-02-20 19:33:00,704.49,DEBIT,Amazon,Mumbai,False
2731,60,2026-02-08 11:32:00,346.52,CREDIT,Walmart,Chandigarh,False
2732,8,2026-01-10 23:40:00,4850.94,DEBIT,Apple,Delhi,False
2733,70,2026-07-28 02:23:00,5011.03,DEBIT,Shell,Ludhiana,False
2734,65,2026-06-13 07:45:00,3700.53,CREDIT,Uber,Delhi,False
2735,11,2026-04-16 12:01:00,6819.15,DEBIT,Shell,Delhi,False
2736,10,2026-04-05 16:13:00,4407.22,CREDIT,Apple,Ludhiana,False
2737,18,2026-07-10 00:50:00,1762.43,CREDIT,Shell,Pune,False
2738,30,2026-07-04 12:54:00,4344.57,DEBIT,Flipkart,Chandigarh,False
2739,2,2026-06-02 11:25:00,3080.45,DEBIT,Myntra,Bangalore,False
2740,61,2026-03-07 11:22:00,3575.11,CREDIT,Netflix,Chandigarh,False
2741,73,2026-01-31 14:17:00,803.32,DEBIT,Uber,Ludhiana,False
2742,64,2026-03-02 04:50:00,3315.57,DEBIT,Local Store,Pune,False
2743,55,2026-06-23 17:16:00,2176.98,CREDIT,Amazon,Bangalore,False
2744,6,2026-02-12 22:20:00,3123.92,DEBIT,Apple,Hyderabad,False
2745,12,2026-07-20 22:07:00,3214.14,DEBIT,Netflix,Mumbai,False
2746,63,2026-07-21 10:02:00,1970.87,CREDIT,Shell,Mumbai,False
2747,43,2026-05-25 23:09:00,2761.43,DEBIT,Uber,Bangalore,False
2748,82,2026-06-03 12:16:00,945.77,DEBIT,Apple,Hyderabad,False
2749,79,2026-06-06 07:21:00,1355.6,CREDIT,Amazon,Bangalore,False
2750,58,2026-06-11 15:15:00,2478.47,DEBIT,Amazon,Mumbai,False
2751,72,2026-03-30 12:44:00,1796.26,CREDIT,Swiggy,Bangalore,False
2752,70,2026-03-22 19:53:00,3247.08,DEBIT,Apple,Ludhiana,False
2753,52,2026-02-20 01:08:00,1897.75,CREDIT,Apple,Chandigarh,False
2754,62,2026-07-11 22:49:00,1176.39,CREDIT,Myntra,Ludhiana,False
2755,74,2026-01-27 21:20:00,1184.58,DEBIT,Netflix,Hyderabad,False
2756,15,2026-04-01 09:32:00,3344.35,CREDIT,Flipkart,Pune,False
2757,97,2026-03-16 11:34:00,4472.26,CREDIT,Swiggy,Delhi,False
2758,30,2026-01-01 03:42:00,1292.05,DEBIT,Flipkart,Mumbai,False
2759,32,2026-05-02 00:59:00,690.76,DEBIT,Amazon,Mumbai,False
2760,47,2026-04-20 23:41:00,6037.68,DEBIT,Myntra,Mumbai,False
2761,34,2026-03-12 08:37:00,1250.42,DEBIT,Apple,Bangalore,False
2762,4,2026-01-24 00:04:00,4552.58,DEBIT,Myntra,Hyderabad,False
2763,95,2026-02-16 03:47:00,3623.12,CREDIT,Apple,Ludhiana,False
2764,69,2026-01-16 05:31:00,2405.66,DEBIT,Shell,Ludhiana,False
2765,94,2026-04-09 20:23:00,315.86,DEBIT,Walmart,Chandigarh,False
2766,35,2026-02-08 01:53:00,3014.58,CREDIT,Netflix,Hyderabad,False
2767,42,2026-07-18 18:16:00,4313.55,CREDIT,Swiggy,Ludhiana,False
2768,85,2026-04-01 15:35:00,2423.73,CREDIT,Local Store,Chandigarh,False
2769,90,2026-04-24 17:21:00,1520.34,DEBIT,Walmart,Bangalore,False
2770,44,2026-01-18 22:47:00,3812.51,CREDIT,Walmart,Delhi,False
2771,79,2026-06-23 22:42:00,964.65,CREDIT,Flipkart,Mumbai,False
2772,90,2026-01-17 04:44:00,4248.75,CREDIT,Flipkart,Delhi,False
2773,10,2026-07-15 19:31:00,1695.46,DEBIT,Shell,Hyderabad,False
2774,51,2026-05-30 13:32:00,1702.61,DEBIT,Uber,Delhi,False
2775,66,2026-01-03 19:05:00,2614.17,DEBIT,Amazon,Delhi,False
2776,77,2026-02-19 11:23:00,4483.61,DEBIT,Apple,Ludhiana,False
2777,75,2026-04-10 18:00:00,2501.22,CREDIT,Shell,Ludhiana,False
2778,56,2026-04-30 00:16:00,2840.37,DEBIT,Swiggy,Bangalore,False
2779,21,2026-05-13 14:19:00,595.25,DEBIT,Myntra,Hyderabad,False
2780,57,2026-07-27 23:18:00,1605.98,CREDIT,Myntra,Hyderabad,False
2781,40,2026-01-11 12:27:00,4586.59,DEBIT,Swiggy,Mumbai,False
2782,32,2026-05-28 06:01:00,4200.34,DEBIT,Swiggy,Hyderabad,False
2783,17,2026-01-20 17:32:00,4798.0,DEBIT,Walmart,Chandigarh,False
2784,81,2026-03-25 08:10:00,2480.85,DEBIT,Amazon,Delhi,False
2785,89,2026-02-25 09:33:00,2633.6,DEBIT,Apple,Mumbai,False
2786,98,2026-06-24 04:00:00,4999.89,DEBIT,Myntra,Bangalore,False
2787,52,2026-01-29 18:52:00,1062.97,DEBIT,Uber,Bangalore,False
2788,91,2026-07-03 06:25:00,5346.54,DEBIT,Apple,Ludhiana,False
2789,67,2026-07-15 11:04:00,3470.85,CREDIT,Amazon,Delhi,False
2790,61,2026-06-25 04:47:00,3146.01,CREDIT,Myntra,Ludhiana,False
2791,17,2026-05-11 11:26:00,1780.13,CREDIT,Myntra,Hyderabad,False
2792,2,2026-02-19 02:51:00,5423.8,DEBIT,Swiggy,Hyderabad,False
2793,34,2026-02-10 09:07:00,3602.47,DEBIT,Uber,Delhi,False
2794,27,2026-06-24 07:08:00,2300.21,DEBIT,Flipkart,Mumbai,False
2795,56,2026-01-18 12:14:00,1625.11,CREDIT,Myntra,Ludhiana,False
2796,45,2026-05-15 03:57:00,4243.99,DEBIT,Apple,Ludhiana,False
2797,23,2026-07-03 07:19:00,2325.72,CREDIT,Flipkart,Bangalore,False
2798,47,2026-04-08 16:55:00,4999.22,CREDIT,Amazon,Delhi,False
2799,87,2026-06-20 02:39:00,4702.12,DEBIT,Flipkart,Pune,False
2800,19,2026-01-28 22:14:00,6019.08,CREDIT,Walmart,Mumbai,False
2801,25,2026-06-28 20:38:00,1118.7,CREDIT,Local Store,Pune,False
2802,11,2026-05-25 23:02:00,1858.48,CREDIT,Netflix,Mumbai,False
2803,86,2026-01-12 04:18:00,1348.39,DEBIT,Netflix,Hyderabad,False
2804,72,2026-01-27 11:55:00,1989.94,DEBIT,Myntra,Bangalore,False
2805,92,2026-05-21 21:52:00,315.61,DEBIT,Netflix,Hyderabad,False
2806,6,2026-03-12 18:21:00,1450.07,DEBIT,Amazon,Chandigarh,False
2807,78,2026-02-22 17:30:00,6067.39,DEBIT,Apple,Ludhiana,False
2808,30,2026-04-22 06:13:00,1931.21,DEBIT,Amazon,Delhi,False
2809,90,2026-05-25 07:15:00,3971.25,DEBIT,Myntra,Chandigarh,False
2810,65,2026-06-04 17:34:00,1252.69,CREDIT,Flipkart,Mumbai,False
2811,36,2026-06-05 15:31:00,2531.63,DEBIT,Amazon,Hyderabad,False
2812,69,2026-05-12 15:59:00,995.77,DEBIT,Walmart,Chandigarh,False
2813,78,2026-04-27 16:33:00,1917.81,DEBIT,Netflix,Pune,False
2814,77,2026-07-02 21:30:00,1196.82,DEBIT,Shell,Pune,False
2815,33,2026-06-04 22:49:00,4249.58,DEBIT,Local Store,Ludhiana,False
2816,66,2026-01-23 04:20:00,2199.18,CREDIT,Apple,Bangalore,False
2817,62,2026-06-13 15:02:00,3699.84,DEBIT,Uber,Bangalore,False
2818,49,2026-07-16 18:29:00,1873.83,CREDIT,Swiggy,Pune,False
2819,33,2026-03-24 10:10:00,1434.18,DEBIT,Local Store,Chandigarh,False
2820,21,2026-02-07 13:48:00,3201.28,DEBIT,Uber,Delhi,False
2821,83,2026-07-26 06:51:00,2603.16,CREDIT,Netflix,Mumbai,False
2822,67,2026-07-22 19:32:00,4401.42,CREDIT,Netflix,Mumbai,False
2823,19,2026-01-01 18:27:00,1063.37,DEBIT,Amazon,Delhi,False
2824,89,2026-05-19 03:16:00,2736.19,DEBIT,Walmart,Delhi,False
2825,4,2026-06-25 01:42:00,2080.93,DEBIT,Swiggy,Delhi,False
2826,2,2026-03-10 22:34:00,2152.11,CREDIT,Flipkart,Chandigarh,False
2827,12,2026-04-27 06:18:00,2085.38,DEBIT,Netflix,Pune,False
2828,11,2026-06-25 16:55:00,2866.56,CREDIT,Apple,Chandigarh,False
2829,97,2026-05-29 18:59:00,3437.11,DEBIT,Local Store,Bangalore,False
2830,87,2026-03-14 07:00:00,3883.47,DEBIT,Amazon,Chandigarh,False
2831,97,2026-04-30 22:33:00,2549.02,CREDIT,Local Store,Chandigarh,False
2832,57,2026-01-17 18:37:00,5184.81,DEBIT,Swiggy,Chandigarh,False
2833,86,2026-05-24 01:58:00,2228.86,CREDIT,Flipkart,Bangalore,False
2834,12,2026-03-23 20:17:00,4049.15,DEBIT,Apple,Delhi,False
2835,58,2026-04-08 21:22:00,3755.18,CREDIT,Local Store,Chandigarh,False
2836,6,2026-07-24 12:11:00,3433.89,DEBIT,Netflix,Chandigarh,False
2837,54,2026-07-26 14:36:00,2855.01,DEBIT,Local Store,Ludhiana,False
2838,52,2026-01-06 14:47:00,1378.07,DEBIT,Shell,Mumbai,False
2839,70,2026-06-22 00:34:00,1220.84,DEBIT,Shell,Pune,False
2840,85,2026-01-27 10:48:00,2767.39,CREDIT,Flipkart,Delhi,False
2841,48,2026-07-27 07:03:00,3232.5,CREDIT,Myntra,Chandigarh,False
2842,3,2026-01-09 02:39:00,3991.45,DEBIT,Walmart,Mumbai,False
2843,56,2026-07-10 01:06:00,4557.72,CREDIT,Local Store,Ludhiana,False
2844,24,2026-01-29 15:20:00,1691.88,DEBIT,Shell,Hyderabad,False
2845,1,2026-01-27 12:28:00,5192.7,CREDIT,Myntra,Bangalore,False
2846,43,2026-02-12 21:09:00,2685.37,CREDIT,Myntra,Chandigarh,False
2847,59,2026-05-21 05:01:00,2441.79,DEBIT,Local Store,Mumbai,False
2848,10,2026-07-20 18:25:00,1142.86,DEBIT,Uber,Bangalore,False
2849,12,2026-03-06 10:52:00,1631.64,DEBIT,Uber,Mumbai,False
2850,78,2026-01-28 02:32:00,3203.46,DEBIT,Myntra,Delhi,False
2851,91,2026-04-07 23:50:00,5216.15,DEBIT,Uber,Delhi,False
2852,71,2026-06-26 23:39:00,1850.91,DEBIT,Amazon,Bangalore,False
2853,56,2026-05-14 16:22:00,5363.38,DEBIT,Myntra,Hyderabad,False
2854,1,2026-01-19 02:59:00,4969.17,DEBIT,Walmart,Pune,False
2855,52,2026-01-20 05:43:00,1391.23,DEBIT,Myntra,Mumbai,False
2856,28,2026-06-21 02:56:00,3296.43,DEBIT,Uber,Ludhiana,False
2857,21,2026-04-12 22:39:00,2780.71,CREDIT,Amazon,Delhi,False
2858,12,2026-07-08 03:04:00,1783.54,DEBIT,Uber,Mumbai,False
2859,89,2026-01-27 09:24:00,1503.89,CREDIT,Swiggy,Ludhiana,False
2860,99,2026-01-22 10:49:00,2248.57,DEBIT,Flipkart,Ludhiana,False
2861,83,2026-01-01 08:57:00,4019.31,DEBIT,Local Store,Mumbai,False
2862,60,2026-02-01 08:59:00,4331.23,DEBIT,Flipkart,Mumbai,False
2863,55,2026-06-10 09:55:00,1123.95,DEBIT,Amazon,Hyderabad,False
2864,73,2026-06-18 08:17:00,798.67,DEBIT,Walmart,Hyderabad,False
2865,56,2026-02-01 12:55:00,3139.2,DEBIT,Shell,Ludhiana,False
2866,40,2026-04-17 16:35:00,2962.09,DEBIT,Netflix,Hyderabad,False
2867,83,2026-03-19 16:10:00,843.43,DEBIT,Swiggy,Bangalore,False
2868,17,2026-06-21 22:17:00,2810.83,DEBIT,Walmart,Chandigarh,False
2869,94,2026-06-22 15:03:00,642.28,CREDIT,Netflix,Hyderabad,False
2870,40,2026-01-26 17:59:00,2981.7,DEBIT,Amazon,Bangalore,False
2871,43,2026-03-22 17:56:00,569.37,DEBIT,Uber,Delhi,False
2872,60,2026-05-12 01:13:00,5678.87,DEBIT,Myntra,Bangalore,False
2873,68,2026-06-03 03:55:00,4337.49,CREDIT,Shell,Delhi,False
2874,52,2026-06-08 12:46:00,3490.96,CREDIT,Amazon,Pune,False
2875,55,2026-04-02 12:30:00,2139.29,DEBIT,Apple,Ludhiana,False
2876,65,2026-03-06 09:34:00,1250.91,DEBIT,Flipkart,Hyderabad,False
2877,30,2026-04-19 11:13:00,3426.23,CREDIT,Swiggy,Mumbai,False
2878,70,2026-06-12 04:58:00,668.04,DEBIT,Myntra,Bangalore,False
2879,91,2026-05-13 14:37:00,564.6,DEBIT,Swiggy,Mumbai,False
2880,27,2026-01-04 13:02:00,3854.75,DEBIT,Local Store,Delhi,False
2881,70,2026-04-23 16:13:00,5569.95,DEBIT,Amazon,Pune,False
2882,77,2026-01-31 08:11:00,835.56,DEBIT,Walmart,Chandigarh,False
2883,100,2026-02-21 19:38:00,2064.86,DEBIT,Flipkart,Hyderabad,False
2884,38,2026-05-22 15:42:00,4473.83,DEBIT,Amazon,Pune,False
2885,90,2026-03-27 03:02:00,1076.44,DEBIT,Flipkart,Hyderabad,False
2886,35,2026-03-06 11:45:00,2950.74,DEBIT,Amazon,Delhi,False
2887,86,2026-07-26 00:49:00,886.23,CREDIT,Flipkart,Hyderabad,False
2888,8,2026-01-19 11:40:00,592.89,CREDIT,Walmart,Bangalore,False
2889,15,2026-05-07 08:20:00,2775.99,CREDIT,Local Store,Bangalore,False
2890,57,2026-01-12 15:32:00,1882.87,DEBIT,Myntra,Bangalore,False
2891,6,2026-02-17 00:24:00,2760.98,DEBIT,Myntra,Ludhiana,False
2892,71,2026-05-14 07:31:00,737.68,DEBIT,Amazon,Mumbai,False
2893,86,2026-03-20 17:27:00,4003.65,DEBIT,Apple,Hyderabad,False
2894,93,2026-02-13 03:37:00,562.71,DEBIT,Amazon,Bangalore,False
2895,45,2026-04-14 11:28:00,1249.06,DEBIT,Walmart,Delhi,False
2896,70,2026-02-04 03:35:00,1912.56,DEBIT,Netflix,Pune,False
2897,44,2026-05-07 00:20:00,3949.03,DEBIT,Netflix,Bangalore,False
2898,88,2026-05-12 13:29:00,2736.09,DEBIT,Swiggy,Delhi,False
2899,5,2026-01-07 23:57:00,1009.44,DEBIT,Swiggy,Ludhiana,False
2900,55,2026-07-19 08:06:00,4395.54,CREDIT,Amazon,Delhi,False
2901,70,2026-03-29 23:26:00,1834.92,CREDIT,Myntra,Ludhiana,False
2902,35,2026-03-21 07:12:00,3888.4,DEBIT,Netflix,Ludhiana,False
2903,37,2026-01-08 11:13:00,1444.81,CREDIT,Amazon,Chandigarh,False
2904,63,2026-02-27 05:25:00,778.23,CREDIT,Flipkart,Bangalore,False
2905,2,2026-03-19 08:59:00,1014.25,DEBIT,Swiggy,Bangalore,False
2906,33,2026-04-15 01:57:00,707.49,DEBIT,Walmart,Chandigarh,False
2907,69,2026-02-24 09:55:00,1143.14,DEBIT,Netflix,Hyderabad,False
2908,29,2026-01-26 09:25:00,1557.93,CREDIT,Amazon,Pune,False
2909,5,2026-01-17 21:24:00,2062.64,CREDIT,Flipkart,Mumbai,False
2910,1,2026-07-22 08:31:00,1975.73,CREDIT,Swiggy,Ludhiana,False
2911,33,2026-05-23 22:26:00,2092.57,DEBIT,Myntra,Mumbai,False
2912,18,2026-05-02 19:00:00,4712.28,DEBIT,Myntra,Bangalore,False
2913,97,2026-04-28 16:50:00,2631.09,DEBIT,Local Store,Hyderabad,False
2914,24,2026-06-04 04:34:00,743.38,DEBIT,Apple,Mumbai,False
2915,51,2026-03-07 05:42:00,834.68,DEBIT,Amazon,Pune,False
2916,19,2026-03-09 21:59:00,2421.76,DEBIT,Walmart,Bangalore,False
2917,60,2026-06-11 23:44:00,6386.08,DEBIT,Walmart,Delhi,False
2918,45,2026-07-20 12:21:00,3234.78,DEBIT,Amazon,Mumbai,False
2919,25,2026-03-04 05:29:00,2710.29,CREDIT,Walmart,Bangalore,False
2920,68,2026-06-27 23:29:00,3913.82,DEBIT,Amazon,Pune,False
2921,47,2026-03-18 23:33:00,1846.37,DEBIT,Shell,Bangalore,False
2922,43,2026-04-24 22:34:00,3494.1,DEBIT,Local Store,Pune,False
2923,60,2026-07-22 10:30:00,2223.67,DEBIT,Shell,Delhi,False
2924,91,2026-05-04 16:04:00,778.88,CREDIT,Netflix,Chandigarh,False
2925,69,2026-05-17 16:37:00,3335.47,DEBIT,Local Store,Mumbai,False
2926,66,2026-03-04 18:15:00,2435.57,DEBIT,Shell,Bangalore,False
2927,43,2026-07-07 02:38:00,4677.0,DEBIT,Uber,Mumbai,False
2928,93,2026-01-20 15:38:00,4192.07,DEBIT,Uber,Ludhiana,False
2929,28,2026-03-25 05:52:00,2153.31,CREDIT,Uber,Pune,False
2930,20,2026-04-12 11:42:00,704.95,DEBIT,Myntra,Bangalore,False
2931,84,2026-02-09 22:37:00,1859.92,DEBIT,Walmart,Chandigarh,False
2932,47,2026-01-04 17:11:00,4046.06,DEBIT,Uber,Pune,False
2933,81,2026-04-11 20:26:00,4745.07,CREDIT,Uber,Mumbai,False
2934,17,2026-05-11 18:31:00,1364.63,DEBIT,Uber,Pune,False
2935,14,2026-02-17 13:34:00,1573.35,CREDIT,Shell,Delhi,False
2936,54,2026-04-03 06:49:00,1866.42,DEBIT,Swiggy,Mumbai,False
2937,1,2026-03-26 00:50:00,3941.6,CREDIT,Myntra,Chandigarh,False
2938,59,2026-02-04 22:27:00,1671.04,CREDIT,Local Store,Ludhiana,False
2939,29,2026-02-02 15:27:00,1147.21,DEBIT,Swiggy,Pune,False
2940,88,2026-04-19 16:39:00,5016.18,DEBIT,Swiggy,Hyderabad,False
2941,78,2026-03-21 10:23:00,896.39,CREDIT,Walmart,Hyderabad,False
2942,4,2026-07-17 01:11:00,1497.51,CREDIT,Apple,Delhi,False
2943,80,2026-03-15 22:03:00,2622.27,CREDIT,Walmart,Chandigarh,False
2944,63,2026-05-28 18:28:00,718.15,DEBIT,Shell,Bangalore,False
2945,54,2026-01-15 18:35:00,5281.14,CREDIT,Swiggy,Mumbai,False
2946,90,2026-07-27 15:36:00,1926.11,DEBIT,Shell,Hyderabad,False
2947,51,2026-04-03 17:54:00,2781.5,CREDIT,Apple,Pune,False
2948,5,2026-03-13 11:42:00,2788.18,DEBIT,Apple,Ludhiana,False
2949,99,2026-05-18 05:39:00,1403.92,DEBIT,Uber,Chandigarh,False
2950,25,2026-02-19 00:56:00,1360.19,DEBIT,Swiggy,Hyderabad,False
2951,16,2026-02-20 01:00:00,1067.29,CREDIT,Flipkart,Pune,False
2952,72,2026-02-25 02:07:00,3492.97,DEBIT,Walmart,Pune,False
2953,66,2026-06-29 11:49:00,2560.59,DEBIT,Local Store,Pune,False
2954,80,2026-05-29 09:20:00,498.81,DEBIT,Uber,Pune,False
2955,31,2026-07-27 20:32:00,4997.45,DEBIT,Swiggy,Bangalore,False
2956,29,2026-03-29 04:06:00,1100.53,DEBIT,Uber,Pune,False
2957,37,2026-01-21 23:20:00,5517.81,DEBIT,Flipkart,Ludhiana,False
2958,31,2026-03-15 15:47:00,1472.75,DEBIT,Amazon,Hyderabad,False
2959,89,2026-07-12 14:29:00,2245.09,CREDIT,Myntra,Chandigarh,False
2960,4,2026-05-15 15:19:00,2673.37,DEBIT,Myntra,Hyderabad,False
2961,94,2026-06-15 03:01:00,1944.52,DEBIT,Swiggy,Ludhiana,False
2962,92,2026-04-08 16:00:00,2949.79,CREDIT,Flipkart,Mumbai,False
2963,47,2026-04-09 14:45:00,3410.67,CREDIT,Swiggy,Chandigarh,False
2964,94,2026-01-24 03:35:00,3573.01,DEBIT,Swiggy,Mumbai,False
2965,36,2026-01-03 21:12:00,1166.07,DEBIT,Local Store,Bangalore,False
2966,80,2026-02-01 20:55:00,5477.52,DEBIT,Flipkart,Mumbai,False
2967,98,2026-05-19 19:44:00,2926.19,DEBIT,Swiggy,Bangalore,False
2968,58,2026-03-29 05:02:00,1769.81,CREDIT,Amazon,Chandigarh,False
2969,36,2026-04-07 17:40:00,815.98,CREDIT,Uber,Chandigarh,False
2970,16,2026-04-07 09:36:00,6076.93,DEBIT,Shell,Ludhiana,False
2971,26,2026-04-20 14:09:00,2382.43,CREDIT,Flipkart,Bangalore,False
2972,28,2026-07-26 06:46:00,2397.2,DEBIT,Swiggy,Mumbai,False
2973,85,2026-01-07 13:54:00,4345.88,DEBIT,Amazon,Ludhiana,False
2974,83,2026-07-13 06:27:00,5847.67,DEBIT,Flipkart,Mumbai,False
2975,19,2026-07-22 18:58:00,6360.79,DEBIT,Apple,Bangalore,False
2976,21,2026-04-12 17:05:00,1719.9,CREDIT,Uber,Chandigarh,False
2977,65,2026-07-01 08:04:00,3967.99,DEBIT,Amazon,Delhi,False
2978,64,2026-01-10 05:12:00,2033.55,CREDIT,Shell,Chandigarh,False
2979,44,2026-06-14 22:04:00,4775.77,DEBIT,Uber,Ludhiana,False
2980,56,2026-03-10 13:23:00,1932.36,DEBIT,Netflix,Chandigarh,False
2981,1,2026-05-11 00:28:00,1307.46,DEBIT,Uber,Hyderabad,False
2982,57,2026-05-14 19:09:00,3798.97,DEBIT,Flipkart,Pune,False
2983,67,2026-03-06 20:58:00,3650.3,DEBIT,Uber,Delhi,False
2984,40,2026-03-12 22:46:00,1359.82,DEBIT,Walmart,Chandigarh,False
2985,4,2026-03-21 05:33:00,3372.2,CREDIT,Swiggy,Ludhiana,False
2986,81,2026-03-01 21:14:00,4793.83,DEBIT,Amazon,Mumbai,False
2987,16,2026-05-23 06:33:00,1159.1,DEBIT,Uber,Pune,False
2988,4,2026-06-26 10:50:00,2686.0,DEBIT,Netflix,Bangalore,False
2989,17,2026-03-19 15:02:00,4587.19,CREDIT,Netflix,Mumbai,False
2990,22,2026-06-11 04:19:00,1120.89,DEBIT,Netflix,Pune,False
2991,79,2026-05-13 09:06:00,896.26,DEBIT,Myntra,Pune,False
2992,89,2026-03-22 20:23:00,4026.19,CREDIT,Flipkart,Mumbai,False
2993,17,2026-06-20 22:55:00,1114.74,CREDIT,Swiggy,Delhi,False
2994,7,2026-07-06 05:07:00,3373.94,DEBIT,Uber,Chandigarh,False
2995,78,2026-03-14 18:46:00,3867.95,CREDIT,Swiggy,Delhi,False
2996,13,2026-05-25 08:01:00,503.55,DEBIT,Walmart,Bangalore,False
2997,83,2026-07-23 06:17:00,4913.85,CREDIT,Shell,Pune,False
2998,24,2026-06-29 11:51:00,2632.45,CREDIT,Swiggy,Pune,False
2999,98,2026-04-29 01:52:00,2143.28,DEBIT,Myntra,Hyderabad,False
3000,34,2026-03-20 21:28:00,723.83,DEBIT,Uber,Mumbai,False
3001,21,2026-04-17 07:51:00,2994.89,CREDIT,Apple,Mumbai,False
3002,45,2026-07-26 02:25:00,2964.69,DEBIT,Uber,Pune,False
3003,86,2026-05-09 19:01:00,4422.12,DEBIT,Swiggy,Delhi,False
3004,49,2026-05-03 21:24:00,1168.58,CREDIT,Netflix,Bangalore,False
3005,84,2026-06-24 07:43:00,459.28,DEBIT,Netflix,Delhi,False
3006,83,2026-05-25 11:27:00,1323.71,DEBIT,Myntra,Bangalore,False
3007,14,2026-07-23 11:39:00,5793.8,DEBIT,Apple,Hyderabad,False
3008,16,2026-01-05 22:25:00,3490.11,DEBIT,Walmart,Mumbai,False
3009,100,2026-05-26 09:06:00,2077.96,CREDIT,Netflix,Ludhiana,False
3010,93,2026-01-24 00:45:00,2762.23,DEBIT,Flipkart,Pune,False
3011,36,2026-03-05 10:52:00,4911.46,DEBIT,Walmart,Bangalore,False
3012,12,2026-01-27 05:19:00,2574.83,DEBIT,Walmart,Ludhiana,False
3013,99,2026-02-03 06:00:00,3961.86,DEBIT,Local Store,Pune,False
3014,49,2026-04-27 21:17:00,3866.23,DEBIT,Myntra,Ludhiana,False
3015,64,2026-02-19 21:53:00,2348.93,DEBIT,Amazon,Bangalore,False
3016,22,2026-01-06 10:16:00,3097.1,DEBIT,Walmart,Ludhiana,False
3017,84,2026-01-27 16:25:00,3393.13,DEBIT,Netflix,Ludhiana,False
3018,32,2026-05-27 22:07:00,4961.32,DEBIT,Myntra,Ludhiana,False
3019,73,2026-03-20 12:06:00,2496.65,DEBIT,Walmart,Mumbai,False
3020,55,2026-01-30 02:12:00,3194.83,DEBIT,Local Store,Hyderabad,False
3021,24,2026-05-04 11:15:00,856.73,DEBIT,Local Store,Ludhiana,False
3022,69,2026-06-03 01:07:00,2288.35,DEBIT,Flipkart,Mumbai,False
3023,82,2026-04-23 10:03:00,6379.38,CREDIT,Netflix,Delhi,False
3024,78,2026-04-30 17:14:00,786.4,CREDIT,Apple,Mumbai,False
3025,4,2026-03-08 03:37:00,3803.77,DEBIT,Netflix,Delhi,False
3026,19,2026-01-26 05:08:00,432.33,DEBIT,Flipkart,Hyderabad,False
3027,4,2026-07-24 23:55:00,3018.06,CREDIT,Myntra,Hyderabad,False
3028,37,2026-01-01 10:24:00,2715.48,DEBIT,Uber,Chandigarh,False
3029,72,2026-06-30 17:42:00,2308.52,CREDIT,Swiggy,Bangalore,False
3030,74,2026-04-23 16:32:00,3255.45,DEBIT,Walmart,Chandigarh,False
3031,26,2026-05-01 09:03:00,1742.95,DEBIT,Amazon,Delhi,False
3032,53,2026-03-22 07:33:00,2100.1,DEBIT,Myntra,Mumbai,False
3033,5,2026-03-09 21:24:00,2675.9,DEBIT,Myntra,Chandigarh,False
3034,11,2026-05-11 09:04:00,1124.68,DEBIT,Uber,Ludhiana,False
3035,90,2026-06-19 15:32:00,2134.59,DEBIT,Amazon,Mumbai,False
3036,48,2026-02-28 15:43:00,2223.01,DEBIT,Myntra,Chandigarh,False
3037,87,2026-04-16 13:53:00,1103.91,CREDIT,Shell,Ludhiana,False
3038,72,2026-05-24 06:12:00,7296.77,CREDIT,Flipkart,Bangalore,False
3039,53,2026-04-17 08:55:00,3487.48,CREDIT,Netflix,Bangalore,False
3040,91,2026-04-22 04:12:00,2768.92,DEBIT,Local Store,Delhi,False
3041,51,2026-04-05 02:37:00,2605.83,DEBIT,Apple,Ludhiana,False
3042,58,2026-04-09 04:08:00,1580.81,DEBIT,Swiggy,Bangalore,False
3043,3,2026-02-23 04:40:00,2396.08,DEBIT,Netflix,Delhi,False
3044,76,2026-06-23 16:20:00,1330.24,DEBIT,Netflix,Ludhiana,False
3045,86,2026-04-09 03:52:00,2828.16,DEBIT,Walmart,Mumbai,False
3046,21,2026-07-27 21:32:00,576.15,DEBIT,Myntra,Mumbai,False
3047,8,2026-04-29 23:49:00,4383.03,DEBIT,Apple,Hyderabad,False
3048,67,2026-05-31 07:05:00,2454.94,DEBIT,Flipkart,Bangalore,False
3049,61,2026-01-04 16:47:00,5303.31,DEBIT,Amazon,Bangalore,False
3050,36,2026-05-19 21:36:00,4024.91,CREDIT,Walmart,Mumbai,False
3051,93,2026-05-10 12:46:00,1867.97,DEBIT,Walmart,Mumbai,False
3052,100,2026-06-18 00:23:00,824.49,DEBIT,Flipkart,Hyderabad,False
3053,51,2026-05-03 20:05:00,2938.23,DEBIT,Myntra,Delhi,False
3054,72,2026-01-29 17:16:00,4443.91,CREDIT,Local Store,Ludhiana,False
3055,28,2026-04-05 10:27:00,4671.53,DEBIT,Flipkart,Chandigarh,False
3056,50,2026-07-17 08:24:00,1848.53,DEBIT,Shell,Bangalore,False
3057,7,2026-02-27 08:52:00,4276.48,CREDIT,Uber,Delhi,False
3058,32,2026-03-08 16:03:00,1586.98,DEBIT,Apple,Chandigarh,False
3059,27,2026-06-01 08:18:00,4074.82,DEBIT,Shell,Pune,False
3060,89,2026-07-16 16:58:00,3611.96,DEBIT,Amazon,Delhi,False
3061,71,2026-02-21 06:55:00,5531.41,DEBIT,Local Store,Hyderabad,False
3062,36,2026-01-19 05:58:00,2158.76,DEBIT,Uber,Hyderabad,False
3063,84,2026-01-24 10:50:00,767.33,CREDIT,Myntra,Bangalore,False
3064,25,2026-04-26 23:25:00,3745.38,DEBIT,Amazon,Mumbai,False
3065,30,2026-02-28 23:27:00,3093.52,DEBIT,Shell,Ludhiana,False
3066,36,2026-06-13 06:39:00,1845.51,DEBIT,Flipkart,Pune,False
3067,97,2026-02-25 19:42:00,5069.76,DEBIT,Local Store,Hyderabad,False
3068,30,2026-05-01 05:14:00,618.42,DEBIT,Swiggy,Ludhiana,False
3069,14,2026-04-03 08:19:00,1660.89,DEBIT,Swiggy,Chandigarh,False
3070,57,2026-06-05 17:57:00,703.79,DEBIT,Myntra,Bangalore,False
3071,2,2026-05-07 11:23:00,1512.12,DEBIT,Flipkart,Mumbai,False
3072,96,2026-05-15 18:48:00,899.78,DEBIT,Netflix,Delhi,False
3073,11,2026-04-05 01:11:00,5135.92,DEBIT,Myntra,Mumbai,False
3074,31,2026-02-17 23:46:00,731.83,DEBIT,Amazon,Mumbai,False
3075,70,2026-01-06 23:10:00,2947.52,DEBIT,Walmart,Chandigarh,False
3076,92,2026-02-18 04:57:00,1576.3,DEBIT,Apple,Delhi,False
3077,48,2026-04-05 06:40:00,883.3,CREDIT,Shell,Chandigarh,False
3078,94,2026-06-23 09:51:00,2523.87,DEBIT,Myntra,Bangalore,False
3079,34,2026-03-08 14:00:00,1559.94,CREDIT,Apple,Delhi,False
3080,50,2026-07-15 10:49:00,1423.06,DEBIT,Myntra,Mumbai,False
3081,87,2026-03-07 11:48:00,3073.31,CREDIT,Uber,Bangalore,False
3082,77,2026-05-05 23:17:00,842.61,CREDIT,Swiggy,Chandigarh,False
3083,98,2026-02-23 16:17:00,2527.16,DEBIT,Netflix,Chandigarh,False
3084,32,2026-01-28 18:47:00,1529.39,DEBIT,Uber,Delhi,False
3085,17,2026-03-04 18:04:00,59336.31,DEBIT,Swiggy,Mumbai,True
3086,90,2026-06-01 10:26:00,2026.34,DEBIT,Local Store,Delhi,False
3087,86,2026-06-26 11:38:00,5071.38,CREDIT,Apple,Pune,False
3088,5,2026-02-24 23:54:00,4030.5,CREDIT,Flipkart,Delhi,False
3089,76,2026-04-26 21:41:00,3483.01,DEBIT,Walmart,Chandigarh,False
3090,14,2026-06-29 05:10:00,946.7,DEBIT,Swiggy,Pune,False
3091,33,2026-04-16 07:36:00,1383.43,DEBIT,Uber,Mumbai,False
3092,15,2026-04-27 16:35:00,2067.82,DEBIT,Apple,Ludhiana,False
3093,83,2026-01-01 13:10:00,3394.62,DEBIT,Shell,Hyderabad,False
3094,26,2026-04-20 23:16:00,1209.84,DEBIT,Myntra,Hyderabad,False
3095,3,2026-05-01 08:46:00,2167.86,DEBIT,Amazon,Bangalore,False
3096,60,2026-05-17 05:43:00,446.66,DEBIT,Local Store,Pune,False
3097,49,2026-04-25 00:58:00,3794.59,CREDIT,Netflix,Hyderabad,False
3098,88,2026-03-08 03:21:00,2295.04,DEBIT,Swiggy,Chandigarh,False
3099,82,2026-05-31 18:35:00,4411.35,DEBIT,Netflix,Bangalore,False
3100,24,2026-04-27 02:38:00,3632.48,DEBIT,Uber,Mumbai,False
3101,46,2026-07-17 14:30:00,3363.44,DEBIT,Walmart,Mumbai,False
3102,78,2026-02-27 09:43:00,1114.61,DEBIT,Uber,Ludhiana,False
3103,37,2026-05-30 11:06:00,800.55,CREDIT,Netflix,Delhi,False
3104,20,2026-05-27 10:40:00,4580.55,DEBIT,Netflix,Chandigarh,False
3105,32,2026-04-19 00:14:00,2515.12,DEBIT,Uber,Delhi,False
3106,56,2026-04-05 09:00:00,1884.22,DEBIT,Local Store,Ludhiana,False
3107,4,2026-02-08 22:42:00,3043.04,DEBIT,Netflix,Pune,False
3108,69,2026-04-10 06:06:00,3781.12,DEBIT,Local Store,Ludhiana,False
3109,29,2026-02-25 06:47:00,4604.98,DEBIT,Walmart,Hyderabad,False
3110,23,2026-04-18 19:07:00,5569.19,DEBIT,Shell,Pune,False
3111,15,2026-07-15 01:45:00,1886.6,DEBIT,Myntra,Chandigarh,False
3112,39,2026-02-09 22:52:00,3977.07,DEBIT,Shell,Bangalore,False
3113,34,2026-02-18 15:06:00,3606.01,DEBIT,Amazon,Delhi,False
3114,50,2026-07-01 06:05:00,1399.89,CREDIT,Myntra,Pune,False
3115,68,2026-05-22 03:55:00,3059.31,CREDIT,Swiggy,Bangalore,False
3116,52,2026-02-13 05:40:00,2848.65,CREDIT,Local Store,Chandigarh,False
3117,93,2026-06-08 18:51:00,1033.05,DEBIT,Uber,Mumbai,False
3118,10,2026-01-24 06:55:00,1576.8,DEBIT,Amazon,Bangalore,False
3119,21,2026-06-26 19:12:00,1832.2,DEBIT,Shell,Ludhiana,False
3120,99,2026-02-02 18:50:00,3989.97,CREDIT,Myntra,Hyderabad,False
3121,79,2026-04-12 02:26:00,2801.48,DEBIT,Local Store,Pune,False
3122,68,2026-03-14 12:18:00,722.14,DEBIT,Walmart,Pune,False
3123,71,2026-03-03 04:48:00,619.57,DEBIT,Amazon,Delhi,False
3124,1,2026-02-28 17:24:00,2604.25,DEBIT,Shell,Bangalore,False
3125,25,2026-01-17 21:33:00,3072.8,DEBIT,Flipkart,Hyderabad,False
3126,23,2026-03-27 12:57:00,1894.56,CREDIT,Shell,Pune,False
3127,1,2026-03-04 05:29:00,4048.05,DEBIT,Local Store,Hyderabad,False
3128,79,2026-07-14 10:00:00,742.98,DEBIT,Swiggy,Mumbai,False
3129,59,2026-07-22 08:44:00,5665.12,DEBIT,Netflix,Hyderabad,False
3130,65,2026-03-16 05:14:00,2593.29,DEBIT,Netflix,Hyderabad,False
3131,62,2026-07-17 10:57:00,2320.67,DEBIT,Swiggy,Mumbai,False
3132,51,2026-07-21 00:45:00,1791.25,DEBIT,Apple,Hyderabad,False
3133,14,2026-02-27 02:35:00,568.95,DEBIT,Netflix,Mumbai,False
3134,92,2026-07-16 19:31:00,3451.29,DEBIT,Shell,Pune,False
3135,29,2026-01-24 01:07:00,2399.3,DEBIT,Shell,Chandigarh,False
3136,42,2026-01-08 04:52:00,5076.89,CREDIT,Swiggy,Chandigarh,False
3137,64,2026-05-15 19:09:00,1893.1,DEBIT,Local Store,Mumbai,False
3138,1,2026-07-10 06:57:00,2643.14,CREDIT,Walmart,Hyderabad,False
3139,84,2026-06-11 20:55:00,4166.29,DEBIT,Swiggy,Delhi,False
3140,59,2026-05-09 06:49:00,5089.38,DEBIT,Local Store,Chandigarh,False
3141,75,2026-07-01 03:02:00,3498.0,DEBIT,Uber,Pune,False
3142,87,2026-02-24 20:37:00,434.36,DEBIT,Swiggy,Chandigarh,False
3143,48,2026-05-09 20:26:00,4121.88,CREDIT,Local Store,Hyderabad,False
3144,13,2026-04-23 03:45:00,810.74,DEBIT,Local Store,Ludhiana,False
3145,76,2026-04-10 08:00:00,3712.05,DEBIT,Swiggy,Pune,False
3146,82,2026-04-19 10:45:00,504.13,DEBIT,Uber,Ludhiana,False
3147,78,2026-05-31 00:09:00,581.75,CREDIT,Swiggy,Ludhiana,False
3148,39,2026-05-25 07:25:00,1004.07,DEBIT,Myntra,Delhi,False
3149,72,2026-07-01 07:51:00,545.73,DEBIT,Apple,Ludhiana,False
3150,46,2026-04-14 11:36:00,2613.98,CREDIT,Swiggy,Bangalore,False
3151,10,2026-04-21 01:15:00,5360.84,DEBIT,Walmart,Chandigarh,False
3152,60,2026-07-08 22:58:00,2102.16,CREDIT,Flipkart,Mumbai,False
3153,52,2026-04-17 15:59:00,2657.09,CREDIT,Local Store,Ludhiana,False
3154,4,2026-03-02 16:20:00,1574.9,DEBIT,Shell,Hyderabad,False
3155,51,2026-01-12 10:22:00,4126.33,CREDIT,Uber,Chandigarh,False
3156,18,2026-05-26 17:07:00,5479.82,DEBIT,Apple,Ludhiana,False
3157,78,2026-04-02 23:48:00,5977.28,DEBIT,Flipkart,Ludhiana,False
3158,14,2026-07-16 11:18:00,4106.68,DEBIT,Local Store,Ludhiana,False
3159,25,2026-07-16 22:04:00,4770.47,DEBIT,Shell,Mumbai,False
3160,80,2026-02-08 14:07:00,2508.0,DEBIT,Shell,Bangalore,False
3161,54,2026-05-15 21:59:00,4988.23,CREDIT,Amazon,Delhi,False
3162,1,2026-05-21 03:23:00,74885.46,DEBIT,Walmart,Bangalore,True
3163,76,2026-05-11 03:19:00,4686.97,DEBIT,Swiggy,Bangalore,False
3164,13,2026-03-11 18:04:00,2316.14,CREDIT,Myntra,Ludhiana,False
3165,86,2026-07-03 00:15:00,5442.63,DEBIT,Myntra,Pune,False
3166,3,2026-02-28 23:32:00,3386.9,DEBIT,Swiggy,Pune,False
3167,5,2026-02-14 17:42:00,566.99,DEBIT,Amazon,Mumbai,False
3168,35,2026-04-02 18:34:00,4061.08,DEBIT,Uber,Ludhiana,False
3169,77,2026-06-03 14:57:00,3980.7,DEBIT,Shell,Chandigarh,False
3170,48,2026-05-18 13:31:00,1396.08,CREDIT,Uber,Hyderabad,False
3171,100,2026-06-23 22:05:00,957.86,DEBIT,Uber,Bangalore,False
3172,55,2026-03-07 19:51:00,4769.67,DEBIT,Walmart,Ludhiana,False
3173,2,2026-06-10 01:04:00,2145.42,DEBIT,Amazon,Bangalore,False
3174,64,2026-04-21 12:40:00,2535.67,CREDIT,Shell,Bangalore,False
3175,88,2026-03-04 03:47:00,3536.61,DEBIT,Walmart,Hyderabad,False
3176,30,2026-06-28 01:48:00,3275.3,DEBIT,Walmart,Mumbai,False
3177,37,2026-01-21 12:27:00,1865.33,DEBIT,Amazon,Pune,False
3178,32,2026-02-03 06:42:00,2489.96,DEBIT,Walmart,Pune,False
3179,100,2026-06-18 16:30:00,3456.36,DEBIT,Myntra,Mumbai,False
3180,55,2026-07-18 15:19:00,3315.91,DEBIT,Netflix,Ludhiana,False
3181,45,2026-03-07 21:07:00,2845.88,DEBIT,Local Store,Pune,False
3182,40,2026-02-20 22:50:00,995.45,CREDIT,Flipkart,Delhi,False
3183,52,2026-06-13 08:09:00,724.76,DEBIT,Walmart,Delhi,False
3184,44,2026-01-18 04:07:00,4603.22,DEBIT,Flipkart,Bangalore,False
3185,77,2026-05-14 07:13:00,731.15,DEBIT,Netflix,Bangalore,False
3186,99,2026-07-12 13:48:00,1212.86,DEBIT,Apple,Delhi,False
3187,60,2026-06-17 06:50:00,683.3,CREDIT,Netflix,Bangalore,False
3188,38,2026-01-14 08:13:00,3499.23,DEBIT,Flipkart,Mumbai,False
3189,63,2026-06-03 09:14:00,3250.08,DEBIT,Walmart,Hyderabad,False
3190,9,2026-07-09 18:00:00,3709.84,DEBIT,Local Store,Mumbai,False
3191,55,2026-07-22 17:32:00,3318.65,CREDIT,Walmart,Bangalore,False
3192,23,2026-01-04 12:15:00,2595.3,DEBIT,Apple,Hyderabad,False
3193,72,2026-06-12 01:57:00,2367.65,DEBIT,Apple,Chandigarh,False
3194,42,2026-04-30 05:11:00,4591.88,DEBIT,Netflix,Chandigarh,False
3195,66,2026-06-24 04:01:00,364.31,DEBIT,Netflix,Bangalore,False
3196,36,2026-06-24 11:13:00,4247.89,DEBIT,Myntra,Pune,False
3197,49,2026-04-24 00:14:00,3712.02,CREDIT,Netflix,Mumbai,False
3198,51,2026-04-04 13:17:00,960.51,DEBIT,Swiggy,Pune,False
3199,56,2026-01-11 13:20:00,1793.66,DEBIT,Amazon,Delhi,False
3200,7,2026-06-24 15:36:00,2762.66,DEBIT,Netflix,Ludhiana,False
3201,3,2026-03-01 14:39:00,3059.09,DEBIT,Walmart,Pune,False
3202,11,2026-07-10 01:53:00,4617.96,DEBIT,Apple,Bangalore,False
3203,22,2026-07-08 03:01:00,2350.53,DEBIT,Apple,Ludhiana,False
3204,97,2026-06-16 16:30:00,5956.92,CREDIT,Local Store,Bangalore,False
3205,57,2026-06-28 12:07:00,1526.72,CREDIT,Flipkart,Pune,False
3206,91,2026-02-16 00:39:00,2676.95,CREDIT,Shell,Pune,False
3207,15,2026-06-18 11:39:00,4857.93,DEBIT,Shell,Ludhiana,False
3208,85,2026-01-27 22:26:00,4737.5,CREDIT,Uber,Bangalore,False
3209,68,2026-01-30 20:05:00,1907.54,DEBIT,Myntra,Delhi,False
3210,43,2026-04-06 15:26:00,2254.57,DEBIT,Flipkart,Hyderabad,False
3211,13,2026-02-28 05:01:00,4245.91,DEBIT,Shell,Chandigarh,False
3212,67,2026-03-21 05:44:00,813.11,DEBIT,Amazon,Mumbai,False
3213,68,2026-01-30 19:47:00,2779.25,DEBIT,Local Store,Mumbai,False
3214,79,2026-07-16 03:50:00,2537.72,DEBIT,Walmart,Bangalore,False
3215,44,2026-03-02 18:36:00,3219.92,CREDIT,Walmart,Chandigarh,False
3216,60,2026-02-23 19:33:00,2989.25,DEBIT,Shell,Hyderabad,False
3217,55,2026-02-02 13:27:00,3952.45,CREDIT,Flipkart,Pune,False
3218,65,2026-06-19 04:25:00,2659.6,DEBIT,Amazon,Hyderabad,False
3219,86,2026-02-14 06:00:00,2271.86,DEBIT,Walmart,Ludhiana,False
3220,31,2026-04-01 12:28:00,4765.51,DEBIT,Shell,Mumbai,False
3221,74,2026-02-14 03:36:00,4304.43,DEBIT,Netflix,Pune,False
3222,55,2026-07-13 08:59:00,922.96,DEBIT,Flipkart,Hyderabad,False
3223,69,2026-04-30 07:50:00,5089.74,DEBIT,Amazon,Mumbai,False
3224,39,2026-05-26 19:16:00,999.37,DEBIT,Walmart,Bangalore,False
3225,90,2026-02-20 22:07:00,3399.1,CREDIT,Myntra,Delhi,False
3226,28,2026-05-26 23:29:00,3487.8,DEBIT,Local Store,Mumbai,False
3227,27,2026-05-02 13:20:00,2144.82,DEBIT,Shell,Bangalore,False
3228,97,2026-05-14 12:25:00,3926.24,DEBIT,Apple,Chandigarh,False
3229,86,2026-03-29 03:59:00,1141.75,CREDIT,Local Store,Chandigarh,False
3230,73,2026-02-12 02:54:00,798.23,DEBIT,Walmart,Chandigarh,False
3231,38,2026-07-04 23:28:00,2140.97,DEBIT,Netflix,Chandigarh,False
3232,63,2026-02-27 16:11:00,1195.15,DEBIT,Shell,Ludhiana,False
3233,54,2026-04-01 19:03:00,4234.08,DEBIT,Apple,Mumbai,False
3234,67,2026-04-04 08:40:00,689.1,CREDIT,Walmart,Hyderabad,False
3235,91,2026-06-18 03:30:00,5248.79,DEBIT,Flipkart,Pune,False
3236,27,2026-04-20 02:03:00,2497.34,CREDIT,Swiggy,Hyderabad,False
3237,34,2026-07-23 23:14:00,630.38,DEBIT,Shell,Delhi,False
3238,18,2026-04-07 03:22:00,2956.17,DEBIT,Uber,Chandigarh,False
3239,54,2026-04-06 20:43:00,1909.85,CREDIT,Apple,Pune,False
3240,35,2026-03-25 17:02:00,3475.97,DEBIT,Local Store,Bangalore,False
3241,28,2026-06-30 07:58:00,3310.1,DEBIT,Swiggy,Bangalore,False
3242,89,2026-01-02 07:24:00,3320.74,CREDIT,Local Store,Mumbai,False
3243,23,2026-06-15 10:07:00,2823.03,DEBIT,Apple,Hyderabad,False
3244,41,2026-03-28 08:04:00,3111.37,DEBIT,Flipkart,Ludhiana,False
3245,96,2026-03-13 13:26:00,5380.45,DEBIT,Amazon,Pune,False
3246,55,2026-02-13 14:59:00,5030.51,CREDIT,Walmart,Hyderabad,False
3247,50,2026-01-13 18:50:00,5071.09,CREDIT,Netflix,Bangalore,False
3248,27,2026-01-24 16:01:00,1925.66,CREDIT,Shell,Chandigarh,False
3249,27,2026-03-22 23:45:00,1814.49,CREDIT,Netflix,Mumbai,False
3250,52,2026-01-06 01:40:00,2035.48,DEBIT,Apple,Delhi,False
3251,30,2026-05-08 02:32:00,2700.43,DEBIT,Netflix,Ludhiana,False
3252,82,2026-03-09 19:49:00,3481.99,CREDIT,Shell,Mumbai,False
3253,51,2026-04-06 09:05:00,1084.46,DEBIT,Walmart,Pune,False
3254,22,2026-01-31 22:40:00,5039.59,DEBIT,Local Store,Delhi,False
3255,93,2026-04-12 18:17:00,2997.39,DEBIT,Walmart,Delhi,False
3256,8,2026-04-10 01:44:00,3834.71,DEBIT,Walmart,Ludhiana,False
3257,28,2026-01-28 09:50:00,851.88,CREDIT,Amazon,Ludhiana,False
3258,62,2026-02-22 14:09:00,4886.78,DEBIT,Uber,Hyderabad,False
3259,36,2026-06-22 19:43:00,1990.11,DEBIT,Uber,Pune,False
3260,50,2026-05-29 03:19:00,5274.41,CREDIT,Netflix,Mumbai,False
3261,23,2026-03-09 13:07:00,3224.63,CREDIT,Apple,Delhi,False
3262,34,2026-03-19 21:49:00,4141.43,DEBIT,Uber,Chandigarh,False
3263,13,2026-05-20 06:57:00,1023.42,DEBIT,Shell,Chandigarh,False
3264,13,2026-06-22 21:39:00,3336.23,DEBIT,Amazon,Mumbai,False
3265,70,2026-02-25 03:21:00,2177.29,CREDIT,Amazon,Delhi,False
3266,77,2026-05-23 07:56:00,1720.6,CREDIT,Swiggy,Pune,False
3267,18,2026-01-12 08:25:00,681.64,DEBIT,Amazon,Bangalore,False
3268,60,2026-01-22 19:41:00,3162.02,DEBIT,Walmart,Chandigarh,False
3269,32,2026-06-17 23:43:00,1459.05,DEBIT,Netflix,Ludhiana,False
3270,60,2026-01-13 14:24:00,822.17,CREDIT,Myntra,Mumbai,False
3271,21,2026-07-05 10:28:00,1040.52,DEBIT,Myntra,Delhi,False
3272,84,2026-02-13 16:08:00,3243.89,DEBIT,Amazon,Hyderabad,False
3273,33,2026-02-10 17:34:00,2654.03,DEBIT,Myntra,Delhi,False
3274,73,2026-01-25 21:42:00,998.51,CREDIT,Myntra,Hyderabad,False
3275,1,2026-02-22 16:24:00,2320.71,CREDIT,Netflix,Hyderabad,False
3276,39,2026-02-17 23:12:00,2255.2,CREDIT,Uber,Bangalore,False
3277,19,2026-04-09 06:13:00,815.54,DEBIT,Walmart,Mumbai,False
3278,94,2026-01-07 04:42:00,4999.17,DEBIT,Local Store,Bangalore,False
3279,40,2026-05-17 20:01:00,2098.18,CREDIT,Local Store,Delhi,False
3280,27,2026-05-09 13:37:00,4099.58,DEBIT,Flipkart,Delhi,False
3281,29,2026-04-20 06:22:00,4189.79,DEBIT,Shell,Delhi,False
3282,87,2026-05-11 17:46:00,1123.43,CREDIT,Local Store,Ludhiana,False
3283,45,2026-02-10 05:02:00,1119.21,DEBIT,Flipkart,Ludhiana,False
3284,75,2026-06-06 12:14:00,4776.67,DEBIT,Shell,Chandigarh,False
3285,97,2026-04-03 22:50:00,3483.11,CREDIT,Myntra,Ludhiana,False
3286,55,2026-07-07 00:44:00,2243.5,CREDIT,Swiggy,Mumbai,False
3287,28,2026-04-09 00:36:00,3998.15,DEBIT,Apple,Chandigarh,False
3288,34,2026-06-09 14:06:00,604.55,DEBIT,Shell,Delhi,False
3289,73,2026-02-17 13:27:00,1194.73,CREDIT,Walmart,Chandigarh,False
3290,39,2026-07-12 15:13:00,725.59,DEBIT,Netflix,Chandigarh,False
3291,78,2026-03-25 21:48:00,3215.45,CREDIT,Apple,Ludhiana,False
3292,35,2026-01-15 05:25:00,1856.91,DEBIT,Shell,Mumbai,False
3293,16,2026-03-10 06:19:00,1886.34,DEBIT,Uber,Pune,False
3294,2,2026-03-14 13:31:00,1187.26,CREDIT,Myntra,Pune,False
3295,96,2026-03-17 18:43:00,1795.24,DEBIT,Netflix,Delhi,False
3296,8,2026-05-18 05:25:00,621.99,DEBIT,Netflix,Hyderabad,False
3297,38,2026-01-02 18:11:00,4903.4,DEBIT,Amazon,Ludhiana,False
3298,67,2026-02-02 18:16:00,3041.33,CREDIT,Walmart,Bangalore,False
3299,16,2026-02-03 14:55:00,3093.96,CREDIT,Swiggy,Ludhiana,False
3300,97,2026-03-27 14:18:00,3857.24,DEBIT,Uber,Pune,False
3301,64,2026-06-17 10:03:00,767.32,DEBIT,Local Store,Delhi,False
3302,50,2026-05-03 15:20:00,608.5,CREDIT,Apple,Ludhiana,False
3303,11,2026-04-04 22:33:00,5741.42,DEBIT,Swiggy,Mumbai,False
3304,6,2026-07-07 12:34:00,557.57,CREDIT,Apple,Pune,False
3305,29,2026-06-12 06:19:00,1754.94,CREDIT,Walmart,Delhi,False
3306,67,2026-07-22 04:15:00,4813.01,DEBIT,Flipkart,Pune,False
3307,34,2026-02-24 15:25:00,2391.58,CREDIT,Amazon,Mumbai,False
3308,82,2026-01-05 09:11:00,2091.89,CREDIT,Walmart,Bangalore,False
3309,27,2026-04-28 02:38:00,1992.07,DEBIT,Swiggy,Ludhiana,False
3310,78,2026-04-10 12:27:00,4008.02,DEBIT,Swiggy,Chandigarh,False
3311,57,2026-01-06 20:05:00,1262.88,DEBIT,Uber,Pune,False
3312,99,2026-07-04 14:11:00,3009.91,DEBIT,Uber,Mumbai,False
3313,84,2026-01-01 09:51:00,699.62,DEBIT,Uber,Chandigarh,False
3314,19,2026-01-26 11:54:00,772.54,DEBIT,Myntra,Bangalore,False
3315,89,2026-03-12 03:25:00,2192.8,CREDIT,Swiggy,Bangalore,False
3316,21,2026-06-15 10:54:00,5426.86,DEBIT,Amazon,Delhi,False
3317,38,2026-02-20 18:52:00,382.96,DEBIT,Shell,Pune,False
3318,43,2026-06-02 10:25:00,457.37,DEBIT,Walmart,Pune,False
3319,23,2026-05-25 18:07:00,4956.82,DEBIT,Walmart,Delhi,False
3320,8,2026-01-21 03:55:00,2495.89,DEBIT,Apple,Chandigarh,False
3321,53,2026-06-16 20:31:00,773.16,DEBIT,Walmart,Delhi,False
3322,12,2026-07-17 07:44:00,62204.61,DEBIT,Swiggy,Bangalore,True
3323,73,2026-02-15 13:04:00,4703.57,DEBIT,Amazon,Pune,False
3324,34,2026-01-05 04:44:00,4190.64,DEBIT,Myntra,Pune,False
3325,55,2026-04-05 03:14:00,1760.92,CREDIT,Apple,Chandigarh,False
3326,93,2026-03-06 16:48:00,1100.12,CREDIT,Uber,Chandigarh,False
3327,54,2026-01-10 03:47:00,5568.76,CREDIT,Walmart,Ludhiana,False
3328,12,2026-07-01 18:15:00,1660.18,DEBIT,Netflix,Pune,False
3329,40,2026-06-03 14:13:00,3007.69,DEBIT,Walmart,Chandigarh,False
3330,53,2026-04-26 17:25:00,3334.38,DEBIT,Walmart,Pune,False
3331,87,2026-01-02 09:08:00,430.31,DEBIT,Shell,Chandigarh,False
3332,54,2026-05-08 19:48:00,4245.13,DEBIT,Swiggy,Mumbai,False
3333,17,2026-05-29 19:53:00,2624.72,CREDIT,Shell,Chandigarh,False
3334,66,2026-04-17 20:13:00,5504.44,DEBIT,Myntra,Chandigarh,False
3335,11,2026-01-14 06:56:00,2385.28,DEBIT,Swiggy,Delhi,False
3336,66,2026-04-20 17:07:00,1550.9,DEBIT,Uber,Mumbai,False
3337,31,2026-06-02 15:41:00,1864.59,DEBIT,Swiggy,Ludhiana,False
3338,20,2026-05-03 10:26:00,5572.48,DEBIT,Swiggy,Hyderabad,False
3339,33,2026-03-04 15:32:00,3224.36,DEBIT,Amazon,Chandigarh,False
3340,85,2026-02-02 00:26:00,3069.91,CREDIT,Walmart,Delhi,False
3341,86,2026-07-13 09:39:00,3087.13,DEBIT,Uber,Chandigarh,False
3342,32,2026-03-27 00:22:00,515.02,DEBIT,Apple,Mumbai,False
3343,44,2026-03-07 02:07:00,3800.44,CREDIT,Walmart,Ludhiana,False
3344,67,2026-07-15 10:58:00,1248.15,CREDIT,Amazon,Chandigarh,False
3345,52,2026-02-06 16:25:00,1726.72,DEBIT,Amazon,Mumbai,False
3346,12,2026-04-24 05:34:00,944.95,CREDIT,Netflix,Pune,False
3347,96,2026-02-13 03:09:00,1846.08,CREDIT,Swiggy,Delhi,False
3348,40,2026-06-04 07:57:00,2756.47,CREDIT,Amazon,Hyderabad,False
3349,31,2026-05-21 04:37:00,3628.19,CREDIT,Amazon,Delhi,False
3350,26,2026-03-15 09:59:00,1528.89,CREDIT,Walmart,Ludhiana,False
3351,58,2026-01-30 04:38:00,2129.91,CREDIT,Walmart,Hyderabad,False
3352,36,2026-04-19 10:20:00,525.52,DEBIT,Myntra,Hyderabad,False
3353,15,2026-06-19 21:31:00,1583.78,DEBIT,Shell,Chandigarh,False
3354,6,2026-05-22 05:59:00,2837.95,DEBIT,Uber,Hyderabad,False
3355,46,2026-07-04 17:05:00,2469.4,DEBIT,Apple,Delhi,False
3356,75,2026-06-19 21:43:00,2461.67,CREDIT,Shell,Bangalore,False
3357,47,2026-05-05 01:18:00,4324.54,CREDIT,Netflix,Bangalore,False
3358,68,2026-06-22 01:11:00,1155.24,DEBIT,Uber,Ludhiana,False
3359,68,2026-02-20 02:22:00,4102.42,DEBIT,Myntra,Ludhiana,False
3360,98,2026-02-10 18:14:00,557.58,DEBIT,Swiggy,Delhi,False
3361,55,2026-02-26 07:09:00,595.97,DEBIT,Uber,Mumbai,False
3362,87,2026-05-20 21:10:00,2821.75,CREDIT,Apple,Chandigarh,False
3363,63,2026-01-15 16:18:00,2866.86,CREDIT,Myntra,Chandigarh,False
3364,72,2026-01-03 12:56:00,4105.59,CREDIT,Uber,Hyderabad,False
3365,37,2026-05-09 02:55:00,2419.75,DEBIT,Myntra,Hyderabad,False
3366,65,2026-04-04 12:46:00,415.69,DEBIT,Apple,Mumbai,False
3367,99,2026-02-14 06:02:00,1616.25,DEBIT,Swiggy,Ludhiana,False
3368,5,2026-05-20 05:41:00,2220.61,DEBIT,Shell,Bangalore,False
3369,59,2026-05-10 19:12:00,1626.16,CREDIT,Walmart,Chandigarh,False
3370,80,2026-05-13 18:35:00,3448.98,DEBIT,Uber,Delhi,False
3371,42,2026-02-22 20:42:00,889.92,DEBIT,Swiggy,Delhi,False
3372,1,2026-03-13 22:52:00,3112.49,DEBIT,Flipkart,Delhi,False
3373,84,2026-03-19 03:26:00,2789.34,DEBIT,Walmart,Ludhiana,False
3374,69,2026-04-16 01:27:00,6310.64,DEBIT,Shell,Hyderabad,False
3375,38,2026-06-04 18:27:00,2783.58,CREDIT,Local Store,Hyderabad,False
3376,10,2026-03-25 05:49:00,4309.82,DEBIT,Amazon,Mumbai,False
3377,13,2026-07-20 06:24:00,2710.29,DEBIT,Swiggy,Pune,False
3378,38,2026-03-26 03:16:00,2604.79,CREDIT,Local Store,Hyderabad,False
3379,43,2026-02-13 03:23:00,1384.05,DEBIT,Apple,Chandigarh,False
3380,54,2026-06-28 14:47:00,1611.06,CREDIT,Shell,Hyderabad,False
3381,75,2026-07-20 21:47:00,4360.28,DEBIT,Flipkart,Bangalore,False
3382,96,2026-02-19 19:30:00,3545.42,CREDIT,Shell,Hyderabad,False
3383,10,2026-03-27 06:33:00,5431.63,DEBIT,Local Store,Bangalore,False
3384,98,2026-05-05 06:54:00,2660.75,DEBIT,Flipkart,Bangalore,False
3385,20,2026-06-18 03:47:00,2349.09,DEBIT,Uber,Mumbai,False
3386,94,2026-06-03 01:47:00,61343.17,DEBIT,Myntra,Pune,True
3387,95,2026-06-20 14:22:00,3696.8,CREDIT,Uber,Delhi,False
3388,46,2026-06-17 17:35:00,907.97,DEBIT,Netflix,Delhi,False
3389,65,2026-06-25 00:17:00,1831.86,CREDIT,Shell,Pune,False
3390,97,2026-01-23 06:47:00,2064.72,DEBIT,Netflix,Delhi,False
3391,63,2026-06-11 00:52:00,2519.28,CREDIT,Apple,Hyderabad,False
3392,10,2026-04-29 01:55:00,4106.85,DEBIT,Myntra,Pune,False
3393,24,2026-05-24 14:33:00,2404.87,DEBIT,Shell,Chandigarh,False
3394,19,2026-07-07 22:34:00,5113.11,DEBIT,Apple,Delhi,False
3395,58,2026-05-18 08:26:00,2374.43,DEBIT,Netflix,Mumbai,False
3396,62,2026-03-17 04:39:00,4926.12,CREDIT,Flipkart,Mumbai,False
3397,94,2026-05-11 09:25:00,3709.52,DEBIT,Local Store,Mumbai,False
3398,28,2026-07-03 11:34:00,3906.35,DEBIT,Myntra,Ludhiana,False
3399,7,2026-07-10 12:48:00,2260.94,DEBIT,Swiggy,Ludhiana,False
3400,87,2026-05-02 19:51:00,1467.17,DEBIT,Flipkart,Hyderabad,False
3401,31,2026-02-22 17:11:00,1614.59,DEBIT,Myntra,Mumbai,False
3402,74,2026-04-30 04:37:00,2492.35,DEBIT,Local Store,Hyderabad,False
3403,58,2026-04-28 02:47:00,2427.04,DEBIT,Swiggy,Chandigarh,False
3404,8,2026-06-18 17:01:00,3942.29,DEBIT,Myntra,Pune,False
3405,44,2026-01-11 01:21:00,2590.8,DEBIT,Netflix,Hyderabad,False
3406,68,2026-06-23 14:50:00,2351.86,CREDIT,Netflix,Hyderabad,False
3407,52,2026-03-06 02:28:00,4941.96,DEBIT,Uber,Pune,False
3408,19,2026-01-28 07:27:00,3456.55,DEBIT,Myntra,Hyderabad,False
3409,48,2026-02-08 19:33:00,2261.13,CREDIT,Swiggy,Mumbai,False
3410,8,2026-07-17 18:30:00,4092.6,DEBIT,Flipkart,Delhi,False
3411,37,2026-05-17 11:01:00,1177.22,DEBIT,Uber,Delhi,False
3412,55,2026-03-07 05:37:00,4289.33,DEBIT,Uber,Delhi,False
3413,24,2026-01-06 01:35:00,6634.26,CREDIT,Walmart,Bangalore,False
3414,24,2026-01-29 04:36:00,3471.94,DEBIT,Amazon,Chandigarh,False
3415,70,2026-01-08 00:52:00,768.23,CREDIT,Netflix,Hyderabad,False
3416,11,2026-01-15 07:44:00,2579.26,DEBIT,Flipkart,Pune,False
3417,2,2026-06-17 01:23:00,4534.6,DEBIT,Uber,Bangalore,False
3418,36,2026-02-11 04:33:00,2548.03,DEBIT,Myntra,Mumbai,False
3419,73,2026-01-02 22:34:00,611.6,CREDIT,Shell,Mumbai,False
3420,73,2026-04-29 08:44:00,802.04,DEBIT,Apple,Delhi,False
3421,21,2026-04-29 08:19:00,3316.21,CREDIT,Walmart,Pune,False
3422,78,2026-02-16 07:40:00,1145.27,DEBIT,Myntra,Pune,False
3423,21,2026-02-12 21:59:00,3414.7,DEBIT,Swiggy,Mumbai,False
3424,45,2026-07-25 01:25:00,3480.37,DEBIT,Swiggy,Delhi,False
3425,17,2026-03-04 11:51:00,4008.55,DEBIT,Myntra,Hyderabad,False
3426,22,2026-03-16 18:53:00,2184.23,DEBIT,Local Store,Chandigarh,False
3427,34,2026-01-01 04:59:00,2745.94,DEBIT,Shell,Hyderabad,False
3428,70,2026-06-02 10:37:00,2032.51,CREDIT,Myntra,Bangalore,False
3429,97,2026-02-07 14:29:00,2605.24,DEBIT,Local Store,Hyderabad,False
3430,22,2026-01-29 07:25:00,2826.66,DEBIT,Flipkart,Hyderabad,False
3431,39,2026-01-13 14:17:00,4490.83,DEBIT,Local Store,Mumbai,False
3432,23,2026-03-12 01:27:00,4835.97,DEBIT,Netflix,Mumbai,False
3433,23,2026-05-17 06:09:00,591.03,DEBIT,Flipkart,Bangalore,False
3434,8,2026-03-24 08:56:00,1217.54,CREDIT,Flipkart,Bangalore,False
3435,43,2026-07-03 14:35:00,3974.18,CREDIT,Shell,Hyderabad,False
3436,72,2026-03-12 12:03:00,1675.83,CREDIT,Netflix,Mumbai,False
3437,21,2026-02-18 03:43:00,1849.3,DEBIT,Amazon,Hyderabad,False
3438,69,2026-07-16 00:18:00,967.43,DEBIT,Netflix,Delhi,False
3439,17,2026-01-21 22:43:00,4668.85,DEBIT,Myntra,Hyderabad,False
3440,43,2026-02-18 18:00:00,2306.88,DEBIT,Amazon,Delhi,False
3441,19,2026-04-23 11:59:00,1327.84,DEBIT,Local Store,Bangalore,False
3442,36,2026-05-20 18:50:00,1224.81,CREDIT,Uber,Ludhiana,False
3443,100,2026-05-05 11:32:00,3501.0,CREDIT,Local Store,Hyderabad,False
3444,13,2026-06-12 12:09:00,2352.0,DEBIT,Walmart,Pune,False
3445,30,2026-06-04 05:03:00,685.14,DEBIT,Apple,Chandigarh,False
3446,41,2026-05-26 03:23:00,1519.68,CREDIT,Apple,Chandigarh,False
3447,14,2026-02-13 20:38:00,4699.56,DEBIT,Myntra,Hyderabad,False
3448,99,2026-02-27 15:35:00,1596.0,DEBIT,Shell,Bangalore,False
3449,41,2026-01-23 20:42:00,4342.85,DEBIT,Flipkart,Pune,False
3450,30,2026-04-26 16:56:00,5075.85,DEBIT,Walmart,Bangalore,False
3451,27,2026-03-28 13:36:00,4528.5,DEBIT,Amazon,Ludhiana,False
3452,57,2026-02-20 20:20:00,3364.02,DEBIT,Apple,Chandigarh,False
3453,78,2026-02-25 19:46:00,3468.77,CREDIT,Walmart,Ludhiana,False
3454,70,2026-04-27 23:52:00,2019.41,CREDIT,Shell,Hyderabad,False
3455,15,2026-07-17 14:27:00,2974.62,DEBIT,Myntra,Chandigarh,False
3456,6,2026-03-14 04:32:00,837.94,DEBIT,Netflix,Mumbai,False
3457,97,2026-05-11 07:58:00,923.63,DEBIT,Local Store,Delhi,False
3458,22,2026-04-16 12:37:00,1685.0,DEBIT,Swiggy,Bangalore,False
3459,8,2026-03-19 18:06:00,63053.63,DEBIT,Amazon,Bangalore,True
3460,95,2026-04-27 17:47:00,3688.46,CREDIT,Swiggy,Pune,False
3461,62,2026-05-25 20:53:00,1120.04,DEBIT,Myntra,Mumbai,False
3462,85,2026-04-22 02:23:00,2985.49,DEBIT,Netflix,Hyderabad,False
3463,100,2026-05-23 15:30:00,3027.91,CREDIT,Uber,Ludhiana,False
3464,21,2026-01-04 03:20:00,1556.85,CREDIT,Walmart,Ludhiana,False
3465,24,2026-04-20 04:21:00,2432.21,DEBIT,Myntra,Mumbai,False
3466,71,2026-04-02 17:35:00,1037.36,DEBIT,Uber,Pune,False
3467,2,2026-04-10 14:06:00,1287.5,DEBIT,Walmart,Bangalore,False
3468,73,2026-01-05 21:28:00,2623.55,DEBIT,Local Store,Pune,False
3469,84,2026-05-30 05:50:00,2818.23,DEBIT,Swiggy,Delhi,False
3470,34,2026-01-20 03:45:00,6196.19,CREDIT,Local Store,Bangalore,False
3471,56,2026-01-07 19:57:00,1970.4,DEBIT,Netflix,Ludhiana,False
3472,10,2026-03-21 22:56:00,864.82,CREDIT,Netflix,Bangalore,False
3473,98,2026-06-18 19:42:00,1265.44,DEBIT,Walmart,Delhi,False
3474,76,2026-01-18 00:44:00,1362.67,CREDIT,Swiggy,Delhi,False
3475,68,2026-05-26 17:17:00,1067.39,DEBIT,Walmart,Pune,False
3476,96,2026-06-22 13:53:00,2395.5,CREDIT,Swiggy,Hyderabad,False
3477,17,2026-01-04 18:12:00,2395.27,CREDIT,Amazon,Ludhiana,False
3478,42,2026-04-09 19:19:00,1984.39,DEBIT,Swiggy,Delhi,False
3479,57,2026-03-17 07:13:00,54584.2,DEBIT,Amazon,Delhi,True
3480,53,2026-04-05 06:57:00,594.37,DEBIT,Apple,Pune,False
3481,12,2026-05-22 15:54:00,3964.13,DEBIT,Flipkart,Bangalore,False
3482,37,2026-06-17 09:30:00,1598.72,DEBIT,Uber,Chandigarh,False
3483,61,2026-01-12 12:31:00,2836.15,CREDIT,Swiggy,Hyderabad,False
3484,89,2026-04-17 10:18:00,1657.87,DEBIT,Uber,Ludhiana,False
3485,6,2026-05-04 20:32:00,5571.86,DEBIT,Walmart,Ludhiana,False
3486,71,2026-06-30 00:15:00,1712.18,CREDIT,Local Store,Ludhiana,False
3487,73,2026-04-15 12:06:00,1283.58,CREDIT,Shell,Mumbai,False
3488,57,2026-01-29 07:33:00,2169.22,CREDIT,Myntra,Mumbai,False
3489,29,2026-05-22 12:41:00,1361.32,DEBIT,Local Store,Bangalore,False
3490,58,2026-03-02 06:13:00,3367.46,CREDIT,Flipkart,Hyderabad,False
3491,38,2026-02-19 19:30:00,3491.64,CREDIT,Swiggy,Ludhiana,False
3492,73,2026-03-04 23:19:00,776.15,DEBIT,Netflix,Ludhiana,False
3493,56,2026-01-02 04:04:00,3662.05,CREDIT,Local Store,Bangalore,False
3494,30,2026-04-24 22:37:00,3750.13,DEBIT,Myntra,Pune,False
3495,35,2026-01-06 19:50:00,1083.9,DEBIT,Amazon,Ludhiana,False
3496,100,2026-04-06 08:04:00,1682.57,DEBIT,Swiggy,Delhi,False
3497,40,2026-03-22 20:59:00,2282.83,DEBIT,Myntra,Ludhiana,False
3498,67,2026-01-19 15:38:00,1333.53,DEBIT,Swiggy,Pune,False
3499,49,2026-05-08 22:36:00,877.02,CREDIT,Swiggy,Bangalore,False
3500,54,2026-01-05 07:51:00,65815.01,DEBIT,Amazon,Ludhiana,True
3501,71,2026-04-19 02:39:00,6316.42,DEBIT,Walmart,Ludhiana,False
3502,48,2026-07-27 23:41:00,3115.65,DEBIT,Amazon,Delhi,False
3503,20,2026-01-05 00:55:00,2878.75,CREDIT,Shell,Bangalore,False
3504,43,2026-07-24 15:41:00,637.3,DEBIT,Swiggy,Delhi,False
3505,38,2026-05-03 20:46:00,3556.65,DEBIT,Amazon,Mumbai,False
3506,91,2026-06-04 16:00:00,2127.22,DEBIT,Local Store,Ludhiana,False
3507,32,2026-01-09 02:27:00,1035.8,DEBIT,Swiggy,Chandigarh,False
3508,90,2026-05-04 13:41:00,67181.59,DEBIT,Local Store,Chandigarh,True
3509,95,2026-04-13 09:14:00,772.29,CREDIT,Walmart,Ludhiana,False
3510,3,2026-07-04 14:48:00,5016.71,DEBIT,Swiggy,Bangalore,False
3511,28,2026-05-21 23:29:00,2314.57,CREDIT,Myntra,Hyderabad,False
3512,27,2026-03-03 14:08:00,3988.25,DEBIT,Shell,Pune,False
3513,80,2026-04-25 15:44:00,3145.2,DEBIT,Flipkart,Hyderabad,False
3514,3,2026-07-27 21:29:00,4268.55,DEBIT,Uber,Mumbai,False
3515,16,2026-01-29 07:23:00,4846.59,DEBIT,Shell,Hyderabad,False
3516,52,2026-05-29 05:35:00,4037.69,DEBIT,Swiggy,Mumbai,False
3517,24,2026-01-06 09:35:00,4360.53,DEBIT,Myntra,Mumbai,False
3518,75,2026-07-05 07:26:00,2328.28,CREDIT,Local Store,Delhi,False
3519,87,2026-07-24 13:32:00,6142.98,DEBIT,Uber,Chandigarh,False
3520,90,2026-03-16 07:13:00,922.17,CREDIT,Netflix,Chandigarh,False
3521,12,2026-04-23 03:00:00,2619.6,DEBIT,Local Store,Bangalore,False
3522,22,2026-01-11 23:57:00,2290.67,DEBIT,Netflix,Pune,False
3523,90,2026-02-01 17:04:00,2710.29,CREDIT,Netflix,Bangalore,False
3524,39,2026-01-08 00:27:00,2366.88,DEBIT,Walmart,Bangalore,False
3525,46,2026-05-19 11:49:00,3190.0,DEBIT,Local Store,Mumbai,False
3526,9,2026-06-09 21:41:00,2730.46,CREDIT,Netflix,Delhi,False
3527,48,2026-03-26 11:14:00,1469.67,CREDIT,Shell,Ludhiana,False
3528,96,2026-03-31 07:58:00,3620.29,DEBIT,Amazon,Pune,False
3529,19,2026-07-16 03:54:00,3375.78,DEBIT,Walmart,Chandigarh,False
3530,61,2026-05-21 16:06:00,1556.67,CREDIT,Swiggy,Pune,False
3531,35,2026-01-19 20:40:00,3134.52,DEBIT,Walmart,Chandigarh,False
3532,84,2026-02-21 16:05:00,3436.24,CREDIT,Shell,Delhi,False
3533,43,2026-01-20 19:20:00,709.68,DEBIT,Local Store,Mumbai,False
3534,53,2026-01-18 10:46:00,2803.82,DEBIT,Netflix,Delhi,False
3535,66,2026-01-24 21:08:00,4499.15,CREDIT,Myntra,Mumbai,False
3536,52,2026-05-31 22:59:00,1258.57,DEBIT,Shell,Mumbai,False
3537,84,2026-01-11 23:48:00,4150.35,DEBIT,Amazon,Chandigarh,False
3538,19,2026-05-04 09:10:00,3394.03,DEBIT,Local Store,Mumbai,False
3539,83,2026-01-01 19:04:00,3161.32,DEBIT,Swiggy,Ludhiana,False
3540,88,2026-05-21 03:07:00,925.84,DEBIT,Walmart,Mumbai,False
3541,61,2026-01-07 02:18:00,2827.97,DEBIT,Netflix,Ludhiana,False
3542,16,2026-03-05 19:11:00,3155.93,DEBIT,Swiggy,Mumbai,False
3543,87,2026-05-19 21:28:00,4473.65,DEBIT,Uber,Pune,False
3544,33,2026-06-26 10:05:00,2398.07,DEBIT,Amazon,Delhi,False
3545,23,2026-02-21 22:05:00,543.59,CREDIT,Apple,Mumbai,False
3546,85,2026-01-07 18:14:00,2419.24,DEBIT,Local Store,Delhi,False
3547,20,2026-04-07 22:36:00,3927.93,DEBIT,Local Store,Chandigarh,False
3548,52,2026-01-22 09:47:00,4407.83,CREDIT,Netflix,Ludhiana,False
3549,49,2026-03-30 05:06:00,2989.13,CREDIT,Swiggy,Bangalore,False
3550,18,2026-04-23 06:18:00,4480.63,CREDIT,Amazon,Bangalore,False
3551,46,2026-07-13 23:34:00,1525.89,CREDIT,Myntra,Hyderabad,False
3552,48,2026-01-06 22:09:00,3238.27,DEBIT,Netflix,Hyderabad,False
3553,52,2026-02-23 11:22:00,3924.28,DEBIT,Walmart,Bangalore,False
3554,92,2026-04-01 13:46:00,4619.0,CREDIT,Shell,Bangalore,False
3555,36,2026-02-16 07:15:00,4176.25,DEBIT,Netflix,Chandigarh,False
3556,5,2026-07-12 13:56:00,2402.22,CREDIT,Swiggy,Bangalore,False
3557,75,2026-03-05 10:00:00,706.6,CREDIT,Uber,Pune,False
3558,7,2026-07-10 22:34:00,5519.43,DEBIT,Swiggy,Mumbai,False
3559,22,2026-05-25 23:07:00,4242.09,DEBIT,Walmart,Chandigarh,False
3560,73,2026-05-06 12:29:00,2965.51,DEBIT,Swiggy,Ludhiana,False
3561,76,2026-07-19 13:54:00,6179.21,DEBIT,Netflix,Mumbai,False
3562,42,2026-05-26 13:39:00,3425.77,DEBIT,Shell,Ludhiana,False
3563,60,2026-06-07 22:50:00,3128.57,CREDIT,Amazon,Bangalore,False
3564,16,2026-01-18 18:54:00,1690.5,DEBIT,Shell,Hyderabad,False
3565,33,2026-07-12 04:41:00,4724.49,DEBIT,Netflix,Hyderabad,False
3566,77,2026-05-27 12:40:00,789.78,CREDIT,Amazon,Delhi,False
3567,1,2026-06-19 19:33:00,4446.51,CREDIT,Swiggy,Mumbai,False
3568,79,2026-04-22 00:46:00,4050.49,CREDIT,Netflix,Hyderabad,False
3569,5,2026-02-13 00:55:00,4249.5,DEBIT,Amazon,Mumbai,False
3570,67,2026-06-11 23:56:00,41725.98,DEBIT,Amazon,Ludhiana,True
3571,17,2026-05-20 17:12:00,517.71,DEBIT,Apple,Mumbai,False
3572,96,2026-02-19 07:25:00,3334.43,CREDIT,Apple,Delhi,False
3573,43,2026-03-27 00:38:00,3175.87,DEBIT,Flipkart,Hyderabad,False
3574,30,2026-06-05 07:54:00,550.8,CREDIT,Swiggy,Ludhiana,False
3575,14,2026-07-26 22:37:00,3176.67,DEBIT,Shell,Hyderabad,False
3576,5,2026-05-27 11:20:00,5274.78,CREDIT,Shell,Mumbai,False
3577,1,2026-06-13 07:39:00,793.39,CREDIT,Local Store,Chandigarh,False
3578,53,2026-07-28 05:05:00,801.89,DEBIT,Flipkart,Chandigarh,False
3579,20,2026-04-16 17:22:00,2989.86,CREDIT,Amazon,Bangalore,False
3580,32,2026-04-04 19:11:00,2729.42,DEBIT,Walmart,Pune,False
3581,21,2026-04-25 23:03:00,2619.18,DEBIT,Swiggy,Delhi,False
3582,2,2026-03-13 12:36:00,673.72,DEBIT,Uber,Delhi,False
3583,64,2026-03-07 07:05:00,4438.22,DEBIT,Amazon,Mumbai,False
3584,89,2026-01-26 20:15:00,2290.87,DEBIT,Local Store,Mumbai,False
3585,67,2026-03-08 22:29:00,2727.08,DEBIT,Apple,Hyderabad,False
3586,40,2026-07-20 05:32:00,1858.49,DEBIT,Local Store,Delhi,False
3587,100,2026-06-01 10:54:00,1296.33,CREDIT,Uber,Hyderabad,False
3588,29,2026-01-02 20:53:00,2135.99,DEBIT,Myntra,Chandigarh,False
3589,42,2026-01-13 10:06:00,846.57,DEBIT,Shell,Hyderabad,False
3590,100,2026-03-28 23:28:00,4417.97,DEBIT,Uber,Hyderabad,False
3591,69,2026-04-04 03:09:00,3818.64,DEBIT,Amazon,Ludhiana,False
3592,10,2026-01-01 12:43:00,3344.36,DEBIT,Flipkart,Bangalore,False
3593,70,2026-06-14 12:41:00,3608.77,DEBIT,Apple,Bangalore,False
3594,92,2026-05-14 03:55:00,2256.75,DEBIT,Netflix,Ludhiana,False
3595,86,2026-01-01 23:31:00,729.2,CREDIT,Amazon,Bangalore,False
3596,2,2026-01-05 14:06:00,3821.23,CREDIT,Apple,Bangalore,False
3597,40,2026-07-18 18:25:00,1019.4,CREDIT,Uber,Mumbai,False
3598,11,2026-03-18 02:19:00,4314.86,DEBIT,Local Store,Chandigarh,False
3599,51,2026-07-07 01:08:00,4134.94,DEBIT,Flipkart,Hyderabad,False
3600,70,2026-04-12 11:19:00,1776.56,DEBIT,Amazon,Pune,False
3601,57,2026-05-04 01:01:00,3625.47,DEBIT,Walmart,Chandigarh,False
3602,37,2026-03-17 05:42:00,3684.62,DEBIT,Netflix,Pune,False
3603,31,2026-06-20 13:08:00,1745.2,CREDIT,Apple,Bangalore,False
3604,3,2026-01-20 10:48:00,2992.84,DEBIT,Swiggy,Chandigarh,False
3605,6,2026-01-16 11:53:00,3640.77,CREDIT,Local Store,Mumbai,False
3606,6,2026-02-03 17:38:00,4563.22,DEBIT,Shell,Hyderabad,False
3607,93,2026-01-29 17:05:00,2190.64,CREDIT,Walmart,Mumbai,False
3608,88,2026-05-22 22:06:00,2157.07,DEBIT,Swiggy,Delhi,False
3609,13,2026-03-01 08:23:00,1935.45,DEBIT,Swiggy,Mumbai,False
3610,24,2026-05-27 19:53:00,4238.17,DEBIT,Amazon,Bangalore,False
3611,59,2026-03-24 05:51:00,3811.56,DEBIT,Local Store,Chandigarh,False
3612,87,2026-04-10 06:20:00,462.51,DEBIT,Flipkart,Pune,False
3613,36,2026-07-13 15:08:00,1662.4,DEBIT,Uber,Pune,False
3614,26,2026-04-16 07:43:00,323.28,CREDIT,Swiggy,Pune,False
3615,10,2026-06-03 08:42:00,2676.77,DEBIT,Myntra,Hyderabad,False
3616,50,2026-05-29 08:18:00,4105.31,DEBIT,Uber,Mumbai,False
3617,42,2026-01-05 22:55:00,1823.8,DEBIT,Uber,Pune,False
3618,50,2026-01-06 23:41:00,614.69,DEBIT,Uber,Bangalore,False
3619,63,2026-07-08 05:03:00,4253.01,CREDIT,Swiggy,Delhi,False
3620,43,2026-03-28 02:36:00,4606.33,DEBIT,Amazon,Chandigarh,False
3621,51,2026-07-13 07:05:00,1755.13,DEBIT,Walmart,Pune,False
3622,82,2026-07-18 10:26:00,1916.22,CREDIT,Local Store,Delhi,False
3623,2,2026-01-22 08:56:00,3116.62,CREDIT,Netflix,Pune,False
3624,4,2026-04-06 11:56:00,945.76,DEBIT,Flipkart,Mumbai,False
3625,89,2026-05-14 11:59:00,1951.23,DEBIT,Netflix,Hyderabad,False
3626,15,2026-05-23 21:02:00,2628.55,CREDIT,Amazon,Delhi,False
3627,80,2026-05-08 00:00:00,3273.99,CREDIT,Myntra,Bangalore,False
3628,85,2026-02-19 21:40:00,2057.77,CREDIT,Amazon,Bangalore,False
3629,37,2026-04-30 22:08:00,4625.88,DEBIT,Netflix,Ludhiana,False
3630,12,2026-07-24 06:36:00,1009.51,DEBIT,Walmart,Pune,False
3631,71,2026-04-14 00:48:00,2752.81,DEBIT,Flipkart,Chandigarh,False
3632,52,2026-05-16 01:48:00,1434.82,DEBIT,Uber,Delhi,False
3633,64,2026-03-27 11:08:00,4475.62,DEBIT,Swiggy,Delhi,False
3634,54,2026-06-04 00:43:00,4817.54,DEBIT,Amazon,Chandigarh,False
3635,2,2026-05-28 20:35:00,2007.33,DEBIT,Amazon,Mumbai,False
3636,26,2026-05-14 05:54:00,1861.43,CREDIT,Shell,Bangalore,False
3637,4,2026-03-25 21:15:00,1116.84,DEBIT,Walmart,Chandigarh,False
3638,64,2026-01-20 15:35:00,3702.85,DEBIT,Flipkart,Ludhiana,False
3639,57,2026-03-18 03:55:00,2736.18,DEBIT,Netflix,Ludhiana,False
3640,42,2026-01-21 14:42:00,2095.58,DEBIT,Swiggy,Bangalore,False
3641,94,2026-06-20 05:24:00,4182.06,DEBIT,Local Store,Delhi,False
3642,41,2026-01-30 02:37:00,5131.63,DEBIT,Shell,Pune,False
3643,74,2026-05-28 07:35:00,1797.97,DEBIT,Local Store,Mumbai,False
3644,55,2026-07-21 14:33:00,2311.96,CREDIT,Netflix,Mumbai,False
3645,42,2026-05-25 04:11:00,2408.17,DEBIT,Shell,Delhi,False
3646,48,2026-03-09 14:58:00,3630.42,DEBIT,Netflix,Pune,False
3647,89,2026-03-30 23:15:00,1591.92,DEBIT,Amazon,Hyderabad,False
3648,83,2026-01-10 07:06:00,1013.74,DEBIT,Local Store,Bangalore,False
3649,56,2026-06-24 10:04:00,2970.61,DEBIT,Netflix,Hyderabad,False
3650,88,2026-05-28 09:49:00,1624.01,DEBIT,Apple,Bangalore,False
3651,6,2026-03-01 15:52:00,1171.16,DEBIT,Swiggy,Hyderabad,False
3652,59,2026-03-10 00:33:00,2083.18,CREDIT,Apple,Mumbai,False
3653,57,2026-07-14 18:10:00,2757.38,DEBIT,Flipkart,Pune,False
3654,19,2026-03-08 09:29:00,1121.82,DEBIT,Amazon,Ludhiana,False
3655,13,2026-03-24 23:53:00,1780.73,DEBIT,Uber,Ludhiana,False
3656,36,2026-04-19 02:32:00,1811.16,DEBIT,Myntra,Pune,False
3657,10,2026-06-25 22:53:00,1552.21,DEBIT,Flipkart,Hyderabad,False
3658,42,2026-04-08 20:11:00,4015.78,DEBIT,Flipkart,Mumbai,False
3659,50,2026-01-26 06:46:00,909.1,DEBIT,Netflix,Ludhiana,False
3660,29,2026-05-24 05:07:00,954.39,DEBIT,Apple,Mumbai,False
3661,28,2026-02-24 19:30:00,4127.2,CREDIT,Uber,Chandigarh,False
3662,58,2026-01-28 11:08:00,3608.34,DEBIT,Swiggy,Pune,False
3663,65,2026-06-24 02:04:00,4548.45,CREDIT,Amazon,Hyderabad,False
3664,57,2026-01-20 01:31:00,542.88,DEBIT,Netflix,Chandigarh,False
3665,5,2026-02-19 06:01:00,1736.31,CREDIT,Apple,Delhi,False
3666,94,2026-04-19 07:41:00,5565.32,DEBIT,Amazon,Mumbai,False
3667,64,2026-05-14 13:21:00,1325.67,DEBIT,Shell,Mumbai,False
3668,55,2026-07-27 05:31:00,1399.05,DEBIT,Amazon,Hyderabad,False
3669,56,2026-03-11 12:11:00,4538.38,DEBIT,Shell,Pune,False
3670,46,2026-05-27 22:11:00,3375.06,CREDIT,Apple,Chandigarh,False
3671,94,2026-03-18 01:05:00,674.84,DEBIT,Walmart,Ludhiana,False
3672,28,2026-07-27 19:08:00,4481.56,DEBIT,Myntra,Pune,False
3673,74,2026-01-29 04:12:00,3739.24,DEBIT,Apple,Ludhiana,False
3674,91,2026-04-25 16:27:00,1489.31,DEBIT,Flipkart,Delhi,False
3675,37,2026-06-08 22:21:00,3356.84,CREDIT,Apple,Mumbai,False
3676,17,2026-04-04 15:58:00,915.94,DEBIT,Swiggy,Delhi,False
3677,17,2026-07-14 07:15:00,891.75,CREDIT,Walmart,Pune,False
3678,14,2026-05-04 14:01:00,1337.59,DEBIT,Netflix,Bangalore,False
3679,3,2026-03-01 11:21:00,694.88,DEBIT,Uber,Mumbai,False
3680,76,2026-04-21 18:00:00,5697.43,DEBIT,Myntra,Bangalore,False
3681,23,2026-06-17 21:06:00,4785.59,DEBIT,Shell,Pune,False
3682,63,2026-07-02 11:26:00,738.53,DEBIT,Shell,Mumbai,False
3683,17,2026-05-01 02:04:00,981.54,DEBIT,Shell,Hyderabad,False
3684,38,2026-05-20 23:06:00,762.44,DEBIT,Walmart,Pune,False
3685,26,2026-06-20 05:24:00,3596.16,DEBIT,Local Store,Ludhiana,False
3686,69,2026-05-23 12:14:00,6623.39,CREDIT,Amazon,Hyderabad,False
3687,87,2026-05-21 20:05:00,1482.49,DEBIT,Netflix,Pune,False
3688,70,2026-06-11 22:29:00,1773.36,DEBIT,Uber,Mumbai,False
3689,51,2026-02-21 05:31:00,5341.48,DEBIT,Swiggy,Delhi,False
3690,50,2026-06-02 10:36:00,2529.19,DEBIT,Flipkart,Bangalore,False
3691,41,2026-07-01 18:37:00,3407.7,DEBIT,Shell,Chandigarh,False
3692,42,2026-06-29 16:33:00,1513.01,CREDIT,Flipkart,Delhi,False
3693,23,2026-07-10 16:48:00,1606.44,DEBIT,Myntra,Bangalore,False
3694,67,2026-07-13 07:33:00,4086.52,DEBIT,Uber,Bangalore,False
3695,88,2026-02-08 18:42:00,926.61,DEBIT,Uber,Mumbai,False
3696,33,2026-07-06 12:28:00,4842.54,DEBIT,Local Store,Ludhiana,False
3697,61,2026-03-15 09:31:00,6810.1,CREDIT,Shell,Chandigarh,False
3698,69,2026-03-26 23:18:00,5061.14,DEBIT,Flipkart,Hyderabad,False
3699,61,2026-05-29 14:59:00,4252.66,CREDIT,Netflix,Delhi,False
3700,80,2026-02-26 00:38:00,1340.6,CREDIT,Netflix,Ludhiana,False
3701,83,2026-01-18 15:53:00,2836.71,DEBIT,Shell,Ludhiana,False
3702,95,2026-04-12 05:00:00,4056.45,DEBIT,Walmart,Mumbai,False
3703,35,2026-06-23 04:07:00,5004.55,DEBIT,Local Store,Chandigarh,False
3704,74,2026-04-10 07:12:00,4594.45,DEBIT,Flipkart,Mumbai,False
3705,72,2026-01-05 19:11:00,1815.45,DEBIT,Apple,Bangalore,False
3706,6,2026-05-18 11:52:00,3210.26,DEBIT,Myntra,Bangalore,False
3707,66,2026-03-23 02:36:00,5952.94,DEBIT,Local Store,Bangalore,False
3708,87,2026-07-19 16:55:00,596.22,DEBIT,Amazon,Mumbai,False
3709,85,2026-02-23 13:43:00,6877.25,DEBIT,Amazon,Hyderabad,False
3710,30,2026-07-13 03:06:00,4875.74,DEBIT,Local Store,Hyderabad,False
3711,18,2026-03-11 14:49:00,1813.04,DEBIT,Apple,Mumbai,False
3712,6,2026-06-10 04:56:00,2240.74,DEBIT,Myntra,Chandigarh,False
3713,37,2026-02-11 09:20:00,1934.12,CREDIT,Apple,Delhi,False
3714,66,2026-07-10 07:15:00,4932.25,DEBIT,Uber,Mumbai,False
3715,1,2026-07-09 07:49:00,2764.37,DEBIT,Swiggy,Pune,False
3716,66,2026-07-27 17:33:00,3584.59,DEBIT,Swiggy,Mumbai,False
3717,32,2026-05-12 06:55:00,3838.45,DEBIT,Shell,Chandigarh,False
3718,92,2026-06-17 04:57:00,5460.29,DEBIT,Swiggy,Hyderabad,False
3719,62,2026-03-12 01:49:00,1610.53,CREDIT,Amazon,Chandigarh,False
3720,52,2026-02-01 11:25:00,1302.66,DEBIT,Flipkart,Delhi,False
3721,68,2026-02-24 11:03:00,4806.07,DEBIT,Apple,Hyderabad,False
3722,19,2026-05-04 17:58:00,4022.56,CREDIT,Local Store,Bangalore,False
3723,54,2026-02-25 14:51:00,3153.42,DEBIT,Netflix,Mumbai,False
3724,59,2026-06-22 11:45:00,3648.51,DEBIT,Walmart,Chandigarh,False
3725,80,2026-03-25 00:17:00,1057.43,CREDIT,Myntra,Pune,False
3726,74,2026-06-05 23:31:00,501.48,DEBIT,Flipkart,Hyderabad,False
3727,35,2026-07-21 01:06:00,4083.59,DEBIT,Apple,Hyderabad,False
3728,60,2026-04-05 11:27:00,3240.41,DEBIT,Walmart,Pune,False
3729,57,2026-07-18 07:11:00,2235.79,DEBIT,Shell,Ludhiana,False
3730,88,2026-03-18 12:09:00,784.17,DEBIT,Myntra,Ludhiana,False
3731,9,2026-04-21 03:17:00,2646.74,DEBIT,Flipkart,Ludhiana,False
3732,78,2026-03-03 00:55:00,4383.63,DEBIT,Swiggy,Hyderabad,False
3733,71,2026-07-11 04:36:00,1408.58,DEBIT,Amazon,Hyderabad,False
3734,20,2026-05-26 02:57:00,6254.61,DEBIT,Walmart,Mumbai,False
3735,31,2026-01-11 03:25:00,2962.18,CREDIT,Flipkart,Pune,False
3736,12,2026-02-06 07:47:00,2538.07,CREDIT,Uber,Ludhiana,False
3737,83,2026-02-05 18:53:00,3059.55,DEBIT,Shell,Hyderabad,False
3738,18,2026-06-27 20:10:00,4021.18,DEBIT,Amazon,Chandigarh,False
3739,50,2026-01-18 03:21:00,4453.21,CREDIT,Myntra,Ludhiana,False
3740,17,2026-07-22 00:14:00,1082.1,CREDIT,Uber,Chandigarh,False
3741,71,2026-06-08 23:35:00,3307.37,DEBIT,Apple,Ludhiana,False
3742,59,2026-04-26 02:50:00,5570.58,DEBIT,Amazon,Chandigarh,False
3743,63,2026-03-24 00:34:00,1466.37,DEBIT,Netflix,Bangalore,False
3744,46,2026-06-27 06:03:00,3542.77,DEBIT,Myntra,Mumbai,False
3745,95,2026-03-21 09:05:00,1163.64,CREDIT,Walmart,Bangalore,False
3746,43,2026-04-26 21:16:00,2838.53,DEBIT,Myntra,Pune,False
3747,5,2026-03-23 01:29:00,1710.4,DEBIT,Shell,Bangalore,False
3748,91,2026-04-24 07:07:00,3194.16,DEBIT,Flipkart,Ludhiana,False
3749,69,2026-06-25 23:59:00,1748.0,DEBIT,Amazon,Pune,False
3750,90,2026-03-24 13:59:00,924.32,DEBIT,Flipkart,Hyderabad,False
3751,7,2026-05-24 06:50:00,1025.19,DEBIT,Shell,Ludhiana,False
3752,10,2026-06-09 10:31:00,3614.36,DEBIT,Myntra,Ludhiana,False
3753,58,2026-04-21 03:44:00,3203.24,DEBIT,Apple,Bangalore,False
3754,55,2026-06-22 05:23:00,2528.86,DEBIT,Local Store,Hyderabad,False
3755,38,2026-06-05 13:34:00,619.19,CREDIT,Apple,Hyderabad,False
3756,3,2026-02-19 01:08:00,654.08,DEBIT,Local Store,Bangalore,False
3757,62,2026-05-10 06:37:00,937.54,CREDIT,Local Store,Chandigarh,False
3758,47,2026-02-23 15:08:00,2546.69,CREDIT,Myntra,Mumbai,False
3759,14,2026-01-14 17:49:00,3959.37,DEBIT,Uber,Ludhiana,False
3760,12,2026-04-21 19:00:00,1786.94,DEBIT,Uber,Hyderabad,False
3761,30,2026-05-16 17:59:00,1405.67,CREDIT,Walmart,Ludhiana,False
3762,45,2026-04-01 02:09:00,4087.29,DEBIT,Local Store,Chandigarh,False
3763,50,2026-05-20 22:04:00,506.54,DEBIT,Myntra,Pune,False
3764,33,2026-05-06 17:56:00,2329.44,DEBIT,Local Store,Bangalore,False
3765,70,2026-02-11 20:03:00,2317.34,DEBIT,Swiggy,Delhi,False
3766,57,2026-02-28 19:44:00,602.34,DEBIT,Uber,Delhi,False
3767,66,2026-04-15 09:02:00,2577.62,DEBIT,Walmart,Mumbai,False
3768,98,2026-06-24 14:02:00,2180.12,DEBIT,Swiggy,Pune,False
3769,8,2026-06-13 17:57:00,3635.38,DEBIT,Apple,Delhi,False
3770,95,2026-02-15 15:32:00,6583.89,DEBIT,Shell,Chandigarh,False
3771,37,2026-01-11 10:32:00,5812.3,CREDIT,Uber,Chandigarh,False
3772,82,2026-01-11 18:23:00,2038.87,CREDIT,Local Store,Pune,False
3773,83,2026-03-10 16:04:00,2998.8,DEBIT,Swiggy,Chandigarh,False
3774,58,2026-05-18 11:06:00,2170.1,DEBIT,Swiggy,Chandigarh,False
3775,56,2026-03-29 13:36:00,8912.53,DEBIT,Apple,Mumbai,False
3776,5,2026-02-16 14:31:00,1113.87,CREDIT,Uber,Pune,False
3777,90,2026-03-18 00:08:00,4713.65,DEBIT,Myntra,Chandigarh,False
3778,71,2026-05-11 08:58:00,1987.15,DEBIT,Local Store,Pune,False
3779,3,2026-04-21 20:08:00,1131.32,DEBIT,Apple,Hyderabad,False
3780,52,2026-03-01 18:50:00,770.67,DEBIT,Netflix,Mumbai,False
3781,100,2026-05-12 06:03:00,5220.11,DEBIT,Swiggy,Bangalore,False
3782,18,2026-01-20 03:09:00,4768.51,DEBIT,Walmart,Ludhiana,False
3783,50,2026-05-10 20:55:00,1612.47,DEBIT,Swiggy,Ludhiana,False
3784,82,2026-02-27 12:11:00,1516.63,DEBIT,Uber,Chandigarh,False
3785,88,2026-01-17 09:03:00,2759.84,DEBIT,Amazon,Mumbai,False
3786,71,2026-05-02 19:06:00,1647.6,CREDIT,Flipkart,Delhi,False
3787,94,2026-04-16 01:22:00,4319.73,CREDIT,Apple,Ludhiana,False
3788,52,2026-07-15 03:08:00,4177.23,DEBIT,Netflix,Ludhiana,False
3789,1,2026-05-12 12:11:00,1889.78,DEBIT,Apple,Chandigarh,False
3790,94,2026-06-25 13:32:00,1430.05,DEBIT,Apple,Ludhiana,False
3791,26,2026-06-16 17:57:00,1359.41,CREDIT,Shell,Ludhiana,False
3792,60,2026-01-24 03:06:00,3490.77,DEBIT,Uber,Hyderabad,False
3793,89,2026-06-30 10:09:00,654.16,DEBIT,Swiggy,Chandigarh,False
3794,13,2026-07-12 08:40:00,2866.58,DEBIT,Flipkart,Ludhiana,False
3795,7,2026-02-01 05:30:00,728.9,CREDIT,Apple,Mumbai,False
3796,75,2026-01-24 15:18:00,610.86,DEBIT,Apple,Mumbai,False
3797,56,2026-01-06 09:10:00,1863.2,CREDIT,Myntra,Hyderabad,False
3798,71,2026-01-17 12:09:00,1005.9,DEBIT,Local Store,Pune,False
3799,52,2026-06-15 08:20:00,3037.65,DEBIT,Amazon,Chandigarh,False
3800,83,2026-02-21 23:41:00,3533.43,CREDIT,Swiggy,Hyderabad,False
3801,75,2026-04-06 20:33:00,3509.79,DEBIT,Uber,Pune,False
3802,96,2026-01-20 05:19:00,2011.07,DEBIT,Uber,Mumbai,False
3803,7,2026-05-03 00:28:00,654.2,CREDIT,Amazon,Pune,False
3804,42,2026-04-15 23:15:00,4587.26,DEBIT,Walmart,Delhi,False
3805,38,2026-04-25 16:50:00,5069.41,DEBIT,Walmart,Bangalore,False
3806,41,2026-01-07 22:50:00,3990.76,DEBIT,Walmart,Hyderabad,False
3807,52,2026-02-16 20:48:00,2410.98,DEBIT,Uber,Hyderabad,False
3808,18,2026-04-27 07:58:00,2601.07,DEBIT,Netflix,Hyderabad,False
3809,76,2026-01-11 00:34:00,1044.12,DEBIT,Walmart,Pune,False
3810,95,2026-01-28 11:57:00,3044.59,DEBIT,Walmart,Hyderabad,False
3811,27,2026-03-24 22:45:00,1549.54,DEBIT,Uber,Bangalore,False
3812,24,2026-02-12 12:07:00,3297.77,CREDIT,Netflix,Mumbai,False
3813,32,2026-04-14 03:35:00,3751.28,DEBIT,Flipkart,Mumbai,False
3814,28,2026-04-19 15:28:00,2752.22,DEBIT,Apple,Ludhiana,False
3815,57,2026-06-06 08:08:00,2901.39,DEBIT,Netflix,Bangalore,False
3816,23,2026-05-10 20:05:00,3877.98,DEBIT,Netflix,Chandigarh,False
3817,97,2026-03-30 07:01:00,2113.39,CREDIT,Apple,Pune,False
3818,74,2026-03-06 13:40:00,2062.42,DEBIT,Local Store,Chandigarh,False
3819,30,2026-05-20 16:22:00,2220.41,DEBIT,Swiggy,Bangalore,False
3820,43,2026-06-27 15:33:00,2745.21,DEBIT,Swiggy,Mumbai,False
3821,48,2026-06-01 15:55:00,4884.45,DEBIT,Swiggy,Bangalore,False
3822,14,2026-05-15 12:30:00,1334.39,CREDIT,Netflix,Mumbai,False
3823,52,2026-04-09 14:14:00,4116.18,CREDIT,Swiggy,Chandigarh,False
3824,93,2026-03-17 20:50:00,1660.87,DEBIT,Shell,Ludhiana,False
3825,90,2026-07-20 18:35:00,4022.25,DEBIT,Flipkart,Pune,False
3826,32,2026-05-22 08:38:00,1123.57,DEBIT,Myntra,Ludhiana,False
3827,20,2026-06-02 07:34:00,1739.57,DEBIT,Netflix,Pune,False
3828,81,2026-04-09 19:59:00,3221.28,DEBIT,Netflix,Pune,False
3829,37,2026-01-10 12:21:00,1886.27,DEBIT,Swiggy,Hyderabad,False
3830,13,2026-04-18 18:47:00,3100.93,DEBIT,Local Store,Chandigarh,False
3831,76,2026-01-29 02:16:00,2323.45,CREDIT,Swiggy,Delhi,False
3832,46,2026-07-02 01:52:00,3157.05,DEBIT,Walmart,Delhi,False
3833,51,2026-01-11 15:23:00,3789.02,DEBIT,Netflix,Delhi,False
3834,64,2026-05-19 04:28:00,4063.37,DEBIT,Amazon,Chandigarh,False
3835,89,2026-07-15 06:18:00,1260.78,DEBIT,Local Store,Chandigarh,False
3836,62,2026-01-07 22:53:00,4719.96,CREDIT,Shell,Mumbai,False
3837,50,2026-04-14 22:31:00,3368.93,CREDIT,Swiggy,Hyderabad,False
3838,26,2026-06-10 22:26:00,2987.41,DEBIT,Swiggy,Mumbai,False
3839,42,2026-03-01 20:57:00,4133.38,CREDIT,Swiggy,Hyderabad,False
3840,90,2026-03-16 16:19:00,1186.65,CREDIT,Netflix,Ludhiana,False
3841,14,2026-04-20 10:27:00,2559.61,CREDIT,Amazon,Mumbai,False
3842,51,2026-01-30 02:23:00,2802.68,DEBIT,Walmart,Mumbai,False
3843,83,2026-02-02 04:43:00,3158.26,DEBIT,Local Store,Chandigarh,False
3844,58,2026-07-20 12:07:00,3907.41,DEBIT,Netflix,Mumbai,False
3845,43,2026-03-03 19:48:00,1627.75,DEBIT,Flipkart,Hyderabad,False
3846,99,2026-03-31 21:25:00,3302.45,DEBIT,Local Store,Ludhiana,False
3847,35,2026-03-26 07:57:00,5343.51,DEBIT,Apple,Bangalore,False
3848,28,2026-06-25 12:03:00,2877.04,DEBIT,Netflix,Pune,False
3849,36,2026-04-07 14:14:00,3079.56,DEBIT,Walmart,Pune,False
3850,8,2026-06-29 17:21:00,5013.65,CREDIT,Local Store,Mumbai,False
3851,5,2026-01-04 19:04:00,830.9,DEBIT,Apple,Ludhiana,False
3852,84,2026-03-15 18:45:00,63857.02,DEBIT,Uber,Bangalore,True
3853,40,2026-07-12 20:02:00,5068.73,DEBIT,Shell,Hyderabad,False
3854,54,2026-05-28 03:56:00,3267.35,CREDIT,Shell,Delhi,False
3855,96,2026-02-22 13:36:00,6012.36,DEBIT,Walmart,Hyderabad,False
3856,99,2026-04-30 19:57:00,1068.4,DEBIT,Apple,Ludhiana,False
3857,34,2026-06-04 21:47:00,5267.41,DEBIT,Amazon,Pune,False
3858,62,2026-06-26 19:47:00,3032.87,DEBIT,Local Store,Delhi,False
3859,27,2026-02-06 00:02:00,4293.94,CREDIT,Walmart,Hyderabad,False
3860,64,2026-02-05 14:14:00,1092.34,CREDIT,Local Store,Pune,False
3861,40,2026-06-18 21:53:00,6264.25,DEBIT,Amazon,Mumbai,False
3862,67,2026-04-16 08:11:00,705.54,DEBIT,Walmart,Delhi,False
3863,17,2026-06-26 10:18:00,2817.19,DEBIT,Walmart,Hyderabad,False
3864,78,2026-07-05 17:06:00,1589.29,DEBIT,Flipkart,Chandigarh,False
3865,49,2026-01-30 00:21:00,1264.72,DEBIT,Amazon,Pune,False
3866,64,2026-05-18 23:19:00,2131.72,CREDIT,Walmart,Hyderabad,False
3867,74,2026-04-14 09:16:00,5862.59,DEBIT,Amazon,Delhi,False
3868,91,2026-03-21 07:07:00,2059.61,CREDIT,Flipkart,Delhi,False
3869,53,2026-05-29 00:13:00,2114.17,DEBIT,Shell,Bangalore,False
3870,45,2026-03-05 21:32:00,2319.13,CREDIT,Myntra,Pune,False
3871,40,2026-01-24 16:01:00,6120.37,DEBIT,Myntra,Ludhiana,False
3872,70,2026-07-09 13:02:00,3201.74,DEBIT,Shell,Bangalore,False
3873,55,2026-03-22 10:18:00,2109.01,CREDIT,Amazon,Delhi,False
3874,48,2026-05-05 01:22:00,1287.7,CREDIT,Swiggy,Chandigarh,False
3875,45,2026-07-03 19:35:00,5425.89,DEBIT,Apple,Mumbai,False
3876,24,2026-06-15 21:50:00,2302.96,DEBIT,Uber,Chandigarh,False
3877,52,2026-05-20 08:47:00,939.91,DEBIT,Amazon,Chandigarh,False
3878,3,2026-07-06 14:35:00,72338.07,DEBIT,Apple,Pune,True
3879,29,2026-06-03 06:34:00,587.92,CREDIT,Uber,Bangalore,False
3880,6,2026-02-07 08:35:00,2947.12,DEBIT,Amazon,Delhi,False
3881,82,2026-04-10 00:16:00,3607.78,DEBIT,Walmart,Chandigarh,False
3882,18,2026-05-29 10:02:00,3391.75,DEBIT,Uber,Mumbai,False
3883,65,2026-02-20 23:23:00,5103.97,DEBIT,Netflix,Mumbai,False
3884,71,2026-02-26 10:36:00,1574.33,DEBIT,Apple,Delhi,False
3885,69,2026-04-19 04:37:00,1631.78,DEBIT,Amazon,Delhi,False
3886,35,2026-07-21 19:03:00,1033.09,DEBIT,Apple,Chandigarh,False
3887,78,2026-02-12 00:54:00,4406.59,DEBIT,Netflix,Bangalore,False
3888,86,2026-04-25 11:25:00,963.31,CREDIT,Netflix,Bangalore,False
3889,100,2026-02-17 18:53:00,5386.23,DEBIT,Amazon,Hyderabad,False
3890,56,2026-05-11 20:20:00,1683.03,DEBIT,Myntra,Ludhiana,False
3891,6,2026-07-16 18:31:00,2617.3,DEBIT,Amazon,Hyderabad,False
3892,10,2026-04-15 17:56:00,631.76,DEBIT,Flipkart,Mumbai,False
3893,39,2026-07-05 21:09:00,669.51,CREDIT,Walmart,Pune,False
3894,34,2026-06-15 08:16:00,2452.47,DEBIT,Apple,Pune,False
3895,81,2026-07-22 05:43:00,1190.86,DEBIT,Local Store,Mumbai,False
3896,3,2026-07-01 05:09:00,2288.28,CREDIT,Shell,Pune,False
3897,91,2026-02-12 00:27:00,4454.05,DEBIT,Uber,Delhi,False
3898,29,2026-06-11 21:15:00,3537.28,DEBIT,Apple,Mumbai,False
3899,93,2026-04-28 15:50:00,1861.03,DEBIT,Flipkart,Chandigarh,False
3900,48,2026-01-08 14:14:00,2847.95,DEBIT,Shell,Hyderabad,False
3901,36,2026-06-06 12:44:00,1349.2,DEBIT,Local Store,Pune,False
3902,7,2026-02-25 18:54:00,3582.48,DEBIT,Shell,Ludhiana,False
3903,70,2026-06-03 01:19:00,1727.99,DEBIT,Myntra,Mumbai,False
3904,30,2026-06-11 16:11:00,3248.38,DEBIT,Amazon,Delhi,False
3905,52,2026-07-23 22:34:00,1731.83,DEBIT,Walmart,Bangalore,False
3906,76,2026-05-11 05:45:00,4717.92,DEBIT,Netflix,Pune,False
3907,3,2026-02-28 12:28:00,3188.21,DEBIT,Local Store,Hyderabad,False
3908,51,2026-07-01 15:25:00,2520.03,DEBIT,Uber,Bangalore,False
3909,2,2026-04-02 05:11:00,2649.32,DEBIT,Uber,Mumbai,False
3910,39,2026-04-10 17:25:00,2341.44,CREDIT,Walmart,Chandigarh,False
3911,91,2026-05-26 00:34:00,1250.8,DEBIT,Local Store,Delhi,False
3912,42,2026-04-13 14:18:00,3322.68,DEBIT,Local Store,Delhi,False
3913,50,2026-04-12 01:16:00,699.67,DEBIT,Uber,Bangalore,False
3914,58,2026-03-19 12:18:00,778.7,CREDIT,Netflix,Pune,False
3915,19,2026-03-22 21:58:00,2707.95,DEBIT,Walmart,Bangalore,False
3916,82,2026-07-11 06:40:00,3761.18,CREDIT,Swiggy,Mumbai,False
3917,6,2026-03-08 22:15:00,1962.89,DEBIT,Local Store,Ludhiana,False
3918,12,2026-04-18 14:02:00,2311.6,DEBIT,Uber,Ludhiana,False
3919,18,2026-03-06 09:11:00,4676.66,DEBIT,Walmart,Bangalore,False
3920,88,2026-05-28 20:43:00,1611.25,DEBIT,Swiggy,Ludhiana,False
3921,27,2026-02-15 22:46:00,2702.36,DEBIT,Flipkart,Hyderabad,False
3922,5,2026-03-25 23:15:00,4863.07,DEBIT,Local Store,Mumbai,False
3923,65,2026-03-09 08:05:00,297.24,DEBIT,Uber,Delhi,False
3924,54,2026-02-08 16:21:00,820.5,DEBIT,Local Store,Mumbai,False
3925,83,2026-01-31 20:34:00,1395.75,DEBIT,Local Store,Delhi,False
3926,1,2026-05-05 08:52:00,858.7,DEBIT,Swiggy,Delhi,False
3927,49,2026-04-13 05:25:00,1311.32,DEBIT,Myntra,Delhi,False
3928,66,2026-04-23 12:59:00,3049.28,DEBIT,Amazon,Pune,False
3929,58,2026-04-15 00:05:00,1907.73,DEBIT,Flipkart,Pune,False
3930,28,2026-05-21 04:47:00,702.48,DEBIT,Myntra,Chandigarh,False
3931,69,2026-04-15 20:03:00,3748.59,DEBIT,Netflix,Chandigarh,False
3932,2,2026-04-18 15:56:00,4974.92,DEBIT,Flipkart,Mumbai,False
3933,87,2026-07-01 15:55:00,4827.73,DEBIT,Swiggy,Chandigarh,False
3934,92,2026-03-06 08:51:00,1713.35,DEBIT,Myntra,Pune,False
3935,98,2026-02-01 12:12:00,3118.04,DEBIT,Flipkart,Chandigarh,False
3936,71,2026-01-22 19:11:00,978.45,DEBIT,Uber,Mumbai,False
3937,32,2026-06-10 20:29:00,986.35,DEBIT,Amazon,Chandigarh,False
3938,81,2026-03-16 10:55:00,5005.62,DEBIT,Flipkart,Mumbai,False
3939,18,2026-02-26 13:08:00,1119.28,DEBIT,Walmart,Hyderabad,False
3940,18,2026-04-14 13:51:00,1945.08,DEBIT,Shell,Bangalore,False
3941,54,2026-04-24 10:31:00,1337.52,CREDIT,Netflix,Delhi,False
3942,6,2026-06-15 03:13:00,630.96,DEBIT,Flipkart,Hyderabad,False
3943,32,2026-03-30 13:53:00,1438.39,DEBIT,Walmart,Mumbai,False
3944,19,2026-07-02 20:19:00,1453.72,DEBIT,Swiggy,Chandigarh,False
3945,79,2026-04-04 21:10:00,2032.44,DEBIT,Walmart,Chandigarh,False
3946,85,2026-06-30 22:15:00,2763.76,CREDIT,Swiggy,Bangalore,False
3947,73,2026-02-20 18:37:00,1257.1,CREDIT,Amazon,Delhi,False
3948,13,2026-01-12 01:03:00,3810.71,DEBIT,Swiggy,Hyderabad,False
3949,46,2026-03-22 05:15:00,1005.08,DEBIT,Flipkart,Delhi,False
3950,19,2026-04-26 00:34:00,2940.62,CREDIT,Flipkart,Mumbai,False
3951,32,2026-05-21 12:04:00,3210.99,DEBIT,Local Store,Chandigarh,False
3952,53,2026-04-17 20:41:00,1132.35,DEBIT,Local Store,Chandigarh,False
3953,21,2026-02-13 19:19:00,1400.89,DEBIT,Amazon,Bangalore,False
3954,53,2026-05-31 11:15:00,2313.68,DEBIT,Local Store,Mumbai,False
3955,73,2026-02-22 01:30:00,1367.64,CREDIT,Amazon,Hyderabad,False
3956,54,2026-06-02 03:35:00,5467.04,CREDIT,Myntra,Mumbai,False
3957,77,2026-03-20 11:09:00,4631.35,DEBIT,Apple,Pune,False
3958,35,2026-02-10 03:21:00,2691.02,DEBIT,Apple,Chandigarh,False
3959,85,2026-06-29 15:38:00,2476.9,DEBIT,Myntra,Ludhiana,False
3960,89,2026-01-03 06:38:00,4725.37,DEBIT,Apple,Bangalore,False
3961,64,2026-07-09 05:39:00,1881.63,DEBIT,Apple,Pune,False
3962,84,2026-03-25 19:19:00,818.81,DEBIT,Local Store,Ludhiana,False
3963,18,2026-02-22 10:27:00,588.46,CREDIT,Netflix,Mumbai,False
3964,57,2026-01-21 10:12:00,3778.75,CREDIT,Local Store,Pune,False
3965,91,2026-06-12 02:48:00,2605.44,DEBIT,Amazon,Chandigarh,False
3966,26,2026-02-21 04:47:00,2847.68,DEBIT,Shell,Chandigarh,False
3967,26,2026-02-25 04:15:00,584.17,CREDIT,Amazon,Hyderabad,False
3968,7,2026-07-08 14:17:00,4763.79,DEBIT,Apple,Ludhiana,False
3969,35,2026-03-16 02:33:00,1257.72,CREDIT,Netflix,Hyderabad,False
3970,28,2026-05-19 17:27:00,1458.65,DEBIT,Amazon,Hyderabad,False
3971,66,2026-02-01 05:40:00,1633.98,DEBIT,Netflix,Chandigarh,False
3972,2,2026-04-03 04:26:00,4141.34,DEBIT,Local Store,Bangalore,False
3973,56,2026-06-02 15:57:00,4246.36,CREDIT,Apple,Ludhiana,False
3974,92,2026-03-10 08:59:00,4115.64,DEBIT,Uber,Bangalore,False
3975,80,2026-05-17 05:48:00,2956.56,CREDIT,Amazon,Hyderabad,False
3976,84,2026-01-29 04:43:00,2893.36,CREDIT,Walmart,Bangalore,False
3977,38,2026-01-22 20:24:00,1279.27,DEBIT,Shell,Delhi,False
3978,28,2026-01-14 00:08:00,5108.91,DEBIT,Apple,Bangalore,False
3979,82,2026-05-28 16:46:00,774.69,DEBIT,Swiggy,Ludhiana,False
3980,44,2026-05-01 05:05:00,1005.54,DEBIT,Netflix,Ludhiana,False
3981,82,2026-06-16 18:46:00,3255.58,DEBIT,Flipkart,Bangalore,False
3982,65,2026-01-05 09:03:00,982.66,DEBIT,Walmart,Chandigarh,False
3983,67,2026-06-14 03:10:00,3752.31,DEBIT,Shell,Bangalore,False
3984,5,2026-01-14 13:04:00,1078.51,CREDIT,Uber,Chandigarh,False
3985,85,2026-03-16 08:22:00,1197.56,DEBIT,Myntra,Pune,False
3986,14,2026-07-07 20:30:00,2009.3,DEBIT,Swiggy,Chandigarh,False
3987,67,2026-05-21 07:30:00,6105.96,DEBIT,Myntra,Bangalore,False
3988,75,2026-03-14 12:41:00,4615.78,DEBIT,Uber,Chandigarh,False
3989,9,2026-07-15 06:20:00,3205.88,DEBIT,Netflix,Bangalore,False
3990,25,2026-01-25 09:13:00,1744.09,DEBIT,Local Store,Bangalore,False
3991,55,2026-03-29 04:02:00,1801.64,DEBIT,Netflix,Ludhiana,False
3992,84,2026-03-01 09:08:00,2213.13,CREDIT,Apple,Mumbai,False
3993,50,2026-06-25 11:35:00,2706.44,CREDIT,Flipkart,Ludhiana,False
3994,6,2026-04-08 11:03:00,974.26,DEBIT,Swiggy,Chandigarh,False
3995,71,2026-03-15 16:32:00,2724.28,CREDIT,Amazon,Mumbai,False
3996,66,2026-06-18 05:14:00,1999.75,DEBIT,Uber,Chandigarh,False
3997,97,2026-04-26 06:58:00,1378.83,DEBIT,Walmart,Pune,False
3998,48,2026-03-01 22:21:00,3109.42,DEBIT,Flipkart,Mumbai,False
3999,67,2026-07-18 04:45:00,2088.57,DEBIT,Myntra,Hyderabad,False
4000,25,2026-07-25 10:57:00,5270.79,DEBIT,Myntra,Mumbai,False
4001,93,2026-03-02 18:32:00,3116.5,DEBIT,Myntra,Hyderabad,False
4002,61,2026-02-12 05:13:00,1759.36,CREDIT,Walmart,Hyderabad,False
4003,65,2026-07-03 11:37:00,1522.79,DEBIT,Swiggy,Mumbai,False
4004,1,2026-06-11 03:22:00,5409.95,DEBIT,Walmart,Mumbai,False
4005,10,2026-04-18 11:31:00,938.88,DEBIT,Apple,Chandigarh,False
4006,28,2026-05-07 23:51:00,6222.32,CREDIT,Myntra,Hyderabad,False
4007,89,2026-06-05 12:52:00,3864.78,DEBIT,Walmart,Pune,False
4008,75,2026-05-17 23:16:00,3089.91,DEBIT,Flipkart,Pune,False
4009,79,2026-04-18 18:26:00,2540.65,DEBIT,Amazon,Ludhiana,False
4010,79,2026-03-27 09:20:00,2811.38,DEBIT,Netflix,Bangalore,False
4011,100,2026-04-13 12:12:00,2363.76,DEBIT,Uber,Pune,False
4012,49,2026-06-17 01:52:00,3724.19,DEBIT,Local Store,Mumbai,False
4013,89,2026-03-30 19:01:00,1548.02,CREDIT,Local Store,Pune,False
4014,2,2026-04-14 14:07:00,1845.4,DEBIT,Myntra,Pune,False
4015,32,2026-02-11 14:40:00,2437.62,CREDIT,Walmart,Bangalore,False
4016,5,2026-01-26 05:03:00,2986.55,DEBIT,Swiggy,Pune,False
4017,20,2026-07-24 01:56:00,2536.7,DEBIT,Local Store,Pune,False
4018,27,2026-05-03 10:19:00,3555.86,CREDIT,Local Store,Chandigarh,False
4019,72,2026-03-17 08:56:00,4926.74,DEBIT,Flipkart,Chandigarh,False
4020,12,2026-07-27 16:42:00,3871.51,DEBIT,Swiggy,Chandigarh,False
4021,73,2026-07-03 23:52:00,908.51,CREDIT,Swiggy,Pune,False
4022,50,2026-03-29 09:43:00,5147.07,DEBIT,Uber,Delhi,False
4023,27,2026-05-29 10:15:00,1178.69,DEBIT,Swiggy,Bangalore,False
4024,19,2026-05-24 00:44:00,3966.69,DEBIT,Shell,Bangalore,False
4025,34,2026-02-16 19:09:00,3811.79,DEBIT,Apple,Delhi,False
4026,6,2026-02-21 10:15:00,3806.02,DEBIT,Amazon,Ludhiana,False
4027,51,2026-01-07 08:38:00,4595.13,DEBIT,Flipkart,Delhi,False
4028,76,2026-04-12 20:57:00,724.8,CREDIT,Netflix,Hyderabad,False
4029,19,2026-01-21 18:14:00,4004.96,DEBIT,Netflix,Mumbai,False
4030,41,2026-03-21 00:47:00,6404.13,CREDIT,Swiggy,Ludhiana,False
4031,92,2026-01-22 04:40:00,5363.53,DEBIT,Amazon,Pune,False
4032,5,2026-03-27 11:40:00,2281.89,DEBIT,Walmart,Ludhiana,False
4033,57,2026-07-13 14:01:00,2659.12,DEBIT,Amazon,Mumbai,False
4034,68,2026-05-03 07:20:00,1866.13,CREDIT,Apple,Delhi,False
4035,43,2026-01-19 09:54:00,4106.69,DEBIT,Local Store,Pune,False
4036,30,2026-03-22 07:51:00,616.44,DEBIT,Myntra,Chandigarh,False
4037,55,2026-01-10 00:06:00,926.95,DEBIT,Shell,Hyderabad,False
4038,11,2026-06-06 05:26:00,850.71,DEBIT,Shell,Delhi,False
4039,45,2026-07-16 03:53:00,67570.45,DEBIT,Apple,Bangalore,True
4040,1,2026-03-22 04:54:00,3343.73,CREDIT,Walmart,Hyderabad,False
4041,12,2026-03-31 00:32:00,541.78,DEBIT,Amazon,Hyderabad,False
4042,79,2026-06-13 01:30:00,3074.28,CREDIT,Local Store,Ludhiana,False
4043,38,2026-04-23 07:03:00,6250.25,DEBIT,Uber,Pune,False
4044,55,2026-05-29 14:50:00,3828.31,DEBIT,Flipkart,Pune,False
4045,4,2026-02-05 18:54:00,5328.8,DEBIT,Shell,Chandigarh,False
4046,62,2026-07-13 05:56:00,2927.83,CREDIT,Shell,Hyderabad,False
4047,28,2026-05-11 04:11:00,2404.9,CREDIT,Amazon,Delhi,False
4048,94,2026-02-28 18:54:00,4523.13,CREDIT,Myntra,Chandigarh,False
4049,23,2026-07-07 11:04:00,3503.36,DEBIT,Amazon,Ludhiana,False
4050,90,2026-05-25 13:45:00,4470.48,DEBIT,Walmart,Chandigarh,False
4051,42,2026-07-15 19:09:00,831.9,DEBIT,Local Store,Delhi,False
4052,60,2026-04-26 18:38:00,1610.04,DEBIT,Local Store,Ludhiana,False
4053,14,2026-06-07 22:54:00,938.55,DEBIT,Flipkart,Ludhiana,False
4054,64,2026-03-10 10:25:00,2738.87,DEBIT,Shell,Bangalore,False
4055,95,2026-04-16 21:59:00,2222.17,CREDIT,Walmart,Hyderabad,False
4056,57,2026-05-22 02:18:00,1506.29,CREDIT,Flipkart,Chandigarh,False
4057,71,2026-05-09 08:00:00,1381.93,DEBIT,Swiggy,Bangalore,False
4058,12,2026-02-11 13:27:00,2122.16,DEBIT,Apple,Ludhiana,False
4059,55,2026-03-08 20:37:00,789.1,DEBIT,Apple,Bangalore,False
4060,77,2026-06-12 19:44:00,3046.76,DEBIT,Shell,Hyderabad,False
4061,63,2026-01-07 01:34:00,1911.91,DEBIT,Uber,Ludhiana,False
4062,26,2026-02-24 14:04:00,591.76,DEBIT,Flipkart,Pune,False
4063,2,2026-04-11 05:03:00,413.57,DEBIT,Uber,Ludhiana,False
4064,97,2026-05-06 11:25:00,4756.6,DEBIT,Uber,Mumbai,False
4065,21,2026-07-24 04:17:00,1715.52,CREDIT,Amazon,Chandigarh,False
4066,22,2026-07-01 11:44:00,5907.17,DEBIT,Netflix,Delhi,False
4067,18,2026-06-04 04:22:00,4654.0,DEBIT,Uber,Bangalore,False
4068,90,2026-03-29 02:19:00,1943.02,DEBIT,Myntra,Hyderabad,False
4069,95,2026-02-03 12:05:00,4654.6,DEBIT,Apple,Bangalore,False
4070,51,2026-05-14 19:04:00,4689.51,CREDIT,Swiggy,Pune,False
4071,100,2026-06-29 11:26:00,4521.73,DEBIT,Netflix,Bangalore,False
4072,83,2026-03-21 16:30:00,2612.59,CREDIT,Apple,Bangalore,False
4073,93,2026-07-15 07:39:00,640.95,DEBIT,Swiggy,Bangalore,False
4074,66,2026-04-08 10:55:00,1645.01,DEBIT,Shell,Mumbai,False
4075,38,2026-07-19 04:02:00,3715.94,CREDIT,Swiggy,Pune,False
4076,21,2026-03-20 13:59:00,3089.78,CREDIT,Swiggy,Chandigarh,False
4077,39,2026-06-17 17:51:00,2839.6,DEBIT,Myntra,Bangalore,False
4078,68,2026-04-16 20:25:00,2778.91,CREDIT,Netflix,Mumbai,False
4079,99,2026-04-02 16:27:00,2780.75,DEBIT,Apple,Mumbai,False
4080,94,2026-05-03 18:38:00,3036.18,DEBIT,Shell,Delhi,False
4081,46,2026-05-12 12:01:00,585.98,CREDIT,Amazon,Ludhiana,False
4082,23,2026-03-02 03:24:00,2284.32,DEBIT,Amazon,Delhi,False
4083,59,2026-03-13 09:59:00,1861.72,DEBIT,Local Store,Delhi,False
4084,90,2026-06-28 09:52:00,4279.97,DEBIT,Uber,Hyderabad,False
4085,76,2026-01-02 17:49:00,1200.19,DEBIT,Netflix,Ludhiana,False
4086,4,2026-07-23 13:26:00,452.8,DEBIT,Flipkart,Delhi,False
4087,46,2026-05-06 01:31:00,847.89,DEBIT,Amazon,Pune,False
4088,24,2026-03-18 08:32:00,6195.54,DEBIT,Flipkart,Mumbai,False
4089,9,2026-03-26 15:58:00,911.39,DEBIT,Netflix,Hyderabad,False
4090,63,2026-05-01 08:55:00,3436.78,CREDIT,Netflix,Delhi,False
4091,93,2026-01-11 15:05:00,4182.36,DEBIT,Apple,Hyderabad,False
4092,22,2026-06-17 17:49:00,2493.52,DEBIT,Apple,Mumbai,False
4093,71,2026-05-06 05:26:00,1852.68,CREDIT,Walmart,Pune,False
4094,7,2026-07-12 10:21:00,1469.41,DEBIT,Netflix,Ludhiana,False
4095,92,2026-06-07 01:32:00,3075.05,DEBIT,Amazon,Hyderabad,False
4096,78,2026-03-26 12:33:00,4991.0,DEBIT,Flipkart,Delhi,False
4097,11,2026-04-24 20:06:00,3104.55,CREDIT,Netflix,Pune,False
4098,59,2026-06-02 03:28:00,3194.66,CREDIT,Uber,Chandigarh,False
4099,24,2026-04-02 02:06:00,3580.83,DEBIT,Swiggy,Delhi,False
4100,18,2026-06-23 04:05:00,5049.6,DEBIT,Flipkart,Chandigarh,False
4101,93,2026-02-06 22:57:00,4134.82,DEBIT,Uber,Hyderabad,False
4102,55,2026-02-13 03:42:00,559.87,DEBIT,Shell,Hyderabad,False
4103,84,2026-06-04 08:03:00,2935.07,CREDIT,Local Store,Mumbai,False
4104,11,2026-01-08 08:18:00,4120.39,DEBIT,Netflix,Ludhiana,False
4105,77,2026-04-24 03:30:00,2755.73,CREDIT,Flipkart,Delhi,False
4106,92,2026-07-16 13:18:00,2351.2,DEBIT,Uber,Hyderabad,False
4107,17,2026-02-06 09:26:00,4271.43,DEBIT,Uber,Hyderabad,False
4108,28,2026-07-13 08:05:00,1322.07,DEBIT,Shell,Ludhiana,False
4109,5,2026-02-25 10:24:00,1271.62,DEBIT,Amazon,Mumbai,False
4110,48,2026-04-19 10:02:00,4808.14,DEBIT,Flipkart,Delhi,False
4111,87,2026-04-03 23:17:00,1358.77,DEBIT,Uber,Chandigarh,False
4112,47,2026-06-19 20:50:00,5364.42,DEBIT,Uber,Ludhiana,False
4113,79,2026-04-14 20:26:00,755.26,DEBIT,Apple,Mumbai,False
4114,11,2026-04-19 22:03:00,2265.44,DEBIT,Netflix,Chandigarh,False
4115,79,2026-02-27 01:59:00,2373.41,DEBIT,Local Store,Chandigarh,False
4116,62,2026-04-27 18:15:00,979.05,DEBIT,Amazon,Chandigarh,False
4117,19,2026-02-16 01:26:00,4579.22,DEBIT,Swiggy,Hyderabad,False
4118,44,2026-03-19 18:43:00,5161.4,CREDIT,Uber,Ludhiana,False
4119,15,2026-07-03 06:56:00,5222.73,DEBIT,Myntra,Mumbai,False
4120,80,2026-07-20 05:29:00,1521.55,DEBIT,Netflix,Chandigarh,False
4121,73,2026-06-08 10:23:00,4831.7,DEBIT,Myntra,Delhi,False
4122,99,2026-07-07 02:02:00,457.67,DEBIT,Myntra,Chandigarh,False
4123,1,2026-01-30 11:34:00,2172.75,DEBIT,Flipkart,Hyderabad,False
4124,26,2026-01-19 14:40:00,1108.96,DEBIT,Amazon,Hyderabad,False
4125,23,2026-03-30 20:25:00,547.38,CREDIT,Shell,Chandigarh,False
4126,72,2026-04-23 18:00:00,2475.99,CREDIT,Flipkart,Delhi,False
4127,22,2026-03-28 13:24:00,2303.8,DEBIT,Amazon,Bangalore,False
4128,2,2026-03-16 21:34:00,3203.99,DEBIT,Apple,Chandigarh,False
4129,88,2026-02-23 05:28:00,3279.04,DEBIT,Netflix,Hyderabad,False
4130,55,2026-01-28 11:52:00,2380.08,DEBIT,Netflix,Hyderabad,False
4131,71,2026-04-25 04:02:00,3174.8,CREDIT,Walmart,Mumbai,False
4132,32,2026-07-18 14:34:00,1819.86,DEBIT,Apple,Mumbai,False
4133,20,2026-03-27 22:36:00,530.8,DEBIT,Uber,Delhi,False
4134,99,2026-01-28 23:03:00,4060.06,DEBIT,Swiggy,Ludhiana,False
4135,16,2026-03-28 11:49:00,3323.01,CREDIT,Shell,Ludhiana,False
4136,87,2026-06-24 08:33:00,3032.56,DEBIT,Netflix,Pune,False
4137,49,2026-06-26 23:32:00,2266.71,DEBIT,Swiggy,Chandigarh,False
4138,24,2026-02-17 02:43:00,752.79,DEBIT,Walmart,Bangalore,False
4139,90,2026-06-16 07:09:00,4191.03,CREDIT,Walmart,Chandigarh,False
4140,31,2026-01-11 01:02:00,616.35,DEBIT,Shell,Hyderabad,False
4141,78,2026-01-30 11:09:00,2171.12,DEBIT,Walmart,Hyderabad,False
4142,75,2026-04-21 15:48:00,4866.72,DEBIT,Flipkart,Bangalore,False
4143,47,2026-05-22 19:22:00,1575.55,DEBIT,Walmart,Ludhiana,False
4144,24,2026-03-28 01:03:00,2691.5,DEBIT,Myntra,Chandigarh,False
4145,94,2026-06-01 04:43:00,4697.53,DEBIT,Uber,Hyderabad,False
4146,55,2026-02-08 19:03:00,2025.39,DEBIT,Uber,Pune,False
4147,52,2026-01-10 04:43:00,2686.44,DEBIT,Flipkart,Bangalore,False
4148,64,2026-07-18 05:39:00,1853.46,DEBIT,Shell,Chandigarh,False
4149,96,2026-04-16 02:36:00,2058.35,DEBIT,Swiggy,Delhi,False
4150,39,2026-05-19 19:31:00,1824.45,DEBIT,Uber,Chandigarh,False
4151,55,2026-01-27 01:48:00,1480.38,DEBIT,Myntra,Chandigarh,False
4152,100,2026-02-07 05:36:00,1127.85,DEBIT,Flipkart,Mumbai,False
4153,38,2026-06-03 11:06:00,3335.96,DEBIT,Netflix,Chandigarh,False
4154,34,2026-05-22 09:00:00,3090.66,CREDIT,Flipkart,Chandigarh,False
4155,69,2026-01-08 22:54:00,3783.71,DEBIT,Netflix,Chandigarh,False
4156,71,2026-01-02 02:07:00,3599.3,CREDIT,Amazon,Bangalore,False
4157,70,2026-03-24 15:40:00,1146.61,DEBIT,Walmart,Hyderabad,False
4158,45,2026-02-22 18:44:00,1506.06,DEBIT,Local Store,Delhi,False
4159,85,2026-03-23 05:04:00,3106.39,DEBIT,Apple,Delhi,False
4160,6,2026-02-22 20:22:00,4628.51,DEBIT,Local Store,Delhi,False
4161,11,2026-02-15 04:12:00,3368.57,DEBIT,Shell,Mumbai,False
4162,3,2026-05-26 19:26:00,1129.12,DEBIT,Amazon,Hyderabad,False
4163,62,2026-07-09 13:25:00,1351.41,CREDIT,Apple,Hyderabad,False
4164,74,2026-06-13 09:38:00,2938.26,DEBIT,Local Store,Ludhiana,False
4165,8,2026-02-10 04:30:00,2154.49,DEBIT,Apple,Ludhiana,False
4166,53,2026-05-10 14:18:00,3824.5,CREDIT,Shell,Pune,False
4167,13,2026-01-04 10:15:00,2649.62,CREDIT,Swiggy,Delhi,False
4168,64,2026-04-25 02:22:00,1414.45,CREDIT,Swiggy,Hyderabad,False
4169,32,2026-06-17 20:15:00,561.77,DEBIT,Flipkart,Hyderabad,False
4170,46,2026-05-31 21:14:00,3165.99,DEBIT,Walmart,Chandigarh,False
4171,77,2026-01-26 20:40:00,1414.51,DEBIT,Walmart,Ludhiana,False
4172,28,2026-01-20 11:56:00,3306.79,DEBIT,Swiggy,Ludhiana,False
4173,22,2026-07-01 21:29:00,4107.74,CREDIT,Walmart,Chandigarh,False
4174,64,2026-03-04 12:41:00,2297.09,CREDIT,Walmart,Chandigarh,False
4175,29,2026-03-30 03:18:00,3721.86,DEBIT,Walmart,Chandigarh,False
4176,79,2026-01-14 08:05:00,3307.67,DEBIT,Amazon,Bangalore,False
4177,89,2026-05-11 01:45:00,4065.21,DEBIT,Apple,Bangalore,False
4178,67,2026-05-05 10:13:00,4387.65,DEBIT,Swiggy,Hyderabad,False
4179,31,2026-02-25 18:13:00,4533.43,CREDIT,Myntra,Hyderabad,False
4180,36,2026-02-26 02:47:00,4212.57,DEBIT,Uber,Bangalore,False
4181,100,2026-03-09 02:03:00,4117.18,DEBIT,Flipkart,Ludhiana,False
4182,9,2026-04-03 12:01:00,4080.92,CREDIT,Myntra,Hyderabad,False
4183,54,2026-03-08 08:03:00,4985.53,DEBIT,Netflix,Chandigarh,False
4184,5,2026-03-26 22:21:00,976.82,DEBIT,Local Store,Ludhiana,False
4185,34,2026-04-02 15:17:00,2405.62,CREDIT,Flipkart,Mumbai,False
4186,13,2026-01-20 04:41:00,2100.8,DEBIT,Local Store,Mumbai,False
4187,2,2026-05-03 22:38:00,5007.3,DEBIT,Local Store,Delhi,False
4188,84,2026-04-22 08:35:00,2135.83,DEBIT,Flipkart,Hyderabad,False
4189,75,2026-07-24 18:21:00,3310.66,DEBIT,Local Store,Ludhiana,False
4190,23,2026-03-10 12:21:00,4217.39,DEBIT,Flipkart,Pune,False
4191,98,2026-03-17 01:45:00,3454.17,DEBIT,Netflix,Ludhiana,False
4192,61,2026-01-11 11:30:00,1563.55,DEBIT,Myntra,Pune,False
4193,18,2026-03-07 15:07:00,818.7,CREDIT,Apple,Mumbai,False
4194,84,2026-04-09 10:33:00,857.15,DEBIT,Walmart,Pune,False
4195,79,2026-01-23 07:55:00,3161.55,CREDIT,Swiggy,Pune,False
4196,32,2026-04-24 20:09:00,817.48,DEBIT,Apple,Delhi,False
4197,13,2026-03-03 05:43:00,6127.41,DEBIT,Apple,Hyderabad,False
4198,71,2026-01-12 05:17:00,5576.38,DEBIT,Uber,Pune,False
4199,36,2026-04-23 00:17:00,1799.74,DEBIT,Myntra,Chandigarh,False
4200,45,2026-02-12 23:14:00,2908.35,CREDIT,Shell,Chandigarh,False
4201,85,2026-04-14 18:25:00,483.37,DEBIT,Walmart,Bangalore,False
4202,64,2026-01-24 15:34:00,3430.27,DEBIT,Netflix,Chandigarh,False
4203,5,2026-02-03 23:36:00,2066.23,CREDIT,Local Store,Delhi,False
4204,66,2026-01-28 16:54:00,4053.25,DEBIT,Walmart,Delhi,False
4205,83,2026-03-05 20:55:00,1038.67,DEBIT,Amazon,Pune,False
4206,23,2026-05-19 22:30:00,1956.26,DEBIT,Swiggy,Ludhiana,False
4207,85,2026-05-07 07:54:00,4069.91,DEBIT,Netflix,Mumbai,False
4208,69,2026-03-06 01:00:00,69097.34,DEBIT,Uber,Pune,True
4209,70,2026-03-25 22:05:00,4560.57,CREDIT,Apple,Mumbai,False
4210,36,2026-04-18 01:30:00,4649.59,CREDIT,Amazon,Chandigarh,False
4211,55,2026-03-15 09:21:00,2962.53,DEBIT,Apple,Pune,False
4212,67,2026-03-28 16:48:00,2887.92,DEBIT,Apple,Mumbai,False
4213,61,2026-04-03 14:59:00,2992.0,DEBIT,Amazon,Ludhiana,False
4214,56,2026-04-15 20:19:00,3382.38,DEBIT,Uber,Bangalore,False
4215,32,2026-07-21 21:09:00,4780.91,CREDIT,Flipkart,Bangalore,False
4216,3,2026-01-08 21:41:00,3879.72,DEBIT,Local Store,Hyderabad,False
4217,45,2026-07-10 10:35:00,1256.52,CREDIT,Local Store,Bangalore,False
4218,78,2026-06-24 14:50:00,1172.99,CREDIT,Amazon,Mumbai,False
4219,73,2026-04-29 23:15:00,3436.36,DEBIT,Netflix,Bangalore,False
4220,77,2026-05-28 09:41:00,664.32,CREDIT,Flipkart,Delhi,False
4221,34,2026-05-04 20:54:00,2813.2,DEBIT,Apple,Mumbai,False
4222,71,2026-04-11 00:59:00,1986.42,DEBIT,Apple,Pune,False
4223,94,2026-06-06 10:46:00,2602.39,CREDIT,Myntra,Ludhiana,False
4224,69,2026-01-06 23:18:00,3707.82,DEBIT,Swiggy,Pune,False
4225,14,2026-06-07 17:37:00,3113.96,CREDIT,Local Store,Delhi,False
4226,11,2026-01-30 20:50:00,3077.89,DEBIT,Walmart,Delhi,False
4227,98,2026-06-13 02:57:00,820.13,CREDIT,Walmart,Bangalore,False
4228,51,2026-06-07 08:03:00,2486.62,DEBIT,Flipkart,Delhi,False
4229,84,2026-02-04 22:10:00,1445.49,CREDIT,Swiggy,Chandigarh,False
4230,85,2026-03-07 18:59:00,1673.21,DEBIT,Netflix,Bangalore,False
4231,89,2026-06-08 08:32:00,1914.54,DEBIT,Local Store,Ludhiana,False
4232,42,2026-04-12 07:17:00,540.85,CREDIT,Flipkart,Hyderabad,False
4233,3,2026-03-25 11:52:00,3577.5,DEBIT,Myntra,Bangalore,False
4234,40,2026-04-07 05:25:00,527.93,CREDIT,Uber,Hyderabad,False
4235,72,2026-05-01 13:29:00,1514.31,DEBIT,Myntra,Delhi,False
4236,39,2026-05-01 07:24:00,5147.97,CREDIT,Amazon,Hyderabad,False
4237,88,2026-06-05 18:27:00,2221.86,CREDIT,Uber,Hyderabad,False
4238,49,2026-01-26 23:25:00,3891.85,DEBIT,Swiggy,Hyderabad,False
4239,97,2026-05-29 06:12:00,1302.72,CREDIT,Shell,Hyderabad,False
4240,7,2026-07-06 11:13:00,2605.11,DEBIT,Flipkart,Mumbai,False
4241,3,2026-02-21 10:43:00,5122.04,CREDIT,Myntra,Ludhiana,False
4242,74,2026-03-17 20:59:00,2675.48,DEBIT,Amazon,Hyderabad,False
4243,38,2026-06-28 07:17:00,2578.74,CREDIT,Myntra,Bangalore,False
4244,68,2026-03-20 17:29:00,2179.94,DEBIT,Swiggy,Bangalore,False
4245,54,2026-04-21 16:46:00,1613.06,DEBIT,Apple,Mumbai,False
4246,81,2026-05-18 10:49:00,2734.43,DEBIT,Netflix,Mumbai,False
4247,14,2026-06-10 02:32:00,2726.61,DEBIT,Swiggy,Delhi,False
4248,62,2026-01-18 09:49:00,3241.92,DEBIT,Myntra,Mumbai,False
4249,16,2026-06-05 19:59:00,3771.64,DEBIT,Uber,Pune,False
4250,53,2026-05-23 20:57:00,6648.91,DEBIT,Myntra,Ludhiana,False
4251,41,2026-06-27 19:34:00,1680.83,DEBIT,Myntra,Bangalore,False
4252,64,2026-04-10 06:08:00,4693.09,CREDIT,Apple,Pune,False
4253,31,2026-05-09 22:32:00,5729.28,DEBIT,Netflix,Chandigarh,False
4254,96,2026-01-11 00:16:00,1709.76,DEBIT,Netflix,Chandigarh,False
4255,50,2026-02-24 17:19:00,2102.37,DEBIT,Amazon,Hyderabad,False
4256,62,2026-04-23 04:26:00,2223.32,DEBIT,Local Store,Chandigarh,False
4257,45,2026-03-17 14:53:00,1658.38,DEBIT,Netflix,Delhi,False
4258,80,2026-01-17 22:25:00,3509.54,CREDIT,Local Store,Hyderabad,False
4259,36,2026-07-04 07:35:00,4087.89,DEBIT,Uber,Mumbai,False
4260,96,2026-03-30 21:33:00,1389.34,DEBIT,Shell,Hyderabad,False
4261,43,2026-03-14 22:06:00,2873.63,CREDIT,Uber,Chandigarh,False
4262,56,2026-01-05 21:46:00,5359.65,DEBIT,Amazon,Bangalore,False
4263,60,2026-03-31 09:20:00,887.45,DEBIT,Apple,Ludhiana,False
4264,97,2026-01-29 07:47:00,3491.41,CREDIT,Walmart,Ludhiana,False
4265,89,2026-04-25 10:54:00,2624.74,DEBIT,Walmart,Delhi,False
4266,71,2026-07-02 21:53:00,954.36,CREDIT,Netflix,Pune,False
4267,58,2026-04-22 13:28:00,3866.14,DEBIT,Myntra,Chandigarh,False
4268,55,2026-05-29 16:19:00,5864.67,DEBIT,Shell,Chandigarh,False
4269,86,2026-05-20 14:11:00,462.87,DEBIT,Shell,Mumbai,False
4270,91,2026-02-18 11:37:00,1960.1,DEBIT,Flipkart,Chandigarh,False
4271,44,2026-01-25 16:26:00,4707.64,DEBIT,Apple,Pune,False
4272,22,2026-01-02 07:32:00,3569.58,DEBIT,Uber,Ludhiana,False
4273,91,2026-04-12 07:17:00,1094.16,DEBIT,Myntra,Pune,False
4274,31,2026-02-26 15:21:00,3620.08,DEBIT,Walmart,Bangalore,False
4275,8,2026-01-12 17:38:00,2142.84,DEBIT,Apple,Chandigarh,False
4276,40,2026-07-20 21:22:00,2795.57,DEBIT,Local Store,Hyderabad,False
4277,12,2026-06-15 17:39:00,1589.2,DEBIT,Apple,Hyderabad,False
4278,39,2026-04-30 04:06:00,2987.12,DEBIT,Local Store,Bangalore,False
4279,37,2026-03-24 06:12:00,1325.2,DEBIT,Shell,Chandigarh,False
4280,83,2026-01-30 21:17:00,1248.37,DEBIT,Shell,Pune,False
4281,88,2026-06-30 21:59:00,4246.58,CREDIT,Myntra,Bangalore,False
4282,13,2026-05-14 10:15:00,1134.13,CREDIT,Walmart,Ludhiana,False
4283,87,2026-06-02 08:06:00,1600.51,DEBIT,Flipkart,Ludhiana,False
4284,11,2026-07-11 22:59:00,2554.51,CREDIT,Shell,Bangalore,False
4285,82,2026-01-22 01:48:00,1546.06,DEBIT,Local Store,Ludhiana,False
4286,39,2026-01-28 15:53:00,4466.27,DEBIT,Uber,Ludhiana,False
4287,49,2026-02-10 06:27:00,2322.91,CREDIT,Swiggy,Chandigarh,False
4288,45,2026-07-15 21:26:00,2161.83,DEBIT,Netflix,Hyderabad,False
4289,13,2026-07-19 10:09:00,2645.59,DEBIT,Amazon,Pune,False
4290,8,2026-01-24 16:14:00,6919.24,CREDIT,Apple,Hyderabad,False
4291,50,2026-04-24 12:10:00,1672.68,CREDIT,Uber,Delhi,False
4292,89,2026-06-18 16:28:00,4029.41,DEBIT,Netflix,Hyderabad,False
4293,7,2026-04-25 11:13:00,4236.81,DEBIT,Uber,Chandigarh,False
4294,25,2026-04-18 16:03:00,1617.65,CREDIT,Swiggy,Delhi,False
4295,26,2026-01-20 15:37:00,1335.35,DEBIT,Walmart,Bangalore,False
4296,29,2026-04-22 21:19:00,885.57,DEBIT,Apple,Delhi,False
4297,58,2026-05-29 06:45:00,3318.62,CREDIT,Flipkart,Ludhiana,False
4298,71,2026-04-27 10:09:00,2249.89,CREDIT,Myntra,Chandigarh,False
4299,95,2026-04-21 12:41:00,2657.72,DEBIT,Walmart,Hyderabad,False
4300,72,2026-02-05 18:47:00,4499.01,DEBIT,Uber,Chandigarh,False
4301,79,2026-04-22 16:44:00,3546.49,DEBIT,Walmart,Ludhiana,False
4302,94,2026-02-08 02:22:00,3573.75,DEBIT,Swiggy,Pune,False
4303,49,2026-07-11 16:04:00,3866.66,CREDIT,Uber,Mumbai,False
4304,86,2026-02-14 23:08:00,1703.56,CREDIT,Swiggy,Ludhiana,False
4305,19,2026-07-01 18:15:00,2069.88,DEBIT,Flipkart,Pune,False
4306,52,2026-07-26 23:27:00,1263.68,CREDIT,Swiggy,Mumbai,False
4307,4,2026-02-01 10:32:00,2308.77,CREDIT,Amazon,Delhi,False
4308,45,2026-05-09 01:09:00,2400.52,DEBIT,Myntra,Mumbai,False
4309,98,2026-02-23 01:44:00,1036.33,DEBIT,Amazon,Delhi,False
4310,83,2026-04-08 07:58:00,3276.72,CREDIT,Shell,Bangalore,False
4311,79,2026-02-14 10:53:00,3568.48,DEBIT,Uber,Ludhiana,False
4312,45,2026-01-17 06:33:00,1191.44,DEBIT,Flipkart,Pune,False
4313,66,2026-07-07 20:57:00,4559.51,CREDIT,Swiggy,Delhi,False
4314,49,2026-03-05 04:05:00,662.01,DEBIT,Uber,Bangalore,False
4315,2,2026-06-14 06:15:00,2065.63,DEBIT,Swiggy,Pune,False
4316,78,2026-01-09 11:32:00,5642.13,DEBIT,Apple,Hyderabad,False
4317,11,2026-05-23 18:35:00,4450.14,DEBIT,Apple,Mumbai,False
4318,5,2026-05-10 00:57:00,868.6,DEBIT,Swiggy,Hyderabad,False
4319,18,2026-06-11 05:13:00,1064.49,CREDIT,Swiggy,Bangalore,False
4320,55,2026-03-28 12:39:00,3233.22,CREDIT,Walmart,Mumbai,False
4321,50,2026-02-20 06:19:00,4648.71,CREDIT,Local Store,Delhi,False
4322,12,2026-03-12 11:05:00,5545.33,CREDIT,Shell,Chandigarh,False
4323,2,2026-06-12 19:50:00,3109.06,DEBIT,Walmart,Hyderabad,False
4324,74,2026-01-07 01:43:00,3392.36,DEBIT,Netflix,Bangalore,False
4325,16,2026-04-28 11:22:00,3680.85,DEBIT,Netflix,Ludhiana,False
4326,22,2026-04-23 03:41:00,2441.05,DEBIT,Walmart,Ludhiana,False
4327,92,2026-05-12 16:28:00,3783.84,DEBIT,Netflix,Bangalore,False
4328,57,2026-05-11 11:48:00,1565.44,DEBIT,Walmart,Pune,False
4329,53,2026-03-22 11:40:00,1854.28,DEBIT,Uber,Pune,False
4330,94,2026-07-22 15:35:00,1463.27,DEBIT,Apple,Hyderabad,False
4331,66,2026-05-31 16:27:00,2784.07,DEBIT,Flipkart,Chandigarh,False
4332,89,2026-03-02 17:30:00,4165.32,DEBIT,Flipkart,Hyderabad,False
4333,85,2026-07-11 08:12:00,3987.57,CREDIT,Uber,Pune,False
4334,69,2026-02-10 08:02:00,4396.57,CREDIT,Shell,Mumbai,False
4335,20,2026-05-05 19:51:00,1712.38,DEBIT,Swiggy,Ludhiana,False
4336,94,2026-06-03 19:02:00,2318.57,CREDIT,Myntra,Chandigarh,False
4337,82,2026-07-20 20:30:00,4381.84,DEBIT,Netflix,Chandigarh,False
4338,35,2026-06-22 22:07:00,4072.0,DEBIT,Flipkart,Mumbai,False
4339,11,2026-05-06 11:16:00,1435.87,DEBIT,Flipkart,Ludhiana,False
4340,81,2026-06-27 20:58:00,1119.61,DEBIT,Apple,Ludhiana,False
4341,91,2026-04-16 23:57:00,2281.96,DEBIT,Shell,Chandigarh,False
4342,88,2026-06-06 00:39:00,7386.05,CREDIT,Myntra,Bangalore,False
4343,98,2026-06-29 12:04:00,1039.87,DEBIT,Swiggy,Bangalore,False
4344,43,2026-05-10 11:12:00,1319.32,DEBIT,Flipkart,Delhi,False
4345,99,2026-05-27 20:06:00,1824.49,DEBIT,Myntra,Ludhiana,False
4346,77,2026-01-03 21:20:00,2015.51,CREDIT,Amazon,Ludhiana,False
4347,27,2026-05-25 04:19:00,1748.26,CREDIT,Netflix,Hyderabad,False
4348,5,2026-06-23 02:06:00,882.55,DEBIT,Uber,Mumbai,False
4349,36,2026-03-20 06:24:00,670.78,CREDIT,Apple,Hyderabad,False
4350,85,2026-05-30 08:28:00,2995.28,DEBIT,Shell,Delhi,False
4351,73,2026-01-31 03:37:00,3418.91,DEBIT,Shell,Delhi,False
4352,36,2026-04-20 05:32:00,393.71,DEBIT,Shell,Delhi,False
4353,10,2026-05-17 10:25:00,3896.26,DEBIT,Shell,Chandigarh,False
4354,52,2026-05-06 22:41:00,5692.0,DEBIT,Flipkart,Bangalore,False
4355,35,2026-05-24 01:39:00,2818.88,DEBIT,Amazon,Ludhiana,False
4356,56,2026-05-27 16:35:00,2730.21,DEBIT,Uber,Chandigarh,False
4357,18,2026-04-19 19:56:00,655.88,CREDIT,Local Store,Ludhiana,False
4358,9,2026-07-13 05:27:00,1126.66,DEBIT,Flipkart,Chandigarh,False
4359,57,2026-01-16 12:00:00,4317.75,DEBIT,Uber,Delhi,False
4360,46,2026-03-21 04:36:00,4547.44,DEBIT,Shell,Mumbai,False
4361,3,2026-02-02 12:40:00,1806.36,DEBIT,Uber,Chandigarh,False
4362,24,2026-05-15 23:55:00,2720.64,DEBIT,Swiggy,Chandigarh,False
4363,83,2026-01-09 03:31:00,2635.22,DEBIT,Myntra,Hyderabad,False
4364,44,2026-07-24 19:52:00,1081.62,CREDIT,Local Store,Delhi,False
4365,78,2026-04-11 23:24:00,2125.86,DEBIT,Apple,Delhi,False
4366,40,2026-03-17 00:07:00,3430.45,DEBIT,Walmart,Chandigarh,False
4367,36,2026-07-08 08:40:00,3897.58,CREDIT,Flipkart,Pune,False
4368,74,2026-06-08 03:36:00,3643.36,DEBIT,Flipkart,Chandigarh,False
4369,100,2026-04-21 07:35:00,2381.07,DEBIT,Local Store,Bangalore,False
4370,84,2026-04-22 09:08:00,3373.88,DEBIT,Netflix,Hyderabad,False
4371,56,2026-07-25 05:29:00,2730.68,CREDIT,Uber,Mumbai,False
4372,93,2026-01-20 13:50:00,462.49,DEBIT,Myntra,Chandigarh,False
4373,89,2026-06-18 20:51:00,1825.99,DEBIT,Myntra,Delhi,False
4374,7,2026-05-02 06:01:00,2885.84,DEBIT,Apple,Chandigarh,False
4375,59,2026-01-27 03:01:00,4520.56,DEBIT,Apple,Pune,False
4376,69,2026-05-13 23:53:00,1757.77,DEBIT,Myntra,Ludhiana,False
4377,44,2026-06-27 14:26:00,2725.31,DEBIT,Apple,Delhi,False
4378,51,2026-05-17 04:52:00,3306.49,CREDIT,Myntra,Mumbai,False
4379,80,2026-05-16 18:16:00,4498.02,DEBIT,Flipkart,Ludhiana,False
4380,3,2026-05-06 06:00:00,5973.62,DEBIT,Myntra,Pune,False
4381,77,2026-05-29 20:00:00,794.98,DEBIT,Swiggy,Delhi,False
4382,20,2026-04-06 13:41:00,4220.94,CREDIT,Walmart,Hyderabad,False
4383,25,2026-04-20 22:29:00,2418.15,DEBIT,Myntra,Delhi,False
4384,39,2026-05-26 19:09:00,820.88,DEBIT,Local Store,Chandigarh,False
4385,82,2026-06-28 02:10:00,3650.48,DEBIT,Netflix,Bangalore,False
4386,16,2026-07-28 05:23:00,5088.01,DEBIT,Flipkart,Delhi,False
4387,67,2026-05-27 12:25:00,2951.15,DEBIT,Amazon,Delhi,False
4388,60,2026-05-22 09:03:00,614.83,DEBIT,Walmart,Delhi,False
4389,10,2026-02-08 04:16:00,2449.6,CREDIT,Myntra,Pune,False
4390,5,2026-04-09 04:45:00,4532.4,DEBIT,Local Store,Delhi,False
4391,63,2026-04-25 06:09:00,2803.07,DEBIT,Walmart,Chandigarh,False
4392,91,2026-05-13 22:51:00,1023.11,DEBIT,Local Store,Hyderabad,False
4393,100,2026-06-12 01:57:00,904.88,DEBIT,Swiggy,Pune,False
4394,32,2026-06-05 23:44:00,1804.36,DEBIT,Myntra,Mumbai,False
4395,48,2026-01-17 13:22:00,4946.96,DEBIT,Myntra,Delhi,False
4396,59,2026-03-20 01:26:00,674.03,DEBIT,Apple,Hyderabad,False
4397,11,2026-03-12 13:53:00,4988.25,DEBIT,Local Store,Delhi,False
4398,10,2026-06-20 10:16:00,2118.37,DEBIT,Apple,Mumbai,False
4399,64,2026-03-23 22:13:00,3953.67,DEBIT,Flipkart,Chandigarh,False
4400,92,2026-06-10 19:01:00,3864.64,DEBIT,Walmart,Pune,False
4401,35,2026-01-05 00:09:00,3937.35,CREDIT,Amazon,Chandigarh,False
4402,87,2026-06-09 02:09:00,3948.41,CREDIT,Flipkart,Ludhiana,False
4403,20,2026-03-08 01:45:00,2598.47,CREDIT,Swiggy,Mumbai,False
4404,94,2026-04-07 06:30:00,2682.77,DEBIT,Walmart,Mumbai,False
4405,65,2026-02-02 04:58:00,3238.52,DEBIT,Uber,Pune,False
4406,17,2026-03-02 12:41:00,4622.17,CREDIT,Walmart,Bangalore,False
4407,81,2026-02-09 09:30:00,3236.22,DEBIT,Local Store,Chandigarh,False
4408,83,2026-02-23 10:17:00,3350.87,CREDIT,Flipkart,Hyderabad,False
4409,80,2026-04-07 03:47:00,2935.72,DEBIT,Apple,Chandigarh,False
4410,48,2026-04-26 10:12:00,4598.03,DEBIT,Apple,Bangalore,False
4411,10,2026-05-05 17:45:00,1341.31,DEBIT,Walmart,Mumbai,False
4412,49,2026-01-07 15:49:00,5795.98,DEBIT,Flipkart,Mumbai,False
4413,8,2026-03-20 18:49:00,1661.53,DEBIT,Myntra,Hyderabad,False
4414,93,2026-02-06 07:20:00,1653.78,DEBIT,Shell,Hyderabad,False
4415,36,2026-03-02 08:53:00,5167.17,DEBIT,Amazon,Delhi,False
4416,34,2026-03-30 10:47:00,3226.38,DEBIT,Flipkart,Bangalore,False
4417,8,2026-05-22 16:35:00,5488.41,DEBIT,Amazon,Mumbai,False
4418,1,2026-05-24 18:37:00,3271.77,CREDIT,Apple,Chandigarh,False
4419,62,2026-06-25 21:59:00,218.62,DEBIT,Swiggy,Delhi,False
4420,70,2026-02-22 13:37:00,1032.46,DEBIT,Local Store,Bangalore,False
4421,1,2026-06-01 11:22:00,2095.72,DEBIT,Uber,Delhi,False
4422,64,2026-07-10 14:52:00,796.54,DEBIT,Shell,Chandigarh,False
4423,72,2026-03-22 23:06:00,656.45,CREDIT,Amazon,Mumbai,False
4424,86,2026-04-30 14:32:00,1572.74,CREDIT,Swiggy,Bangalore,False
4425,79,2026-01-14 11:21:00,2189.01,DEBIT,Flipkart,Pune,False
4426,88,2026-01-08 10:32:00,5123.22,DEBIT,Swiggy,Hyderabad,False
4427,33,2026-06-27 03:28:00,1682.45,DEBIT,Amazon,Mumbai,False
4428,39,2026-02-11 16:27:00,791.36,CREDIT,Local Store,Chandigarh,False
4429,88,2026-02-06 08:25:00,452.97,DEBIT,Netflix,Chandigarh,False
4430,70,2026-01-04 22:09:00,989.48,DEBIT,Myntra,Bangalore,False
4431,23,2026-05-25 21:32:00,934.76,DEBIT,Uber,Hyderabad,False
4432,44,2026-01-02 06:07:00,5570.03,DEBIT,Uber,Mumbai,False
4433,15,2026-07-05 16:49:00,2310.15,DEBIT,Myntra,Bangalore,False
4434,36,2026-03-26 10:25:00,1636.85,DEBIT,Netflix,Hyderabad,False
4435,48,2026-01-31 02:29:00,3005.79,DEBIT,Amazon,Chandigarh,False
4436,47,2026-04-29 19:00:00,1339.03,CREDIT,Walmart,Chandigarh,False
4437,40,2026-05-06 16:03:00,2005.89,CREDIT,Walmart,Delhi,False
4438,21,2026-02-02 04:41:00,5046.96,DEBIT,Uber,Ludhiana,False
4439,32,2026-06-25 13:26:00,1060.61,CREDIT,Local Store,Ludhiana,False
4440,2,2026-06-15 05:19:00,4205.91,DEBIT,Walmart,Chandigarh,False
4441,64,2026-05-30 13:40:00,816.19,DEBIT,Shell,Chandigarh,False
4442,8,2026-02-17 04:11:00,4542.89,DEBIT,Apple,Pune,False
4443,49,2026-03-26 10:00:00,630.1,DEBIT,Shell,Ludhiana,False
4444,42,2026-07-23 09:15:00,1638.3,DEBIT,Apple,Delhi,False
4445,97,2026-06-08 14:11:00,3075.1,DEBIT,Amazon,Delhi,False
4446,50,2026-04-15 18:11:00,54033.67,DEBIT,Shell,Pune,True
4447,11,2026-03-06 11:03:00,2765.29,DEBIT,Apple,Ludhiana,False
4448,54,2026-06-14 06:32:00,3990.31,DEBIT,Flipkart,Hyderabad,False
4449,64,2026-01-01 02:48:00,4331.79,DEBIT,Apple,Ludhiana,False
4450,36,2026-04-21 11:45:00,6810.55,CREDIT,Myntra,Pune,False
4451,28,2026-05-05 02:52:00,1117.0,DEBIT,Apple,Mumbai,False
4452,62,2026-05-12 00:40:00,587.49,DEBIT,Local Store,Pune,False
4453,39,2026-06-26 06:16:00,3672.56,DEBIT,Local Store,Chandigarh,False
4454,51,2026-04-16 13:26:00,2001.41,DEBIT,Flipkart,Chandigarh,False
4455,44,2026-05-22 01:09:00,1440.9,DEBIT,Local Store,Mumbai,False
4456,38,2026-01-10 00:05:00,2690.56,DEBIT,Netflix,Ludhiana,False
4457,2,2026-05-08 00:30:00,3179.35,DEBIT,Swiggy,Delhi,False
4458,56,2026-03-08 06:18:00,3042.62,DEBIT,Swiggy,Delhi,False
4459,28,2026-06-11 05:45:00,3962.08,DEBIT,Myntra,Chandigarh,False
4460,57,2026-03-16 16:22:00,2603.3,DEBIT,Local Store,Ludhiana,False
4461,53,2026-06-11 16:04:00,1204.32,DEBIT,Walmart,Pune,False
4462,11,2026-03-28 18:50:00,955.53,DEBIT,Flipkart,Delhi,False
4463,17,2026-05-29 03:15:00,2570.96,CREDIT,Shell,Pune,False
4464,22,2026-03-12 02:53:00,1933.44,DEBIT,Netflix,Delhi,False
4465,19,2026-01-09 05:06:00,1245.69,DEBIT,Swiggy,Hyderabad,False
4466,91,2026-05-18 13:40:00,4069.93,CREDIT,Local Store,Bangalore,False
4467,91,2026-02-17 12:27:00,1852.0,DEBIT,Netflix,Bangalore,False
4468,57,2026-02-21 04:21:00,2553.27,DEBIT,Local Store,Bangalore,False
4469,12,2026-01-13 00:24:00,936.98,CREDIT,Swiggy,Hyderabad,False
4470,34,2026-07-22 07:39:00,2034.07,CREDIT,Flipkart,Bangalore,False
4471,69,2026-07-09 10:17:00,3125.76,DEBIT,Amazon,Bangalore,False
4472,22,2026-02-22 03:03:00,1999.09,CREDIT,Shell,Hyderabad,False
4473,1,2026-02-18 01:32:00,2454.43,CREDIT,Flipkart,Bangalore,False
4474,4,2026-06-04 11:23:00,2549.25,CREDIT,Shell,Ludhiana,False
4475,82,2026-03-25 06:16:00,4549.33,DEBIT,Local Store,Mumbai,False
4476,22,2026-06-24 22:59:00,1033.51,CREDIT,Amazon,Delhi,False
4477,80,2026-03-18 00:56:00,6139.78,CREDIT,Local Store,Hyderabad,False
4478,74,2026-06-21 20:11:00,2843.52,DEBIT,Local Store,Ludhiana,False
4479,100,2026-01-28 18:37:00,3387.64,DEBIT,Apple,Hyderabad,False
4480,21,2026-05-29 19:12:00,3521.47,DEBIT,Uber,Ludhiana,False
4481,15,2026-06-05 12:08:00,2303.6,DEBIT,Amazon,Mumbai,False
4482,25,2026-07-04 10:22:00,3074.19,DEBIT,Amazon,Chandigarh,False
4483,1,2026-04-24 16:12:00,624.8,DEBIT,Flipkart,Pune,False
4484,11,2026-02-27 23:12:00,1215.74,DEBIT,Amazon,Delhi,False
4485,93,2026-05-26 00:49:00,3804.8,DEBIT,Apple,Ludhiana,False
4486,64,2026-01-25 19:30:00,3890.35,DEBIT,Amazon,Hyderabad,False
4487,35,2026-01-07 12:28:00,2767.45,DEBIT,Walmart,Bangalore,False
4488,22,2026-06-12 20:42:00,2805.51,DEBIT,Apple,Bangalore,False
4489,22,2026-07-14 15:00:00,4426.59,DEBIT,Flipkart,Bangalore,False
4490,95,2026-03-10 16:21:00,4109.45,CREDIT,Netflix,Delhi,False
4491,74,2026-07-22 05:04:00,3440.55,CREDIT,Netflix,Chandigarh,False
4492,69,2026-01-18 19:56:00,3630.63,DEBIT,Walmart,Hyderabad,False
4493,34,2026-06-26 17:43:00,2297.41,DEBIT,Walmart,Bangalore,False
4494,95,2026-02-06 07:23:00,3416.57,DEBIT,Local Store,Pune,False
4495,59,2026-06-30 17:11:00,390.73,DEBIT,Local Store,Hyderabad,False
4496,62,2026-02-17 00:19:00,4566.32,DEBIT,Flipkart,Delhi,False
4497,74,2026-05-09 11:05:00,1344.33,DEBIT,Uber,Mumbai,False
4498,30,2026-06-13 19:50:00,4476.09,CREDIT,Amazon,Hyderabad,False
4499,35,2026-07-04 01:18:00,3855.78,DEBIT,Uber,Ludhiana,False
4500,14,2026-05-16 10:11:00,1356.52,CREDIT,Flipkart,Hyderabad,False
4501,16,2026-01-31 07:43:00,1057.09,DEBIT,Apple,Ludhiana,False
4502,22,2026-06-19 21:36:00,3044.01,CREDIT,Flipkart,Hyderabad,False
4503,59,2026-03-08 19:36:00,2820.9,CREDIT,Apple,Ludhiana,False
4504,60,2026-02-27 16:34:00,1567.15,DEBIT,Swiggy,Mumbai,False
4505,45,2026-03-06 17:47:00,2205.26,DEBIT,Apple,Pune,False
4506,74,2026-06-21 01:24:00,4624.7,CREDIT,Myntra,Mumbai,False
4507,98,2026-04-04 21:24:00,2775.49,DEBIT,Apple,Mumbai,False
4508,82,2026-05-05 17:45:00,2208.06,DEBIT,Apple,Ludhiana,False
4509,60,2026-06-23 12:10:00,3814.44,DEBIT,Walmart,Bangalore,False
4510,52,2026-03-23 02:51:00,6150.99,CREDIT,Shell,Hyderabad,False
4511,87,2026-03-24 10:15:00,4012.63,DEBIT,Apple,Ludhiana,False
4512,83,2026-04-17 16:22:00,411.0,DEBIT,Myntra,Ludhiana,False
4513,54,2026-01-04 10:52:00,3474.57,DEBIT,Local Store,Delhi,False
4514,54,2026-06-23 23:47:00,2606.25,DEBIT,Swiggy,Mumbai,False
4515,37,2026-02-20 09:32:00,3033.52,CREDIT,Uber,Bangalore,False
4516,34,2026-03-22 09:35:00,3855.83,CREDIT,Swiggy,Hyderabad,False
4517,77,2026-01-22 08:28:00,1405.67,CREDIT,Walmart,Pune,False
4518,43,2026-02-11 09:04:00,1098.17,DEBIT,Myntra,Mumbai,False
4519,24,2026-04-30 12:22:00,2656.79,CREDIT,Swiggy,Ludhiana,False
4520,2,2026-07-09 22:42:00,3999.58,DEBIT,Apple,Mumbai,False
4521,79,2026-04-10 08:36:00,4273.18,DEBIT,Myntra,Hyderabad,False
4522,40,2026-03-30 05:44:00,1506.91,DEBIT,Flipkart,Ludhiana,False
4523,54,2026-01-31 00:11:00,4451.02,DEBIT,Flipkart,Mumbai,False
4524,77,2026-06-07 00:32:00,500.41,DEBIT,Uber,Pune,False
4525,39,2026-03-15 20:01:00,2713.12,DEBIT,Uber,Ludhiana,False
4526,73,2026-01-21 05:51:00,428.95,DEBIT,Swiggy,Bangalore,False
4527,59,2026-06-14 10:13:00,2882.53,DEBIT,Shell,Chandigarh,False
4528,32,2026-04-26 19:35:00,3129.54,DEBIT,Apple,Pune,False
4529,7,2026-06-29 09:21:00,3431.71,DEBIT,Local Store,Mumbai,False
4530,93,2026-06-07 14:27:00,4959.09,DEBIT,Myntra,Bangalore,False
4531,35,2026-05-26 17:23:00,4882.24,CREDIT,Local Store,Delhi,False
4532,36,2026-03-08 17:02:00,2253.91,DEBIT,Flipkart,Mumbai,False
4533,66,2026-07-06 00:40:00,2406.47,DEBIT,Walmart,Mumbai,False
4534,32,2026-04-11 22:30:00,464.01,DEBIT,Flipkart,Mumbai,False
4535,81,2026-06-04 01:06:00,4384.44,CREDIT,Apple,Delhi,False
4536,23,2026-04-03 07:06:00,1100.2,CREDIT,Amazon,Pune,False
4537,73,2026-03-30 00:14:00,3414.91,DEBIT,Netflix,Bangalore,False
4538,6,2026-01-18 13:09:00,2802.49,DEBIT,Uber,Mumbai,False
4539,17,2026-05-10 19:05:00,2208.67,DEBIT,Flipkart,Ludhiana,False
4540,64,2026-04-08 03:05:00,548.48,DEBIT,Amazon,Bangalore,False
4541,20,2026-05-05 02:43:00,914.47,DEBIT,Swiggy,Bangalore,False
4542,10,2026-06-03 10:05:00,44596.35,DEBIT,Myntra,Ludhiana,True
4543,12,2026-06-27 01:28:00,1145.79,DEBIT,Shell,Delhi,False
4544,76,2026-05-06 16:55:00,1316.36,DEBIT,Amazon,Bangalore,False
4545,92,2026-01-25 21:31:00,3735.41,CREDIT,Local Store,Pune,False
4546,61,2026-04-25 08:17:00,782.77,DEBIT,Flipkart,Chandigarh,False
4547,16,2026-07-07 11:32:00,2947.49,DEBIT,Uber,Bangalore,False
4548,53,2026-06-06 18:29:00,2056.73,CREDIT,Walmart,Pune,False
4549,53,2026-05-13 18:39:00,1349.82,CREDIT,Swiggy,Mumbai,False
4550,41,2026-01-01 06:46:00,765.24,CREDIT,Myntra,Chandigarh,False
4551,10,2026-05-21 07:47:00,1868.01,DEBIT,Shell,Hyderabad,False
4552,46,2026-06-12 03:53:00,3789.5,DEBIT,Myntra,Delhi,False
4553,40,2026-07-03 22:23:00,1540.9,DEBIT,Amazon,Pune,False
4554,98,2026-01-29 15:13:00,5165.84,DEBIT,Apple,Hyderabad,False
4555,97,2026-02-24 04:13:00,2536.14,DEBIT,Myntra,Hyderabad,False
4556,66,2026-07-15 20:39:00,2990.04,DEBIT,Local Store,Mumbai,False
4557,5,2026-03-30 12:00:00,2197.97,DEBIT,Shell,Ludhiana,False
4558,15,2026-07-15 00:38:00,2239.18,DEBIT,Flipkart,Delhi,False
4559,68,2026-05-08 14:52:00,3518.86,DEBIT,Amazon,Pune,False
4560,76,2026-07-22 17:25:00,2679.77,CREDIT,Shell,Hyderabad,False
4561,21,2026-02-26 19:52:00,2276.24,DEBIT,Myntra,Mumbai,False
4562,1,2026-02-10 20:56:00,3979.87,CREDIT,Apple,Chandigarh,False
4563,20,2026-06-19 16:55:00,2593.43,DEBIT,Shell,Mumbai,False
4564,94,2026-07-14 05:30:00,3987.67,CREDIT,Netflix,Delhi,False
4565,99,2026-07-27 10:03:00,1181.16,CREDIT,Flipkart,Delhi,False
4566,83,2026-07-19 17:57:00,1946.73,CREDIT,Netflix,Chandigarh,False
4567,60,2026-06-08 07:10:00,4429.82,DEBIT,Swiggy,Ludhiana,False
4568,66,2026-01-25 21:29:00,4826.96,DEBIT,Shell,Bangalore,False
4569,98,2026-01-17 13:00:00,3285.74,DEBIT,Flipkart,Pune,False
4570,78,2026-03-17 10:47:00,4716.29,CREDIT,Apple,Mumbai,False
4571,97,2026-02-23 08:34:00,1203.86,DEBIT,Amazon,Pune,False
4572,5,2026-05-07 00:16:00,1223.23,DEBIT,Swiggy,Bangalore,False
4573,98,2026-03-30 02:13:00,4129.69,DEBIT,Amazon,Pune,False
4574,26,2026-07-22 20:58:00,1213.68,DEBIT,Myntra,Delhi,False
4575,76,2026-06-24 22:33:00,4278.82,DEBIT,Uber,Delhi,False
4576,14,2026-02-20 10:11:00,1030.43,DEBIT,Flipkart,Hyderabad,False
4577,38,2026-01-12 09:56:00,2188.6,DEBIT,Shell,Pune,False
4578,93,2026-07-20 10:52:00,672.68,DEBIT,Netflix,Ludhiana,False
4579,64,2026-04-23 19:33:00,1631.42,DEBIT,Swiggy,Delhi,False
4580,51,2026-04-13 17:00:00,1580.69,DEBIT,Netflix,Ludhiana,False
4581,29,2026-03-23 08:06:00,4204.08,DEBIT,Flipkart,Mumbai,False
4582,79,2026-01-07 11:11:00,1924.77,CREDIT,Myntra,Pune,False
4583,92,2026-05-31 06:53:00,1226.6,CREDIT,Flipkart,Bangalore,False
4584,53,2026-06-30 18:45:00,4377.31,DEBIT,Netflix,Bangalore,False
4585,13,2026-06-14 16:37:00,2973.05,DEBIT,Flipkart,Pune,False
4586,52,2026-04-01 22:53:00,646.05,DEBIT,Amazon,Mumbai,False
4587,29,2026-06-14 10:12:00,4283.01,DEBIT,Walmart,Mumbai,False
4588,47,2026-07-25 07:06:00,1055.31,DEBIT,Amazon,Hyderabad,False
4589,34,2026-07-04 12:50:00,624.04,CREDIT,Amazon,Bangalore,False
4590,9,2026-07-17 10:23:00,2271.35,DEBIT,Walmart,Hyderabad,False
4591,24,2026-04-11 06:34:00,1794.54,DEBIT,Myntra,Pune,False
4592,79,2026-03-12 12:35:00,794.19,DEBIT,Swiggy,Delhi,False
4593,42,2026-04-13 14:49:00,938.85,DEBIT,Apple,Bangalore,False
4594,20,2026-04-05 11:44:00,645.86,DEBIT,Shell,Mumbai,False
4595,33,2026-06-18 00:33:00,3160.49,DEBIT,Netflix,Chandigarh,False
4596,10,2026-01-27 19:46:00,1592.65,DEBIT,Walmart,Ludhiana,False
4597,5,2026-02-14 08:09:00,2981.07,DEBIT,Apple,Hyderabad,False
4598,16,2026-05-29 19:50:00,3757.63,DEBIT,Amazon,Chandigarh,False
4599,11,2026-07-02 12:57:00,354.74,DEBIT,Local Store,Hyderabad,False
4600,96,2026-02-15 13:58:00,1189.84,DEBIT,Flipkart,Hyderabad,False
4601,49,2026-06-27 00:29:00,4506.71,DEBIT,Swiggy,Ludhiana,False
4602,71,2026-01-24 01:54:00,3074.25,DEBIT,Amazon,Mumbai,False
4603,34,2026-02-10 08:44:00,1151.58,DEBIT,Shell,Pune,False
4604,14,2026-05-05 10:44:00,2346.07,CREDIT,Walmart,Pune,False
4605,91,2026-01-01 19:27:00,1465.75,CREDIT,Apple,Bangalore,False
4606,58,2026-01-01 11:54:00,750.19,DEBIT,Local Store,Pune,False
4607,36,2026-04-18 17:43:00,4830.68,DEBIT,Shell,Chandigarh,False
4608,68,2026-02-08 01:42:00,720.0,DEBIT,Apple,Hyderabad,False
4609,46,2026-02-25 12:16:00,3275.44,DEBIT,Myntra,Bangalore,False
4610,85,2026-01-20 21:33:00,5574.82,DEBIT,Myntra,Pune,False
4611,35,2026-04-05 00:48:00,730.78,DEBIT,Local Store,Pune,False
4612,75,2026-06-13 18:12:00,5770.3,CREDIT,Amazon,Ludhiana,False
4613,30,2026-04-16 04:42:00,1838.86,DEBIT,Walmart,Mumbai,False
4614,81,2026-01-02 13:38:00,2579.79,DEBIT,Swiggy,Delhi,False
4615,29,2026-01-24 19:11:00,1274.82,DEBIT,Shell,Delhi,False
4616,45,2026-03-29 21:41:00,1962.15,CREDIT,Walmart,Pune,False
4617,5,2026-04-18 12:34:00,1159.32,DEBIT,Swiggy,Hyderabad,False
4618,13,2026-01-14 15:15:00,1236.41,DEBIT,Swiggy,Bangalore,False
4619,3,2026-04-20 08:10:00,332.92,DEBIT,Shell,Chandigarh,False
4620,100,2026-07-08 21:33:00,4108.72,DEBIT,Local Store,Bangalore,False
4621,66,2026-05-28 13:27:00,1693.35,DEBIT,Walmart,Delhi,False
4622,7,2026-06-20 14:07:00,4722.63,DEBIT,Amazon,Hyderabad,False
4623,10,2026-06-24 22:25:00,3511.73,DEBIT,Flipkart,Ludhiana,False
4624,40,2026-01-14 11:04:00,2759.07,CREDIT,Myntra,Ludhiana,False
4625,14,2026-06-04 01:18:00,1200.13,DEBIT,Amazon,Delhi,False
4626,36,2026-02-03 19:07:00,2687.54,DEBIT,Apple,Bangalore,False
4627,38,2026-06-03 23:07:00,1092.73,CREDIT,Myntra,Bangalore,False
4628,30,2026-07-08 22:56:00,1481.52,DEBIT,Apple,Pune,False
4629,73,2026-02-28 21:28:00,5935.41,DEBIT,Netflix,Ludhiana,False
4630,14,2026-03-18 20:45:00,2516.83,DEBIT,Netflix,Bangalore,False
4631,32,2026-03-07 13:50:00,5955.55,DEBIT,Swiggy,Pune,False
4632,52,2026-05-21 12:11:00,3462.77,DEBIT,Walmart,Pune,False
4633,79,2026-03-20 19:25:00,2886.98,CREDIT,Local Store,Hyderabad,False
4634,39,2026-02-26 08:24:00,3306.75,DEBIT,Apple,Ludhiana,False
4635,64,2026-07-23 22:43:00,4932.04,CREDIT,Flipkart,Hyderabad,False
4636,68,2026-03-30 16:37:00,3194.94,DEBIT,Local Store,Mumbai,False
4637,62,2026-01-29 11:40:00,2739.04,DEBIT,Netflix,Bangalore,False
4638,74,2026-06-25 08:19:00,1652.84,DEBIT,Local Store,Chandigarh,False
4639,57,2026-02-06 20:53:00,3698.73,DEBIT,Myntra,Hyderabad,False
4640,30,2026-02-15 14:50:00,4636.44,DEBIT,Walmart,Pune,False
4641,16,2026-07-22 21:41:00,1950.51,CREDIT,Local Store,Mumbai,False
4642,48,2026-05-26 20:52:00,4696.45,DEBIT,Netflix,Hyderabad,False
4643,76,2026-04-30 07:06:00,2801.92,CREDIT,Flipkart,Chandigarh,False
4644,1,2026-03-28 09:52:00,4202.99,DEBIT,Apple,Pune,False
4645,17,2026-05-24 20:36:00,2800.84,DEBIT,Swiggy,Pune,False
4646,75,2026-02-15 22:15:00,4374.99,DEBIT,Local Store,Hyderabad,False
4647,84,2026-01-20 12:19:00,1165.23,DEBIT,Amazon,Delhi,False
4648,86,2026-02-10 10:41:00,933.86,CREDIT,Amazon,Delhi,False
4649,42,2026-04-10 12:48:00,48842.68,DEBIT,Uber,Mumbai,True
4650,33,2026-07-07 05:45:00,6047.69,DEBIT,Walmart,Mumbai,False
4651,12,2026-02-20 22:44:00,5974.19,DEBIT,Netflix,Ludhiana,False
4652,39,2026-01-19 15:41:00,3506.95,DEBIT,Shell,Hyderabad,False
4653,52,2026-04-07 00:12:00,3157.22,DEBIT,Apple,Ludhiana,False
4654,16,2026-06-19 17:45:00,4212.82,CREDIT,Netflix,Pune,False
4655,53,2026-01-26 13:28:00,7015.47,DEBIT,Local Store,Mumbai,False
4656,17,2026-07-13 01:53:00,3718.26,CREDIT,Shell,Mumbai,False
4657,18,2026-05-25 18:35:00,608.47,DEBIT,Apple,Delhi,False
4658,62,2026-03-23 07:36:00,2453.78,DEBIT,Amazon,Mumbai,False
4659,25,2026-03-28 22:06:00,2443.21,DEBIT,Swiggy,Ludhiana,False
4660,25,2026-01-25 01:44:00,1191.81,DEBIT,Swiggy,Hyderabad,False
4661,60,2026-01-25 15:44:00,2912.37,DEBIT,Local Store,Pune,False
4662,30,2026-02-20 22:34:00,3524.37,CREDIT,Shell,Mumbai,False
4663,82,2026-03-29 12:38:00,4892.12,DEBIT,Myntra,Ludhiana,False
4664,34,2026-04-27 19:52:00,1553.43,DEBIT,Uber,Mumbai,False
4665,41,2026-07-09 09:53:00,909.14,DEBIT,Apple,Hyderabad,False
4666,32,2026-06-06 06:26:00,2957.58,DEBIT,Shell,Chandigarh,False
4667,65,2026-03-23 00:47:00,1131.68,DEBIT,Netflix,Delhi,False
4668,55,2026-07-09 05:32:00,1622.69,DEBIT,Amazon,Bangalore,False
4669,72,2026-01-21 07:28:00,3281.44,DEBIT,Swiggy,Pune,False
4670,22,2026-01-19 23:31:00,4470.9,DEBIT,Uber,Bangalore,False
4671,74,2026-05-23 01:23:00,1155.69,DEBIT,Netflix,Chandigarh,False
4672,22,2026-05-25 11:36:00,1352.95,DEBIT,Swiggy,Pune,False
4673,3,2026-01-03 10:39:00,1634.66,DEBIT,Uber,Ludhiana,False
4674,41,2026-07-26 17:17:00,2619.97,DEBIT,Myntra,Chandigarh,False
4675,99,2026-05-11 17:00:00,706.88,DEBIT,Myntra,Hyderabad,False
4676,75,2026-07-25 11:08:00,2217.85,DEBIT,Uber,Bangalore,False
4677,93,2026-03-20 20:25:00,2429.28,DEBIT,Swiggy,Chandigarh,False
4678,2,2026-02-24 00:53:00,1350.98,DEBIT,Flipkart,Chandigarh,False
4679,84,2026-07-22 07:00:00,2309.64,DEBIT,Apple,Pune,False
4680,21,2026-01-06 05:56:00,1493.57,DEBIT,Shell,Delhi,False
4681,47,2026-02-23 05:06:00,2295.13,DEBIT,Local Store,Mumbai,False
4682,81,2026-02-20 17:21:00,2312.23,DEBIT,Shell,Chandigarh,False
4683,29,2026-06-21 17:48:00,5217.66,DEBIT,Shell,Ludhiana,False
4684,26,2026-03-25 13:38:00,760.71,DEBIT,Swiggy,Bangalore,False
4685,98,2026-02-18 16:35:00,4004.82,DEBIT,Amazon,Delhi,False
4686,79,2026-04-18 09:06:00,2421.83,DEBIT,Uber,Ludhiana,False
4687,61,2026-06-28 10:10:00,1436.85,DEBIT,Local Store,Pune,False
4688,56,2026-05-25 00:27:00,2996.01,DEBIT,Flipkart,Delhi,False
4689,21,2026-01-08 02:15:00,3217.47,DEBIT,Amazon,Bangalore,False
4690,11,2026-04-21 12:40:00,495.99,DEBIT,Shell,Hyderabad,False
4691,33,2026-01-18 08:25:00,5000.06,DEBIT,Amazon,Mumbai,False
4692,54,2026-02-16 23:14:00,751.49,DEBIT,Netflix,Bangalore,False
4693,5,2026-03-11 07:44:00,1068.76,DEBIT,Apple,Pune,False
4694,19,2026-03-13 21:42:00,3783.16,DEBIT,Myntra,Bangalore,False
4695,27,2026-07-23 23:34:00,4391.85,DEBIT,Amazon,Hyderabad,False
4696,78,2026-05-25 07:45:00,951.29,DEBIT,Netflix,Delhi,False
4697,55,2026-06-21 13:48:00,4598.43,CREDIT,Apple,Delhi,False
4698,32,2026-05-17 02:27:00,948.5,DEBIT,Apple,Bangalore,False
4699,9,2026-06-19 01:10:00,3767.65,DEBIT,Amazon,Delhi,False
4700,88,2026-05-01 14:50:00,3466.15,DEBIT,Shell,Delhi,False
4701,13,2026-05-31 07:44:00,1661.04,DEBIT,Uber,Ludhiana,False
4702,1,2026-02-13 07:58:00,2382.84,DEBIT,Flipkart,Delhi,False
4703,41,2026-06-01 08:27:00,2653.14,DEBIT,Walmart,Pune,False
4704,93,2026-03-01 03:19:00,1861.45,DEBIT,Flipkart,Bangalore,False
4705,21,2026-07-21 05:20:00,3480.51,CREDIT,Amazon,Bangalore,False
4706,65,2026-06-16 00:50:00,3730.2,DEBIT,Myntra,Pune,False
4707,39,2026-04-22 10:24:00,2120.14,CREDIT,Myntra,Chandigarh,False
4708,23,2026-03-14 06:19:00,3802.21,DEBIT,Local Store,Bangalore,False
4709,6,2026-04-29 04:36:00,5854.58,CREDIT,Flipkart,Ludhiana,False
4710,88,2026-06-12 03:16:00,3167.89,DEBIT,Shell,Ludhiana,False
4711,69,2026-07-13 12:31:00,1427.5,DEBIT,Local Store,Delhi,False
4712,31,2026-05-11 14:45:00,604.77,CREDIT,Shell,Hyderabad,False
4713,65,2026-06-07 04:49:00,540.16,CREDIT,Walmart,Hyderabad,False
4714,40,2026-03-22 04:00:00,3032.11,DEBIT,Flipkart,Pune,False
4715,43,2026-03-07 22:00:00,5020.05,DEBIT,Amazon,Bangalore,False
4716,95,2026-06-11 06:35:00,2583.95,DEBIT,Flipkart,Chandigarh,False
4717,64,2026-06-13 13:16:00,3539.78,DEBIT,Local Store,Hyderabad,False
4718,71,2026-05-01 15:27:00,1488.05,DEBIT,Myntra,Chandigarh,False
4719,19,2026-02-01 22:53:00,2488.92,DEBIT,Swiggy,Delhi,False
4720,71,2026-05-10 20:24:00,4372.92,CREDIT,Shell,Ludhiana,False
4721,60,2026-03-03 03:01:00,6478.21,CREDIT,Uber,Delhi,False
4722,100,2026-07-09 22:34:00,1567.96,DEBIT,Local Store,Hyderabad,False
4723,49,2026-01-26 14:42:00,883.59,DEBIT,Uber,Pune,False
4724,65,2026-03-24 18:00:00,3079.26,CREDIT,Amazon,Pune,False
4725,64,2026-06-24 11:00:00,2355.87,DEBIT,Local Store,Hyderabad,False
4726,77,2026-04-30 13:15:00,817.3,DEBIT,Swiggy,Delhi,False
4727,29,2026-05-09 10:30:00,1183.12,CREDIT,Uber,Ludhiana,False
4728,47,2026-07-24 04:31:00,2387.99,CREDIT,Local Store,Ludhiana,False
4729,51,2026-03-27 12:10:00,3761.42,DEBIT,Local Store,Chandigarh,False
4730,51,2026-07-26 23:23:00,4593.51,DEBIT,Amazon,Pune,False
4731,1,2026-04-19 04:52:00,2081.07,DEBIT,Apple,Bangalore,False
4732,60,2026-04-02 23:41:00,3594.33,DEBIT,Apple,Bangalore,False
4733,15,2026-03-04 00:35:00,5382.99,CREDIT,Swiggy,Mumbai,False
4734,50,2026-04-14 16:42:00,3611.39,CREDIT,Netflix,Bangalore,False
4735,99,2026-01-12 06:49:00,2032.03,DEBIT,Apple,Mumbai,False
4736,44,2026-03-18 04:52:00,3905.87,CREDIT,Local Store,Ludhiana,False
4737,43,2026-06-18 05:33:00,3238.41,DEBIT,Local Store,Pune,False
4738,74,2026-04-25 09:44:00,3019.39,DEBIT,Myntra,Ludhiana,False
4739,97,2026-07-21 00:52:00,1344.94,DEBIT,Walmart,Chandigarh,False
4740,62,2026-03-21 09:37:00,2302.21,CREDIT,Apple,Pune,False
4741,5,2026-02-05 15:07:00,3145.44,CREDIT,Myntra,Chandigarh,False
4742,50,2026-03-12 09:07:00,878.63,CREDIT,Flipkart,Pune,False
4743,4,2026-02-27 01:27:00,4397.29,DEBIT,Uber,Mumbai,False
4744,26,2026-04-13 20:42:00,3737.92,DEBIT,Amazon,Mumbai,False
4745,25,2026-05-02 06:03:00,1885.56,CREDIT,Amazon,Pune,False
4746,24,2026-02-20 07:59:00,1328.55,CREDIT,Swiggy,Bangalore,False
4747,26,2026-02-13 06:47:00,1249.31,DEBIT,Apple,Ludhiana,False
4748,58,2026-01-20 12:37:00,1662.56,DEBIT,Netflix,Mumbai,False
4749,17,2026-05-01 01:18:00,1448.19,DEBIT,Amazon,Ludhiana,False
4750,32,2026-05-06 11:49:00,3737.6,DEBIT,Myntra,Delhi,False
4751,20,2026-06-02 05:23:00,506.37,DEBIT,Apple,Bangalore,False
4752,47,2026-05-23 14:05:00,3489.81,CREDIT,Walmart,Hyderabad,False
4753,21,2026-02-23 16:39:00,465.91,DEBIT,Myntra,Pune,False
4754,94,2026-06-02 08:41:00,3031.14,DEBIT,Flipkart,Delhi,False
4755,57,2026-07-16 23:30:00,4245.36,CREDIT,Netflix,Pune,False
4756,91,2026-04-18 18:50:00,3637.78,DEBIT,Apple,Chandigarh,False
4757,72,2026-05-15 14:38:00,3628.28,DEBIT,Flipkart,Hyderabad,False
4758,44,2026-04-04 01:43:00,73133.24,DEBIT,Uber,Mumbai,True
4759,43,2026-04-24 10:55:00,1727.21,DEBIT,Netflix,Mumbai,False
4760,83,2026-03-11 18:58:00,1116.61,DEBIT,Local Store,Pune,False
4761,77,2026-03-06 18:53:00,690.69,DEBIT,Netflix,Chandigarh,False
4762,73,2026-02-21 17:50:00,1687.81,DEBIT,Swiggy,Ludhiana,False
4763,3,2026-05-17 08:38:00,1252.53,DEBIT,Flipkart,Pune,False
4764,3,2026-01-14 12:24:00,2000.58,DEBIT,Swiggy,Pune,False
4765,60,2026-03-04 20:34:00,538.85,DEBIT,Amazon,Delhi,False
4766,27,2026-04-23 15:02:00,1203.87,DEBIT,Local Store,Delhi,False
4767,59,2026-03-08 09:08:00,2100.03,DEBIT,Walmart,Ludhiana,False
4768,84,2026-03-26 04:21:00,1402.63,DEBIT,Local Store,Pune,False
4769,82,2026-05-18 14:21:00,5662.8,DEBIT,Local Store,Mumbai,False
4770,15,2026-01-10 01:29:00,586.76,DEBIT,Myntra,Delhi,False
4771,21,2026-02-15 20:20:00,722.02,CREDIT,Uber,Ludhiana,False
4772,30,2026-04-12 20:18:00,4284.91,DEBIT,Uber,Chandigarh,False
4773,100,2026-07-17 03:28:00,690.13,DEBIT,Shell,Chandigarh,False
4774,22,2026-01-23 14:58:00,5914.52,CREDIT,Swiggy,Mumbai,False
4775,20,2026-01-10 09:22:00,908.64,DEBIT,Walmart,Mumbai,False
4776,54,2026-04-16 23:59:00,2944.45,DEBIT,Apple,Chandigarh,False
4777,91,2026-04-09 13:51:00,1858.11,DEBIT,Myntra,Chandigarh,False
4778,2,2026-01-08 01:58:00,4281.34,DEBIT,Swiggy,Hyderabad,False
4779,34,2026-05-05 18:02:00,2317.29,CREDIT,Uber,Bangalore,False
4780,60,2026-04-02 05:50:00,1210.81,DEBIT,Myntra,Chandigarh,False
4781,71,2026-04-10 05:52:00,4493.32,CREDIT,Swiggy,Bangalore,False
4782,62,2026-01-20 05:52:00,3308.17,CREDIT,Swiggy,Delhi,False
4783,19,2026-02-25 18:16:00,3016.54,CREDIT,Shell,Bangalore,False
4784,20,2026-02-19 15:16:00,2226.38,DEBIT,Shell,Hyderabad,False
4785,19,2026-05-18 12:00:00,4353.65,DEBIT,Apple,Delhi,False
4786,57,2026-06-29 09:12:00,565.76,DEBIT,Walmart,Pune,False
4787,67,2026-07-17 14:36:00,5883.2,DEBIT,Shell,Delhi,False
4788,26,2026-05-27 03:39:00,877.06,CREDIT,Swiggy,Bangalore,False
4789,61,2026-06-19 17:49:00,3832.84,DEBIT,Local Store,Ludhiana,False
4790,25,2026-04-06 13:50:00,4032.29,CREDIT,Uber,Ludhiana,False
4791,88,2026-05-26 05:43:00,2913.06,DEBIT,Amazon,Delhi,False
4792,74,2026-07-22 13:36:00,3089.45,CREDIT,Apple,Ludhiana,False
4793,3,2026-07-07 07:12:00,3959.7,DEBIT,Swiggy,Chandigarh,False
4794,14,2026-06-20 03:40:00,2166.13,DEBIT,Walmart,Pune,False
4795,8,2026-07-19 12:15:00,2503.0,DEBIT,Local Store,Bangalore,False
4796,94,2026-02-25 05:16:00,2989.66,DEBIT,Apple,Chandigarh,False
4797,11,2026-07-27 18:24:00,3360.05,DEBIT,Amazon,Delhi,False
4798,87,2026-06-30 17:16:00,2825.82,CREDIT,Shell,Pune,False
4799,47,2026-04-16 05:50:00,693.58,DEBIT,Local Store,Chandigarh,False
4800,21,2026-03-25 14:39:00,4362.37,CREDIT,Local Store,Mumbai,False
4801,5,2026-06-21 08:45:00,1001.79,CREDIT,Flipkart,Ludhiana,False
4802,78,2026-05-02 12:27:00,2604.18,DEBIT,Netflix,Hyderabad,False
4803,77,2026-04-23 14:06:00,1575.64,DEBIT,Apple,Hyderabad,False
4804,98,2026-04-04 21:41:00,959.3,DEBIT,Uber,Delhi,False
4805,37,2026-06-10 11:50:00,831.95,DEBIT,Apple,Delhi,False
4806,88,2026-03-10 07:44:00,5308.51,DEBIT,Netflix,Chandigarh,False
4807,100,2026-05-24 23:40:00,5194.62,CREDIT,Local Store,Hyderabad,False
4808,88,2026-02-11 22:44:00,1616.23,DEBIT,Swiggy,Hyderabad,False
4809,1,2026-06-16 16:21:00,3734.82,DEBIT,Apple,Ludhiana,False
4810,85,2026-04-19 14:21:00,896.62,DEBIT,Local Store,Pune,False
4811,51,2026-07-07 16:34:00,3318.62,DEBIT,Amazon,Mumbai,False
4812,44,2026-01-17 10:22:00,3027.23,DEBIT,Flipkart,Chandigarh,False
4813,33,2026-03-18 03:08:00,2273.8,DEBIT,Uber,Bangalore,False
4814,48,2026-06-10 16:46:00,4170.79,DEBIT,Local Store,Delhi,False
4815,13,2026-07-08 15:02:00,7018.38,CREDIT,Flipkart,Hyderabad,False
4816,89,2026-04-02 03:01:00,5889.49,CREDIT,Swiggy,Pune,False
4817,55,2026-03-22 23:07:00,3236.38,DEBIT,Uber,Delhi,False
4818,32,2026-02-12 21:12:00,1608.86,DEBIT,Shell,Pune,False
4819,27,2026-04-11 02:58:00,576.08,DEBIT,Shell,Delhi,False
4820,98,2026-06-02 09:42:00,450.44,DEBIT,Apple,Mumbai,False
4821,45,2026-05-02 22:48:00,4416.05,DEBIT,Flipkart,Bangalore,False
4822,70,2026-07-08 05:58:00,3721.6,CREDIT,Myntra,Hyderabad,False
4823,71,2026-04-13 15:25:00,4270.26,DEBIT,Myntra,Pune,False
4824,33,2026-06-12 16:41:00,2802.27,DEBIT,Apple,Chandigarh,False
4825,1,2026-06-25 09:50:00,902.28,CREDIT,Shell,Bangalore,False
4826,88,2026-03-07 14:56:00,1859.3,CREDIT,Walmart,Bangalore,False
4827,56,2026-04-09 19:44:00,932.06,DEBIT,Flipkart,Hyderabad,False
4828,19,2026-06-04 07:25:00,3977.7,CREDIT,Myntra,Hyderabad,False
4829,55,2026-07-17 05:57:00,2099.06,DEBIT,Shell,Chandigarh,False
4830,61,2026-07-06 16:13:00,1972.32,DEBIT,Apple,Chandigarh,False
4831,98,2026-02-19 14:04:00,2161.14,DEBIT,Local Store,Pune,False
4832,28,2026-01-02 04:29:00,2573.4,CREDIT,Flipkart,Ludhiana,False
4833,56,2026-03-18 00:28:00,852.78,DEBIT,Apple,Chandigarh,False
4834,32,2026-02-25 18:36:00,3120.45,DEBIT,Apple,Hyderabad,False
4835,68,2026-05-08 05:44:00,1620.18,DEBIT,Swiggy,Delhi,False
4836,9,2026-05-27 09:16:00,6522.79,DEBIT,Uber,Pune,False
4837,17,2026-06-19 10:09:00,3777.79,CREDIT,Amazon,Pune,False
4838,54,2026-01-12 00:22:00,3075.75,DEBIT,Flipkart,Mumbai,False
4839,14,2026-04-20 01:09:00,2402.23,DEBIT,Netflix,Mumbai,False
4840,7,2026-03-06 04:11:00,1601.06,DEBIT,Myntra,Delhi,False
4841,69,2026-05-09 05:04:00,2075.26,DEBIT,Swiggy,Mumbai,False
4842,9,2026-01-28 20:26:00,3425.09,DEBIT,Netflix,Ludhiana,False
4843,90,2026-07-16 10:58:00,477.49,CREDIT,Amazon,Chandigarh,False
4844,54,2026-04-19 19:01:00,811.48,DEBIT,Flipkart,Ludhiana,False
4845,66,2026-04-18 22:26:00,1696.87,DEBIT,Walmart,Ludhiana,False
4846,4,2026-07-10 03:31:00,1374.74,CREDIT,Uber,Bangalore,False
4847,18,2026-05-19 19:12:00,989.34,DEBIT,Swiggy,Ludhiana,False
4848,6,2026-04-10 05:13:00,6094.1,DEBIT,Swiggy,Ludhiana,False
4849,92,2026-02-26 21:56:00,3260.92,DEBIT,Shell,Bangalore,False
4850,58,2026-01-17 04:27:00,3781.82,DEBIT,Netflix,Delhi,False
4851,86,2026-06-17 13:54:00,1178.5,DEBIT,Walmart,Hyderabad,False
4852,94,2026-02-28 00:21:00,2305.44,DEBIT,Amazon,Mumbai,False
4853,56,2026-06-11 02:44:00,1459.72,DEBIT,Myntra,Ludhiana,False
4854,50,2026-05-04 00:49:00,1000.87,CREDIT,Uber,Chandigarh,False
4855,19,2026-02-24 10:43:00,2737.95,DEBIT,Amazon,Ludhiana,False
4856,62,2026-04-08 19:23:00,743.98,DEBIT,Myntra,Delhi,False
4857,96,2026-04-07 19:59:00,601.11,CREDIT,Flipkart,Hyderabad,False
4858,97,2026-05-15 02:06:00,5007.97,CREDIT,Myntra,Mumbai,False
4859,44,2026-06-14 21:38:00,5801.78,DEBIT,Myntra,Pune,False
4860,92,2026-05-01 08:45:00,6126.12,DEBIT,Netflix,Bangalore,False
4861,68,2026-06-18 07:28:00,1785.1,CREDIT,Netflix,Pune,False
4862,82,2026-07-20 12:32:00,3201.03,DEBIT,Flipkart,Hyderabad,False
4863,58,2026-01-08 21:03:00,58954.93,DEBIT,Shell,Ludhiana,True
4864,44,2026-07-09 18:22:00,2132.42,CREDIT,Local Store,Pune,False
4865,90,2026-06-16 19:24:00,5160.7,CREDIT,Amazon,Bangalore,False
4866,14,2026-07-23 03:09:00,916.9,DEBIT,Shell,Hyderabad,False
4867,9,2026-05-26 12:54:00,1466.09,CREDIT,Myntra,Mumbai,False
4868,68,2026-05-05 23:32:00,1855.01,CREDIT,Swiggy,Ludhiana,False
4869,2,2026-04-07 07:43:00,2375.83,CREDIT,Swiggy,Chandigarh,False
4870,96,2026-03-06 22:08:00,1427.99,DEBIT,Local Store,Hyderabad,False
4871,10,2026-07-14 15:55:00,5630.44,DEBIT,Myntra,Pune,False
4872,57,2026-06-04 02:19:00,799.4,DEBIT,Uber,Mumbai,False
4873,87,2026-04-12 14:21:00,4271.42,DEBIT,Uber,Chandigarh,False
4874,36,2026-07-22 03:02:00,564.77,DEBIT,Local Store,Bangalore,False
4875,27,2026-03-31 04:18:00,976.67,DEBIT,Local Store,Ludhiana,False
4876,4,2026-07-03 16:51:00,4665.43,DEBIT,Myntra,Delhi,False
4877,98,2026-01-20 10:06:00,1794.12,DEBIT,Flipkart,Ludhiana,False
4878,100,2026-01-07 03:44:00,4733.2,DEBIT,Walmart,Bangalore,False
4879,28,2026-06-16 21:25:00,1307.62,DEBIT,Amazon,Mumbai,False
4880,82,2026-07-06 05:30:00,4991.57,DEBIT,Myntra,Delhi,False
4881,41,2026-06-18 10:57:00,3842.24,DEBIT,Local Store,Pune,False
4882,38,2026-07-26 22:16:00,2505.3,DEBIT,Flipkart,Ludhiana,False
4883,73,2026-03-29 09:04:00,1398.66,DEBIT,Swiggy,Mumbai,False
4884,73,2026-02-11 18:33:00,5131.22,DEBIT,Apple,Ludhiana,False
4885,47,2026-03-23 15:34:00,5317.37,DEBIT,Local Store,Bangalore,False
4886,21,2026-05-14 14:39:00,3406.41,DEBIT,Uber,Hyderabad,False
4887,8,2026-07-02 06:30:00,6348.93,DEBIT,Uber,Hyderabad,False
4888,98,2026-02-05 01:18:00,612.61,DEBIT,Walmart,Ludhiana,False
4889,81,2026-04-18 13:12:00,5152.2,DEBIT,Apple,Bangalore,False
4890,20,2026-02-19 08:04:00,970.0,DEBIT,Myntra,Pune,False
4891,50,2026-07-19 03:06:00,4752.2,DEBIT,Uber,Bangalore,False
4892,8,2026-03-30 02:23:00,1094.01,DEBIT,Uber,Pune,False
4893,12,2026-01-04 11:56:00,3972.89,CREDIT,Uber,Ludhiana,False
4894,26,2026-04-16 10:13:00,3975.37,DEBIT,Amazon,Ludhiana,False
4895,33,2026-01-15 02:54:00,934.66,DEBIT,Flipkart,Pune,False
4896,85,2026-04-26 09:51:00,1113.64,DEBIT,Local Store,Ludhiana,False
4897,8,2026-04-03 01:42:00,3340.95,DEBIT,Walmart,Mumbai,False
4898,84,2026-04-21 03:10:00,2271.59,DEBIT,Swiggy,Delhi,False
4899,12,2026-03-16 06:06:00,1447.83,CREDIT,Apple,Pune,False
4900,94,2026-07-02 21:30:00,3195.66,DEBIT,Flipkart,Chandigarh,False
4901,9,2026-03-06 01:02:00,977.51,DEBIT,Myntra,Chandigarh,False
4902,70,2026-03-29 02:18:00,1838.0,DEBIT,Apple,Hyderabad,False
4903,17,2026-02-01 10:12:00,1065.44,DEBIT,Netflix,Ludhiana,False
4904,11,2026-04-16 14:03:00,5163.11,DEBIT,Local Store,Hyderabad,False
4905,40,2026-07-22 10:54:00,3503.02,DEBIT,Shell,Pune,False
4906,68,2026-05-31 01:35:00,4665.87,DEBIT,Apple,Hyderabad,False
4907,47,2026-01-14 03:26:00,1502.43,DEBIT,Shell,Mumbai,False
4908,9,2026-05-23 22:11:00,4287.05,DEBIT,Shell,Pune,False
4909,90,2026-05-26 03:49:00,1239.24,CREDIT,Myntra,Delhi,False
4910,39,2026-01-26 04:43:00,5130.44,DEBIT,Myntra,Delhi,False
4911,2,2026-02-11 22:12:00,4639.49,DEBIT,Shell,Hyderabad,False
4912,98,2026-01-11 23:39:00,3475.53,DEBIT,Walmart,Mumbai,False
4913,93,2026-04-10 04:32:00,1754.84,CREDIT,Apple,Ludhiana,False
4914,48,2026-01-28 21:27:00,3302.97,CREDIT,Apple,Ludhiana,False
4915,61,2026-05-07 05:58:00,2922.76,DEBIT,Uber,Bangalore,False
4916,91,2026-03-24 07:38:00,6059.19,DEBIT,Walmart,Hyderabad,False
4917,49,2026-07-01 02:53:00,4150.63,CREDIT,Shell,Pune,False
4918,10,2026-01-20 23:27:00,1139.87,CREDIT,Flipkart,Hyderabad,False
4919,89,2026-05-19 00:45:00,6463.1,CREDIT,Netflix,Delhi,False
4920,55,2026-01-05 23:24:00,2071.04,DEBIT,Flipkart,Ludhiana,False
4921,78,2026-05-25 14:54:00,2517.85,CREDIT,Local Store,Mumbai,False
4922,92,2026-03-21 10:39:00,830.11,CREDIT,Myntra,Delhi,False
4923,4,2026-01-10 14:55:00,2689.99,CREDIT,Local Store,Chandigarh,False
4924,9,2026-06-03 05:29:00,1355.43,DEBIT,Netflix,Mumbai,False
4925,24,2026-05-03 22:23:00,1492.67,CREDIT,Shell,Hyderabad,False
4926,63,2026-07-17 05:32:00,1929.96,CREDIT,Shell,Ludhiana,False
4927,25,2026-01-02 21:28:00,2944.56,DEBIT,Local Store,Chandigarh,False
4928,24,2026-04-29 08:05:00,966.62,CREDIT,Shell,Hyderabad,False
4929,89,2026-05-10 15:23:00,655.16,DEBIT,Flipkart,Hyderabad,False
4930,15,2026-06-08 08:17:00,42991.64,DEBIT,Amazon,Hyderabad,True
4931,40,2026-07-17 13:50:00,3438.69,DEBIT,Shell,Mumbai,False
4932,71,2026-07-24 20:00:00,5023.96,DEBIT,Netflix,Mumbai,False
4933,31,2026-06-09 19:49:00,3984.83,DEBIT,Flipkart,Ludhiana,False
4934,40,2026-04-10 13:37:00,2544.39,CREDIT,Shell,Chandigarh,False
4935,95,2026-02-02 03:53:00,2586.22,DEBIT,Uber,Delhi,False
4936,52,2026-05-06 16:27:00,1357.42,DEBIT,Uber,Ludhiana,False
4937,57,2026-01-02 18:33:00,3166.31,DEBIT,Shell,Delhi,False
4938,15,2026-01-29 22:25:00,4046.4,DEBIT,Flipkart,Chandigarh,False
4939,23,2026-01-25 22:03:00,2636.24,DEBIT,Walmart,Chandigarh,False
4940,69,2026-05-21 19:07:00,1374.41,DEBIT,Amazon,Hyderabad,False
4941,26,2026-01-09 01:25:00,5638.63,DEBIT,Flipkart,Bangalore,False
4942,44,2026-05-08 15:53:00,4203.83,DEBIT,Apple,Mumbai,False
4943,95,2026-03-26 06:39:00,2842.07,CREDIT,Myntra,Chandigarh,False
4944,12,2026-03-14 05:41:00,4720.61,CREDIT,Apple,Hyderabad,False
4945,87,2026-07-26 07:02:00,1589.87,DEBIT,Flipkart,Pune,False
4946,53,2026-03-26 01:20:00,3290.0,DEBIT,Amazon,Hyderabad,False
4947,12,2026-06-30 18:51:00,1233.66,DEBIT,Uber,Mumbai,False
4948,67,2026-04-08 05:34:00,1975.39,DEBIT,Uber,Pune,False
4949,13,2026-03-17 14:33:00,3219.73,DEBIT,Swiggy,Hyderabad,False
4950,68,2026-01-21 03:41:00,892.51,DEBIT,Local Store,Bangalore,False
4951,87,2026-01-11 16:41:00,4800.94,DEBIT,Local Store,Ludhiana,False
4952,11,2026-05-12 07:56:00,2467.11,CREDIT,Amazon,Ludhiana,False
4953,15,2026-01-08 00:18:00,547.5,DEBIT,Netflix,Bangalore,False
4954,68,2026-03-10 17:55:00,4000.17,DEBIT,Myntra,Hyderabad,False
4955,60,2026-07-27 16:20:00,616.28,DEBIT,Flipkart,Pune,False
4956,85,2026-02-15 04:31:00,2649.83,CREDIT,Apple,Hyderabad,False
4957,24,2026-06-05 17:42:00,2773.08,DEBIT,Local Store,Bangalore,False
4958,38,2026-06-23 07:10:00,1303.05,DEBIT,Flipkart,Hyderabad,False
4959,56,2026-02-10 20:49:00,910.66,CREDIT,Swiggy,Pune,False
4960,92,2026-06-12 16:27:00,5468.92,DEBIT,Netflix,Bangalore,False
4961,40,2026-03-09 00:54:00,2298.45,CREDIT,Netflix,Bangalore,False
4962,87,2026-03-19 11:59:00,849.61,DEBIT,Shell,Mumbai,False
4963,21,2026-02-03 04:00:00,3009.48,DEBIT,Amazon,Delhi,False
4964,12,2026-02-07 15:52:00,2097.2,DEBIT,Uber,Pune,False
4965,92,2026-01-28 06:25:00,2811.89,DEBIT,Netflix,Delhi,False
4966,35,2026-07-26 04:13:00,3672.76,CREDIT,Apple,Ludhiana,False
4967,37,2026-03-31 06:47:00,1068.39,DEBIT,Flipkart,Pune,False
4968,45,2026-07-17 06:30:00,3591.27,CREDIT,Netflix,Pune,False
4969,28,2026-05-28 14:17:00,2118.79,DEBIT,Myntra,Ludhiana,False
4970,72,2026-02-20 10:24:00,631.26,DEBIT,Swiggy,Bangalore,False
4971,49,2026-01-31 03:24:00,1075.67,DEBIT,Flipkart,Ludhiana,False
4972,72,2026-01-24 13:47:00,1200.24,DEBIT,Shell,Hyderabad,False
4973,60,2026-01-27 13:44:00,4155.84,DEBIT,Amazon,Chandigarh,False
4974,94,2026-06-01 15:37:00,2257.91,DEBIT,Walmart,Delhi,False
4975,39,2026-02-07 12:38:00,4642.21,DEBIT,Local Store,Hyderabad,False
4976,65,2026-06-16 13:29:00,1973.21,CREDIT,Flipkart,Hyderabad,False
4977,39,2026-07-07 22:27:00,1347.0,DEBIT,Shell,Hyderabad,False
4978,84,2026-03-09 06:08:00,1952.45,CREDIT,Netflix,Chandigarh,False
4979,93,2026-06-30 10:25:00,4615.76,CREDIT,Myntra,Delhi,False
4980,8,2026-02-14 01:18:00,2455.38,DEBIT,Uber,Bangalore,False
4981,32,2026-07-22 01:01:00,1445.99,CREDIT,Amazon,Ludhiana,False
4982,21,2026-07-28 04:02:00,3659.58,DEBIT,Local Store,Delhi,False
4983,79,2026-06-06 16:41:00,1556.98,DEBIT,Flipkart,Pune,False
4984,27,2026-07-27 22:16:00,3640.41,DEBIT,Flipkart,Chandigarh,False
4985,9,2026-02-09 11:21:00,1448.66,DEBIT,Amazon,Hyderabad,False
4986,2,2026-06-21 23:46:00,1712.59,CREDIT,Amazon,Hyderabad,False
4987,97,2026-03-31 13:17:00,3981.92,DEBIT,Myntra,Ludhiana,False
4988,100,2026-06-01 19:03:00,740.07,DEBIT,Swiggy,Hyderabad,False
4989,75,2026-01-13 18:54:00,2172.3,CREDIT,Local Store,Ludhiana,False
4990,31,2026-02-26 06:29:00,1905.11,DEBIT,Swiggy,Chandigarh,False
4991,93,2026-05-30 05:17:00,1423.73,DEBIT,Flipkart,Delhi,False
4992,61,2026-04-08 22:44:00,4477.97,DEBIT,Flipkart,Chandigarh,False
4993,41,2026-02-02 16:47:00,1928.13,DEBIT,Local Store,Ludhiana,False
4994,21,2026-04-09 19:56:00,3065.7,DEBIT,Myntra,Chandigarh,False
4995,74,2026-05-02 13:10:00,2670.34,DEBIT,Uber,Hyderabad,False
4996,20,2026-03-07 08:56:00,502.89,DEBIT,Swiggy,Ludhiana,False
4997,29,2026-04-04 02:14:00,984.83,DEBIT,Flipkart,Mumbai,False
4998,48,2026-01-04 16:20:00,6181.13,DEBIT,Local Store,Pune,False
4999,98,2026-01-15 06:43:00,919.61,CREDIT,Swiggy,Mumbai,False
5000,43,2026-02-23 09:20:00,873.1,DEBIT,Uber,Bangalore,False
5001,60,2026-07-23 03:42:00,2007.97,DEBIT,Netflix,Chandigarh,False
5002,98,2026-01-10 00:02:00,3405.13,DEBIT,Amazon,Pune,False
5003,46,2026-05-29 14:51:00,5069.47,CREDIT,Local Store,Mumbai,False
5004,25,2026-03-21 01:02:00,919.5,DEBIT,Apple,Mumbai,False
5005,20,2026-07-09 04:38:00,2448.78,CREDIT,Netflix,Chandigarh,False
5006,18,2026-03-21 18:39:00,5433.19,CREDIT,Myntra,Pune,False
5007,23,2026-03-25 12:46:00,1339.39,DEBIT,Myntra,Hyderabad,False
5008,99,2026-01-20 08:55:00,3151.47,DEBIT,Amazon,Ludhiana,False
5009,89,2026-01-13 09:21:00,3461.7,CREDIT,Netflix,Pune,False
5010,58,2026-03-26 21:55:00,623.39,DEBIT,Netflix,Pune,False
5011,16,2026-04-13 06:48:00,1861.29,DEBIT,Flipkart,Chandigarh,False
5012,82,2026-05-12 02:08:00,3527.93,DEBIT,Myntra,Ludhiana,False
5013,81,2026-07-10 16:43:00,4549.35,DEBIT,Flipkart,Hyderabad,False
5014,88,2026-06-03 06:27:00,4168.28,DEBIT,Local Store,Pune,False
5015,50,2026-05-15 12:59:00,3768.05,DEBIT,Flipkart,Bangalore,False
5016,39,2026-02-04 21:37:00,2925.18,DEBIT,Flipkart,Chandigarh,False
5017,86,2026-06-08 09:45:00,3897.08,DEBIT,Apple,Delhi,False
5018,42,2026-06-13 22:48:00,1043.18,DEBIT,Netflix,Pune,False
5019,78,2026-02-18 08:18:00,1602.25,DEBIT,Shell,Ludhiana,False
5020,28,2026-03-22 10:40:00,3147.33,DEBIT,Local Store,Chandigarh,False
5021,79,2026-03-21 06:13:00,2085.94,DEBIT,Netflix,Delhi,False
5022,89,2026-02-04 10:39:00,2411.64,DEBIT,Local Store,Ludhiana,False
5023,48,2026-05-13 02:14:00,4368.4,DEBIT,Walmart,Pune,False
5024,88,2026-01-05 06:05:00,2893.42,DEBIT,Swiggy,Chandigarh,False
5025,56,2026-01-14 09:46:00,4331.03,DEBIT,Swiggy,Pune,False
5026,59,2026-06-02 00:37:00,1047.65,DEBIT,Myntra,Delhi,False
5027,39,2026-07-23 17:06:00,3076.43,DEBIT,Local Store,Bangalore,False
5028,93,2026-01-01 08:28:00,2801.76,CREDIT,Netflix,Ludhiana,False
5029,43,2026-02-07 13:27:00,1560.45,DEBIT,Flipkart,Bangalore,False
5030,73,2026-06-10 20:12:00,4795.63,DEBIT,Apple,Mumbai,False
5031,74,2026-05-03 15:09:00,2518.55,DEBIT,Local Store,Bangalore,False
5032,1,2026-04-27 15:34:00,1646.6,DEBIT,Apple,Chandigarh,False
5033,47,2026-01-22 04:37:00,2151.94,DEBIT,Shell,Chandigarh,False
5034,28,2026-02-03 03:31:00,510.02,DEBIT,Amazon,Pune,False
5035,19,2026-05-17 21:54:00,5940.72,DEBIT,Netflix,Pune,False
5036,96,2026-05-23 04:25:00,3896.8,DEBIT,Myntra,Mumbai,False
5037,93,2026-07-03 20:41:00,4542.19,DEBIT,Myntra,Bangalore,False
5038,73,2026-06-05 03:11:00,2277.53,CREDIT,Swiggy,Delhi,False
5039,13,2026-06-06 20:18:00,3221.05,DEBIT,Swiggy,Pune,False
5040,94,2026-02-26 03:52:00,607.61,DEBIT,Swiggy,Bangalore,False
5041,39,2026-03-13 23:32:00,2773.37,CREDIT,Myntra,Ludhiana,False
5042,46,2026-04-12 17:22:00,3717.28,DEBIT,Walmart,Chandigarh,False
5043,56,2026-03-14 00:38:00,4401.46,DEBIT,Myntra,Delhi,False
5044,54,2026-05-14 03:56:00,1204.94,CREDIT,Shell,Delhi,False
5045,2,2026-06-02 08:37:00,1791.36,DEBIT,Swiggy,Ludhiana,False
5046,39,2026-03-19 16:47:00,891.21,DEBIT,Netflix,Ludhiana,False
5047,57,2026-01-12 11:01:00,46647.3,DEBIT,Myntra,Mumbai,True
5048,74,2026-06-09 00:19:00,458.17,DEBIT,Flipkart,Delhi,False
5049,71,2026-06-11 02:59:00,665.68,DEBIT,Walmart,Ludhiana,False
5050,68,2026-03-28 01:36:00,4003.43,DEBIT,Myntra,Bangalore,False
5051,32,2026-04-27 02:41:00,3298.39,DEBIT,Local Store,Mumbai,False
5052,65,2026-04-28 17:39:00,866.9,DEBIT,Amazon,Mumbai,False
5053,31,2026-05-22 23:17:00,864.73,CREDIT,Apple,Chandigarh,False
5054,78,2026-03-22 22:24:00,3462.82,DEBIT,Apple,Hyderabad,False
5055,30,2026-02-10 19:31:00,1413.8,DEBIT,Uber,Hyderabad,False
5056,14,2026-03-27 14:38:00,3373.23,DEBIT,Shell,Chandigarh,False
5057,9,2026-06-02 18:35:00,437.02,CREDIT,Local Store,Bangalore,False
5058,49,2026-01-22 08:02:00,2304.12,CREDIT,Netflix,Chandigarh,False
5059,52,2026-02-14 14:38:00,1595.5,CREDIT,Walmart,Chandigarh,False
5060,11,2026-05-04 01:44:00,1688.27,DEBIT,Amazon,Hyderabad,False
5061,31,2026-05-08 20:22:00,4159.59,DEBIT,Shell,Hyderabad,False
5062,53,2026-01-26 12:48:00,2834.29,DEBIT,Local Store,Pune,False
5063,6,2026-03-22 16:27:00,732.67,DEBIT,Netflix,Mumbai,False
5064,48,2026-05-27 00:48:00,966.89,DEBIT,Amazon,Delhi,False
5065,29,2026-03-02 22:19:00,2813.12,CREDIT,Local Store,Bangalore,False
5066,62,2026-02-08 13:36:00,1376.58,DEBIT,Amazon,Delhi,False
5067,24,2026-07-17 07:52:00,5146.51,DEBIT,Walmart,Bangalore,False
5068,72,2026-02-02 23:49:00,405.4,DEBIT,Local Store,Bangalore,False
5069,78,2026-05-17 01:14:00,2620.17,DEBIT,Amazon,Bangalore,False
5070,44,2026-03-23 01:12:00,963.63,DEBIT,Local Store,Chandigarh,False
5071,69,2026-06-25 20:45:00,1371.41,DEBIT,Amazon,Ludhiana,False
5072,2,2026-02-23 17:46:00,3373.26,DEBIT,Local Store,Hyderabad,False
5073,27,2026-05-14 03:00:00,3699.16,CREDIT,Amazon,Chandigarh,False
5074,90,2026-02-25 23:02:00,375.51,DEBIT,Local Store,Mumbai,False
5075,27,2026-03-01 10:00:00,4768.49,DEBIT,Uber,Delhi,False
5076,73,2026-04-07 13:14:00,4749.03,CREDIT,Amazon,Pune,False
5077,7,2026-06-21 13:16:00,5374.71,DEBIT,Myntra,Bangalore,False
5078,67,2026-06-13 11:07:00,2242.96,DEBIT,Apple,Ludhiana,False
5079,1,2026-03-08 00:20:00,2925.32,CREDIT,Swiggy,Hyderabad,False
5080,95,2026-03-25 13:51:00,1349.41,DEBIT,Amazon,Chandigarh,False
5081,76,2026-02-03 23:17:00,4650.37,DEBIT,Uber,Delhi,False
5082,16,2026-01-24 02:37:00,3207.05,DEBIT,Shell,Delhi,False
5083,16,2026-03-25 17:57:00,4382.32,DEBIT,Local Store,Hyderabad,False
5084,78,2026-03-08 07:17:00,5944.32,DEBIT,Flipkart,Bangalore,False
5085,75,2026-02-19 09:23:00,3141.16,DEBIT,Amazon,Chandigarh,False
5086,20,2026-05-05 02:20:00,1473.35,CREDIT,Local Store,Chandigarh,False
5087,72,2026-02-08 09:29:00,2282.06,CREDIT,Amazon,Ludhiana,False
5088,91,2026-05-28 07:06:00,2217.57,DEBIT,Shell,Delhi,False
5089,37,2026-01-18 19:45:00,1989.87,DEBIT,Netflix,Hyderabad,False
5090,55,2026-04-10 18:59:00,573.75,DEBIT,Walmart,Pune,False
5091,72,2026-01-16 11:22:00,3926.34,CREDIT,Shell,Pune,False
5092,10,2026-02-07 05:05:00,5110.64,DEBIT,Apple,Delhi,False
5093,100,2026-04-13 02:57:00,3051.64,DEBIT,Local Store,Bangalore,False
5094,4,2026-05-02 00:42:00,5288.83,DEBIT,Shell,Delhi,False
5095,53,2026-06-07 08:36:00,3810.93,DEBIT,Local Store,Ludhiana,False
5096,29,2026-05-07 20:15:00,2654.93,DEBIT,Local Store,Pune,False
5097,6,2026-02-22 02:12:00,3899.39,DEBIT,Local Store,Pune,False
5098,3,2026-06-11 07:32:00,2807.12,DEBIT,Swiggy,Mumbai,False
5099,41,2026-05-28 21:44:00,3623.46,DEBIT,Swiggy,Ludhiana,False
5100,11,2026-03-13 02:07:00,3061.12,CREDIT,Amazon,Delhi,False
5101,51,2026-05-26 22:43:00,6073.04,DEBIT,Walmart,Chandigarh,False
5102,38,2026-07-08 20:55:00,3314.35,DEBIT,Flipkart,Ludhiana,False
5103,2,2026-06-12 09:07:00,1191.32,DEBIT,Swiggy,Delhi,False
5104,16,2026-07-16 15:50:00,2454.17,DEBIT,Swiggy,Chandigarh,False
5105,2,2026-05-26 15:26:00,3524.52,DEBIT,Shell,Ludhiana,False
5106,81,2026-06-25 21:32:00,6405.72,DEBIT,Amazon,Delhi,False
5107,51,2026-04-18 12:49:00,2511.81,DEBIT,Amazon,Mumbai,False
5108,9,2026-07-01 00:57:00,5647.46,CREDIT,Uber,Mumbai,False
5109,12,2026-03-15 22:31:00,4042.01,DEBIT,Flipkart,Mumbai,False
5110,44,2026-01-13 07:45:00,4703.17,DEBIT,Amazon,Ludhiana,False
5111,42,2026-01-23 18:17:00,2527.67,DEBIT,Myntra,Mumbai,False
5112,14,2026-05-04 14:24:00,2024.72,CREDIT,Uber,Delhi,False
5113,81,2026-02-01 21:57:00,2077.28,DEBIT,Netflix,Pune,False
5114,16,2026-05-31 15:02:00,2314.51,DEBIT,Amazon,Bangalore,False
5115,79,2026-02-24 09:40:00,4114.27,DEBIT,Uber,Pune,False
5116,92,2026-02-01 00:27:00,3165.21,DEBIT,Uber,Ludhiana,False
5117,35,2026-04-11 21:53:00,5258.81,DEBIT,Walmart,Bangalore,False
5118,4,2026-06-26 18:10:00,3658.55,DEBIT,Shell,Mumbai,False
5119,34,2026-06-19 12:16:00,3812.76,CREDIT,Myntra,Ludhiana,False
5120,98,2026-04-21 14:05:00,2484.22,DEBIT,Amazon,Hyderabad,False
5121,20,2026-02-03 18:16:00,1340.53,DEBIT,Netflix,Chandigarh,False
5122,80,2026-07-08 06:00:00,6535.04,CREDIT,Walmart,Ludhiana,False
5123,14,2026-02-24 19:59:00,4942.91,DEBIT,Apple,Mumbai,False
5124,53,2026-06-08 11:00:00,1817.98,DEBIT,Netflix,Pune,False
5125,43,2026-05-07 06:37:00,721.98,CREDIT,Uber,Chandigarh,False
5126,28,2026-07-10 07:14:00,4391.91,DEBIT,Shell,Mumbai,False
5127,26,2026-04-24 03:57:00,5671.77,DEBIT,Apple,Pune,False
5128,24,2026-04-30 00:48:00,1052.4,DEBIT,Walmart,Delhi,False
5129,60,2026-05-01 13:21:00,3988.55,DEBIT,Amazon,Mumbai,False
5130,33,2026-07-11 23:19:00,1248.32,DEBIT,Uber,Ludhiana,False
5131,61,2026-05-19 05:47:00,1541.41,DEBIT,Swiggy,Pune,False
5132,6,2026-06-30 06:38:00,2831.57,DEBIT,Apple,Bangalore,False
5133,91,2026-01-21 05:58:00,3264.75,DEBIT,Myntra,Bangalore,False
5134,27,2026-03-20 07:59:00,824.86,CREDIT,Swiggy,Ludhiana,False
5135,47,2026-05-25 05:27:00,4332.65,DEBIT,Uber,Delhi,False
5136,85,2026-04-18 14:25:00,4344.93,DEBIT,Walmart,Bangalore,False
5137,34,2026-01-30 17:12:00,1364.43,CREDIT,Apple,Bangalore,False
5138,46,2026-05-20 01:32:00,1031.17,CREDIT,Apple,Bangalore,False
5139,91,2026-06-24 08:02:00,2518.17,DEBIT,Walmart,Hyderabad,False
5140,16,2026-03-24 16:16:00,4175.61,DEBIT,Netflix,Bangalore,False
5141,75,2026-01-11 08:57:00,5336.28,DEBIT,Walmart,Delhi,False
5142,97,2026-04-21 03:40:00,867.01,DEBIT,Netflix,Bangalore,False
5143,39,2026-05-10 14:17:00,1888.66,DEBIT,Shell,Pune,False
5144,53,2026-07-10 14:21:00,3352.38,DEBIT,Shell,Delhi,False
5145,61,2026-02-17 15:14:00,3844.0,CREDIT,Walmart,Bangalore,False
5146,74,2026-04-03 21:20:00,3569.95,DEBIT,Netflix,Chandigarh,False
5147,56,2026-01-17 09:31:00,5020.86,CREDIT,Netflix,Mumbai,False
5148,16,2026-04-28 01:14:00,1377.35,DEBIT,Apple,Ludhiana,False
5149,6,2026-02-12 20:07:00,3784.07,DEBIT,Apple,Pune,False
5150,95,2026-05-25 07:17:00,4794.9,DEBIT,Shell,Chandigarh,False
5151,40,2026-01-07 13:16:00,2442.49,DEBIT,Netflix,Chandigarh,False
5152,50,2026-05-09 14:45:00,1671.79,CREDIT,Swiggy,Delhi,False
5153,1,2026-07-20 02:41:00,1381.67,DEBIT,Uber,Delhi,False
5154,24,2026-02-16 06:15:00,4854.64,DEBIT,Walmart,Ludhiana,False
5155,28,2026-06-25 00:57:00,2180.42,DEBIT,Shell,Hyderabad,False
5156,34,2026-04-06 04:23:00,3888.92,DEBIT,Netflix,Ludhiana,False
5157,27,2026-06-06 21:09:00,1681.23,CREDIT,Local Store,Mumbai,False
5158,85,2026-05-26 23:00:00,3979.81,CREDIT,Swiggy,Delhi,False
5159,35,2026-04-07 08:19:00,3270.94,DEBIT,Netflix,Bangalore,False
5160,67,2026-07-24 18:30:00,4117.9,DEBIT,Walmart,Delhi,False
5161,67,2026-02-26 01:50:00,4997.71,DEBIT,Apple,Mumbai,False
5162,16,2026-03-27 13:48:00,598.07,DEBIT,Myntra,Ludhiana,False
5163,88,2026-07-10 01:53:00,70045.58,DEBIT,Swiggy,Delhi,True
5164,81,2026-05-30 13:21:00,4540.23,DEBIT,Flipkart,Ludhiana,False
5165,45,2026-05-16 12:57:00,4504.47,CREDIT,Local Store,Bangalore,False
5166,22,2026-06-06 23:40:00,53755.98,DEBIT,Walmart,Mumbai,True
5167,98,2026-06-30 18:52:00,4916.63,DEBIT,Uber,Chandigarh,False
5168,52,2026-06-23 09:27:00,3498.45,DEBIT,Myntra,Bangalore,False
5169,73,2026-04-23 08:34:00,1533.71,DEBIT,Walmart,Chandigarh,False
5170,33,2026-05-06 23:47:00,3717.29,DEBIT,Netflix,Hyderabad,False
5171,72,2026-06-07 09:57:00,424.29,DEBIT,Myntra,Hyderabad,False
5172,17,2026-01-05 17:28:00,1237.64,DEBIT,Myntra,Hyderabad,False
5173,52,2026-03-23 12:51:00,1061.37,DEBIT,Local Store,Delhi,False
5174,43,2026-04-23 01:45:00,1794.38,CREDIT,Apple,Mumbai,False
5175,96,2026-01-28 03:44:00,1798.39,DEBIT,Apple,Ludhiana,False
5176,78,2026-07-10 23:48:00,528.57,DEBIT,Swiggy,Delhi,False
5177,50,2026-01-07 18:04:00,4631.64,DEBIT,Apple,Hyderabad,False
5178,81,2026-07-27 18:44:00,4401.47,DEBIT,Walmart,Bangalore,False
5179,62,2026-05-19 16:16:00,1462.39,DEBIT,Myntra,Pune,False
5180,30,2026-01-14 07:32:00,2131.1,DEBIT,Local Store,Pune,False
5181,51,2026-06-07 09:55:00,1169.28,DEBIT,Apple,Mumbai,False
5182,87,2026-05-21 21:15:00,765.92,DEBIT,Local Store,Ludhiana,False
5183,57,2026-06-20 17:56:00,7058.54,DEBIT,Walmart,Pune,False
5184,97,2026-06-11 15:07:00,2264.58,DEBIT,Local Store,Mumbai,False
5185,21,2026-05-03 04:53:00,3839.08,DEBIT,Apple,Pune,False
5186,80,2026-07-01 17:31:00,933.38,CREDIT,Netflix,Pune,False
5187,24,2026-06-04 09:03:00,3839.16,CREDIT,Shell,Bangalore,False
5188,53,2026-07-20 08:34:00,2733.59,DEBIT,Swiggy,Hyderabad,False
5189,9,2026-03-14 23:42:00,663.05,DEBIT,Flipkart,Ludhiana,False
5190,49,2026-04-17 19:16:00,3807.58,DEBIT,Netflix,Pune,False
5191,25,2026-03-03 05:53:00,4130.74,DEBIT,Swiggy,Mumbai,False
5192,20,2026-06-04 11:33:00,2991.39,CREDIT,Flipkart,Ludhiana,False
5193,51,2026-05-21 23:48:00,4644.23,DEBIT,Swiggy,Ludhiana,False
5194,34,2026-06-11 03:39:00,2558.65,DEBIT,Walmart,Bangalore,False
5195,46,2026-04-03 00:29:00,4576.32,CREDIT,Flipkart,Pune,False
5196,5,2026-01-09 13:30:00,3085.19,DEBIT,Flipkart,Mumbai,False
5197,57,2026-07-10 20:41:00,2670.07,DEBIT,Local Store,Chandigarh,False
5198,41,2026-04-05 04:32:00,4383.82,DEBIT,Flipkart,Delhi,False
5199,31,2026-01-12 20:19:00,2683.19,CREDIT,Myntra,Ludhiana,False
5200,1,2026-03-14 08:27:00,1779.22,DEBIT,Shell,Bangalore,False
5201,52,2026-05-19 06:31:00,3524.48,DEBIT,Apple,Pune,False
5202,68,2026-01-11 14:56:00,911.31,CREDIT,Myntra,Mumbai,False
5203,59,2026-01-01 11:25:00,2160.61,DEBIT,Swiggy,Mumbai,False
5204,23,2026-01-11 16:09:00,3720.46,DEBIT,Flipkart,Delhi,False
5205,6,2026-07-14 01:06:00,4873.91,DEBIT,Myntra,Pune,False
5206,75,2026-04-17 01:52:00,2014.12,DEBIT,Swiggy,Chandigarh,False
5207,36,2026-05-24 11:39:00,3162.05,CREDIT,Swiggy,Pune,False
5208,5,2026-02-19 16:40:00,2764.1,CREDIT,Myntra,Mumbai,False
5209,74,2026-01-20 13:06:00,3219.58,DEBIT,Local Store,Bangalore,False
5210,9,2026-03-07 04:28:00,906.84,DEBIT,Myntra,Chandigarh,False
5211,6,2026-02-11 20:45:00,1683.59,DEBIT,Swiggy,Bangalore,False
5212,67,2026-06-23 05:23:00,1548.47,CREDIT,Local Store,Pune,False
5213,61,2026-06-05 12:11:00,1495.44,CREDIT,Walmart,Bangalore,False
5214,33,2026-05-16 03:38:00,1721.36,DEBIT,Apple,Pune,False
5215,61,2026-05-06 05:22:00,3038.42,CREDIT,Uber,Chandigarh,False
5216,5,2026-05-27 21:43:00,1631.57,DEBIT,Shell,Chandigarh,False
5217,43,2026-07-17 05:53:00,1758.68,DEBIT,Walmart,Mumbai,False
5218,77,2026-05-26 07:37:00,1390.3,CREDIT,Walmart,Hyderabad,False
5219,28,2026-07-09 15:50:00,3686.02,DEBIT,Apple,Pune,False
5220,14,2026-04-01 11:04:00,4411.43,CREDIT,Myntra,Chandigarh,False
5221,65,2026-01-05 06:18:00,2018.81,CREDIT,Myntra,Ludhiana,False
5222,9,2026-05-28 06:14:00,5210.65,DEBIT,Flipkart,Delhi,False
5223,4,2026-07-12 03:12:00,4050.97,CREDIT,Netflix,Hyderabad,False
5224,69,2026-07-13 07:08:00,4599.87,DEBIT,Apple,Ludhiana,False
5225,26,2026-06-18 08:51:00,4296.46,CREDIT,Netflix,Chandigarh,False
5226,43,2026-01-03 15:15:00,4507.01,DEBIT,Apple,Bangalore,False
5227,80,2026-02-12 20:20:00,1119.04,DEBIT,Myntra,Ludhiana,False
5228,65,2026-05-22 23:31:00,1728.53,DEBIT,Apple,Mumbai,False
5229,95,2026-07-02 23:34:00,2996.92,DEBIT,Apple,Bangalore,False
5230,35,2026-04-25 20:27:00,5311.1,DEBIT,Local Store,Mumbai,False
5231,4,2026-05-16 08:20:00,1590.98,DEBIT,Swiggy,Delhi,False
5232,92,2026-01-20 16:36:00,5570.77,DEBIT,Walmart,Pune,False
5233,47,2026-02-19 04:49:00,46245.85,DEBIT,Flipkart,Bangalore,True
5234,29,2026-03-02 02:56:00,409.32,DEBIT,Netflix,Bangalore,False
5235,52,2026-02-12 17:19:00,3505.05,DEBIT,Flipkart,Bangalore,False
5236,8,2026-03-17 21:43:00,3568.06,DEBIT,Uber,Delhi,False
5237,16,2026-07-23 07:36:00,1548.35,DEBIT,Flipkart,Delhi,False
5238,3,2026-07-13 14:03:00,1716.4,DEBIT,Uber,Pune,False
5239,5,2026-01-21 04:40:00,3572.84,DEBIT,Apple,Ludhiana,False
5240,16,2026-03-28 11:25:00,3091.37,DEBIT,Amazon,Bangalore,False
5241,39,2026-06-11 11:03:00,2758.69,DEBIT,Myntra,Ludhiana,False
5242,58,2026-07-11 07:19:00,3723.66,DEBIT,Uber,Bangalore,False
5243,92,2026-05-17 10:35:00,1827.47,CREDIT,Walmart,Ludhiana,False
5244,21,2026-03-10 08:58:00,2240.45,CREDIT,Shell,Hyderabad,False
5245,18,2026-02-05 20:24:00,2414.51,DEBIT,Shell,Bangalore,False
5246,24,2026-06-20 01:02:00,4998.38,DEBIT,Swiggy,Hyderabad,False
5247,68,2026-01-15 22:25:00,3809.35,CREDIT,Netflix,Delhi,False
5248,66,2026-04-30 13:07:00,966.47,DEBIT,Apple,Bangalore,False
5249,95,2026-04-18 02:30:00,1971.04,DEBIT,Shell,Ludhiana,False
5250,37,2026-04-29 10:51:00,3895.38,DEBIT,Amazon,Ludhiana,False
5251,74,2026-03-28 09:47:00,1103.55,DEBIT,Flipkart,Delhi,False
5252,57,2026-05-12 11:26:00,5897.83,DEBIT,Flipkart,Hyderabad,False
5253,46,2026-05-02 02:39:00,3782.88,DEBIT,Shell,Ludhiana,False
5254,10,2026-02-18 19:49:00,1943.6,DEBIT,Uber,Chandigarh,False
5255,57,2026-06-30 19:49:00,3464.71,DEBIT,Myntra,Bangalore,False
5256,48,2026-04-14 08:30:00,4337.99,DEBIT,Walmart,Mumbai,False
5257,28,2026-04-01 09:50:00,3160.36,DEBIT,Myntra,Ludhiana,False
5258,61,2026-01-23 14:50:00,3812.32,DEBIT,Apple,Hyderabad,False
5259,43,2026-07-27 05:39:00,3769.53,CREDIT,Swiggy,Chandigarh,False
5260,34,2026-02-08 10:04:00,4091.18,CREDIT,Swiggy,Chandigarh,False
5261,17,2026-06-27 21:16:00,825.33,DEBIT,Walmart,Mumbai,False
5262,43,2026-01-11 21:01:00,1771.51,DEBIT,Uber,Hyderabad,False
5263,58,2026-04-20 15:16:00,2355.02,DEBIT,Walmart,Hyderabad,False
5264,20,2026-06-28 16:50:00,6466.42,CREDIT,Uber,Pune,False
5265,62,2026-05-14 22:02:00,2354.75,DEBIT,Walmart,Pune,False
5266,81,2026-01-18 23:53:00,1528.74,DEBIT,Amazon,Bangalore,False
5267,37,2026-05-10 11:41:00,4359.69,DEBIT,Local Store,Bangalore,False
5268,47,2026-02-14 19:01:00,5395.97,CREDIT,Swiggy,Ludhiana,False
5269,85,2026-05-31 22:56:00,788.1,DEBIT,Swiggy,Ludhiana,False
5270,7,2026-05-10 15:50:00,4455.21,CREDIT,Amazon,Bangalore,False
5271,96,2026-04-17 22:25:00,3906.86,DEBIT,Netflix,Delhi,False
5272,61,2026-06-21 16:27:00,943.33,CREDIT,Shell,Bangalore,False
5273,99,2026-03-23 05:11:00,933.04,DEBIT,Swiggy,Ludhiana,False
5274,50,2026-03-30 07:36:00,3442.65,CREDIT,Walmart,Pune,False
5275,88,2026-07-04 07:04:00,915.06,CREDIT,Shell,Bangalore,False
5276,83,2026-01-13 03:57:00,3229.77,CREDIT,Flipkart,Bangalore,False
5277,98,2026-03-16 11:54:00,2713.7,DEBIT,Uber,Delhi,False
5278,21,2026-03-11 03:01:00,2179.28,DEBIT,Netflix,Pune,False
5279,28,2026-01-01 21:18:00,3459.57,DEBIT,Netflix,Ludhiana,False
5280,72,2026-01-23 20:36:00,3765.26,DEBIT,Shell,Ludhiana,False
5281,79,2026-02-06 04:02:00,1189.18,DEBIT,Swiggy,Hyderabad,False
5282,58,2026-04-10 09:14:00,3889.04,DEBIT,Uber,Pune,False
5283,2,2026-03-09 20:19:00,2600.62,DEBIT,Swiggy,Chandigarh,False
5284,38,2026-05-31 09:05:00,3647.1,DEBIT,Apple,Bangalore,False
5285,4,2026-03-02 14:29:00,1496.82,DEBIT,Myntra,Ludhiana,False
5286,56,2026-04-30 03:39:00,2022.1,DEBIT,Shell,Delhi,False
5287,88,2026-07-26 05:57:00,1952.07,DEBIT,Uber,Bangalore,False
5288,50,2026-04-22 09:28:00,3083.78,DEBIT,Apple,Chandigarh,False
5289,79,2026-02-03 10:36:00,1614.56,DEBIT,Flipkart,Bangalore,False
5290,56,2026-03-13 08:32:00,1543.03,DEBIT,Local Store,Bangalore,False
5291,2,2026-01-05 01:04:00,3267.52,DEBIT,Shell,Ludhiana,False
5292,49,2026-05-22 11:38:00,1166.83,CREDIT,Swiggy,Chandigarh,False
5293,86,2026-07-15 19:08:00,1860.37,DEBIT,Uber,Hyderabad,False
5294,18,2026-03-30 11:18:00,2857.39,CREDIT,Uber,Bangalore,False
5295,50,2026-03-17 15:41:00,4082.05,DEBIT,Netflix,Chandigarh,False
5296,91,2026-05-21 19:57:00,4247.43,DEBIT,Walmart,Mumbai,False
5297,66,2026-04-29 23:27:00,3171.77,CREDIT,Myntra,Ludhiana,False
5298,32,2026-05-01 00:59:00,593.4,DEBIT,Flipkart,Ludhiana,False
5299,50,2026-05-26 09:57:00,4270.46,CREDIT,Flipkart,Hyderabad,False
5300,59,2026-01-01 18:36:00,2443.63,DEBIT,Amazon,Bangalore,False
5301,44,2026-06-24 09:22:00,759.25,DEBIT,Swiggy,Bangalore,False
5302,82,2026-03-20 05:15:00,734.63,DEBIT,Swiggy,Mumbai,False
5303,22,2026-05-10 07:11:00,2392.22,CREDIT,Netflix,Bangalore,False
5304,33,2026-02-24 22:48:00,1413.47,DEBIT,Walmart,Pune,False
5305,66,2026-02-19 23:38:00,2440.46,CREDIT,Amazon,Mumbai,False
5306,42,2026-07-28 03:08:00,1218.56,DEBIT,Shell,Bangalore,False
5307,86,2026-02-06 21:00:00,5820.99,DEBIT,Netflix,Mumbai,False
5308,41,2026-01-19 01:57:00,4594.19,DEBIT,Shell,Delhi,False
5309,81,2026-07-24 20:33:00,1787.19,DEBIT,Shell,Hyderabad,False
5310,61,2026-03-16 13:40:00,5218.59,DEBIT,Uber,Hyderabad,False
5311,63,2026-03-17 10:36:00,3423.98,DEBIT,Netflix,Ludhiana,False
5312,13,2026-07-04 00:18:00,470.05,DEBIT,Local Store,Delhi,False
5313,95,2026-01-30 16:20:00,5168.64,DEBIT,Shell,Bangalore,False
5314,45,2026-04-18 13:52:00,2729.67,CREDIT,Local Store,Hyderabad,False
5315,99,2026-06-22 05:50:00,2240.68,CREDIT,Amazon,Pune,False
5316,24,2026-02-04 20:05:00,2008.73,DEBIT,Walmart,Hyderabad,False
5317,38,2026-04-24 15:16:00,1827.7,DEBIT,Amazon,Pune,False
5318,62,2026-05-14 08:36:00,2208.4,CREDIT,Walmart,Mumbai,False
5319,6,2026-02-20 22:45:00,3435.93,CREDIT,Walmart,Chandigarh,False
5320,71,2026-03-15 05:49:00,3233.77,DEBIT,Myntra,Delhi,False
5321,37,2026-03-31 12:05:00,5152.93,DEBIT,Walmart,Ludhiana,False
5322,17,2026-02-01 16:07:00,3676.02,DEBIT,Uber,Chandigarh,False
5323,55,2026-05-27 06:09:00,2210.41,DEBIT,Walmart,Chandigarh,False
5324,46,2026-02-22 23:47:00,2118.94,DEBIT,Apple,Chandigarh,False
5325,42,2026-01-20 17:04:00,2317.08,DEBIT,Netflix,Chandigarh,False
5326,81,2026-02-22 10:03:00,5519.9,DEBIT,Myntra,Pune,False
5327,41,2026-06-08 23:16:00,1645.92,CREDIT,Shell,Chandigarh,False
5328,6,2026-06-18 08:09:00,2492.46,DEBIT,Walmart,Hyderabad,False
5329,10,2026-06-15 03:58:00,6154.64,CREDIT,Local Store,Mumbai,False
5330,24,2026-03-10 07:28:00,5613.16,DEBIT,Local Store,Hyderabad,False
5331,30,2026-04-10 06:23:00,4078.2,CREDIT,Shell,Bangalore,False
5332,94,2026-01-30 19:39:00,3052.66,DEBIT,Swiggy,Bangalore,False
5333,61,2026-02-09 10:06:00,5277.0,DEBIT,Shell,Mumbai,False
5334,5,2026-04-07 12:11:00,932.44,DEBIT,Swiggy,Pune,False
5335,68,2026-01-09 22:31:00,2968.53,DEBIT,Uber,Pune,False
5336,5,2026-01-24 14:10:00,1359.0,CREDIT,Flipkart,Pune,False
5337,40,2026-03-22 14:15:00,3578.87,DEBIT,Netflix,Bangalore,False
5338,51,2026-03-23 15:42:00,4163.73,DEBIT,Swiggy,Mumbai,False
5339,98,2026-04-21 04:38:00,1323.95,DEBIT,Netflix,Chandigarh,False
5340,90,2026-07-16 16:51:00,6005.95,DEBIT,Apple,Delhi,False
5341,52,2026-02-23 10:04:00,3877.43,DEBIT,Walmart,Hyderabad,False
5342,60,2026-04-09 03:24:00,697.78,CREDIT,Myntra,Delhi,False
5343,15,2026-07-20 21:41:00,3306.41,DEBIT,Netflix,Hyderabad,False
5344,28,2026-07-25 20:31:00,6156.37,DEBIT,Myntra,Delhi,False
5345,58,2026-06-15 07:13:00,3857.59,DEBIT,Swiggy,Ludhiana,False
5346,57,2026-02-04 08:49:00,1753.03,DEBIT,Myntra,Pune,False
5347,31,2026-01-26 04:35:00,4991.48,CREDIT,Amazon,Pune,False
5348,45,2026-01-31 13:40:00,3061.06,CREDIT,Swiggy,Ludhiana,False
5349,99,2026-03-19 03:27:00,2984.8,DEBIT,Swiggy,Bangalore,False
5350,83,2026-04-04 19:49:00,3744.03,DEBIT,Apple,Delhi,False
5351,50,2026-05-10 05:32:00,1927.81,CREDIT,Uber,Pune,False
5352,43,2026-05-15 04:56:00,2010.6,CREDIT,Myntra,Delhi,False
5353,85,2026-04-06 00:18:00,3364.09,DEBIT,Swiggy,Mumbai,False
5354,2,2026-04-27 15:09:00,2376.47,CREDIT,Swiggy,Mumbai,False
5355,84,2026-02-28 07:06:00,4974.83,DEBIT,Swiggy,Delhi,False
5356,98,2026-05-20 10:55:00,1198.01,CREDIT,Walmart,Delhi,False
5357,72,2026-03-22 04:50:00,2541.75,DEBIT,Swiggy,Hyderabad,False
5358,1,2026-04-12 08:09:00,3023.18,DEBIT,Local Store,Delhi,False
5359,72,2026-02-19 11:48:00,740.33,DEBIT,Myntra,Pune,False
5360,52,2026-05-06 12:15:00,3556.97,DEBIT,Shell,Chandigarh,False
5361,60,2026-06-18 23:46:00,5298.56,DEBIT,Uber,Pune,False
5362,50,2026-02-06 14:40:00,1799.02,CREDIT,Walmart,Ludhiana,False
5363,43,2026-04-22 09:04:00,1871.4,CREDIT,Swiggy,Delhi,False
5364,63,2026-05-12 19:21:00,1668.87,DEBIT,Swiggy,Pune,False
5365,73,2026-05-09 22:10:00,5236.88,DEBIT,Walmart,Mumbai,False
5366,48,2026-07-27 03:25:00,2242.22,CREDIT,Myntra,Hyderabad,False
5367,37,2026-01-18 17:36:00,4050.67,DEBIT,Myntra,Bangalore,False
5368,14,2026-07-11 03:00:00,1600.42,DEBIT,Swiggy,Pune,False
5369,61,2026-06-28 10:14:00,938.0,DEBIT,Myntra,Bangalore,False
5370,66,2026-07-01 17:25:00,2316.83,CREDIT,Myntra,Ludhiana,False
5371,31,2026-05-02 06:36:00,3429.67,DEBIT,Shell,Bangalore,False
5372,28,2026-06-21 00:05:00,2758.09,DEBIT,Walmart,Mumbai,False
5373,45,2026-05-19 08:11:00,1265.33,DEBIT,Apple,Chandigarh,False
5374,82,2026-06-28 17:34:00,3171.98,DEBIT,Walmart,Ludhiana,False
5375,12,2026-03-29 00:11:00,4031.14,DEBIT,Amazon,Mumbai,False
5376,81,2026-06-24 04:14:00,778.39,CREDIT,Shell,Mumbai,False
5377,6,2026-06-23 19:56:00,1741.05,CREDIT,Flipkart,Mumbai,False
5378,31,2026-06-04 04:49:00,2146.64,DEBIT,Uber,Delhi,False
5379,18,2026-06-24 18:46:00,3023.47,DEBIT,Shell,Delhi,False
5380,15,2026-03-13 17:07:00,1754.53,DEBIT,Apple,Pune,False
5381,48,2026-02-20 01:00:00,1135.33,CREDIT,Local Store,Mumbai,False
5382,11,2026-06-07 02:31:00,4142.69,DEBIT,Flipkart,Delhi,False
5383,32,2026-05-16 23:52:00,2849.13,CREDIT,Amazon,Bangalore,False
5384,42,2026-06-30 04:55:00,6752.64,DEBIT,Myntra,Hyderabad,False
5385,73,2026-04-20 16:31:00,828.69,DEBIT,Netflix,Bangalore,False
5386,83,2026-07-03 02:26:00,2117.22,DEBIT,Walmart,Delhi,False
5387,89,2026-06-17 06:32:00,1402.5,DEBIT,Uber,Delhi,False
5388,80,2026-03-10 11:36:00,2404.28,DEBIT,Swiggy,Ludhiana,False
5389,90,2026-04-04 10:02:00,3381.4,DEBIT,Netflix,Mumbai,False
5390,74,2026-06-17 16:53:00,1019.49,DEBIT,Amazon,Hyderabad,False
5391,67,2026-03-24 22:48:00,2584.5,CREDIT,Local Store,Pune,False
5392,35,2026-01-25 13:27:00,2079.63,DEBIT,Amazon,Bangalore,False
5393,19,2026-03-12 06:02:00,4631.13,DEBIT,Flipkart,Bangalore,False
5394,75,2026-01-01 12:12:00,788.64,CREDIT,Walmart,Hyderabad,False
5395,68,2026-02-11 08:51:00,2000.74,DEBIT,Netflix,Mumbai,False
5396,98,2026-03-31 08:30:00,4245.43,DEBIT,Flipkart,Chandigarh,False
5397,42,2026-02-06 16:19:00,1296.64,DEBIT,Walmart,Bangalore,False
5398,92,2026-04-20 01:39:00,3508.77,CREDIT,Myntra,Bangalore,False
5399,51,2026-02-28 18:05:00,1165.51,DEBIT,Swiggy,Mumbai,False
5400,39,2026-04-28 17:20:00,5851.54,DEBIT,Apple,Chandigarh,False
5401,21,2026-04-02 06:18:00,543.53,DEBIT,Swiggy,Ludhiana,False
5402,91,2026-04-02 00:10:00,4049.87,DEBIT,Local Store,Bangalore,False
5403,1,2026-04-18 10:39:00,3425.15,DEBIT,Netflix,Bangalore,False
5404,50,2026-05-04 23:31:00,1509.98,DEBIT,Apple,Chandigarh,False
5405,88,2026-04-01 23:05:00,624.49,CREDIT,Local Store,Ludhiana,False
5406,10,2026-05-11 03:37:00,569.9,DEBIT,Walmart,Chandigarh,False
5407,25,2026-03-06 13:27:00,2654.64,DEBIT,Amazon,Mumbai,False
5408,22,2026-05-04 01:05:00,2098.81,DEBIT,Swiggy,Delhi,False
5409,50,2026-02-01 06:33:00,3344.94,DEBIT,Shell,Pune,False
5410,43,2026-03-13 17:55:00,1496.5,DEBIT,Swiggy,Chandigarh,False
5411,47,2026-01-25 12:24:00,4929.4,CREDIT,Flipkart,Chandigarh,False
5412,90,2026-02-12 10:37:00,4007.12,DEBIT,Myntra,Pune,False
5413,79,2026-01-22 16:18:00,757.99,DEBIT,Flipkart,Mumbai,False
5414,95,2026-03-03 23:05:00,4946.27,DEBIT,Walmart,Hyderabad,False
5415,75,2026-07-27 16:29:00,4065.28,DEBIT,Local Store,Ludhiana,False
5416,35,2026-04-14 11:45:00,2514.95,DEBIT,Amazon,Hyderabad,False
5417,11,2026-03-11 00:24:00,1125.8,DEBIT,Local Store,Delhi,False
5418,37,2026-02-26 00:14:00,4260.74,DEBIT,Amazon,Delhi,False
5419,21,2026-02-25 09:28:00,5319.3,CREDIT,Amazon,Ludhiana,False
5420,65,2026-06-08 16:25:00,3587.47,DEBIT,Local Store,Ludhiana,False
5421,66,2026-01-27 23:31:00,3933.42,DEBIT,Shell,Mumbai,False
5422,60,2026-02-15 08:59:00,1541.34,CREDIT,Netflix,Pune,False
5423,50,2026-06-01 14:03:00,1787.55,CREDIT,Apple,Bangalore,False
5424,89,2026-04-25 02:08:00,1581.9,DEBIT,Netflix,Hyderabad,False
5425,20,2026-03-11 10:15:00,3539.65,DEBIT,Amazon,Ludhiana,False
5426,41,2026-05-11 19:38:00,4378.96,DEBIT,Swiggy,Hyderabad,False
5427,69,2026-04-02 06:41:00,4504.16,DEBIT,Amazon,Pune,False
5428,17,2026-04-02 16:14:00,1025.08,DEBIT,Swiggy,Mumbai,False
5429,51,2026-01-04 15:37:00,3074.27,CREDIT,Uber,Bangalore,False
5430,32,2026-04-03 03:57:00,5149.58,CREDIT,Uber,Mumbai,False
5431,69,2026-01-11 18:58:00,2747.45,DEBIT,Apple,Hyderabad,False
5432,18,2026-07-14 21:11:00,1853.51,DEBIT,Myntra,Pune,False
5433,91,2026-01-19 20:42:00,3563.16,DEBIT,Shell,Pune,False
5434,64,2026-01-15 11:03:00,2990.71,DEBIT,Myntra,Pune,False
5435,44,2026-03-21 14:42:00,1173.08,DEBIT,Amazon,Hyderabad,False
5436,48,2026-06-29 12:18:00,5945.72,DEBIT,Uber,Bangalore,False
5437,60,2026-04-16 08:17:00,4657.33,DEBIT,Walmart,Chandigarh,False
5438,96,2026-03-17 12:00:00,4783.48,CREDIT,Local Store,Mumbai,False
5439,63,2026-03-27 04:08:00,3157.0,CREDIT,Local Store,Ludhiana,False
5440,41,2026-02-07 15:30:00,4232.9,DEBIT,Shell,Mumbai,False
5441,66,2026-03-02 14:07:00,4030.33,CREDIT,Myntra,Ludhiana,False
5442,84,2026-01-15 11:10:00,1940.8,DEBIT,Apple,Mumbai,False
5443,84,2026-03-26 02:22:00,2968.63,CREDIT,Walmart,Ludhiana,False
5444,79,2026-01-26 18:27:00,4632.42,DEBIT,Walmart,Pune,False
5445,55,2026-04-27 01:16:00,2453.88,DEBIT,Netflix,Bangalore,False
5446,91,2026-01-03 11:44:00,2065.18,DEBIT,Myntra,Hyderabad,False
5447,84,2026-04-19 07:52:00,500.68,DEBIT,Local Store,Bangalore,False
5448,85,2026-05-26 10:52:00,3111.46,DEBIT,Netflix,Hyderabad,False
5449,45,2026-01-26 17:43:00,1556.59,DEBIT,Netflix,Ludhiana,False
5450,2,2026-05-11 11:46:00,4106.87,CREDIT,Walmart,Ludhiana,False
5451,100,2026-03-04 08:58:00,2572.33,DEBIT,Uber,Bangalore,False
5452,75,2026-03-10 18:52:00,1732.45,DEBIT,Amazon,Pune,False
5453,42,2026-05-10 00:40:00,3038.37,DEBIT,Walmart,Pune,False
5454,91,2026-05-30 12:56:00,5079.12,DEBIT,Myntra,Bangalore,False
5455,44,2026-03-25 12:20:00,1042.57,CREDIT,Swiggy,Hyderabad,False
5456,46,2026-05-03 00:48:00,5676.85,DEBIT,Amazon,Bangalore,False
5457,9,2026-03-28 09:11:00,1181.88,DEBIT,Apple,Mumbai,False
5458,54,2026-03-29 05:23:00,41058.78,DEBIT,Amazon,Bangalore,True
5459,6,2026-03-20 19:37:00,5951.25,DEBIT,Shell,Delhi,False
5460,18,2026-07-11 15:07:00,4493.34,DEBIT,Local Store,Pune,False
5461,93,2026-06-11 08:02:00,3296.27,DEBIT,Flipkart,Mumbai,False
5462,16,2026-04-26 11:30:00,1305.53,DEBIT,Local Store,Chandigarh,False
5463,32,2026-04-22 08:14:00,2108.51,DEBIT,Local Store,Hyderabad,False
5464,27,2026-01-06 21:06:00,1582.63,CREDIT,Shell,Ludhiana,False
5465,52,2026-05-02 17:24:00,1261.78,DEBIT,Local Store,Bangalore,False
5466,87,2026-07-13 21:28:00,6184.54,DEBIT,Walmart,Ludhiana,False
5467,3,2026-02-03 17:50:00,1159.45,DEBIT,Amazon,Delhi,False
5468,17,2026-01-28 14:22:00,930.24,DEBIT,Apple,Delhi,False
5469,70,2026-01-23 19:42:00,1151.16,CREDIT,Swiggy,Pune,False
5470,71,2026-03-11 17:52:00,2840.71,DEBIT,Uber,Hyderabad,False
5471,9,2026-01-04 21:53:00,1371.92,CREDIT,Netflix,Pune,False
5472,17,2026-04-24 08:56:00,3976.6,DEBIT,Myntra,Bangalore,False
5473,28,2026-05-12 12:25:00,3586.04,DEBIT,Walmart,Hyderabad,False
5474,6,2026-05-24 20:25:00,4630.48,DEBIT,Amazon,Delhi,False
5475,2,2026-05-02 14:10:00,3656.84,DEBIT,Myntra,Ludhiana,False
5476,39,2026-02-23 10:14:00,1188.91,DEBIT,Uber,Pune,False
5477,30,2026-06-19 00:42:00,2351.46,CREDIT,Uber,Pune,False
5478,11,2026-01-28 22:41:00,3585.66,CREDIT,Shell,Hyderabad,False
5479,98,2026-07-21 14:31:00,3301.22,DEBIT,Myntra,Chandigarh,False
5480,55,2026-05-16 02:25:00,1073.29,DEBIT,Walmart,Mumbai,False
5481,65,2026-07-15 12:46:00,2467.65,DEBIT,Walmart,Ludhiana,False
5482,74,2026-02-28 12:32:00,1340.19,DEBIT,Amazon,Bangalore,False
5483,65,2026-04-27 04:12:00,3251.9,DEBIT,Flipkart,Pune,False
5484,65,2026-01-31 18:19:00,2478.57,DEBIT,Myntra,Hyderabad,False
5485,93,2026-07-01 13:06:00,1867.51,DEBIT,Local Store,Pune,False
5486,52,2026-01-15 13:57:00,4838.81,DEBIT,Netflix,Pune,False
5487,82,2026-05-01 16:16:00,3402.1,DEBIT,Local Store,Mumbai,False
5488,73,2026-04-29 10:25:00,1206.93,CREDIT,Netflix,Pune,False
5489,51,2026-03-11 14:50:00,5707.85,CREDIT,Netflix,Ludhiana,False
5490,24,2026-04-26 02:59:00,2794.22,DEBIT,Apple,Delhi,False
5491,53,2026-02-21 01:43:00,1369.62,DEBIT,Amazon,Pune,False
5492,60,2026-05-10 07:02:00,5997.97,DEBIT,Netflix,Chandigarh,False
5493,72,2026-05-07 18:59:00,3971.09,DEBIT,Flipkart,Hyderabad,False
5494,29,2026-01-14 02:40:00,4769.78,DEBIT,Myntra,Hyderabad,False
5495,67,2026-07-03 06:12:00,3239.63,DEBIT,Shell,Ludhiana,False
5496,76,2026-02-19 07:21:00,3514.48,DEBIT,Walmart,Hyderabad,False
5497,5,2026-04-11 22:29:00,3325.87,DEBIT,Amazon,Hyderabad,False
5498,97,2026-01-25 18:38:00,3407.73,DEBIT,Walmart,Hyderabad,False
5499,23,2026-07-15 16:00:00,2217.41,DEBIT,Amazon,Bangalore,False
5500,13,2026-04-24 02:17:00,5532.63,DEBIT,Shell,Chandigarh,False
5501,53,2026-06-07 19:08:00,2164.76,DEBIT,Uber,Hyderabad,False
5502,38,2026-07-01 03:47:00,1803.99,CREDIT,Amazon,Pune,False
5503,34,2026-02-12 18:28:00,2763.57,CREDIT,Shell,Chandigarh,False
5504,60,2026-02-27 04:09:00,4215.91,DEBIT,Flipkart,Chandigarh,False
5505,100,2026-01-11 14:42:00,678.92,CREDIT,Myntra,Mumbai,False
5506,18,2026-06-04 01:29:00,2269.4,DEBIT,Shell,Ludhiana,False
5507,79,2026-01-22 18:54:00,3967.11,CREDIT,Netflix,Pune,False
5508,100,2026-03-24 20:37:00,635.13,CREDIT,Shell,Delhi,False
5509,60,2026-02-21 23:12:00,1643.64,CREDIT,Apple,Chandigarh,False
5510,74,2026-04-13 20:36:00,941.77,DEBIT,Shell,Delhi,False
5511,14,2026-04-16 00:11:00,4507.06,DEBIT,Netflix,Mumbai,False
5512,32,2026-05-11 01:54:00,807.52,DEBIT,Swiggy,Hyderabad,False
5513,48,2026-01-30 08:56:00,968.65,DEBIT,Myntra,Delhi,False
5514,3,2026-06-17 14:06:00,1370.42,DEBIT,Apple,Mumbai,False
5515,94,2026-04-18 18:38:00,3653.02,DEBIT,Amazon,Hyderabad,False
5516,89,2026-04-25 18:16:00,2374.19,DEBIT,Walmart,Pune,False
5517,86,2026-01-25 04:44:00,1593.34,DEBIT,Walmart,Ludhiana,False
5518,4,2026-01-05 05:11:00,4479.2,DEBIT,Myntra,Delhi,False
5519,32,2026-05-12 05:55:00,3436.52,CREDIT,Uber,Mumbai,False
5520,10,2026-03-01 16:37:00,4231.87,DEBIT,Swiggy,Hyderabad,False
5521,57,2026-03-14 21:04:00,4791.76,DEBIT,Shell,Bangalore,False
5522,86,2026-02-13 15:52:00,959.3,CREDIT,Walmart,Hyderabad,False
5523,53,2026-04-24 06:17:00,844.06,DEBIT,Apple,Pune,False
5524,19,2026-07-14 09:37:00,1554.18,DEBIT,Apple,Hyderabad,False
5525,43,2026-07-14 21:39:00,1150.43,CREDIT,Uber,Chandigarh,False
5526,68,2026-05-15 06:08:00,1246.69,DEBIT,Amazon,Ludhiana,False
5527,14,2026-01-12 10:22:00,1111.8,DEBIT,Uber,Hyderabad,False
5528,25,2026-05-15 20:56:00,772.68,DEBIT,Local Store,Mumbai,False
5529,45,2026-05-02 08:03:00,2208.28,DEBIT,Uber,Ludhiana,False
5530,67,2026-04-10 04:59:00,57406.11,DEBIT,Amazon,Mumbai,True
5531,64,2026-06-14 05:27:00,2488.35,CREDIT,Netflix,Bangalore,False
5532,34,2026-02-17 21:09:00,3976.07,CREDIT,Flipkart,Mumbai,False
5533,36,2026-04-10 13:38:00,2619.95,DEBIT,Local Store,Chandigarh,False
5534,34,2026-04-22 10:54:00,4271.0,DEBIT,Swiggy,Bangalore,False
5535,7,2026-02-19 09:54:00,952.48,CREDIT,Swiggy,Bangalore,False
5536,70,2026-06-16 13:28:00,2498.26,CREDIT,Flipkart,Hyderabad,False
5537,47,2026-07-24 18:57:00,2731.55,CREDIT,Flipkart,Pune,False
5538,38,2026-02-06 15:43:00,3462.43,DEBIT,Uber,Delhi,False
5539,3,2026-04-03 05:12:00,4453.83,CREDIT,Flipkart,Pune,False
5540,26,2026-06-08 01:34:00,4115.79,DEBIT,Amazon,Ludhiana,False
5541,79,2026-04-03 01:37:00,4580.54,DEBIT,Myntra,Delhi,False
5542,57,2026-02-19 13:02:00,2651.12,DEBIT,Flipkart,Pune,False
5543,14,2026-01-21 16:04:00,3542.98,DEBIT,Netflix,Mumbai,False
5544,48,2026-04-19 04:30:00,858.5,CREDIT,Netflix,Pune,False
5545,82,2026-02-26 06:31:00,3753.83,DEBIT,Myntra,Ludhiana,False
5546,74,2026-03-30 09:35:00,1945.35,DEBIT,Swiggy,Delhi,False
5547,64,2026-04-22 12:26:00,3087.03,DEBIT,Local Store,Pune,False
5548,96,2026-05-09 21:38:00,5697.86,DEBIT,Myntra,Pune,False
5549,65,2026-06-29 12:00:00,5268.37,DEBIT,Apple,Pune,False
5550,94,2026-06-09 23:57:00,5945.18,CREDIT,Walmart,Ludhiana,False
5551,30,2026-02-28 18:20:00,1351.89,CREDIT,Netflix,Ludhiana,False
5552,27,2026-02-17 02:12:00,2954.43,DEBIT,Myntra,Chandigarh,False
5553,14,2026-04-11 18:28:00,3023.17,DEBIT,Amazon,Bangalore,False
5554,94,2026-05-14 11:15:00,4198.79,DEBIT,Walmart,Delhi,False
5555,21,2026-01-06 19:00:00,3021.35,DEBIT,Flipkart,Delhi,False
5556,18,2026-07-13 15:47:00,4055.19,CREDIT,Local Store,Mumbai,False
5557,5,2026-05-10 19:12:00,2058.73,DEBIT,Uber,Hyderabad,False
5558,68,2026-06-11 01:20:00,3405.17,CREDIT,Swiggy,Chandigarh,False
5559,62,2026-04-07 11:33:00,4662.38,DEBIT,Netflix,Hyderabad,False
5560,30,2026-06-16 07:38:00,5526.8,CREDIT,Netflix,Pune,False
5561,18,2026-03-10 02:57:00,3076.03,DEBIT,Walmart,Hyderabad,False
5562,45,2026-05-19 02:51:00,1015.89,DEBIT,Amazon,Chandigarh,False
5563,57,2026-04-02 12:36:00,4488.13,DEBIT,Shell,Chandigarh,False
5564,73,2026-05-05 23:30:00,3736.1,DEBIT,Netflix,Hyderabad,False
5565,64,2026-01-10 14:12:00,995.19,DEBIT,Flipkart,Mumbai,False
5566,1,2026-01-24 20:17:00,2527.79,DEBIT,Shell,Chandigarh,False
5567,29,2026-03-18 07:26:00,810.61,DEBIT,Netflix,Chandigarh,False
5568,58,2026-02-08 09:26:00,1330.18,CREDIT,Uber,Ludhiana,False
5569,61,2026-04-24 08:32:00,5711.39,DEBIT,Shell,Bangalore,False
5570,7,2026-06-15 05:57:00,3939.69,CREDIT,Flipkart,Ludhiana,False
5571,82,2026-01-07 17:58:00,3808.07,DEBIT,Amazon,Ludhiana,False
5572,8,2026-07-24 04:07:00,1867.68,DEBIT,Myntra,Delhi,False
5573,21,2026-04-12 16:21:00,5884.85,CREDIT,Flipkart,Mumbai,False
5574,32,2026-04-28 17:28:00,3910.69,DEBIT,Local Store,Chandigarh,False
5575,99,2026-07-07 21:42:00,676.53,DEBIT,Myntra,Bangalore,False
5576,15,2026-01-11 18:15:00,2824.4,DEBIT,Netflix,Mumbai,False
5577,26,2026-06-07 23:54:00,719.81,DEBIT,Amazon,Ludhiana,False
5578,37,2026-01-05 06:59:00,4160.11,DEBIT,Uber,Hyderabad,False
5579,94,2026-07-06 20:43:00,2723.55,DEBIT,Shell,Chandigarh,False
5580,64,2026-06-26 10:26:00,2771.12,DEBIT,Flipkart,Bangalore,False
5581,88,2026-02-05 07:18:00,3004.45,DEBIT,Apple,Bangalore,False
5582,6,2026-06-09 09:00:00,1820.87,CREDIT,Uber,Mumbai,False
5583,51,2026-07-02 15:57:00,2204.41,DEBIT,Swiggy,Bangalore,False
5584,14,2026-02-18 21:49:00,3638.86,DEBIT,Amazon,Bangalore,False
5585,29,2026-04-05 09:21:00,3269.42,CREDIT,Swiggy,Mumbai,False
5586,14,2026-03-12 09:46:00,3674.59,DEBIT,Apple,Ludhiana,False
5587,26,2026-05-18 12:02:00,4789.37,CREDIT,Myntra,Bangalore,False
5588,5,2026-07-23 19:07:00,2320.17,CREDIT,Swiggy,Ludhiana,False
5589,66,2026-05-12 00:52:00,4783.17,CREDIT,Shell,Bangalore,False
5590,58,2026-02-01 07:51:00,1220.41,DEBIT,Amazon,Chandigarh,False
5591,83,2026-04-16 11:24:00,2780.26,CREDIT,Walmart,Ludhiana,False
5592,58,2026-06-13 20:18:00,3770.36,DEBIT,Shell,Ludhiana,False
5593,41,2026-03-19 11:08:00,1333.89,DEBIT,Walmart,Chandigarh,False
5594,95,2026-07-09 21:15:00,1724.94,DEBIT,Uber,Bangalore,False
5595,32,2026-04-17 13:52:00,4743.42,DEBIT,Amazon,Chandigarh,False
5596,81,2026-01-25 20:34:00,3202.19,DEBIT,Shell,Hyderabad,False
5597,58,2026-02-20 19:30:00,2257.11,DEBIT,Amazon,Hyderabad,False
5598,100,2026-02-27 21:40:00,3388.02,CREDIT,Myntra,Mumbai,False
5599,44,2026-03-09 04:58:00,4694.93,CREDIT,Walmart,Mumbai,False
5600,32,2026-05-05 07:18:00,605.61,DEBIT,Myntra,Pune,False
5601,65,2026-02-21 15:36:00,3533.13,DEBIT,Apple,Mumbai,False
5602,44,2026-01-03 12:21:00,5068.63,DEBIT,Local Store,Ludhiana,False
5603,93,2026-07-15 18:25:00,5037.15,DEBIT,Netflix,Chandigarh,False
5604,84,2026-03-16 20:01:00,2713.54,DEBIT,Amazon,Mumbai,False
5605,35,2026-05-04 04:47:00,960.91,DEBIT,Netflix,Mumbai,False
5606,76,2026-07-15 04:33:00,2536.91,DEBIT,Apple,Ludhiana,False
5607,87,2026-01-11 01:17:00,4227.27,CREDIT,Myntra,Hyderabad,False
5608,6,2026-04-10 03:52:00,1480.22,DEBIT,Swiggy,Delhi,False
5609,36,2026-04-12 03:15:00,4059.39,CREDIT,Local Store,Delhi,False
5610,94,2026-04-23 10:57:00,5599.61,DEBIT,Apple,Mumbai,False
5611,50,2026-05-19 22:16:00,4077.68,CREDIT,Netflix,Ludhiana,False
5612,90,2026-01-29 21:14:00,3075.07,DEBIT,Flipkart,Chandigarh,False
5613,91,2026-05-17 09:47:00,2680.27,DEBIT,Shell,Chandigarh,False
5614,55,2026-07-16 07:43:00,1076.5,DEBIT,Myntra,Bangalore,False
5615,9,2026-01-24 03:02:00,1323.73,DEBIT,Apple,Delhi,False
5616,93,2026-06-21 04:01:00,3865.07,DEBIT,Uber,Chandigarh,False
5617,27,2026-02-19 15:28:00,3467.95,DEBIT,Netflix,Pune,False
5618,29,2026-07-10 20:07:00,2655.8,DEBIT,Uber,Delhi,False
5619,41,2026-03-19 01:10:00,3868.34,CREDIT,Uber,Pune,False
5620,90,2026-07-06 05:10:00,552.21,DEBIT,Apple,Hyderabad,False
5621,45,2026-04-07 19:37:00,2998.35,DEBIT,Walmart,Pune,False
5622,60,2026-01-03 13:44:00,2970.76,DEBIT,Apple,Bangalore,False
5623,54,2026-05-27 07:35:00,3476.03,CREDIT,Apple,Bangalore,False
5624,57,2026-06-13 21:12:00,2478.29,DEBIT,Swiggy,Bangalore,False
5625,61,2026-05-24 11:15:00,2345.69,DEBIT,Amazon,Ludhiana,False
5626,46,2026-05-05 12:38:00,1416.33,DEBIT,Uber,Ludhiana,False
5627,56,2026-05-13 10:33:00,2691.84,DEBIT,Amazon,Bangalore,False
5628,74,2026-07-12 16:23:00,2016.04,DEBIT,Uber,Ludhiana,False
5629,72,2026-04-11 10:37:00,3529.56,DEBIT,Uber,Mumbai,False
5630,1,2026-07-21 17:01:00,2423.13,DEBIT,Flipkart,Pune,False
5631,6,2026-03-26 12:38:00,1743.16,DEBIT,Shell,Chandigarh,False
5632,88,2026-06-24 09:09:00,1375.13,DEBIT,Uber,Bangalore,False
5633,54,2026-02-01 22:30:00,3056.27,DEBIT,Apple,Mumbai,False
5634,8,2026-03-11 03:31:00,1561.86,DEBIT,Local Store,Hyderabad,False
5635,31,2026-07-05 01:40:00,1747.98,CREDIT,Apple,Pune,False
5636,3,2026-07-13 14:44:00,2331.17,DEBIT,Flipkart,Bangalore,False
5637,67,2026-07-27 08:28:00,2009.7,DEBIT,Swiggy,Delhi,False
5638,44,2026-06-16 13:20:00,1070.03,DEBIT,Apple,Bangalore,False
5639,59,2026-07-28 05:04:00,2887.61,CREDIT,Shell,Mumbai,False
5640,84,2026-02-02 09:37:00,2669.71,DEBIT,Netflix,Bangalore,False
5641,45,2026-04-01 02:11:00,7444.78,DEBIT,Netflix,Hyderabad,False
5642,70,2026-07-15 14:06:00,3135.07,DEBIT,Swiggy,Pune,False
5643,33,2026-07-12 20:06:00,72075.85,DEBIT,Swiggy,Bangalore,True
5644,16,2026-02-10 08:32:00,1710.87,DEBIT,Swiggy,Mumbai,False
5645,34,2026-03-03 05:03:00,5229.99,DEBIT,Local Store,Mumbai,False
5646,51,2026-07-15 09:35:00,3755.05,DEBIT,Apple,Mumbai,False
5647,56,2026-06-16 14:20:00,2632.65,CREDIT,Netflix,Chandigarh,False
5648,62,2026-01-18 16:46:00,3329.85,CREDIT,Walmart,Hyderabad,False
5649,1,2026-01-29 01:31:00,1590.62,DEBIT,Local Store,Hyderabad,False
5650,8,2026-04-24 21:21:00,3435.59,CREDIT,Uber,Hyderabad,False
5651,2,2026-02-16 19:46:00,1700.94,DEBIT,Walmart,Hyderabad,False
5652,47,2026-04-10 18:23:00,3108.47,DEBIT,Flipkart,Pune,False
5653,49,2026-03-08 13:57:00,957.95,DEBIT,Uber,Delhi,False
5654,13,2026-03-21 00:45:00,3813.85,DEBIT,Netflix,Ludhiana,False
5655,28,2026-02-17 20:51:00,4032.2,DEBIT,Swiggy,Mumbai,False
5656,42,2026-04-11 16:13:00,1966.45,DEBIT,Amazon,Mumbai,False
5657,7,2026-07-11 21:27:00,2597.44,DEBIT,Apple,Delhi,False
5658,87,2026-02-21 09:19:00,2689.34,DEBIT,Apple,Ludhiana,False
5659,39,2026-01-06 06:33:00,1455.19,DEBIT,Local Store,Mumbai,False
5660,95,2026-07-07 16:25:00,4289.9,CREDIT,Amazon,Hyderabad,False
5661,75,2026-02-20 20:50:00,4230.9,DEBIT,Apple,Bangalore,False
5662,1,2026-02-01 07:49:00,1430.28,CREDIT,Amazon,Ludhiana,False
5663,2,2026-04-30 14:52:00,3290.66,DEBIT,Netflix,Mumbai,False
5664,97,2026-03-22 07:44:00,5214.86,DEBIT,Myntra,Chandigarh,False
5665,46,2026-05-10 23:13:00,1869.78,DEBIT,Myntra,Mumbai,False
5666,44,2026-02-08 20:42:00,2006.8,DEBIT,Apple,Chandigarh,False
5667,13,2026-03-31 22:52:00,1042.8,DEBIT,Local Store,Mumbai,False
5668,99,2026-04-07 22:34:00,3620.04,CREDIT,Uber,Chandigarh,False
5669,91,2026-02-05 18:16:00,773.86,DEBIT,Netflix,Bangalore,False
5670,29,2026-06-08 23:37:00,3608.19,DEBIT,Uber,Chandigarh,False
5671,80,2026-07-03 14:10:00,2894.95,CREDIT,Uber,Bangalore,False
5672,58,2026-07-25 16:47:00,2406.18,DEBIT,Walmart,Hyderabad,False
5673,17,2026-02-10 17:59:00,3023.27,DEBIT,Local Store,Delhi,False
5674,19,2026-03-30 06:18:00,4715.78,DEBIT,Local Store,Pune,False
5675,47,2026-03-07 19:30:00,1816.6,DEBIT,Walmart,Hyderabad,False
5676,95,2026-03-10 01:47:00,819.0,CREDIT,Uber,Delhi,False
5677,91,2026-01-17 16:42:00,1780.09,DEBIT,Amazon,Pune,False
5678,36,2026-04-02 10:53:00,2947.48,DEBIT,Netflix,Chandigarh,False
5679,35,2026-06-02 08:03:00,1871.39,CREDIT,Local Store,Delhi,False
5680,33,2026-01-03 17:08:00,1329.69,DEBIT,Amazon,Chandigarh,False
5681,81,2026-07-02 03:02:00,1823.67,DEBIT,Netflix,Bangalore,False
5682,21,2026-07-04 16:36:00,1796.01,DEBIT,Myntra,Ludhiana,False
5683,41,2026-07-16 18:08:00,4442.75,DEBIT,Flipkart,Mumbai,False
5684,6,2026-01-22 20:15:00,682.82,DEBIT,Swiggy,Mumbai,False
5685,82,2026-06-23 05:59:00,3806.31,DEBIT,Myntra,Bangalore,False
5686,37,2026-02-13 21:46:00,3094.93,DEBIT,Myntra,Mumbai,False
5687,71,2026-04-10 20:09:00,4690.16,DEBIT,Swiggy,Pune,False
5688,28,2026-05-18 19:44:00,1368.91,DEBIT,Flipkart,Pune,False
5689,98,2026-01-24 16:29:00,4179.72,CREDIT,Flipkart,Bangalore,False
5690,96,2026-02-14 02:04:00,1781.74,DEBIT,Myntra,Bangalore,False
5691,64,2026-07-07 09:17:00,2005.14,CREDIT,Flipkart,Delhi,False
5692,94,2026-07-27 02:57:00,3988.04,DEBIT,Swiggy,Bangalore,False
5693,91,2026-05-30 22:43:00,3293.81,DEBIT,Amazon,Delhi,False
5694,82,2026-03-25 06:06:00,5820.18,CREDIT,Netflix,Chandigarh,False
5695,96,2026-07-07 19:27:00,2296.77,DEBIT,Apple,Pune,False
5696,18,2026-03-08 23:55:00,1290.47,DEBIT,Uber,Bangalore,False
5697,12,2026-05-15 01:57:00,3222.75,DEBIT,Netflix,Chandigarh,False
5698,83,2026-05-31 10:42:00,1351.02,DEBIT,Amazon,Bangalore,False
5699,9,2026-06-21 19:12:00,2131.95,DEBIT,Amazon,Ludhiana,False
5700,10,2026-03-07 03:34:00,1367.45,DEBIT,Local Store,Ludhiana,False
5701,19,2026-02-24 02:31:00,920.57,DEBIT,Apple,Pune,False
5702,25,2026-05-15 10:49:00,2858.34,DEBIT,Amazon,Delhi,False
5703,92,2026-02-18 10:55:00,3509.29,DEBIT,Shell,Bangalore,False
5704,4,2026-04-30 13:47:00,1268.1,DEBIT,Netflix,Ludhiana,False
5705,7,2026-04-18 01:31:00,1993.88,DEBIT,Myntra,Chandigarh,False
5706,59,2026-06-09 13:56:00,4011.67,DEBIT,Shell,Mumbai,False
5707,40,2026-07-24 14:54:00,1443.29,DEBIT,Netflix,Chandigarh,False
5708,88,2026-07-25 17:38:00,4627.33,DEBIT,Apple,Mumbai,False
5709,67,2026-01-06 23:18:00,2818.2,DEBIT,Shell,Bangalore,False
5710,43,2026-06-05 12:42:00,4094.92,DEBIT,Uber,Ludhiana,False
5711,62,2026-03-18 17:15:00,3127.33,CREDIT,Uber,Bangalore,False
5712,58,2026-03-31 05:15:00,4662.36,DEBIT,Apple,Pune,False
5713,53,2026-01-20 23:18:00,5323.54,DEBIT,Apple,Chandigarh,False
5714,23,2026-03-29 17:34:00,944.44,DEBIT,Apple,Pune,False
5715,33,2026-05-09 16:23:00,5578.96,DEBIT,Walmart,Bangalore,False
5716,77,2026-07-19 02:24:00,3645.68,DEBIT,Amazon,Chandigarh,False
5717,66,2026-07-09 07:25:00,1561.77,CREDIT,Shell,Chandigarh,False
5718,79,2026-04-02 05:36:00,4830.65,DEBIT,Local Store,Bangalore,False
5719,3,2026-05-12 03:42:00,3155.23,DEBIT,Walmart,Ludhiana,False
5720,55,2026-02-01 13:24:00,1965.91,DEBIT,Netflix,Pune,False
5721,39,2026-03-27 16:23:00,2419.49,DEBIT,Walmart,Ludhiana,False
5722,32,2026-03-11 09:36:00,1329.95,DEBIT,Apple,Chandigarh,False
5723,54,2026-03-16 02:07:00,3514.27,CREDIT,Myntra,Chandigarh,False
5724,78,2026-07-20 15:00:00,3213.66,DEBIT,Amazon,Delhi,False
5725,100,2026-05-21 09:02:00,4646.5,DEBIT,Netflix,Delhi,False
5726,65,2026-01-03 03:35:00,5842.12,DEBIT,Uber,Mumbai,False
5727,75,2026-05-24 19:22:00,1000.71,DEBIT,Netflix,Pune,False
5728,9,2026-07-21 10:55:00,1953.86,DEBIT,Uber,Delhi,False
5729,22,2026-06-05 06:21:00,2821.42,DEBIT,Myntra,Mumbai,False
5730,5,2026-05-07 14:06:00,4747.98,DEBIT,Local Store,Delhi,False
5731,32,2026-01-06 00:04:00,979.08,DEBIT,Amazon,Pune,False
5732,1,2026-01-29 19:54:00,2577.22,DEBIT,Myntra,Chandigarh,False
5733,44,2026-04-18 01:14:00,5774.1,DEBIT,Apple,Ludhiana,False
5734,31,2026-07-05 19:10:00,1144.06,DEBIT,Myntra,Delhi,False
5735,48,2026-02-11 23:14:00,3905.52,DEBIT,Walmart,Chandigarh,False
5736,81,2026-07-21 03:22:00,1044.48,DEBIT,Myntra,Delhi,False
5737,18,2026-04-03 15:59:00,2252.04,DEBIT,Amazon,Delhi,False
5738,80,2026-07-09 04:59:00,1516.47,CREDIT,Amazon,Hyderabad,False
5739,70,2026-02-11 12:25:00,5187.99,DEBIT,Uber,Hyderabad,False
5740,27,2026-01-05 14:15:00,1675.61,DEBIT,Amazon,Bangalore,False
5741,77,2026-03-26 23:47:00,4607.72,DEBIT,Uber,Pune,False
5742,95,2026-06-14 03:44:00,4639.2,DEBIT,Swiggy,Mumbai,False
5743,47,2026-02-10 16:04:00,1574.59,DEBIT,Walmart,Chandigarh,False
5744,60,2026-03-02 07:14:00,1881.55,DEBIT,Shell,Pune,False
5745,28,2026-01-31 09:07:00,896.39,DEBIT,Swiggy,Chandigarh,False
5746,65,2026-06-20 11:54:00,1245.52,CREDIT,Shell,Chandigarh,False
5747,95,2026-03-10 17:46:00,967.93,DEBIT,Shell,Chandigarh,False
5748,33,2026-03-27 03:30:00,3540.06,DEBIT,Amazon,Mumbai,False
5749,22,2026-05-04 01:33:00,619.6,DEBIT,Netflix,Pune,False
5750,3,2026-05-12 10:35:00,1690.68,DEBIT,Netflix,Delhi,False
5751,78,2026-06-12 21:04:00,2894.7,DEBIT,Flipkart,Hyderabad,False
5752,41,2026-04-27 11:24:00,467.33,DEBIT,Uber,Ludhiana,False
5753,38,2026-07-03 13:50:00,2146.94,CREDIT,Apple,Chandigarh,False
5754,58,2026-01-03 12:37:00,3264.26,DEBIT,Shell,Pune,False
5755,93,2026-04-18 02:01:00,1933.79,DEBIT,Amazon,Bangalore,False
5756,66,2026-01-03 19:58:00,1607.93,DEBIT,Walmart,Chandigarh,False
5757,21,2026-02-20 01:53:00,1685.89,DEBIT,Shell,Mumbai,False
5758,73,2026-07-19 05:00:00,674.41,CREDIT,Netflix,Mumbai,False
5759,2,2026-04-04 01:37:00,2387.22,CREDIT,Amazon,Chandigarh,False
5760,26,2026-01-27 13:50:00,4663.52,DEBIT,Local Store,Ludhiana,False
5761,6,2026-01-25 01:58:00,2204.74,DEBIT,Myntra,Pune,False
5762,92,2026-06-22 19:16:00,4521.97,CREDIT,Walmart,Pune,False
5763,12,2026-06-10 04:11:00,2322.44,DEBIT,Local Store,Chandigarh,False
5764,66,2026-02-02 14:37:00,2482.19,CREDIT,Uber,Hyderabad,False
5765,33,2026-04-19 09:53:00,2760.54,DEBIT,Shell,Pune,False
5766,11,2026-05-12 21:08:00,37813.06,DEBIT,Amazon,Ludhiana,True
5767,8,2026-05-03 01:37:00,6174.36,CREDIT,Swiggy,Chandigarh,False
5768,89,2026-01-26 22:23:00,2876.14,DEBIT,Local Store,Hyderabad,False
5769,44,2026-01-15 04:52:00,675.0,DEBIT,Local Store,Mumbai,False
5770,13,2026-01-28 08:14:00,2117.25,DEBIT,Myntra,Hyderabad,False
5771,60,2026-07-22 02:42:00,5880.13,DEBIT,Amazon,Bangalore,False
5772,91,2026-04-22 04:02:00,5572.22,CREDIT,Myntra,Ludhiana,False
5773,21,2026-02-24 03:57:00,2180.17,DEBIT,Amazon,Ludhiana,False
5774,46,2026-03-08 11:27:00,2743.37,DEBIT,Shell,Bangalore,False
5775,68,2026-07-01 15:01:00,2488.45,DEBIT,Uber,Chandigarh,False
5776,22,2026-03-11 05:46:00,3384.17,CREDIT,Netflix,Pune,False
5777,93,2026-04-03 19:39:00,1269.02,DEBIT,Amazon,Hyderabad,False
5778,79,2026-06-04 06:14:00,1695.62,DEBIT,Netflix,Pune,False
5779,78,2026-04-08 01:17:00,3737.96,DEBIT,Uber,Pune,False
5780,59,2026-04-27 04:17:00,1989.91,DEBIT,Swiggy,Hyderabad,False
5781,87,2026-07-21 06:56:00,1887.0,DEBIT,Swiggy,Pune,False
5782,59,2026-02-26 14:57:00,1558.91,CREDIT,Myntra,Mumbai,False
5783,43,2026-01-02 01:58:00,6416.19,CREDIT,Swiggy,Pune,False
5784,21,2026-06-04 10:04:00,490.11,DEBIT,Netflix,Mumbai,False
5785,35,2026-05-17 07:32:00,5149.24,DEBIT,Swiggy,Pune,False
5786,26,2026-05-06 00:24:00,2072.45,DEBIT,Uber,Hyderabad,False
5787,54,2026-03-08 05:52:00,1800.31,DEBIT,Netflix,Mumbai,False
5788,47,2026-04-07 23:21:00,3705.7,DEBIT,Flipkart,Bangalore,False
5789,92,2026-04-09 15:07:00,1339.79,DEBIT,Apple,Mumbai,False
5790,11,2026-04-07 12:48:00,679.8,DEBIT,Local Store,Bangalore,False
5791,38,2026-01-30 12:15:00,4082.34,DEBIT,Shell,Ludhiana,False
5792,92,2026-04-20 07:40:00,2421.35,CREDIT,Swiggy,Mumbai,False
5793,65,2026-05-29 12:01:00,894.57,DEBIT,Apple,Hyderabad,False
5794,63,2026-04-02 15:10:00,3760.12,DEBIT,Swiggy,Bangalore,False
5795,23,2026-06-10 12:52:00,4873.85,DEBIT,Netflix,Bangalore,False
5796,28,2026-07-12 08:27:00,1617.48,DEBIT,Myntra,Bangalore,False
5797,98,2026-01-23 06:22:00,3708.41,CREDIT,Myntra,Bangalore,False
5798,16,2026-01-28 09:55:00,1308.85,CREDIT,Shell,Mumbai,False
5799,36,2026-01-18 17:41:00,1311.86,CREDIT,Flipkart,Chandigarh,False
5800,72,2026-03-13 13:39:00,974.19,DEBIT,Walmart,Delhi,False
5801,93,2026-03-28 21:01:00,3211.72,DEBIT,Myntra,Ludhiana,False
5802,82,2026-03-03 03:55:00,4262.36,CREDIT,Apple,Mumbai,False
5803,96,2026-06-01 08:59:00,741.86,DEBIT,Amazon,Chandigarh,False
5804,54,2026-02-11 14:10:00,3480.64,DEBIT,Amazon,Chandigarh,False
5805,77,2026-02-07 07:07:00,3363.31,DEBIT,Uber,Hyderabad,False
5806,9,2026-01-14 11:05:00,3604.15,DEBIT,Swiggy,Bangalore,False
5807,2,2026-01-04 06:32:00,2688.96,DEBIT,Walmart,Delhi,False
5808,22,2026-03-11 13:04:00,1624.58,DEBIT,Walmart,Chandigarh,False
5809,6,2026-06-24 23:31:00,506.28,CREDIT,Uber,Ludhiana,False
5810,80,2026-07-06 05:00:00,3176.47,CREDIT,Netflix,Pune,False
5811,18,2026-04-07 05:15:00,1157.26,CREDIT,Local Store,Ludhiana,False
5812,38,2026-06-18 05:50:00,1453.33,DEBIT,Local Store,Chandigarh,False
5813,98,2026-07-03 22:59:00,1589.67,CREDIT,Apple,Mumbai,False
5814,5,2026-04-15 02:23:00,3672.62,DEBIT,Walmart,Bangalore,False
5815,35,2026-06-27 19:09:00,802.9,DEBIT,Uber,Mumbai,False
5816,91,2026-01-25 15:49:00,5261.98,CREDIT,Flipkart,Ludhiana,False
5817,48,2026-04-10 11:47:00,1092.51,DEBIT,Myntra,Bangalore,False
5818,85,2026-06-28 07:44:00,1408.93,DEBIT,Local Store,Ludhiana,False
5819,22,2026-06-20 20:11:00,3845.75,DEBIT,Local Store,Pune,False
5820,69,2026-06-11 12:02:00,4487.11,DEBIT,Swiggy,Delhi,False
5821,61,2026-04-10 05:57:00,1807.33,DEBIT,Shell,Delhi,False
5822,41,2026-03-25 16:46:00,493.48,DEBIT,Local Store,Delhi,False
5823,31,2026-07-13 05:40:00,2335.33,CREDIT,Flipkart,Hyderabad,False
5824,71,2026-05-20 11:17:00,2061.49,DEBIT,Swiggy,Pune,False
5825,2,2026-05-24 00:18:00,3453.26,DEBIT,Amazon,Chandigarh,False
5826,42,2026-02-01 16:51:00,4795.75,CREDIT,Amazon,Delhi,False
5827,65,2026-04-15 00:35:00,1296.64,DEBIT,Walmart,Ludhiana,False
5828,3,2026-04-12 00:09:00,5493.53,DEBIT,Flipkart,Ludhiana,False
5829,38,2026-04-28 02:37:00,575.87,DEBIT,Swiggy,Bangalore,False
5830,31,2026-03-30 21:36:00,2732.13,CREDIT,Myntra,Hyderabad,False
5831,59,2026-06-01 22:54:00,4767.54,CREDIT,Flipkart,Hyderabad,False
5832,100,2026-06-26 21:20:00,1804.7,CREDIT,Apple,Ludhiana,False
5833,96,2026-01-28 16:31:00,2710.47,DEBIT,Uber,Mumbai,False
5834,43,2026-04-16 17:54:00,6845.02,DEBIT,Swiggy,Chandigarh,False
5835,76,2026-03-03 20:35:00,5804.44,CREDIT,Uber,Hyderabad,False
5836,62,2026-03-05 18:32:00,3517.31,DEBIT,Local Store,Bangalore,False
5837,73,2026-03-18 02:29:00,4130.34,CREDIT,Local Store,Chandigarh,False
5838,64,2026-07-25 06:01:00,1290.55,CREDIT,Local Store,Delhi,False
5839,19,2026-06-09 08:18:00,808.71,DEBIT,Amazon,Delhi,False
5840,72,2026-07-27 15:47:00,2180.03,DEBIT,Walmart,Mumbai,False
5841,37,2026-03-22 14:24:00,914.46,CREDIT,Shell,Bangalore,False
5842,9,2026-06-25 12:25:00,3364.82,DEBIT,Swiggy,Pune,False
5843,32,2026-01-28 23:32:00,30779.92,DEBIT,Shell,Delhi,True
5844,35,2026-01-09 03:55:00,636.01,DEBIT,Swiggy,Hyderabad,False
5845,32,2026-07-01 09:09:00,1526.36,DEBIT,Shell,Chandigarh,False
5846,25,2026-05-20 05:26:00,2353.98,DEBIT,Flipkart,Ludhiana,False
5847,25,2026-01-25 00:20:00,3375.45,DEBIT,Myntra,Delhi,False
5848,50,2026-03-26 06:03:00,668.75,DEBIT,Amazon,Ludhiana,False
5849,48,2026-06-06 12:23:00,2375.07,DEBIT,Amazon,Pune,False
5850,24,2026-03-14 12:46:00,4213.21,DEBIT,Walmart,Mumbai,False
5851,61,2026-01-25 07:49:00,2793.96,DEBIT,Amazon,Ludhiana,False
5852,31,2026-05-31 10:33:00,4208.74,DEBIT,Myntra,Chandigarh,False
5853,60,2026-05-18 10:25:00,2899.37,CREDIT,Apple,Bangalore,False
5854,45,2026-01-22 04:19:00,1508.43,DEBIT,Netflix,Bangalore,False
5855,65,2026-05-11 10:14:00,757.58,DEBIT,Walmart,Delhi,False
5856,7,2026-04-25 17:41:00,1618.4,DEBIT,Flipkart,Mumbai,False
5857,31,2026-04-01 20:04:00,2544.73,DEBIT,Netflix,Pune,False
5858,11,2026-01-26 10:12:00,1291.52,DEBIT,Apple,Pune,False
5859,67,2026-05-18 02:02:00,1914.67,DEBIT,Apple,Delhi,False
5860,56,2026-01-06 04:07:00,1056.23,CREDIT,Swiggy,Chandigarh,False
5861,37,2026-04-19 02:49:00,2248.11,DEBIT,Apple,Hyderabad,False
5862,65,2026-06-02 22:35:00,4889.54,DEBIT,Apple,Ludhiana,False
5863,32,2026-06-15 03:43:00,3790.35,DEBIT,Netflix,Delhi,False
5864,23,2026-07-26 08:38:00,3545.88,DEBIT,Flipkart,Hyderabad,False
5865,62,2026-05-12 12:25:00,3668.26,DEBIT,Shell,Ludhiana,False
5866,27,2026-02-28 13:09:00,3322.57,CREDIT,Flipkart,Ludhiana,False
5867,24,2026-01-31 19:31:00,1696.0,DEBIT,Local Store,Pune,False
5868,92,2026-05-11 10:19:00,2894.72,CREDIT,Walmart,Chandigarh,False
5869,87,2026-04-11 14:19:00,3515.24,DEBIT,Flipkart,Hyderabad,False
5870,51,2026-04-19 16:34:00,3227.84,DEBIT,Swiggy,Bangalore,False
5871,99,2026-01-27 09:57:00,1993.96,DEBIT,Flipkart,Mumbai,False
5872,39,2026-07-11 15:02:00,5891.32,CREDIT,Swiggy,Chandigarh,False
5873,69,2026-07-02 19:28:00,2104.65,CREDIT,Local Store,Chandigarh,False
5874,98,2026-01-17 09:40:00,4113.4,DEBIT,Walmart,Pune,False
5875,39,2026-03-25 04:45:00,3034.78,DEBIT,Swiggy,Chandigarh,False
5876,19,2026-01-17 04:30:00,3305.24,CREDIT,Uber,Ludhiana,False
5877,90,2026-06-26 01:23:00,664.9,DEBIT,Amazon,Hyderabad,False
5878,82,2026-06-04 03:21:00,2167.49,DEBIT,Amazon,Pune,False
5879,32,2026-06-27 10:19:00,1270.76,DEBIT,Local Store,Ludhiana,False
5880,17,2026-05-21 07:09:00,4982.24,DEBIT,Apple,Bangalore,False
5881,62,2026-07-03 01:51:00,2154.33,DEBIT,Netflix,Hyderabad,False
5882,17,2026-06-28 08:41:00,4731.53,CREDIT,Shell,Bangalore,False
5883,12,2026-07-09 17:10:00,4280.3,CREDIT,Shell,Delhi,False
5884,45,2026-04-29 08:46:00,1612.17,DEBIT,Flipkart,Hyderabad,False
5885,54,2026-04-20 18:41:00,4358.43,DEBIT,Amazon,Ludhiana,False
5886,31,2026-05-22 06:28:00,2697.3,DEBIT,Apple,Chandigarh,False
5887,82,2026-05-31 11:39:00,440.53,DEBIT,Walmart,Hyderabad,False
5888,10,2026-06-01 05:10:00,1336.4,DEBIT,Netflix,Mumbai,False
5889,17,2026-05-24 18:55:00,1559.69,DEBIT,Local Store,Chandigarh,False
5890,9,2026-02-22 21:51:00,3396.2,DEBIT,Swiggy,Ludhiana,False
5891,58,2026-05-22 04:56:00,5376.18,CREDIT,Local Store,Chandigarh,False
5892,71,2026-07-04 18:19:00,1493.97,DEBIT,Local Store,Chandigarh,False
5893,95,2026-02-28 23:53:00,669.92,DEBIT,Myntra,Pune,False
5894,7,2026-07-27 18:53:00,1250.9,DEBIT,Uber,Mumbai,False
5895,98,2026-03-27 13:59:00,1871.54,DEBIT,Amazon,Delhi,False
5896,18,2026-01-04 15:13:00,2567.21,DEBIT,Walmart,Chandigarh,False
5897,50,2026-07-02 22:07:00,1793.63,DEBIT,Swiggy,Mumbai,False
5898,60,2026-07-10 20:13:00,6049.33,DEBIT,Flipkart,Pune,False
5899,45,2026-03-12 03:23:00,1215.47,DEBIT,Amazon,Chandigarh,False
5900,25,2026-05-09 10:41:00,2415.64,DEBIT,Myntra,Chandigarh,False
5901,48,2026-04-23 15:28:00,2222.43,DEBIT,Walmart,Delhi,False
5902,39,2026-01-13 20:45:00,3791.82,CREDIT,Netflix,Hyderabad,False
5903,96,2026-07-10 16:41:00,1278.86,DEBIT,Uber,Pune,False
5904,57,2026-05-19 16:40:00,2184.65,DEBIT,Netflix,Pune,False
5905,42,2026-01-30 10:35:00,998.07,CREDIT,Walmart,Ludhiana,False
5906,66,2026-03-30 09:55:00,2041.26,DEBIT,Shell,Delhi,False
5907,88,2026-04-30 23:20:00,5292.43,DEBIT,Shell,Pune,False
5908,53,2026-07-24 16:25:00,3431.73,DEBIT,Flipkart,Mumbai,False
5909,84,2026-03-01 13:22:00,6202.49,DEBIT,Shell,Hyderabad,False
5910,11,2026-01-11 22:19:00,1874.81,CREDIT,Netflix,Pune,False
5911,51,2026-04-21 13:55:00,1936.98,DEBIT,Myntra,Mumbai,False
5912,65,2026-05-31 18:51:00,960.31,DEBIT,Flipkart,Ludhiana,False
5913,66,2026-01-18 22:20:00,2053.58,DEBIT,Uber,Pune,False
5914,85,2026-01-12 05:42:00,3239.77,CREDIT,Netflix,Chandigarh,False
5915,47,2026-03-15 03:13:00,1318.83,DEBIT,Uber,Pune,False
5916,33,2026-06-13 04:33:00,3357.02,DEBIT,Flipkart,Chandigarh,False
5917,58,2026-04-01 20:22:00,3393.43,CREDIT,Amazon,Bangalore,False
5918,52,2026-06-16 01:17:00,2445.02,DEBIT,Walmart,Mumbai,False
5919,90,2026-04-17 08:29:00,3860.05,CREDIT,Shell,Ludhiana,False
5920,10,2026-07-03 23:39:00,2988.24,DEBIT,Netflix,Ludhiana,False
5921,65,2026-02-13 23:36:00,6633.75,DEBIT,Apple,Ludhiana,False
5922,60,2026-02-02 11:54:00,1756.65,DEBIT,Netflix,Chandigarh,False
5923,93,2026-02-20 02:56:00,1030.17,CREDIT,Shell,Mumbai,False
5924,18,2026-05-21 19:17:00,2892.25,CREDIT,Walmart,Hyderabad,False
5925,73,2026-01-09 15:04:00,2699.64,DEBIT,Uber,Ludhiana,False
5926,40,2026-04-18 22:52:00,2038.92,DEBIT,Netflix,Pune,False
5927,96,2026-05-30 00:20:00,4109.42,DEBIT,Swiggy,Delhi,False
5928,93,2026-07-15 04:07:00,3487.8,CREDIT,Swiggy,Bangalore,False
5929,81,2026-02-02 21:57:00,2243.88,CREDIT,Flipkart,Ludhiana,False
5930,45,2026-07-07 17:06:00,1431.71,DEBIT,Netflix,Mumbai,False
5931,27,2026-03-10 13:07:00,2312.5,CREDIT,Swiggy,Hyderabad,False
5932,2,2026-04-14 16:25:00,3099.69,DEBIT,Walmart,Mumbai,False
5933,82,2026-03-25 15:30:00,2306.72,CREDIT,Swiggy,Delhi,False
5934,91,2026-06-09 14:16:00,3063.77,DEBIT,Uber,Delhi,False
5935,86,2026-03-20 03:45:00,1628.26,CREDIT,Shell,Ludhiana,False
5936,13,2026-06-05 10:30:00,3269.95,DEBIT,Swiggy,Hyderabad,False
5937,62,2026-06-11 13:58:00,2497.18,DEBIT,Netflix,Bangalore,False
5938,100,2026-05-17 15:43:00,1864.86,DEBIT,Flipkart,Chandigarh,False
5939,62,2026-05-07 12:33:00,399.05,DEBIT,Swiggy,Pune,False
5940,42,2026-03-12 13:20:00,2018.47,DEBIT,Local Store,Chandigarh,False
5941,63,2026-03-30 20:00:00,2380.06,DEBIT,Walmart,Chandigarh,False
5942,33,2026-05-05 09:59:00,4620.51,DEBIT,Apple,Chandigarh,False
5943,71,2026-01-19 05:35:00,1196.25,DEBIT,Flipkart,Ludhiana,False
5944,65,2026-02-28 13:20:00,2477.67,DEBIT,Flipkart,Mumbai,False
5945,13,2026-06-02 18:17:00,968.12,CREDIT,Uber,Bangalore,False
5946,35,2026-01-18 17:34:00,4519.75,CREDIT,Amazon,Ludhiana,False
5947,42,2026-05-21 13:50:00,2348.84,CREDIT,Walmart,Hyderabad,False
5948,41,2026-01-05 17:33:00,4716.87,DEBIT,Amazon,Delhi,False
5949,10,2026-06-14 02:40:00,3199.67,CREDIT,Netflix,Ludhiana,False
5950,65,2026-06-10 13:45:00,2015.62,DEBIT,Netflix,Pune,False
5951,40,2026-03-26 11:02:00,3402.28,CREDIT,Local Store,Pune,False
5952,5,2026-03-18 16:50:00,4408.82,DEBIT,Walmart,Ludhiana,False
5953,68,2026-02-22 05:29:00,1426.4,DEBIT,Walmart,Mumbai,False
5954,2,2026-07-17 04:15:00,1798.36,DEBIT,Apple,Pune,False
5955,91,2026-01-16 05:41:00,1185.24,CREDIT,Netflix,Hyderabad,False
5956,46,2026-01-06 05:50:00,2931.68,CREDIT,Local Store,Bangalore,False
5957,22,2026-06-13 06:53:00,3146.77,DEBIT,Local Store,Ludhiana,False
5958,95,2026-03-25 02:38:00,6109.68,DEBIT,Uber,Mumbai,False
5959,72,2026-06-06 15:11:00,2215.46,DEBIT,Amazon,Pune,False
5960,50,2026-07-10 15:11:00,4597.99,CREDIT,Local Store,Bangalore,False
5961,10,2026-03-19 08:26:00,4938.5,DEBIT,Local Store,Ludhiana,False
5962,61,2026-04-15 09:50:00,1598.48,DEBIT,Apple,Pune,False
5963,90,2026-03-28 22:49:00,3826.77,DEBIT,Uber,Pune,False
5964,97,2026-06-13 00:12:00,3105.05,DEBIT,Amazon,Mumbai,False
5965,50,2026-02-14 13:37:00,3912.67,DEBIT,Flipkart,Bangalore,False
5966,72,2026-03-22 23:54:00,988.95,DEBIT,Netflix,Hyderabad,False
5967,14,2026-06-13 12:05:00,633.56,DEBIT,Swiggy,Hyderabad,False
5968,58,2026-07-23 09:50:00,2852.16,DEBIT,Shell,Ludhiana,False
5969,18,2026-06-11 14:57:00,4176.65,DEBIT,Flipkart,Hyderabad,False
5970,57,2026-03-09 14:40:00,1608.14,DEBIT,Netflix,Pune,False
5971,2,2026-02-10 07:52:00,1827.0,DEBIT,Local Store,Hyderabad,False
5972,83,2026-06-21 21:42:00,1291.45,CREDIT,Uber,Chandigarh,False
5973,42,2026-04-13 14:26:00,2172.76,CREDIT,Local Store,Hyderabad,False
5974,54,2026-05-13 08:12:00,2480.49,DEBIT,Walmart,Pune,False
5975,96,2026-06-11 10:30:00,1950.02,DEBIT,Apple,Hyderabad,False
5976,39,2026-07-08 16:10:00,4376.67,CREDIT,Shell,Mumbai,False
5977,42,2026-01-18 16:04:00,653.01,DEBIT,Walmart,Hyderabad,False
5978,67,2026-02-07 12:15:00,2645.45,DEBIT,Walmart,Bangalore,False
5979,95,2026-05-06 08:42:00,3290.53,DEBIT,Walmart,Bangalore,False
5980,59,2026-06-30 00:31:00,1761.6,DEBIT,Amazon,Pune,False
5981,48,2026-01-04 08:47:00,440.34,CREDIT,Local Store,Ludhiana,False
5982,26,2026-01-25 15:40:00,3483.5,DEBIT,Local Store,Mumbai,False
5983,34,2026-07-05 08:58:00,2340.04,DEBIT,Swiggy,Delhi,False
5984,32,2026-05-06 06:48:00,3953.53,DEBIT,Swiggy,Mumbai,False
5985,89,2026-04-20 11:08:00,1717.86,DEBIT,Local Store,Bangalore,False
5986,18,2026-01-20 12:20:00,2281.94,DEBIT,Flipkart,Delhi,False
5987,41,2026-02-18 14:20:00,5618.07,CREDIT,Swiggy,Mumbai,False
5988,69,2026-03-15 17:43:00,2107.0,CREDIT,Uber,Bangalore,False
5989,87,2026-07-11 06:26:00,4719.94,DEBIT,Swiggy,Hyderabad,False
5990,21,2026-05-18 13:33:00,3151.36,DEBIT,Local Store,Chandigarh,False
5991,95,2026-03-20 11:56:00,987.99,CREDIT,Myntra,Delhi,False
5992,27,2026-04-12 14:53:00,4378.7,DEBIT,Myntra,Ludhiana,False
5993,97,2026-07-27 19:42:00,2771.77,DEBIT,Netflix,Delhi,False
5994,79,2026-04-13 03:12:00,1058.02,DEBIT,Walmart,Hyderabad,False
5995,92,2026-01-01 08:31:00,6549.76,DEBIT,Swiggy,Mumbai,False
5996,45,2026-02-04 12:18:00,1331.97,DEBIT,Shell,Bangalore,False
5997,36,2026-04-26 21:19:00,1864.85,DEBIT,Shell,Ludhiana,False
5998,31,2026-01-19 15:05:00,1304.2,CREDIT,Netflix,Bangalore,False
5999,52,2026-06-06 22:56:00,1754.85,DEBIT,Myntra,Mumbai,False
6000,42,2026-01-04 07:16:00,5365.58,CREDIT,Apple,Chandigarh,False
6001,75,2026-06-05 07:58:00,3185.97,DEBIT,Shell,Ludhiana,False
6002,92,2026-03-12 21:18:00,2290.84,DEBIT,Uber,Hyderabad,False
6003,95,2026-05-29 11:15:00,5057.2,CREDIT,Shell,Bangalore,False
6004,50,2026-04-19 12:27:00,1987.63,DEBIT,Myntra,Chandigarh,False
6005,7,2026-03-18 18:52:00,1783.12,DEBIT,Amazon,Ludhiana,False
6006,22,2026-03-06 11:27:00,4001.22,DEBIT,Shell,Ludhiana,False
6007,84,2026-05-24 01:29:00,1827.19,DEBIT,Netflix,Delhi,False
6008,51,2026-07-21 17:52:00,1912.79,DEBIT,Apple,Chandigarh,False
6009,6,2026-07-07 04:42:00,1096.29,CREDIT,Amazon,Mumbai,False
6010,27,2026-01-18 21:03:00,4419.56,DEBIT,Shell,Hyderabad,False
6011,37,2026-02-02 21:05:00,3617.95,DEBIT,Swiggy,Hyderabad,False
6012,31,2026-03-23 00:50:00,1353.49,DEBIT,Amazon,Mumbai,False
6013,13,2026-05-17 15:49:00,858.54,DEBIT,Swiggy,Mumbai,False
6014,97,2026-05-13 02:29:00,4701.6,DEBIT,Flipkart,Bangalore,False
6015,10,2026-05-18 18:10:00,2446.79,DEBIT,Uber,Mumbai,False
6016,74,2026-02-07 21:34:00,2096.35,CREDIT,Amazon,Ludhiana,False
6017,40,2026-05-31 22:35:00,3490.05,CREDIT,Amazon,Pune,False
6018,85,2026-05-22 19:12:00,4535.48,DEBIT,Amazon,Bangalore,False
6019,54,2026-05-03 03:38:00,2604.27,DEBIT,Netflix,Ludhiana,False
6020,82,2026-05-19 06:10:00,2630.75,CREDIT,Uber,Bangalore,False
6021,36,2026-07-18 04:34:00,1029.45,DEBIT,Apple,Bangalore,False
6022,61,2026-02-23 16:53:00,4595.9,DEBIT,Walmart,Chandigarh,False
6023,45,2026-03-18 23:45:00,876.99,DEBIT,Shell,Ludhiana,False
6024,25,2026-01-06 02:12:00,2761.02,DEBIT,Myntra,Delhi,False
6025,9,2026-07-07 19:12:00,4332.29,DEBIT,Flipkart,Delhi,False
6026,22,2026-05-06 23:53:00,1640.32,DEBIT,Amazon,Hyderabad,False
6027,55,2026-03-22 23:08:00,3086.22,DEBIT,Netflix,Hyderabad,False
6028,16,2026-06-15 16:33:00,3226.96,DEBIT,Local Store,Hyderabad,False
6029,41,2026-07-21 02:58:00,2088.1,DEBIT,Uber,Bangalore,False
6030,97,2026-01-03 02:33:00,3552.99,DEBIT,Uber,Ludhiana,False
6031,86,2026-07-05 07:48:00,6348.59,DEBIT,Local Store,Hyderabad,False
6032,88,2026-06-10 09:02:00,2497.04,DEBIT,Swiggy,Ludhiana,False
6033,1,2026-05-02 15:58:00,1148.8,DEBIT,Amazon,Hyderabad,False
6034,42,2026-03-25 00:03:00,2983.9,DEBIT,Uber,Bangalore,False
6035,96,2026-01-20 17:24:00,6861.69,DEBIT,Netflix,Hyderabad,False
6036,89,2026-03-03 07:23:00,4662.01,DEBIT,Myntra,Bangalore,False
6037,77,2026-07-04 03:59:00,3177.68,DEBIT,Apple,Bangalore,False
6038,7,2026-03-26 10:58:00,6062.57,CREDIT,Myntra,Pune,False
6039,51,2026-07-24 16:04:00,2267.1,DEBIT,Flipkart,Pune,False
6040,68,2026-01-10 13:49:00,774.37,DEBIT,Shell,Chandigarh,False
6041,82,2026-02-16 14:50:00,2078.13,DEBIT,Local Store,Pune,False
6042,6,2026-05-02 03:10:00,3329.07,CREDIT,Amazon,Hyderabad,False
6043,35,2026-01-11 02:19:00,3341.55,DEBIT,Flipkart,Delhi,False
6044,72,2026-06-27 18:11:00,1041.87,DEBIT,Uber,Delhi,False
6045,8,2026-03-26 06:55:00,2594.07,DEBIT,Local Store,Delhi,False
6046,89,2026-04-02 12:58:00,840.54,DEBIT,Amazon,Delhi,False
6047,26,2026-04-11 20:49:00,2992.79,CREDIT,Shell,Chandigarh,False
6048,43,2026-03-17 18:28:00,4382.73,DEBIT,Myntra,Bangalore,False
6049,100,2026-02-19 04:31:00,1444.07,DEBIT,Netflix,Chandigarh,False
6050,49,2026-06-21 02:36:00,4420.03,CREDIT,Apple,Delhi,False
6051,19,2026-03-18 17:10:00,535.92,DEBIT,Shell,Pune,False
6052,20,2026-07-14 05:36:00,2118.3,CREDIT,Local Store,Pune,False
6053,37,2026-05-27 10:04:00,542.21,DEBIT,Amazon,Mumbai,False
6054,51,2026-06-25 21:50:00,3829.98,DEBIT,Myntra,Bangalore,False
6055,17,2026-01-19 16:26:00,2557.22,CREDIT,Netflix,Pune,False
6056,95,2026-06-21 01:52:00,1071.81,DEBIT,Shell,Delhi,False
6057,59,2026-05-04 04:08:00,1867.41,DEBIT,Netflix,Chandigarh,False
6058,50,2026-07-07 13:23:00,6105.13,DEBIT,Netflix,Hyderabad,False
6059,79,2026-03-29 12:01:00,1623.2,CREDIT,Local Store,Bangalore,False
6060,18,2026-05-25 14:11:00,5128.67,CREDIT,Amazon,Ludhiana,False
6061,84,2026-06-20 09:20:00,2657.13,CREDIT,Netflix,Bangalore,False
6062,91,2026-04-03 11:07:00,4964.77,DEBIT,Local Store,Hyderabad,False
6063,78,2026-06-28 04:49:00,2559.47,DEBIT,Netflix,Pune,False
6064,84,2026-04-11 07:00:00,1840.12,DEBIT,Local Store,Ludhiana,False
6065,6,2026-05-13 17:52:00,2263.43,DEBIT,Swiggy,Hyderabad,False
6066,44,2026-03-26 20:06:00,3562.46,CREDIT,Local Store,Chandigarh,False
6067,13,2026-01-08 17:34:00,4666.77,DEBIT,Flipkart,Chandigarh,False
6068,27,2026-02-05 03:51:00,4738.42,DEBIT,Amazon,Ludhiana,False
6069,96,2026-04-25 05:46:00,676.34,DEBIT,Swiggy,Ludhiana,False
6070,82,2026-03-06 01:13:00,62673.4,DEBIT,Uber,Delhi,True
6071,14,2026-06-15 06:26:00,2526.06,DEBIT,Walmart,Pune,False
6072,93,2026-02-06 17:23:00,2390.33,CREDIT,Swiggy,Bangalore,False
6073,65,2026-02-13 05:20:00,2637.79,CREDIT,Amazon,Bangalore,False
6074,69,2026-07-22 09:48:00,5182.62,DEBIT,Swiggy,Chandigarh,False
6075,15,2026-07-19 23:07:00,3117.77,DEBIT,Walmart,Ludhiana,False
6076,19,2026-02-12 20:12:00,5573.63,DEBIT,Uber,Hyderabad,False
6077,63,2026-03-01 22:20:00,2559.58,DEBIT,Apple,Ludhiana,False
6078,87,2026-05-28 05:07:00,2058.64,DEBIT,Amazon,Pune,False
6079,68,2026-05-02 20:57:00,1733.85,CREDIT,Flipkart,Mumbai,False
6080,60,2026-04-12 06:04:00,2868.58,DEBIT,Netflix,Chandigarh,False
6081,54,2026-06-29 20:48:00,1081.27,DEBIT,Amazon,Chandigarh,False
6082,16,2026-04-04 00:10:00,2349.44,DEBIT,Apple,Ludhiana,False
6083,91,2026-01-22 12:30:00,6245.53,DEBIT,Apple,Delhi,False
6084,57,2026-03-28 19:32:00,2671.34,DEBIT,Walmart,Delhi,False
6085,94,2026-06-27 01:04:00,2571.77,CREDIT,Uber,Ludhiana,False
6086,53,2026-07-24 13:13:00,2818.54,DEBIT,Shell,Pune,False
6087,43,2026-04-08 08:23:00,3507.69,DEBIT,Apple,Ludhiana,False
6088,92,2026-02-24 07:44:00,3377.68,CREDIT,Flipkart,Delhi,False
6089,83,2026-04-28 11:00:00,65488.2,DEBIT,Apple,Ludhiana,True
6090,94,2026-06-18 00:08:00,4823.84,DEBIT,Shell,Pune,False
6091,86,2026-01-22 18:52:00,4928.61,CREDIT,Flipkart,Mumbai,False
6092,76,2026-01-21 01:51:00,5278.33,DEBIT,Swiggy,Pune,False
6093,64,2026-02-08 21:23:00,2173.23,DEBIT,Myntra,Bangalore,False
6094,29,2026-02-27 10:55:00,3437.61,DEBIT,Flipkart,Chandigarh,False
6095,8,2026-05-23 08:13:00,58883.23,DEBIT,Local Store,Delhi,True
6096,46,2026-01-01 05:13:00,1595.1,CREDIT,Myntra,Delhi,False
6097,20,2026-02-07 08:24:00,2911.36,DEBIT,Myntra,Chandigarh,False
6098,28,2026-05-30 10:26:00,3148.52,DEBIT,Apple,Mumbai,False
6099,90,2026-04-18 01:58:00,1769.09,DEBIT,Netflix,Ludhiana,False
6100,71,2026-05-29 06:11:00,2849.38,DEBIT,Myntra,Chandigarh,False
6101,18,2026-05-07 14:36:00,5899.64,DEBIT,Apple,Mumbai,False
6102,10,2026-03-26 12:25:00,3313.64,CREDIT,Local Store,Delhi,False
6103,41,2026-05-03 03:19:00,3353.9,DEBIT,Swiggy,Delhi,False
6104,37,2026-07-06 13:10:00,2215.52,DEBIT,Uber,Pune,False
6105,6,2026-02-09 03:20:00,3398.35,DEBIT,Flipkart,Pune,False
6106,90,2026-03-09 06:39:00,2121.6,DEBIT,Swiggy,Delhi,False
6107,31,2026-02-04 01:51:00,1406.86,DEBIT,Uber,Mumbai,False
6108,99,2026-06-07 06:31:00,1823.44,CREDIT,Swiggy,Chandigarh,False
6109,56,2026-03-07 02:01:00,1950.65,DEBIT,Apple,Mumbai,False
6110,81,2026-05-30 23:00:00,6468.04,DEBIT,Local Store,Bangalore,False
6111,29,2026-06-08 03:17:00,1642.92,DEBIT,Walmart,Chandigarh,False
6112,71,2026-01-25 16:17:00,1488.08,DEBIT,Netflix,Ludhiana,False
6113,5,2026-06-11 12:04:00,4054.05,DEBIT,Shell,Hyderabad,False
6114,84,2026-05-01 23:13:00,3161.49,DEBIT,Flipkart,Mumbai,False
6115,53,2026-05-07 14:57:00,1192.55,CREDIT,Flipkart,Chandigarh,False
6116,2,2026-05-16 23:31:00,2530.94,CREDIT,Amazon,Ludhiana,False
6117,52,2026-03-11 12:33:00,3330.08,DEBIT,Flipkart,Pune,False
6118,76,2026-07-18 20:26:00,2727.89,CREDIT,Local Store,Chandigarh,False
6119,84,2026-05-26 07:58:00,1655.64,DEBIT,Netflix,Bangalore,False
6120,56,2026-03-10 02:47:00,532.75,DEBIT,Flipkart,Pune,False
6121,45,2026-06-12 15:38:00,1082.85,CREDIT,Flipkart,Delhi,False
6122,75,2026-04-02 04:35:00,1732.11,CREDIT,Local Store,Bangalore,False
6123,28,2026-04-02 10:49:00,1019.71,DEBIT,Flipkart,Ludhiana,False
6124,83,2026-06-29 07:38:00,568.44,DEBIT,Swiggy,Pune,False
6125,21,2026-04-11 22:29:00,1245.1,DEBIT,Swiggy,Delhi,False
6126,41,2026-06-07 02:46:00,1053.7,DEBIT,Flipkart,Mumbai,False
6127,20,2026-06-13 17:07:00,5240.03,DEBIT,Amazon,Pune,False
6128,87,2026-01-01 21:04:00,3547.84,CREDIT,Walmart,Bangalore,False
6129,68,2026-07-23 07:06:00,4320.81,DEBIT,Shell,Bangalore,False
6130,6,2026-04-02 09:53:00,5368.13,DEBIT,Netflix,Chandigarh,False
6131,99,2026-02-13 11:12:00,3576.46,CREDIT,Uber,Chandigarh,False
6132,66,2026-04-01 22:15:00,1343.67,CREDIT,Amazon,Pune,False
6133,2,2026-01-05 08:08:00,3695.57,CREDIT,Flipkart,Hyderabad,False
6134,84,2026-07-18 23:26:00,4747.68,DEBIT,Walmart,Bangalore,False
6135,3,2026-01-13 03:15:00,1233.68,DEBIT,Shell,Hyderabad,False
6136,95,2026-01-18 13:23:00,1475.98,DEBIT,Flipkart,Chandigarh,False
6137,91,2026-06-07 07:53:00,1931.87,CREDIT,Local Store,Ludhiana,False
6138,5,2026-03-27 21:26:00,3086.98,CREDIT,Walmart,Delhi,False
6139,53,2026-01-28 08:06:00,2792.56,CREDIT,Uber,Bangalore,False
6140,56,2026-04-05 00:52:00,4308.82,CREDIT,Uber,Ludhiana,False
6141,15,2026-03-11 05:31:00,984.44,DEBIT,Swiggy,Hyderabad,False
6142,21,2026-04-08 09:14:00,461.03,CREDIT,Local Store,Ludhiana,False
6143,72,2026-01-28 06:03:00,3842.4,DEBIT,Uber,Chandigarh,False
6144,1,2026-03-31 02:08:00,6727.19,DEBIT,Netflix,Delhi,False
6145,93,2026-05-09 20:52:00,4263.6,CREDIT,Myntra,Pune,False
6146,16,2026-06-28 18:08:00,2975.91,DEBIT,Shell,Pune,False
6147,13,2026-01-21 21:02:00,1345.28,DEBIT,Apple,Mumbai,False
6148,65,2026-04-16 20:11:00,4041.15,CREDIT,Walmart,Chandigarh,False
6149,35,2026-07-25 04:16:00,1796.76,DEBIT,Flipkart,Mumbai,False
6150,17,2026-01-09 08:41:00,3861.96,CREDIT,Myntra,Mumbai,False
6151,35,2026-04-03 17:22:00,5940.75,DEBIT,Walmart,Mumbai,False
6152,53,2026-07-26 23:43:00,904.9,DEBIT,Flipkart,Hyderabad,False
6153,100,2026-01-05 20:24:00,2128.23,DEBIT,Flipkart,Hyderabad,False
6154,65,2026-01-14 03:46:00,1839.12,DEBIT,Shell,Mumbai,False
6155,48,2026-06-22 12:21:00,1860.26,DEBIT,Shell,Ludhiana,False
6156,46,2026-02-15 12:07:00,2476.99,CREDIT,Local Store,Mumbai,False
6157,2,2026-05-15 21:05:00,2005.06,DEBIT,Local Store,Chandigarh,False
6158,19,2026-03-01 10:20:00,5568.43,DEBIT,Uber,Mumbai,False
6159,54,2026-04-03 14:15:00,3317.11,DEBIT,Walmart,Ludhiana,False
6160,27,2026-05-06 09:18:00,3509.3,DEBIT,Flipkart,Pune,False
6161,61,2026-02-18 20:40:00,5057.7,DEBIT,Shell,Delhi,False
6162,12,2026-01-10 17:37:00,2660.7,DEBIT,Swiggy,Mumbai,False
6163,73,2026-07-28 00:53:00,1891.25,DEBIT,Apple,Bangalore,False
6164,59,2026-03-19 18:00:00,1451.84,DEBIT,Apple,Delhi,False
6165,83,2026-03-09 19:43:00,1772.0,DEBIT,Netflix,Pune,False
6166,90,2026-06-05 10:45:00,1159.63,DEBIT,Myntra,Hyderabad,False
6167,74,2026-04-04 13:45:00,4040.79,DEBIT,Myntra,Chandigarh,False
6168,83,2026-02-05 12:46:00,2789.68,CREDIT,Walmart,Pune,False
6169,8,2026-06-20 11:51:00,1311.31,DEBIT,Shell,Mumbai,False
6170,51,2026-07-18 21:16:00,525.46,DEBIT,Myntra,Chandigarh,False
6171,92,2026-04-13 20:32:00,2199.53,DEBIT,Uber,Mumbai,False
6172,42,2026-02-17 05:05:00,1222.46,DEBIT,Uber,Bangalore,False
6173,17,2026-06-16 00:29:00,2174.06,CREDIT,Myntra,Bangalore,False
6174,47,2026-03-02 00:31:00,1796.02,DEBIT,Walmart,Pune,False
6175,67,2026-04-13 15:55:00,2688.01,CREDIT,Shell,Bangalore,False
6176,56,2026-05-18 19:02:00,5435.63,DEBIT,Netflix,Ludhiana,False
6177,30,2026-07-04 01:06:00,2064.12,DEBIT,Apple,Mumbai,False
6178,3,2026-04-14 21:31:00,4922.6,CREDIT,Myntra,Bangalore,False
6179,89,2026-07-03 03:00:00,4382.04,DEBIT,Local Store,Bangalore,False
6180,58,2026-05-20 13:29:00,2778.09,DEBIT,Local Store,Pune,False
6181,93,2026-02-17 14:58:00,3959.82,DEBIT,Amazon,Mumbai,False
6182,41,2026-06-02 19:16:00,1626.84,DEBIT,Myntra,Ludhiana,False
6183,38,2026-01-25 20:21:00,3195.03,DEBIT,Shell,Hyderabad,False
6184,73,2026-05-31 19:54:00,2743.59,DEBIT,Walmart,Hyderabad,False
6185,29,2026-04-30 10:21:00,3610.39,CREDIT,Local Store,Mumbai,False
6186,91,2026-07-23 23:45:00,6602.09,DEBIT,Flipkart,Pune,False
6187,57,2026-02-01 19:34:00,1552.75,DEBIT,Local Store,Bangalore,False
6188,59,2026-06-03 20:02:00,1366.07,DEBIT,Uber,Chandigarh,False
6189,87,2026-05-09 13:15:00,1780.01,CREDIT,Apple,Hyderabad,False
6190,73,2026-06-19 05:11:00,3949.4,CREDIT,Local Store,Delhi,False
6191,91,2026-02-19 04:55:00,2386.55,CREDIT,Amazon,Delhi,False
6192,71,2026-01-11 23:31:00,3345.5,DEBIT,Walmart,Pune,False
6193,33,2026-05-24 20:32:00,1497.83,DEBIT,Uber,Bangalore,False
6194,11,2026-05-04 20:40:00,1288.21,DEBIT,Walmart,Bangalore,False
6195,75,2026-02-05 17:41:00,4041.77,DEBIT,Amazon,Pune,False
6196,66,2026-05-09 12:53:00,363.28,DEBIT,Shell,Pune,False
6197,62,2026-04-17 16:15:00,4311.69,DEBIT,Local Store,Chandigarh,False
6198,55,2026-04-19 06:49:00,2825.41,DEBIT,Shell,Mumbai,False
6199,6,2026-02-26 12:55:00,4031.05,DEBIT,Flipkart,Delhi,False
6200,24,2026-04-04 05:07:00,4220.11,CREDIT,Netflix,Hyderabad,False
6201,31,2026-06-26 05:47:00,2491.43,DEBIT,Myntra,Chandigarh,False
6202,28,2026-02-17 08:39:00,1473.08,DEBIT,Swiggy,Hyderabad,False
6203,99,2026-01-26 08:09:00,2276.29,DEBIT,Amazon,Bangalore,False
6204,91,2026-02-03 13:13:00,2814.55,DEBIT,Apple,Delhi,False
6205,61,2026-07-05 16:29:00,6786.35,DEBIT,Amazon,Hyderabad,False
6206,53,2026-01-13 19:50:00,1097.28,DEBIT,Myntra,Hyderabad,False
6207,34,2026-07-01 03:32:00,3454.14,DEBIT,Apple,Chandigarh,False
6208,20,2026-02-02 19:19:00,5065.79,CREDIT,Myntra,Delhi,False
6209,97,2026-07-02 05:00:00,4499.78,DEBIT,Netflix,Hyderabad,False
6210,95,2026-03-13 19:23:00,854.25,DEBIT,Swiggy,Hyderabad,False
6211,74,2026-05-19 06:22:00,2490.08,DEBIT,Myntra,Mumbai,False
6212,41,2026-07-23 23:25:00,4488.54,DEBIT,Walmart,Pune,False
6213,8,2026-04-19 07:53:00,4071.46,DEBIT,Myntra,Hyderabad,False
6214,50,2026-01-27 04:56:00,2288.23,DEBIT,Uber,Pune,False
6215,49,2026-05-28 09:55:00,649.39,DEBIT,Netflix,Delhi,False
6216,99,2026-06-10 16:59:00,2381.81,DEBIT,Flipkart,Chandigarh,False
6217,90,2026-04-26 21:54:00,1997.98,DEBIT,Walmart,Pune,False
6218,78,2026-05-26 23:06:00,6379.02,DEBIT,Netflix,Delhi,False
6219,8,2026-01-20 14:15:00,3579.84,CREDIT,Flipkart,Pune,False
6220,10,2026-07-05 20:05:00,2549.82,DEBIT,Myntra,Hyderabad,False
6221,95,2026-04-20 09:27:00,5703.59,DEBIT,Shell,Delhi,False
6222,12,2026-03-13 03:31:00,780.38,DEBIT,Myntra,Pune,False
6223,81,2026-02-28 06:54:00,3820.42,DEBIT,Myntra,Pune,False
6224,21,2026-07-18 02:38:00,2959.75,DEBIT,Swiggy,Chandigarh,False
6225,59,2026-04-13 17:16:00,37437.98,DEBIT,Amazon,Bangalore,True
6226,24,2026-05-20 21:01:00,3941.29,CREDIT,Local Store,Hyderabad,False
6227,77,2026-06-24 03:05:00,3850.45,DEBIT,Amazon,Delhi,False
6228,85,2026-02-08 04:21:00,1444.81,DEBIT,Netflix,Mumbai,False
6229,51,2026-02-27 00:25:00,3226.24,DEBIT,Walmart,Mumbai,False
6230,56,2026-04-15 12:57:00,5601.14,CREDIT,Walmart,Bangalore,False
6231,64,2026-07-11 14:53:00,2285.41,CREDIT,Apple,Mumbai,False
6232,90,2026-05-09 14:15:00,2036.66,DEBIT,Swiggy,Hyderabad,False
6233,11,2026-02-26 23:36:00,1910.0,DEBIT,Uber,Mumbai,False
6234,89,2026-07-19 01:58:00,1140.47,CREDIT,Flipkart,Ludhiana,False
6235,63,2026-02-25 02:36:00,4786.63,DEBIT,Uber,Ludhiana,False
6236,100,2026-03-23 02:49:00,2690.46,DEBIT,Netflix,Bangalore,False
6237,19,2026-03-12 14:12:00,2004.7,DEBIT,Flipkart,Hyderabad,False
6238,77,2026-02-27 00:49:00,3861.58,DEBIT,Swiggy,Ludhiana,False
6239,86,2026-05-12 01:10:00,1864.93,DEBIT,Flipkart,Delhi,False
6240,59,2026-03-31 08:14:00,2878.18,CREDIT,Walmart,Hyderabad,False
6241,2,2026-01-18 22:37:00,5709.27,DEBIT,Shell,Ludhiana,False
6242,7,2026-05-27 18:31:00,5744.08,DEBIT,Apple,Hyderabad,False
6243,45,2026-01-05 08:39:00,3860.12,DEBIT,Flipkart,Ludhiana,False
6244,2,2026-07-22 10:54:00,765.01,DEBIT,Swiggy,Chandigarh,False
6245,77,2026-03-19 05:45:00,3220.38,DEBIT,Myntra,Ludhiana,False
6246,99,2026-05-18 05:38:00,3631.89,CREDIT,Netflix,Hyderabad,False
6247,50,2026-03-21 19:54:00,3551.59,DEBIT,Netflix,Bangalore,False
6248,57,2026-05-29 16:51:00,3505.73,DEBIT,Netflix,Mumbai,False
6249,62,2026-06-06 16:55:00,3386.23,CREDIT,Uber,Ludhiana,False
6250,15,2026-01-01 04:31:00,2906.35,DEBIT,Uber,Mumbai,False
6251,63,2026-04-25 00:58:00,1192.3,DEBIT,Amazon,Bangalore,False
6252,22,2026-04-27 07:45:00,907.81,DEBIT,Amazon,Bangalore,False
6253,61,2026-07-25 05:26:00,758.01,CREDIT,Swiggy,Mumbai,False
6254,77,2026-06-27 05:49:00,989.39,DEBIT,Myntra,Mumbai,False
6255,53,2026-02-11 19:35:00,1375.03,CREDIT,Local Store,Ludhiana,False
6256,12,2026-03-26 09:54:00,2023.84,DEBIT,Swiggy,Chandigarh,False
6257,47,2026-06-13 23:39:00,1015.65,DEBIT,Apple,Ludhiana,False
6258,96,2026-05-12 21:00:00,3532.23,DEBIT,Myntra,Delhi,False
6259,32,2026-04-07 02:23:00,798.19,CREDIT,Local Store,Chandigarh,False
6260,9,2026-07-25 12:33:00,3578.4,DEBIT,Flipkart,Mumbai,False
6261,44,2026-02-27 10:58:00,1899.8,DEBIT,Walmart,Mumbai,False
6262,29,2026-06-11 19:00:00,2897.01,DEBIT,Flipkart,Chandigarh,False
6263,10,2026-07-24 21:41:00,4395.46,DEBIT,Shell,Chandigarh,False
6264,43,2026-07-15 19:56:00,2068.6,DEBIT,Netflix,Mumbai,False
6265,94,2026-01-22 17:58:00,946.07,DEBIT,Flipkart,Ludhiana,False
6266,2,2026-02-11 06:07:00,1550.86,DEBIT,Myntra,Mumbai,False
6267,49,2026-01-25 10:49:00,1867.04,DEBIT,Local Store,Mumbai,False
6268,36,2026-05-29 19:42:00,1953.16,DEBIT,Uber,Hyderabad,False
6269,85,2026-03-27 07:16:00,1188.87,DEBIT,Netflix,Delhi,False
6270,100,2026-03-28 04:42:00,5564.98,DEBIT,Netflix,Bangalore,False
6271,25,2026-07-17 05:27:00,2633.16,DEBIT,Amazon,Ludhiana,False
6272,51,2026-03-09 16:27:00,7198.11,DEBIT,Walmart,Ludhiana,False
6273,52,2026-04-29 09:47:00,3160.51,CREDIT,Myntra,Ludhiana,False
6274,84,2026-06-23 08:09:00,4146.08,DEBIT,Netflix,Chandigarh,False
6275,55,2026-07-07 16:15:00,1227.69,DEBIT,Netflix,Hyderabad,False
6276,56,2026-07-27 05:54:00,3669.19,DEBIT,Myntra,Pune,False
6277,73,2026-01-05 01:18:00,3875.26,DEBIT,Amazon,Pune,False
6278,83,2026-01-17 21:10:00,1807.3,CREDIT,Myntra,Pune,False
6279,18,2026-01-10 21:41:00,3808.22,CREDIT,Walmart,Delhi,False
6280,57,2026-02-23 17:26:00,4186.08,DEBIT,Swiggy,Bangalore,False
6281,19,2026-05-02 02:00:00,2802.51,DEBIT,Local Store,Bangalore,False
6282,86,2026-07-01 23:58:00,1000.73,DEBIT,Walmart,Delhi,False
6283,59,2026-06-11 00:53:00,2717.19,CREDIT,Uber,Bangalore,False
6284,82,2026-07-21 08:46:00,2502.62,DEBIT,Myntra,Pune,False
6285,5,2026-04-25 20:12:00,4422.61,DEBIT,Netflix,Pune,False
6286,71,2026-05-23 16:19:00,3355.22,DEBIT,Flipkart,Ludhiana,False
6287,81,2026-05-16 01:28:00,2219.99,DEBIT,Amazon,Hyderabad,False
6288,59,2026-05-08 03:21:00,4090.37,CREDIT,Walmart,Hyderabad,False
6289,25,2026-02-16 18:46:00,3391.03,DEBIT,Shell,Delhi,False
6290,41,2026-06-13 19:18:00,2562.26,DEBIT,Amazon,Hyderabad,False
6291,24,2026-07-27 05:24:00,4152.98,DEBIT,Shell,Hyderabad,False
6292,20,2026-03-04 03:09:00,800.55,CREDIT,Apple,Delhi,False
6293,29,2026-03-11 23:36:00,2582.78,CREDIT,Local Store,Delhi,False
6294,68,2026-05-29 13:07:00,2178.88,DEBIT,Shell,Bangalore,False
6295,88,2026-07-07 19:55:00,5300.24,CREDIT,Walmart,Chandigarh,False
6296,57,2026-06-04 22:39:00,1812.8,DEBIT,Flipkart,Pune,False
6297,53,2026-05-08 09:26:00,543.72,CREDIT,Local Store,Bangalore,False
6298,58,2026-04-30 02:37:00,4714.45,DEBIT,Apple,Delhi,False
6299,1,2026-06-25 06:27:00,1911.59,CREDIT,Uber,Bangalore,False
6300,2,2026-07-14 03:06:00,1171.93,DEBIT,Local Store,Pune,False
6301,65,2026-04-29 10:48:00,3879.42,DEBIT,Shell,Chandigarh,False
6302,20,2026-04-17 07:11:00,1523.51,DEBIT,Flipkart,Hyderabad,False
6303,61,2026-02-11 13:22:00,3497.23,DEBIT,Amazon,Hyderabad,False
6304,37,2026-06-19 23:57:00,898.63,DEBIT,Apple,Ludhiana,False
6305,32,2026-02-11 17:13:00,800.06,DEBIT,Walmart,Bangalore,False
6306,82,2026-06-09 00:10:00,2601.07,DEBIT,Walmart,Mumbai,False
6307,83,2026-01-17 09:33:00,1645.5,DEBIT,Amazon,Delhi,False
6308,40,2026-07-21 14:34:00,1490.89,DEBIT,Local Store,Mumbai,False
6309,17,2026-01-14 12:30:00,4988.88,DEBIT,Swiggy,Bangalore,False
6310,78,2026-05-01 21:21:00,4351.79,DEBIT,Swiggy,Pune,False
6311,45,2026-01-15 19:49:00,4656.14,DEBIT,Netflix,Hyderabad,False
6312,84,2026-05-27 21:23:00,1613.56,DEBIT,Apple,Chandigarh,False
6313,18,2026-02-05 10:02:00,4090.3,DEBIT,Myntra,Delhi,False
6314,68,2026-01-24 12:40:00,4573.28,DEBIT,Apple,Hyderabad,False
6315,83,2026-05-29 04:10:00,3421.04,CREDIT,Swiggy,Pune,False
6316,32,2026-01-15 19:00:00,4787.44,DEBIT,Amazon,Bangalore,False
6317,46,2026-07-20 07:10:00,1929.77,DEBIT,Shell,Hyderabad,False
6318,95,2026-04-26 02:48:00,1862.08,DEBIT,Walmart,Bangalore,False
6319,2,2026-07-02 18:12:00,2542.99,DEBIT,Myntra,Mumbai,False
6320,10,2026-07-02 10:32:00,3526.42,DEBIT,Walmart,Chandigarh,False
6321,53,2026-03-25 16:13:00,5291.73,CREDIT,Shell,Bangalore,False
6322,49,2026-07-20 01:44:00,3014.1,DEBIT,Walmart,Bangalore,False
6323,7,2026-02-25 20:59:00,952.38,DEBIT,Flipkart,Chandigarh,False
6324,30,2026-03-21 17:57:00,1197.65,CREDIT,Swiggy,Delhi,False
6325,17,2026-02-28 21:49:00,1918.41,DEBIT,Local Store,Bangalore,False
6326,64,2026-04-23 12:46:00,3445.1,DEBIT,Myntra,Bangalore,False
6327,47,2026-06-14 07:58:00,866.9,DEBIT,Walmart,Chandigarh,False
6328,30,2026-05-03 15:27:00,3840.92,DEBIT,Myntra,Delhi,False
6329,55,2026-01-31 00:46:00,637.35,CREDIT,Apple,Hyderabad,False
6330,99,2026-03-27 12:39:00,31751.31,DEBIT,Uber,Hyderabad,True
6331,34,2026-05-06 14:40:00,1894.09,DEBIT,Shell,Pune,False
6332,82,2026-05-31 18:21:00,1257.65,CREDIT,Local Store,Bangalore,False
6333,94,2026-02-11 16:32:00,4857.96,CREDIT,Netflix,Pune,False
6334,60,2026-07-04 05:20:00,4113.62,DEBIT,Myntra,Hyderabad,False
6335,55,2026-06-11 17:51:00,704.55,CREDIT,Netflix,Ludhiana,False
6336,51,2026-04-24 18:18:00,3400.4,DEBIT,Uber,Hyderabad,False
6337,61,2026-02-14 01:53:00,5096.21,DEBIT,Apple,Chandigarh,False
6338,34,2026-01-02 05:43:00,4331.4,CREDIT,Uber,Chandigarh,False
6339,89,2026-07-20 06:43:00,54339.72,DEBIT,Netflix,Hyderabad,True
6340,72,2026-06-06 15:30:00,1614.93,CREDIT,Uber,Hyderabad,False
6341,12,2026-05-06 11:50:00,1428.47,DEBIT,Walmart,Hyderabad,False
6342,2,2026-02-18 06:00:00,3485.74,DEBIT,Flipkart,Hyderabad,False
6343,19,2026-07-03 06:03:00,3838.1,CREDIT,Amazon,Ludhiana,False
6344,36,2026-07-11 08:42:00,69375.41,DEBIT,Local Store,Pune,True
6345,21,2026-03-09 02:42:00,2864.31,DEBIT,Local Store,Mumbai,False
6346,63,2026-04-01 09:04:00,3261.41,DEBIT,Uber,Chandigarh,False
6347,61,2026-06-13 09:53:00,1215.41,DEBIT,Myntra,Pune,False
6348,55,2026-05-03 05:46:00,2834.02,DEBIT,Shell,Hyderabad,False
6349,66,2026-07-15 16:07:00,2526.72,CREDIT,Myntra,Pune,False
6350,91,2026-02-24 23:52:00,1960.91,DEBIT,Local Store,Bangalore,False
6351,35,2026-05-07 04:26:00,3340.52,DEBIT,Myntra,Mumbai,False
6352,94,2026-07-03 17:33:00,4230.1,DEBIT,Apple,Pune,False
6353,78,2026-06-03 21:32:00,6679.69,DEBIT,Myntra,Pune,False
6354,65,2026-03-11 16:23:00,1457.36,DEBIT,Walmart,Chandigarh,False
6355,16,2026-06-13 21:46:00,4371.88,DEBIT,Local Store,Delhi,False
6356,44,2026-03-17 12:02:00,1331.84,DEBIT,Shell,Pune,False
6357,69,2026-02-04 21:25:00,1666.76,CREDIT,Shell,Delhi,False
6358,14,2026-01-05 03:00:00,3084.41,DEBIT,Uber,Mumbai,False
6359,55,2026-07-02 07:28:00,1238.62,DEBIT,Shell,Hyderabad,False
6360,89,2026-05-14 00:36:00,3991.6,DEBIT,Netflix,Delhi,False
6361,15,2026-06-26 05:28:00,2212.22,DEBIT,Shell,Delhi,False
6362,47,2026-02-01 12:36:00,1697.68,DEBIT,Flipkart,Ludhiana,False
6363,11,2026-03-08 18:08:00,483.71,DEBIT,Netflix,Pune,False
6364,49,2026-01-14 18:56:00,2472.5,DEBIT,Uber,Chandigarh,False
6365,84,2026-02-17 23:55:00,1682.9,DEBIT,Uber,Bangalore,False
6366,14,2026-02-23 07:24:00,4690.93,DEBIT,Swiggy,Pune,False
6367,13,2026-02-15 15:31:00,4919.7,CREDIT,Walmart,Delhi,False
6368,68,2026-06-24 18:53:00,1398.04,DEBIT,Local Store,Ludhiana,False
6369,64,2026-07-10 14:00:00,5279.72,DEBIT,Walmart,Delhi,False
6370,73,2026-05-09 19:42:00,5069.5,DEBIT,Uber,Hyderabad,False
6371,55,2026-03-20 01:39:00,2279.96,CREDIT,Swiggy,Ludhiana,False
6372,12,2026-03-01 16:41:00,4399.53,DEBIT,Walmart,Bangalore,False
6373,6,2026-06-15 01:40:00,2763.53,DEBIT,Walmart,Bangalore,False
6374,97,2026-01-04 15:29:00,2390.13,DEBIT,Local Store,Mumbai,False
6375,4,2026-03-06 11:22:00,3504.56,DEBIT,Swiggy,Hyderabad,False
6376,6,2026-04-14 14:23:00,3662.22,DEBIT,Myntra,Bangalore,False
6377,66,2026-07-14 12:26:00,5112.87,DEBIT,Shell,Ludhiana,False
6378,22,2026-03-25 03:53:00,650.55,DEBIT,Shell,Delhi,False
6379,43,2026-02-19 05:15:00,5915.68,DEBIT,Local Store,Chandigarh,False
6380,86,2026-04-30 09:52:00,4830.96,CREDIT,Apple,Delhi,False
6381,15,2026-04-18 16:12:00,1506.3,DEBIT,Myntra,Hyderabad,False
6382,48,2026-07-04 04:16:00,1214.73,DEBIT,Shell,Chandigarh,False
6383,40,2026-03-05 05:48:00,2048.09,DEBIT,Apple,Hyderabad,False
6384,55,2026-07-10 12:08:00,1935.52,DEBIT,Netflix,Chandigarh,False
6385,45,2026-05-03 09:36:00,1792.16,DEBIT,Shell,Mumbai,False
6386,70,2026-07-01 23:19:00,2222.25,DEBIT,Myntra,Delhi,False
6387,79,2026-02-04 14:02:00,3070.59,CREDIT,Walmart,Hyderabad,False
6388,30,2026-07-02 03:53:00,3460.72,CREDIT,Amazon,Bangalore,False
6389,25,2026-06-03 02:35:00,1910.36,DEBIT,Apple,Delhi,False
6390,15,2026-01-12 06:49:00,912.35,DEBIT,Walmart,Ludhiana,False
6391,87,2026-06-08 07:09:00,1610.3,DEBIT,Uber,Mumbai,False
6392,50,2026-01-29 03:07:00,684.97,DEBIT,Swiggy,Pune,False
6393,36,2026-02-12 14:06:00,695.33,DEBIT,Swiggy,Delhi,False
6394,38,2026-02-26 20:34:00,966.15,DEBIT,Netflix,Delhi,False
6395,1,2026-04-18 10:39:00,971.53,DEBIT,Flipkart,Chandigarh,False
6396,95,2026-02-10 02:22:00,1852.7,DEBIT,Local Store,Pune,False
6397,82,2026-01-05 05:29:00,3372.83,CREDIT,Amazon,Hyderabad,False
6398,97,2026-06-10 13:18:00,4235.78,DEBIT,Netflix,Pune,False
6399,46,2026-02-01 16:27:00,1020.38,DEBIT,Myntra,Hyderabad,False
6400,56,2026-02-09 20:11:00,1713.79,DEBIT,Netflix,Pune,False
6401,4,2026-05-18 00:47:00,1440.53,DEBIT,Myntra,Delhi,False
6402,7,2026-06-04 03:59:00,3492.71,DEBIT,Amazon,Mumbai,False
6403,38,2026-06-11 13:56:00,3842.86,DEBIT,Apple,Delhi,False
6404,86,2026-06-21 10:04:00,1763.01,DEBIT,Walmart,Chandigarh,False
6405,44,2026-06-29 13:39:00,1638.04,DEBIT,Flipkart,Mumbai,False
6406,51,2026-06-19 03:38:00,5975.6,DEBIT,Shell,Ludhiana,False
6407,91,2026-05-27 00:22:00,5969.32,DEBIT,Shell,Hyderabad,False
6408,32,2026-04-26 12:09:00,799.02,CREDIT,Walmart,Delhi,False
6409,9,2026-07-02 07:37:00,1626.85,DEBIT,Apple,Bangalore,False
6410,40,2026-01-28 01:47:00,4254.28,DEBIT,Netflix,Chandigarh,False
6411,10,2026-02-03 15:28:00,2460.2,DEBIT,Local Store,Delhi,False
6412,88,2026-04-23 23:08:00,2555.47,DEBIT,Flipkart,Pune,False
6413,7,2026-01-03 17:00:00,1608.21,DEBIT,Walmart,Pune,False
6414,12,2026-02-02 12:37:00,5028.56,DEBIT,Myntra,Delhi,False
6415,50,2026-03-24 04:09:00,71881.91,DEBIT,Apple,Ludhiana,True
6416,69,2026-07-10 04:20:00,1414.46,DEBIT,Walmart,Chandigarh,False
6417,21,2026-07-05 12:02:00,46068.79,DEBIT,Swiggy,Chandigarh,True
6418,2,2026-04-26 11:40:00,777.36,DEBIT,Apple,Hyderabad,False
6419,17,2026-07-21 07:47:00,3746.68,CREDIT,Uber,Hyderabad,False
6420,38,2026-04-13 00:04:00,513.37,DEBIT,Netflix,Bangalore,False
6421,98,2026-01-26 09:11:00,3166.19,CREDIT,Walmart,Bangalore,False
6422,61,2026-05-25 02:09:00,2596.5,DEBIT,Swiggy,Mumbai,False
6423,36,2026-01-23 17:40:00,4004.14,CREDIT,Swiggy,Bangalore,False
6424,17,2026-06-03 21:51:00,3752.46,CREDIT,Shell,Bangalore,False
6425,52,2026-05-07 14:18:00,293.94,DEBIT,Walmart,Pune,False
6426,90,2026-04-12 14:37:00,1877.51,DEBIT,Swiggy,Chandigarh,False
6427,41,2026-04-29 05:43:00,1352.52,DEBIT,Netflix,Hyderabad,False
6428,30,2026-04-09 10:14:00,715.84,DEBIT,Local Store,Hyderabad,False
6429,41,2026-02-07 15:31:00,660.31,CREDIT,Walmart,Pune,False
6430,28,2026-02-07 22:44:00,2763.94,CREDIT,Netflix,Pune,False
6431,87,2026-02-08 07:07:00,969.78,DEBIT,Amazon,Chandigarh,False
6432,70,2026-06-26 01:09:00,3944.69,DEBIT,Shell,Chandigarh,False
6433,74,2026-02-10 14:05:00,4255.91,DEBIT,Shell,Hyderabad,False
6434,99,2026-04-10 20:46:00,2082.74,CREDIT,Walmart,Pune,False
6435,87,2026-04-22 13:43:00,2200.9,DEBIT,Myntra,Mumbai,False
6436,31,2026-06-20 16:24:00,1436.72,DEBIT,Netflix,Chandigarh,False
6437,98,2026-05-12 03:55:00,4373.6,DEBIT,Uber,Hyderabad,False
6438,47,2026-06-26 02:31:00,4603.48,DEBIT,Flipkart,Delhi,False
6439,33,2026-02-12 01:54:00,5165.13,DEBIT,Shell,Bangalore,False
6440,80,2026-06-12 23:57:00,1908.51,DEBIT,Apple,Pune,False
6441,3,2026-05-09 23:59:00,3044.0,DEBIT,Amazon,Ludhiana,False
6442,45,2026-07-02 20:12:00,3343.45,DEBIT,Walmart,Ludhiana,False
6443,35,2026-03-16 19:35:00,2872.24,DEBIT,Local Store,Ludhiana,False
6444,82,2026-06-05 02:37:00,5446.45,DEBIT,Walmart,Delhi,False
6445,77,2026-05-19 19:14:00,1943.94,DEBIT,Uber,Pune,False
6446,63,2026-01-10 10:34:00,4082.35,CREDIT,Shell,Ludhiana,False
6447,95,2026-02-14 16:30:00,4926.31,DEBIT,Uber,Pune,False
6448,16,2026-02-20 19:21:00,2824.0,DEBIT,Shell,Mumbai,False
6449,100,2026-04-30 21:40:00,4636.13,DEBIT,Swiggy,Chandigarh,False
6450,64,2026-03-19 23:37:00,1291.84,DEBIT,Shell,Hyderabad,False
6451,45,2026-06-17 15:51:00,5216.25,DEBIT,Walmart,Bangalore,False
6452,12,2026-06-30 21:08:00,1243.7,CREDIT,Myntra,Mumbai,False
6453,19,2026-04-03 14:48:00,1257.29,DEBIT,Uber,Hyderabad,False
6454,13,2026-02-24 23:59:00,3020.38,DEBIT,Amazon,Ludhiana,False
6455,33,2026-02-10 18:05:00,1104.79,DEBIT,Flipkart,Pune,False
6456,66,2026-04-15 16:06:00,2724.16,DEBIT,Uber,Bangalore,False
6457,7,2026-05-01 03:38:00,2753.78,DEBIT,Netflix,Hyderabad,False
6458,83,2026-05-13 13:52:00,1178.52,DEBIT,Flipkart,Pune,False
6459,95,2026-03-23 11:02:00,2355.45,CREDIT,Swiggy,Bangalore,False
6460,86,2026-06-17 14:26:00,4098.49,DEBIT,Local Store,Bangalore,False
6461,59,2026-01-27 00:16:00,762.94,DEBIT,Uber,Ludhiana,False
6462,20,2026-02-07 03:05:00,842.86,DEBIT,Walmart,Mumbai,False
6463,84,2026-01-17 03:32:00,1752.33,DEBIT,Uber,Hyderabad,False
6464,34,2026-07-11 05:53:00,2732.98,DEBIT,Apple,Pune,False
6465,94,2026-03-08 00:44:00,4737.51,DEBIT,Netflix,Hyderabad,False
6466,22,2026-04-01 18:09:00,5129.27,DEBIT,Shell,Hyderabad,False
6467,42,2026-04-21 19:56:00,5301.36,CREDIT,Netflix,Ludhiana,False
6468,14,2026-07-11 19:10:00,1265.01,DEBIT,Flipkart,Ludhiana,False
6469,57,2026-02-10 15:13:00,5279.38,DEBIT,Swiggy,Hyderabad,False
6470,95,2026-01-20 16:35:00,3989.35,DEBIT,Shell,Delhi,False
6471,80,2026-01-25 03:30:00,62395.66,DEBIT,Shell,Delhi,True
6472,70,2026-07-18 05:36:00,1570.62,DEBIT,Shell,Hyderabad,False
6473,99,2026-06-09 08:25:00,3457.47,DEBIT,Netflix,Ludhiana,False
6474,16,2026-06-12 03:51:00,892.07,CREDIT,Amazon,Pune,False
6475,33,2026-04-23 08:28:00,2563.74,DEBIT,Amazon,Chandigarh,False
6476,63,2026-04-27 19:49:00,5052.94,DEBIT,Netflix,Bangalore,False
6477,42,2026-04-07 01:07:00,2973.37,DEBIT,Shell,Pune,False
6478,13,2026-01-10 23:43:00,3479.73,CREDIT,Shell,Hyderabad,False
6479,23,2026-02-19 14:50:00,3018.05,DEBIT,Shell,Bangalore,False
6480,63,2026-03-02 10:16:00,1861.34,CREDIT,Flipkart,Ludhiana,False
6481,63,2026-04-18 07:53:00,3883.41,DEBIT,Walmart,Bangalore,False
6482,31,2026-01-06 21:00:00,1611.53,DEBIT,Swiggy,Chandigarh,False
6483,54,2026-05-27 05:08:00,2283.92,DEBIT,Netflix,Hyderabad,False
6484,30,2026-01-26 03:42:00,921.24,DEBIT,Swiggy,Pune,False
6485,12,2026-03-22 04:17:00,6659.41,DEBIT,Amazon,Ludhiana,False
6486,32,2026-03-11 06:58:00,2644.12,DEBIT,Apple,Pune,False
6487,8,2026-03-20 05:54:00,1382.83,DEBIT,Myntra,Ludhiana,False
6488,81,2026-02-05 12:09:00,3449.95,DEBIT,Shell,Ludhiana,False
6489,18,2026-07-08 08:45:00,5183.81,CREDIT,Uber,Delhi,False
6490,62,2026-03-08 10:48:00,1004.26,DEBIT,Apple,Chandigarh,False
6491,89,2026-03-30 18:39:00,1666.44,CREDIT,Uber,Bangalore,False
6492,42,2026-04-30 14:15:00,1008.55,DEBIT,Uber,Ludhiana,False
6493,85,2026-06-10 14:53:00,2359.21,DEBIT,Local Store,Pune,False
6494,16,2026-02-27 20:32:00,1572.13,CREDIT,Amazon,Ludhiana,False
6495,45,2026-03-27 06:04:00,3316.34,DEBIT,Flipkart,Pune,False
6496,90,2026-07-15 13:20:00,757.16,CREDIT,Walmart,Ludhiana,False
6497,78,2026-04-06 18:35:00,4357.64,DEBIT,Apple,Bangalore,False
6498,56,2026-07-16 02:36:00,1040.46,DEBIT,Walmart,Hyderabad,False
6499,94,2026-04-05 18:32:00,2401.83,CREDIT,Amazon,Pune,False
6500,47,2026-05-15 16:16:00,5272.1,CREDIT,Flipkart,Chandigarh,False
6501,62,2026-02-12 14:44:00,3837.29,DEBIT,Swiggy,Pune,False
6502,64,2026-03-30 09:02:00,5389.76,DEBIT,Amazon,Delhi,False
6503,10,2026-01-13 02:42:00,1483.39,DEBIT,Flipkart,Pune,False
6504,81,2026-06-24 07:25:00,3951.5,DEBIT,Amazon,Ludhiana,False
6505,10,2026-04-23 14:57:00,4471.28,DEBIT,Shell,Bangalore,False
6506,1,2026-04-17 23:14:00,3940.38,DEBIT,Amazon,Delhi,False
6507,38,2026-05-21 04:33:00,3682.7,DEBIT,Shell,Hyderabad,False
6508,28,2026-06-10 11:04:00,2261.86,CREDIT,Flipkart,Mumbai,False
6509,47,2026-02-21 16:32:00,2080.99,DEBIT,Apple,Chandigarh,False
6510,55,2026-01-23 00:49:00,1680.6,DEBIT,Walmart,Mumbai,False
6511,68,2026-07-04 15:28:00,528.4,DEBIT,Walmart,Mumbai,False
6512,86,2026-05-20 19:56:00,4702.65,CREDIT,Flipkart,Mumbai,False
6513,88,2026-05-01 02:43:00,4666.83,DEBIT,Local Store,Delhi,False
6514,40,2026-01-08 20:10:00,1798.95,DEBIT,Myntra,Hyderabad,False
6515,10,2026-06-25 03:16:00,3931.89,DEBIT,Myntra,Hyderabad,False
6516,99,2026-03-10 16:48:00,6586.99,DEBIT,Walmart,Pune,False
6517,6,2026-04-01 02:43:00,4829.32,DEBIT,Walmart,Ludhiana,False
6518,59,2026-05-12 21:08:00,1684.89,DEBIT,Apple,Chandigarh,False
6519,13,2026-06-02 16:57:00,2347.56,DEBIT,Apple,Bangalore,False
6520,98,2026-03-07 12:58:00,5758.86,DEBIT,Apple,Pune,False
6521,40,2026-01-25 12:10:00,797.01,DEBIT,Walmart,Hyderabad,False
6522,31,2026-04-09 23:30:00,3710.46,DEBIT,Apple,Hyderabad,False
6523,64,2026-06-16 14:12:00,3175.56,CREDIT,Flipkart,Ludhiana,False
6524,12,2026-04-19 23:38:00,2899.03,DEBIT,Shell,Ludhiana,False
6525,40,2026-07-18 05:10:00,806.81,DEBIT,Apple,Chandigarh,False
6526,31,2026-02-26 07:30:00,4520.1,CREDIT,Apple,Ludhiana,False
6527,95,2026-06-23 12:30:00,2918.07,DEBIT,Netflix,Chandigarh,False
6528,51,2026-06-23 19:04:00,3475.27,DEBIT,Swiggy,Hyderabad,False
6529,33,2026-04-28 02:26:00,3617.89,DEBIT,Netflix,Bangalore,False
6530,19,2026-07-15 21:17:00,2143.77,DEBIT,Myntra,Delhi,False
6531,55,2026-06-16 15:42:00,787.89,DEBIT,Swiggy,Chandigarh,False
6532,89,2026-01-30 17:09:00,4467.86,CREDIT,Local Store,Delhi,False
6533,77,2026-05-05 16:54:00,1135.06,DEBIT,Local Store,Pune,False
6534,84,2026-06-08 11:05:00,3847.75,DEBIT,Local Store,Chandigarh,False
6535,2,2026-02-12 12:24:00,2149.72,DEBIT,Amazon,Pune,False
6536,48,2026-03-19 09:21:00,5725.86,DEBIT,Local Store,Pune,False
6537,86,2026-04-12 00:35:00,3929.17,DEBIT,Myntra,Chandigarh,False
6538,62,2026-04-09 22:04:00,4805.32,CREDIT,Amazon,Bangalore,False
6539,58,2026-05-13 23:04:00,1903.65,DEBIT,Amazon,Pune,False
6540,11,2026-04-04 05:22:00,2360.42,CREDIT,Local Store,Bangalore,False
6541,5,2026-04-27 18:23:00,3656.34,CREDIT,Myntra,Hyderabad,False
6542,42,2026-03-20 19:32:00,684.47,DEBIT,Myntra,Bangalore,False
6543,35,2026-06-22 08:37:00,3650.6,DEBIT,Swiggy,Hyderabad,False
6544,97,2026-05-04 03:47:00,3274.92,DEBIT,Apple,Mumbai,False
6545,1,2026-05-05 07:44:00,3900.63,DEBIT,Netflix,Hyderabad,False
6546,2,2026-06-21 04:13:00,3563.91,DEBIT,Uber,Ludhiana,False
6547,81,2026-07-04 18:41:00,3841.51,DEBIT,Shell,Chandigarh,False
6548,8,2026-04-10 06:54:00,3425.93,DEBIT,Uber,Pune,False
6549,83,2026-06-04 06:04:00,5029.28,DEBIT,Local Store,Ludhiana,False
6550,4,2026-06-19 04:28:00,3847.27,DEBIT,Swiggy,Pune,False
6551,40,2026-04-14 22:28:00,2117.19,DEBIT,Netflix,Pune,False
6552,47,2026-05-25 22:40:00,1046.72,CREDIT,Walmart,Chandigarh,False
6553,46,2026-04-04 05:23:00,851.1,DEBIT,Uber,Bangalore,False
6554,63,2026-07-25 10:30:00,989.2,CREDIT,Walmart,Ludhiana,False
6555,15,2026-06-21 09:21:00,2813.44,DEBIT,Uber,Bangalore,False
6556,78,2026-05-22 08:07:00,1175.7,DEBIT,Local Store,Delhi,False
6557,45,2026-02-21 16:08:00,2207.69,DEBIT,Netflix,Delhi,False
6558,62,2026-01-24 01:13:00,3560.88,DEBIT,Netflix,Mumbai,False
6559,97,2026-03-17 21:54:00,3696.38,DEBIT,Myntra,Bangalore,False
6560,30,2026-03-05 22:19:00,1796.86,CREDIT,Apple,Ludhiana,False
6561,37,2026-05-09 07:49:00,1302.22,DEBIT,Local Store,Ludhiana,False
6562,16,2026-04-20 10:02:00,1040.38,DEBIT,Swiggy,Bangalore,False
6563,6,2026-02-04 09:09:00,2116.08,DEBIT,Apple,Chandigarh,False
6564,46,2026-01-30 21:28:00,3099.3,DEBIT,Uber,Delhi,False
6565,25,2026-05-14 18:44:00,2102.27,CREDIT,Local Store,Chandigarh,False
6566,56,2026-04-03 09:48:00,2815.09,DEBIT,Uber,Mumbai,False
6567,74,2026-06-25 08:54:00,4571.49,DEBIT,Flipkart,Hyderabad,False
6568,87,2026-02-27 21:31:00,4460.48,CREDIT,Shell,Ludhiana,False
6569,39,2026-07-20 05:02:00,1603.0,DEBIT,Flipkart,Delhi,False
6570,95,2026-03-07 06:50:00,1670.41,CREDIT,Myntra,Chandigarh,False
6571,18,2026-01-28 04:02:00,4441.08,DEBIT,Swiggy,Mumbai,False
6572,46,2026-05-09 08:11:00,802.91,CREDIT,Netflix,Mumbai,False
6573,55,2026-04-22 03:09:00,2100.53,CREDIT,Shell,Mumbai,False
6574,89,2026-07-23 06:56:00,2271.86,DEBIT,Myntra,Hyderabad,False
6575,91,2026-07-11 16:37:00,3515.37,CREDIT,Local Store,Hyderabad,False
6576,35,2026-03-04 10:17:00,3197.01,DEBIT,Shell,Chandigarh,False
6577,57,2026-05-20 15:30:00,1006.44,CREDIT,Local Store,Delhi,False
6578,7,2026-03-02 05:15:00,1852.94,DEBIT,Local Store,Chandigarh,False
6579,80,2026-02-06 12:42:00,4248.03,DEBIT,Flipkart,Chandigarh,False
6580,29,2026-02-21 05:40:00,924.53,DEBIT,Amazon,Bangalore,False
6581,3,2026-02-09 05:39:00,38560.23,DEBIT,Flipkart,Ludhiana,True
6582,77,2026-04-01 11:22:00,3869.26,DEBIT,Myntra,Delhi,False
6583,24,2026-05-25 01:18:00,1143.47,DEBIT,Netflix,Hyderabad,False
6584,46,2026-03-18 06:45:00,2346.77,DEBIT,Flipkart,Mumbai,False
6585,9,2026-04-21 00:09:00,3897.38,DEBIT,Flipkart,Chandigarh,False
6586,57,2026-02-03 08:39:00,4395.09,CREDIT,Netflix,Chandigarh,False
6587,8,2026-06-17 21:47:00,3390.14,CREDIT,Apple,Ludhiana,False
6588,25,2026-05-11 21:00:00,557.15,CREDIT,Swiggy,Delhi,False
6589,64,2026-06-12 03:07:00,7988.18,DEBIT,Netflix,Chandigarh,False
6590,28,2026-01-17 03:00:00,1602.3,DEBIT,Walmart,Hyderabad,False
6591,1,2026-02-26 23:23:00,1082.19,DEBIT,Walmart,Hyderabad,False
6592,71,2026-02-27 23:54:00,2814.88,DEBIT,Apple,Delhi,False
6593,1,2026-06-05 05:33:00,2520.7,DEBIT,Swiggy,Delhi,False
6594,22,2026-01-31 22:48:00,5713.87,DEBIT,Apple,Mumbai,False
6595,44,2026-01-24 08:30:00,3513.15,DEBIT,Shell,Pune,False
6596,4,2026-04-21 06:11:00,5230.1,DEBIT,Flipkart,Delhi,False
6597,11,2026-07-28 07:44:00,4465.31,DEBIT,Flipkart,Ludhiana,False
6598,81,2026-02-17 07:48:00,53546.78,DEBIT,Swiggy,Pune,True
6599,77,2026-06-30 00:05:00,4484.02,DEBIT,Myntra,Ludhiana,False
6600,56,2026-04-04 10:48:00,1494.63,CREDIT,Shell,Hyderabad,False
6601,43,2026-03-03 13:58:00,1984.77,CREDIT,Uber,Bangalore,False
6602,52,2026-05-21 19:49:00,5322.68,CREDIT,Local Store,Bangalore,False
6603,85,2026-06-29 03:23:00,2235.78,CREDIT,Flipkart,Hyderabad,False
6604,34,2026-02-28 00:30:00,4456.41,DEBIT,Myntra,Hyderabad,False
6605,64,2026-02-05 08:47:00,1230.09,CREDIT,Swiggy,Delhi,False
6606,48,2026-01-28 12:56:00,5874.12,DEBIT,Local Store,Chandigarh,False
6607,86,2026-03-04 01:00:00,2963.84,DEBIT,Swiggy,Chandigarh,False
6608,95,2026-04-29 17:29:00,4394.67,CREDIT,Amazon,Bangalore,False
6609,35,2026-02-20 00:36:00,4476.46,CREDIT,Local Store,Bangalore,False
6610,99,2026-01-07 20:07:00,1284.19,DEBIT,Shell,Ludhiana,False
6611,8,2026-03-24 18:26:00,3842.89,CREDIT,Myntra,Pune,False
6612,66,2026-03-06 08:43:00,3202.2,CREDIT,Swiggy,Ludhiana,False
6613,33,2026-04-03 18:21:00,5590.44,DEBIT,Walmart,Chandigarh,False
6614,93,2026-04-18 08:06:00,2768.39,DEBIT,Uber,Hyderabad,False
6615,1,2026-01-04 20:42:00,1928.8,DEBIT,Amazon,Chandigarh,False
6616,69,2026-06-05 01:53:00,1028.57,DEBIT,Flipkart,Ludhiana,False
6617,61,2026-06-20 05:19:00,1559.27,DEBIT,Swiggy,Chandigarh,False
6618,95,2026-04-02 14:17:00,835.77,DEBIT,Walmart,Hyderabad,False
6619,59,2026-01-06 01:28:00,3917.54,DEBIT,Walmart,Pune,False
6620,59,2026-07-15 11:22:00,2178.48,CREDIT,Amazon,Delhi,False
6621,58,2026-05-14 21:12:00,3923.92,DEBIT,Flipkart,Chandigarh,False
6622,56,2026-06-25 22:12:00,912.0,DEBIT,Myntra,Hyderabad,False
6623,6,2026-02-28 00:10:00,1518.07,DEBIT,Uber,Ludhiana,False
6624,98,2026-02-12 17:09:00,1590.57,DEBIT,Apple,Mumbai,False
6625,2,2026-06-14 17:47:00,4205.23,DEBIT,Uber,Pune,False
6626,47,2026-03-13 11:06:00,3042.1,DEBIT,Swiggy,Hyderabad,False
6627,60,2026-02-07 05:32:00,4268.86,CREDIT,Uber,Pune,False
6628,99,2026-04-08 10:22:00,965.34,DEBIT,Apple,Pune,False
6629,60,2026-07-16 10:13:00,3488.08,CREDIT,Amazon,Delhi,False
6630,23,2026-05-28 10:59:00,2356.16,DEBIT,Uber,Delhi,False
6631,69,2026-01-14 22:41:00,1524.72,DEBIT,Uber,Bangalore,False
6632,63,2026-01-26 10:28:00,4309.32,DEBIT,Swiggy,Hyderabad,False
6633,84,2026-06-16 15:15:00,1695.75,DEBIT,Amazon,Mumbai,False
6634,48,2026-02-08 10:49:00,5169.65,DEBIT,Flipkart,Delhi,False
6635,51,2026-02-25 05:20:00,2292.63,DEBIT,Local Store,Chandigarh,False
6636,45,2026-03-12 05:15:00,3140.32,DEBIT,Swiggy,Hyderabad,False
6637,7,2026-06-27 17:45:00,606.59,DEBIT,Netflix,Mumbai,False
6638,8,2026-04-11 10:55:00,5066.35,DEBIT,Flipkart,Delhi,False
6639,71,2026-06-09 21:43:00,6027.88,DEBIT,Shell,Hyderabad,False
6640,60,2026-07-23 11:16:00,3652.62,CREDIT,Myntra,Delhi,False
6641,69,2026-01-21 08:41:00,3992.51,DEBIT,Amazon,Pune,False
6642,1,2026-04-17 15:09:00,2083.62,DEBIT,Shell,Bangalore,False
6643,31,2026-01-10 22:43:00,4395.5,DEBIT,Amazon,Bangalore,False
6644,56,2026-04-25 00:36:00,435.03,DEBIT,Swiggy,Delhi,False
6645,91,2026-01-14 21:22:00,2310.47,DEBIT,Swiggy,Bangalore,False
6646,73,2026-06-21 05:38:00,1835.91,DEBIT,Flipkart,Ludhiana,False
6647,1,2026-04-25 15:28:00,1182.09,DEBIT,Shell,Hyderabad,False
6648,32,2026-02-16 01:16:00,812.51,DEBIT,Myntra,Pune,False
6649,68,2026-02-11 08:29:00,3554.45,DEBIT,Netflix,Delhi,False
6650,88,2026-01-19 04:19:00,5852.4,DEBIT,Walmart,Ludhiana,False
6651,70,2026-03-18 08:49:00,4036.77,DEBIT,Shell,Ludhiana,False
6652,100,2026-06-26 11:30:00,629.6,DEBIT,Apple,Delhi,False
6653,49,2026-03-01 15:16:00,1357.92,DEBIT,Flipkart,Bangalore,False
6654,29,2026-02-20 23:38:00,1580.08,DEBIT,Shell,Bangalore,False
6655,10,2026-02-27 03:53:00,1825.67,DEBIT,Apple,Chandigarh,False
6656,11,2026-07-05 17:42:00,970.05,DEBIT,Myntra,Pune,False
6657,98,2026-02-13 19:45:00,3805.48,DEBIT,Shell,Pune,False
6658,35,2026-02-03 17:02:00,1189.52,DEBIT,Apple,Delhi,False
6659,17,2026-01-16 04:30:00,535.18,DEBIT,Apple,Pune,False
6660,48,2026-03-19 11:49:00,439.29,DEBIT,Netflix,Hyderabad,False
6661,99,2026-05-20 07:51:00,844.44,CREDIT,Shell,Ludhiana,False
6662,75,2026-06-19 11:19:00,2020.12,DEBIT,Local Store,Mumbai,False
6663,6,2026-01-18 15:14:00,3480.89,CREDIT,Swiggy,Delhi,False
6664,47,2026-01-17 12:25:00,2817.34,DEBIT,Myntra,Delhi,False
6665,20,2026-04-19 03:54:00,1949.31,DEBIT,Local Store,Delhi,False
6666,18,2026-01-26 07:27:00,3000.95,DEBIT,Local Store,Mumbai,False
6667,56,2026-06-05 15:44:00,2167.67,DEBIT,Flipkart,Pune,False
6668,89,2026-04-25 17:32:00,1594.59,DEBIT,Local Store,Hyderabad,False
6669,36,2026-07-17 17:14:00,1369.0,DEBIT,Local Store,Bangalore,False
6670,14,2026-03-26 17:27:00,5556.44,DEBIT,Walmart,Ludhiana,False
6671,58,2026-03-29 07:52:00,1801.38,CREDIT,Amazon,Mumbai,False
6672,26,2026-03-18 12:40:00,404.78,DEBIT,Netflix,Hyderabad,False
6673,29,2026-07-27 12:42:00,2107.72,DEBIT,Swiggy,Delhi,False
6674,99,2026-02-25 21:49:00,1076.75,DEBIT,Myntra,Delhi,False
6675,34,2026-06-08 13:36:00,543.34,CREDIT,Swiggy,Chandigarh,False
6676,66,2026-07-01 21:57:00,1520.35,DEBIT,Uber,Chandigarh,False
6677,6,2026-06-02 08:36:00,2762.21,DEBIT,Swiggy,Mumbai,False
6678,53,2026-06-26 18:38:00,2941.52,DEBIT,Netflix,Ludhiana,False
6679,8,2026-03-11 03:26:00,4746.29,DEBIT,Amazon,Ludhiana,False
6680,59,2026-07-17 08:08:00,205.69,DEBIT,Uber,Bangalore,False
6681,60,2026-05-25 05:49:00,2225.42,DEBIT,Uber,Delhi,False
6682,1,2026-05-31 17:50:00,2411.88,DEBIT,Netflix,Chandigarh,False
6683,59,2026-01-25 18:22:00,3315.36,DEBIT,Swiggy,Ludhiana,False
6684,74,2026-05-26 06:03:00,2210.25,DEBIT,Shell,Pune,False
6685,68,2026-03-01 12:04:00,973.64,DEBIT,Flipkart,Mumbai,False
6686,70,2026-07-03 08:21:00,2962.31,DEBIT,Amazon,Chandigarh,False
6687,70,2026-04-14 22:36:00,3402.04,DEBIT,Walmart,Pune,False
6688,79,2026-06-11 05:49:00,2261.63,DEBIT,Amazon,Mumbai,False
6689,16,2026-01-02 14:18:00,795.23,DEBIT,Local Store,Ludhiana,False
6690,45,2026-07-13 05:23:00,4777.83,DEBIT,Myntra,Ludhiana,False
6691,74,2026-07-14 10:01:00,880.03,CREDIT,Netflix,Mumbai,False
6692,33,2026-07-16 07:28:00,1078.35,CREDIT,Swiggy,Pune,False
6693,59,2026-03-20 20:15:00,3862.87,DEBIT,Walmart,Pune,False
6694,65,2026-06-03 19:50:00,2930.24,DEBIT,Swiggy,Bangalore,False
6695,8,2026-04-21 13:42:00,1298.51,DEBIT,Netflix,Pune,False
6696,4,2026-01-04 03:16:00,1734.6,DEBIT,Netflix,Chandigarh,False
6697,68,2026-03-29 19:43:00,1824.73,DEBIT,Myntra,Delhi,False
6698,17,2026-07-11 11:14:00,2225.09,CREDIT,Shell,Chandigarh,False
6699,3,2026-06-27 04:04:00,2112.64,CREDIT,Shell,Pune,False
6700,13,2026-03-14 22:07:00,1342.8,DEBIT,Walmart,Bangalore,False
6701,22,2026-02-20 01:42:00,5896.02,DEBIT,Apple,Chandigarh,False
6702,77,2026-04-02 18:16:00,3834.43,CREDIT,Netflix,Mumbai,False
6703,15,2026-01-15 04:57:00,2017.36,DEBIT,Flipkart,Pune,False
6704,79,2026-01-12 15:50:00,2448.92,DEBIT,Shell,Bangalore,False
6705,2,2026-04-03 03:19:00,3781.12,CREDIT,Amazon,Hyderabad,False
6706,15,2026-05-28 22:08:00,2139.95,DEBIT,Swiggy,Mumbai,False
6707,15,2026-06-05 14:58:00,2892.31,DEBIT,Flipkart,Pune,False
6708,17,2026-04-20 11:32:00,1378.0,DEBIT,Uber,Bangalore,False
6709,43,2026-01-20 23:07:00,2294.48,DEBIT,Myntra,Mumbai,False
6710,18,2026-04-09 18:43:00,5560.31,DEBIT,Amazon,Chandigarh,False
6711,86,2026-07-08 03:33:00,502.84,DEBIT,Uber,Chandigarh,False
6712,92,2026-05-29 05:46:00,6503.66,DEBIT,Shell,Ludhiana,False
6713,28,2026-07-11 01:13:00,3286.6,CREDIT,Swiggy,Mumbai,False
6714,20,2026-06-04 02:01:00,1476.77,CREDIT,Shell,Pune,False
6715,54,2026-03-24 12:32:00,1037.23,DEBIT,Flipkart,Chandigarh,False
6716,48,2026-01-19 20:41:00,3118.01,DEBIT,Shell,Bangalore,False
6717,26,2026-02-28 14:14:00,3654.74,CREDIT,Swiggy,Mumbai,False
6718,62,2026-05-26 04:40:00,1272.67,DEBIT,Amazon,Delhi,False
6719,94,2026-05-23 03:01:00,942.57,DEBIT,Amazon,Ludhiana,False
6720,56,2026-01-14 04:50:00,644.82,DEBIT,Local Store,Hyderabad,False
6721,11,2026-04-28 15:04:00,413.91,DEBIT,Apple,Bangalore,False
6722,40,2026-01-20 21:47:00,3993.54,DEBIT,Walmart,Chandigarh,False
6723,67,2026-06-28 17:40:00,4766.71,DEBIT,Apple,Hyderabad,False
6724,98,2026-01-02 13:07:00,3069.42,DEBIT,Flipkart,Mumbai,False
6725,92,2026-06-16 15:52:00,912.94,DEBIT,Netflix,Delhi,False
6726,64,2026-02-09 16:31:00,2898.25,DEBIT,Swiggy,Chandigarh,False
6727,48,2026-06-12 21:44:00,5300.68,DEBIT,Amazon,Pune,False
6728,69,2026-01-24 22:18:00,2882.0,DEBIT,Walmart,Hyderabad,False
6729,64,2026-05-11 04:45:00,833.87,DEBIT,Amazon,Delhi,False
6730,53,2026-06-16 21:24:00,1428.2,DEBIT,Swiggy,Hyderabad,False
6731,33,2026-05-31 16:41:00,1888.33,CREDIT,Flipkart,Mumbai,False
6732,56,2026-01-23 03:54:00,2424.08,CREDIT,Flipkart,Mumbai,False
6733,37,2026-05-30 17:33:00,1411.72,DEBIT,Amazon,Mumbai,False
6734,66,2026-05-09 06:56:00,2247.47,DEBIT,Netflix,Pune,False
6735,71,2026-07-24 05:34:00,2230.37,DEBIT,Myntra,Bangalore,False
6736,73,2026-04-05 18:47:00,4704.17,DEBIT,Walmart,Pune,False
6737,45,2026-03-01 23:04:00,5484.97,DEBIT,Netflix,Delhi,False
6738,13,2026-03-26 02:26:00,3165.21,CREDIT,Amazon,Pune,False
6739,32,2026-04-12 16:07:00,4451.12,DEBIT,Apple,Pune,False
6740,100,2026-02-22 23:13:00,1778.47,DEBIT,Local Store,Pune,False
6741,40,2026-07-01 15:20:00,1529.91,CREDIT,Apple,Pune,False
6742,7,2026-06-22 00:18:00,1957.51,CREDIT,Myntra,Mumbai,False
6743,34,2026-06-25 01:31:00,3485.41,CREDIT,Uber,Hyderabad,False
6744,95,2026-04-18 16:54:00,2487.59,DEBIT,Walmart,Ludhiana,False
6745,2,2026-01-08 22:20:00,1623.47,CREDIT,Amazon,Ludhiana,False
6746,74,2026-03-05 06:10:00,1696.19,DEBIT,Local Store,Ludhiana,False
6747,22,2026-02-14 02:12:00,3116.52,DEBIT,Uber,Ludhiana,False
6748,17,2026-06-21 01:28:00,2994.0,DEBIT,Amazon,Hyderabad,False
6749,99,2026-05-13 10:17:00,1184.25,DEBIT,Myntra,Ludhiana,False
6750,74,2026-07-12 12:39:00,3026.44,DEBIT,Apple,Mumbai,False
6751,34,2026-02-23 15:53:00,3040.56,CREDIT,Netflix,Bangalore,False
6752,27,2026-06-20 04:11:00,5548.09,DEBIT,Amazon,Ludhiana,False
6753,99,2026-03-29 03:23:00,652.81,CREDIT,Local Store,Bangalore,False
6754,79,2026-06-13 18:24:00,2942.66,DEBIT,Shell,Pune,False
6755,84,2026-03-18 04:38:00,5623.39,DEBIT,Walmart,Mumbai,False
6756,67,2026-01-26 23:39:00,899.72,DEBIT,Uber,Chandigarh,False
6757,40,2026-04-04 05:12:00,4392.74,DEBIT,Apple,Hyderabad,False
6758,64,2026-03-21 03:45:00,5891.42,DEBIT,Myntra,Pune,False
6759,59,2026-05-16 02:04:00,1070.19,DEBIT,Amazon,Pune,False
6760,52,2026-03-21 02:54:00,5523.68,DEBIT,Uber,Chandigarh,False
6761,52,2026-03-15 14:28:00,1290.75,CREDIT,Uber,Chandigarh,False
6762,43,2026-06-30 14:23:00,3466.09,DEBIT,Local Store,Ludhiana,False
6763,7,2026-03-29 23:16:00,1177.41,DEBIT,Myntra,Ludhiana,False
6764,67,2026-03-01 09:02:00,2788.4,DEBIT,Netflix,Ludhiana,False
6765,76,2026-02-09 15:01:00,3576.62,DEBIT,Shell,Bangalore,False
6766,47,2026-07-18 13:19:00,1500.02,DEBIT,Netflix,Ludhiana,False
6767,47,2026-05-26 13:14:00,2372.59,DEBIT,Uber,Pune,False
6768,78,2026-05-09 02:58:00,395.93,DEBIT,Walmart,Bangalore,False
6769,78,2026-07-17 20:15:00,3336.6,DEBIT,Myntra,Delhi,False
6770,47,2026-03-12 07:02:00,4288.09,DEBIT,Netflix,Delhi,False
6771,83,2026-03-19 14:39:00,2926.58,CREDIT,Apple,Hyderabad,False
6772,64,2026-01-24 03:30:00,1853.06,DEBIT,Local Store,Hyderabad,False
6773,55,2026-02-21 21:09:00,4472.44,DEBIT,Walmart,Hyderabad,False
6774,3,2026-03-04 10:51:00,3332.42,CREDIT,Myntra,Ludhiana,False
6775,55,2026-07-09 23:35:00,1419.43,CREDIT,Myntra,Delhi,False
6776,99,2026-02-15 14:19:00,414.7,DEBIT,Flipkart,Mumbai,False
6777,66,2026-02-04 18:57:00,6090.36,DEBIT,Local Store,Pune,False
6778,1,2026-06-30 13:36:00,2226.25,DEBIT,Swiggy,Ludhiana,False
6779,27,2026-03-03 01:57:00,846.35,CREDIT,Myntra,Bangalore,False
6780,87,2026-03-10 04:42:00,3764.83,DEBIT,Uber,Chandigarh,False
6781,66,2026-05-07 16:06:00,2967.69,DEBIT,Uber,Pune,False
6782,34,2026-06-29 03:09:00,4016.29,DEBIT,Uber,Hyderabad,False
6783,85,2026-04-24 01:01:00,522.76,DEBIT,Apple,Bangalore,False
6784,84,2026-02-11 21:15:00,4218.86,CREDIT,Local Store,Pune,False
6785,73,2026-05-20 22:37:00,2007.79,DEBIT,Uber,Pune,False
6786,34,2026-01-03 07:25:00,5806.97,DEBIT,Local Store,Pune,False
6787,19,2026-06-14 00:14:00,2571.56,CREDIT,Netflix,Pune,False
6788,82,2026-06-11 21:50:00,2649.94,DEBIT,Amazon,Bangalore,False
6789,87,2026-02-13 04:13:00,771.46,DEBIT,Amazon,Mumbai,False
6790,12,2026-02-17 13:01:00,3232.41,DEBIT,Amazon,Chandigarh,False
6791,46,2026-06-06 10:12:00,2887.65,DEBIT,Walmart,Ludhiana,False
6792,53,2026-05-18 01:21:00,6043.37,DEBIT,Amazon,Delhi,False
6793,93,2026-01-30 13:19:00,1921.44,CREDIT,Amazon,Mumbai,False
6794,51,2026-05-18 19:17:00,2827.76,DEBIT,Apple,Chandigarh,False
6795,48,2026-05-13 01:47:00,1746.77,CREDIT,Myntra,Mumbai,False
6796,93,2026-06-24 15:37:00,750.15,DEBIT,Apple,Delhi,False
6797,98,2026-02-25 07:14:00,995.22,DEBIT,Netflix,Mumbai,False
6798,7,2026-06-05 04:24:00,3270.61,DEBIT,Uber,Delhi,False
6799,40,2026-05-17 14:36:00,2466.66,CREDIT,Flipkart,Mumbai,False
6800,60,2026-01-05 14:54:00,926.77,CREDIT,Flipkart,Mumbai,False
6801,100,2026-06-28 16:09:00,4039.69,DEBIT,Shell,Delhi,False
6802,82,2026-03-15 16:32:00,5861.1,DEBIT,Amazon,Ludhiana,False
6803,84,2026-01-19 09:06:00,2088.78,DEBIT,Swiggy,Chandigarh,False
6804,16,2026-06-07 19:40:00,2444.05,DEBIT,Myntra,Delhi,False
6805,43,2026-06-20 20:38:00,3045.85,DEBIT,Myntra,Ludhiana,False
6806,56,2026-04-14 19:11:00,3979.33,DEBIT,Swiggy,Chandigarh,False
6807,5,2026-04-09 17:18:00,2231.76,DEBIT,Local Store,Chandigarh,False
6808,9,2026-07-06 03:33:00,3247.29,DEBIT,Netflix,Delhi,False
6809,66,2026-06-14 16:25:00,2455.32,DEBIT,Local Store,Ludhiana,False
6810,66,2026-03-20 22:23:00,4664.41,DEBIT,Myntra,Bangalore,False
6811,80,2026-03-06 10:21:00,1748.64,DEBIT,Myntra,Bangalore,False
6812,65,2026-01-05 10:41:00,1278.41,DEBIT,Amazon,Ludhiana,False
6813,92,2026-05-10 05:26:00,2867.25,CREDIT,Amazon,Delhi,False
6814,25,2026-03-20 16:08:00,3840.21,CREDIT,Swiggy,Chandigarh,False
6815,20,2026-07-10 00:16:00,5295.2,DEBIT,Walmart,Bangalore,False
6816,3,2026-03-08 10:48:00,3635.34,CREDIT,Apple,Hyderabad,False
6817,52,2026-02-13 08:01:00,1200.83,CREDIT,Netflix,Chandigarh,False
6818,11,2026-07-26 18:22:00,1678.4,DEBIT,Apple,Pune,False
6819,82,2026-07-27 13:15:00,1335.5,DEBIT,Swiggy,Pune,False
6820,31,2026-03-23 02:04:00,2187.44,DEBIT,Walmart,Pune,False
6821,79,2026-05-19 19:02:00,1029.89,DEBIT,Local Store,Hyderabad,False
6822,3,2026-01-18 12:49:00,772.73,CREDIT,Apple,Chandigarh,False
6823,94,2026-07-18 21:54:00,1739.49,DEBIT,Walmart,Bangalore,False
6824,13,2026-04-03 19:52:00,3057.57,DEBIT,Uber,Chandigarh,False
6825,72,2026-01-27 10:46:00,4310.01,DEBIT,Local Store,Pune,False
6826,21,2026-01-20 18:53:00,3131.36,CREDIT,Amazon,Ludhiana,False
6827,65,2026-07-10 06:51:00,2851.69,DEBIT,Walmart,Hyderabad,False
6828,38,2026-06-05 08:02:00,2206.11,DEBIT,Swiggy,Delhi,False
6829,14,2026-03-01 09:59:00,2274.4,DEBIT,Amazon,Chandigarh,False
6830,61,2026-05-05 14:56:00,747.4,CREDIT,Shell,Pune,False
6831,45,2026-06-24 14:58:00,2782.47,DEBIT,Myntra,Pune,False
6832,88,2026-06-26 06:40:00,4318.12,DEBIT,Uber,Bangalore,False
6833,1,2026-07-09 07:10:00,714.03,DEBIT,Swiggy,Delhi,False
6834,58,2026-06-08 10:52:00,2141.69,DEBIT,Uber,Hyderabad,False
6835,20,2026-04-07 02:35:00,2612.58,DEBIT,Walmart,Ludhiana,False
6836,35,2026-07-04 05:58:00,2437.6,CREDIT,Netflix,Mumbai,False
6837,47,2026-05-27 21:58:00,760.53,DEBIT,Netflix,Mumbai,False
6838,34,2026-02-22 18:21:00,4480.31,CREDIT,Myntra,Hyderabad,False
6839,63,2026-03-02 05:30:00,2533.6,DEBIT,Swiggy,Ludhiana,False
6840,23,2026-05-12 05:18:00,1636.04,DEBIT,Flipkart,Bangalore,False
6841,26,2026-07-10 06:26:00,3562.76,DEBIT,Amazon,Delhi,False
6842,16,2026-06-23 18:36:00,2750.33,CREDIT,Swiggy,Ludhiana,False
6843,36,2026-03-18 17:18:00,3551.67,CREDIT,Local Store,Ludhiana,False
6844,98,2026-04-01 10:42:00,3558.4,CREDIT,Uber,Mumbai,False
6845,61,2026-02-12 17:54:00,1756.67,DEBIT,Myntra,Bangalore,False
6846,22,2026-03-22 05:34:00,4151.78,DEBIT,Uber,Bangalore,False
6847,31,2026-06-25 16:36:00,2040.1,DEBIT,Local Store,Chandigarh,False
6848,42,2026-01-03 08:41:00,6277.73,DEBIT,Myntra,Mumbai,False
6849,29,2026-04-29 13:58:00,3037.15,CREDIT,Flipkart,Pune,False
6850,67,2026-07-08 18:55:00,720.6,CREDIT,Uber,Ludhiana,False
6851,38,2026-03-10 03:37:00,822.06,DEBIT,Flipkart,Pune,False
6852,45,2026-03-10 21:54:00,2155.25,DEBIT,Myntra,Delhi,False
6853,99,2026-07-04 11:05:00,2439.36,DEBIT,Myntra,Pune,False
6854,28,2026-05-14 16:33:00,1432.51,DEBIT,Flipkart,Ludhiana,False
6855,18,2026-01-31 02:35:00,4604.82,DEBIT,Swiggy,Chandigarh,False
6856,48,2026-05-15 17:54:00,4774.79,DEBIT,Netflix,Hyderabad,False
6857,18,2026-04-20 11:54:00,3184.02,CREDIT,Walmart,Hyderabad,False
6858,37,2026-05-03 20:50:00,4799.75,DEBIT,Swiggy,Hyderabad,False
6859,90,2026-02-02 16:14:00,2697.49,DEBIT,Netflix,Chandigarh,False
6860,76,2026-07-11 03:38:00,2368.6,DEBIT,Amazon,Hyderabad,False
6861,89,2026-07-20 12:35:00,4151.52,DEBIT,Walmart,Hyderabad,False
6862,23,2026-03-23 04:38:00,4615.47,DEBIT,Local Store,Chandigarh,False
6863,43,2026-06-27 05:01:00,2520.76,CREDIT,Swiggy,Bangalore,False
6864,37,2026-04-30 07:24:00,1031.85,DEBIT,Swiggy,Mumbai,False
6865,22,2026-04-13 04:09:00,601.63,DEBIT,Swiggy,Hyderabad,False
6866,33,2026-02-17 21:09:00,3075.54,CREDIT,Local Store,Ludhiana,False
6867,88,2026-07-23 12:37:00,4628.93,DEBIT,Swiggy,Delhi,False
6868,94,2026-03-15 16:45:00,2958.82,DEBIT,Local Store,Ludhiana,False
6869,34,2026-03-14 16:50:00,2515.72,CREDIT,Shell,Pune,False
6870,20,2026-02-23 01:10:00,3459.0,DEBIT,Local Store,Ludhiana,False
6871,94,2026-06-30 08:33:00,2078.01,DEBIT,Walmart,Hyderabad,False
6872,8,2026-01-05 12:56:00,1845.79,DEBIT,Flipkart,Chandigarh,False
6873,77,2026-04-26 01:03:00,2801.95,CREDIT,Amazon,Pune,False
6874,75,2026-02-21 00:50:00,1955.8,DEBIT,Netflix,Bangalore,False
6875,22,2026-01-01 14:36:00,2024.49,CREDIT,Shell,Ludhiana,False
6876,98,2026-01-12 07:20:00,3562.4,CREDIT,Shell,Delhi,False
6877,12,2026-03-05 12:06:00,4992.29,DEBIT,Netflix,Pune,False
6878,52,2026-05-31 17:33:00,617.11,CREDIT,Shell,Delhi,False
6879,65,2026-04-10 00:43:00,4679.24,DEBIT,Netflix,Hyderabad,False
6880,63,2026-03-14 05:40:00,1057.45,DEBIT,Uber,Chandigarh,False
6881,92,2026-07-23 13:12:00,5510.26,DEBIT,Netflix,Hyderabad,False
6882,10,2026-07-03 14:39:00,3644.48,DEBIT,Amazon,Hyderabad,False
6883,39,2026-06-20 17:59:00,2014.53,DEBIT,Local Store,Chandigarh,False
6884,43,2026-04-06 04:20:00,3643.08,DEBIT,Uber,Delhi,False
6885,72,2026-06-22 00:58:00,1050.81,CREDIT,Apple,Chandigarh,False
6886,22,2026-03-25 03:46:00,2986.48,DEBIT,Walmart,Delhi,False
6887,21,2026-01-03 16:24:00,3685.94,DEBIT,Netflix,Delhi,False
6888,17,2026-01-27 06:35:00,4664.67,DEBIT,Myntra,Ludhiana,False
6889,15,2026-02-21 04:11:00,2519.02,DEBIT,Myntra,Hyderabad,False
6890,41,2026-01-29 21:24:00,2251.05,DEBIT,Shell,Bangalore,False
6891,79,2026-02-12 08:40:00,4874.63,CREDIT,Swiggy,Bangalore,False
6892,17,2026-05-25 06:25:00,4511.5,DEBIT,Walmart,Ludhiana,False
6893,73,2026-01-07 18:33:00,809.77,CREDIT,Walmart,Chandigarh,False
6894,78,2026-04-28 21:52:00,3184.42,DEBIT,Walmart,Mumbai,False
6895,51,2026-01-28 08:46:00,4753.18,DEBIT,Netflix,Pune,False
6896,58,2026-07-25 23:01:00,5489.4,DEBIT,Shell,Hyderabad,False
6897,12,2026-04-11 22:38:00,4088.06,CREDIT,Swiggy,Ludhiana,False
6898,50,2026-05-27 17:19:00,950.07,DEBIT,Amazon,Chandigarh,False
6899,64,2026-05-13 16:42:00,1065.13,DEBIT,Amazon,Pune,False
6900,92,2026-06-07 23:31:00,3083.24,DEBIT,Netflix,Pune,False
6901,88,2026-01-10 21:52:00,3999.55,DEBIT,Walmart,Chandigarh,False
6902,91,2026-01-25 20:14:00,1544.77,DEBIT,Amazon,Bangalore,False
6903,74,2026-05-13 05:34:00,2184.59,DEBIT,Walmart,Hyderabad,False
6904,94,2026-03-22 14:05:00,4245.75,DEBIT,Uber,Delhi,False
6905,76,2026-02-24 13:13:00,2613.15,CREDIT,Apple,Delhi,False
6906,62,2026-03-15 09:03:00,2797.99,DEBIT,Flipkart,Ludhiana,False
6907,81,2026-03-22 22:27:00,2995.32,DEBIT,Swiggy,Mumbai,False
6908,85,2026-05-12 18:21:00,5373.76,CREDIT,Myntra,Bangalore,False
6909,26,2026-01-05 05:55:00,1760.08,DEBIT,Amazon,Hyderabad,False
6910,71,2026-05-18 07:58:00,2083.31,DEBIT,Myntra,Bangalore,False
6911,6,2026-04-08 13:43:00,814.12,DEBIT,Swiggy,Bangalore,False
6912,1,2026-03-23 23:22:00,6205.57,CREDIT,Local Store,Bangalore,False
6913,99,2026-04-16 18:01:00,5024.56,DEBIT,Swiggy,Hyderabad,False
6914,96,2026-02-05 13:32:00,1711.47,DEBIT,Shell,Delhi,False
6915,98,2026-02-04 13:26:00,3022.55,DEBIT,Swiggy,Bangalore,False
6916,14,2026-01-03 12:52:00,2946.43,DEBIT,Swiggy,Pune,False
6917,3,2026-06-16 04:24:00,5238.47,DEBIT,Flipkart,Delhi,False
6918,96,2026-06-18 00:26:00,3682.61,DEBIT,Myntra,Pune,False
6919,46,2026-02-28 01:38:00,4023.64,DEBIT,Uber,Pune,False
6920,82,2026-04-14 07:39:00,5083.85,DEBIT,Netflix,Pune,False
6921,78,2026-07-23 04:44:00,2911.18,DEBIT,Myntra,Hyderabad,False
6922,22,2026-04-04 14:29:00,685.46,CREDIT,Shell,Chandigarh,False
6923,11,2026-03-24 19:46:00,5027.69,DEBIT,Apple,Chandigarh,False
6924,49,2026-04-17 02:54:00,3042.87,DEBIT,Uber,Pune,False
6925,91,2026-06-09 09:53:00,2739.41,DEBIT,Apple,Bangalore,False
6926,28,2026-05-15 01:24:00,848.09,DEBIT,Flipkart,Delhi,False
6927,72,2026-06-05 07:04:00,6438.46,CREDIT,Local Store,Bangalore,False
6928,40,2026-06-04 15:18:00,2900.08,CREDIT,Apple,Mumbai,False
6929,58,2026-01-14 20:14:00,3091.47,DEBIT,Local Store,Delhi,False
6930,73,2026-04-28 17:55:00,2577.69,DEBIT,Amazon,Pune,False
6931,67,2026-02-24 22:18:00,929.23,DEBIT,Netflix,Chandigarh,False
6932,1,2026-01-22 13:43:00,1591.29,DEBIT,Swiggy,Delhi,False
6933,22,2026-01-30 05:20:00,1417.11,CREDIT,Netflix,Bangalore,False
6934,96,2026-03-09 23:29:00,1097.76,DEBIT,Shell,Delhi,False
6935,74,2026-01-12 11:57:00,2594.41,DEBIT,Walmart,Chandigarh,False
6936,32,2026-01-14 04:04:00,4260.55,DEBIT,Flipkart,Hyderabad,False
6937,71,2026-03-16 08:01:00,1813.71,DEBIT,Netflix,Hyderabad,False
6938,79,2026-02-07 14:50:00,4248.75,DEBIT,Amazon,Hyderabad,False
6939,98,2026-05-09 20:51:00,2552.38,DEBIT,Swiggy,Delhi,False
6940,18,2026-05-20 08:40:00,3654.37,CREDIT,Apple,Chandigarh,False
6941,36,2026-06-18 18:26:00,5963.8,DEBIT,Shell,Hyderabad,False
6942,46,2026-01-18 09:08:00,50.0,DEBIT,Shell,Bangalore,False
6943,46,2026-04-22 07:16:00,644.48,CREDIT,Netflix,Hyderabad,False
6944,74,2026-06-20 13:52:00,2091.87,DEBIT,Amazon,Ludhiana,False
6945,75,2026-05-06 08:59:00,3915.39,DEBIT,Flipkart,Hyderabad,False
6946,14,2026-07-09 02:48:00,47504.43,DEBIT,Apple,Ludhiana,True
6947,43,2026-07-17 03:44:00,1150.66,DEBIT,Swiggy,Bangalore,False
6948,73,2026-02-14 11:40:00,1638.84,CREDIT,Local Store,Hyderabad,False
6949,68,2026-01-16 13:10:00,541.1,DEBIT,Flipkart,Mumbai,False
6950,2,2026-01-06 10:48:00,6084.65,DEBIT,Shell,Mumbai,False
6951,7,2026-06-06 20:05:00,1777.37,DEBIT,Myntra,Chandigarh,False
6952,52,2026-01-24 17:26:00,2785.64,DEBIT,Local Store,Hyderabad,False
6953,83,2026-02-06 23:21:00,1095.45,DEBIT,Local Store,Chandigarh,False
6954,5,2026-04-17 18:20:00,3222.42,CREDIT,Apple,Bangalore,False
6955,91,2026-02-12 08:44:00,2090.59,CREDIT,Apple,Mumbai,False
6956,66,2026-03-17 11:03:00,1856.05,DEBIT,Shell,Pune,False
6957,40,2026-05-16 16:20:00,1730.04,DEBIT,Swiggy,Chandigarh,False
6958,55,2026-06-18 03:38:00,1408.76,DEBIT,Local Store,Mumbai,False
6959,73,2026-03-21 12:45:00,2164.63,DEBIT,Uber,Bangalore,False
6960,30,2026-01-29 16:58:00,2218.29,DEBIT,Local Store,Pune,False
6961,6,2026-02-09 18:17:00,1609.97,CREDIT,Apple,Delhi,False
6962,88,2026-06-13 05:34:00,1742.03,DEBIT,Swiggy,Ludhiana,False
6963,84,2026-05-21 01:07:00,5188.56,DEBIT,Shell,Delhi,False
6964,83,2026-05-09 23:14:00,4238.91,DEBIT,Walmart,Ludhiana,False
6965,14,2026-03-28 13:25:00,3606.68,DEBIT,Swiggy,Pune,False
6966,31,2026-03-20 06:52:00,2530.32,DEBIT,Myntra,Mumbai,False
6967,69,2026-03-12 04:31:00,717.62,CREDIT,Apple,Delhi,False
6968,25,2026-02-13 10:37:00,2248.66,DEBIT,Swiggy,Pune,False
6969,72,2026-06-17 22:36:00,1240.32,CREDIT,Swiggy,Mumbai,False
6970,4,2026-07-16 03:02:00,2714.93,DEBIT,Myntra,Hyderabad,False
6971,97,2026-04-28 19:51:00,1422.27,CREDIT,Flipkart,Hyderabad,False
6972,54,2026-03-12 15:08:00,4885.15,DEBIT,Walmart,Pune,False
6973,13,2026-05-27 12:25:00,3115.14,DEBIT,Netflix,Chandigarh,False
6974,82,2026-07-10 07:16:00,3705.32,DEBIT,Local Store,Bangalore,False
6975,29,2026-06-22 13:11:00,3569.3,DEBIT,Shell,Pune,False
6976,14,2026-01-04 13:24:00,2457.95,CREDIT,Shell,Ludhiana,False
6977,7,2026-01-14 17:50:00,4736.59,DEBIT,Uber,Bangalore,False
6978,37,2026-03-09 04:54:00,3864.5,CREDIT,Shell,Ludhiana,False
6979,22,2026-07-18 11:13:00,1978.27,DEBIT,Myntra,Mumbai,False
6980,98,2026-01-29 11:15:00,4302.29,CREDIT,Apple,Ludhiana,False
6981,25,2026-02-25 05:36:00,3021.3,CREDIT,Local Store,Pune,False
6982,26,2026-04-22 05:45:00,2793.37,CREDIT,Flipkart,Delhi,False
6983,84,2026-03-25 16:31:00,1621.5,CREDIT,Apple,Ludhiana,False
6984,15,2026-06-28 10:24:00,2227.21,DEBIT,Swiggy,Bangalore,False
6985,75,2026-07-22 01:30:00,909.23,CREDIT,Walmart,Mumbai,False
6986,30,2026-02-17 21:00:00,4879.24,DEBIT,Uber,Pune,False
6987,63,2026-05-06 17:45:00,4237.71,DEBIT,Netflix,Pune,False
6988,75,2026-07-14 18:16:00,1181.5,DEBIT,Netflix,Delhi,False
6989,23,2026-03-28 20:14:00,832.68,DEBIT,Netflix,Ludhiana,False
6990,40,2026-07-09 17:28:00,871.96,DEBIT,Myntra,Chandigarh,False
6991,2,2026-02-28 04:54:00,792.42,DEBIT,Swiggy,Pune,False
6992,88,2026-01-02 09:12:00,1652.7,DEBIT,Flipkart,Pune,False
6993,4,2026-07-13 08:41:00,2010.52,DEBIT,Shell,Pune,False
6994,32,2026-07-16 15:00:00,2874.98,DEBIT,Flipkart,Pune,False
6995,73,2026-02-26 12:42:00,1510.39,DEBIT,Uber,Hyderabad,False
6996,58,2026-04-10 17:19:00,3114.21,DEBIT,Swiggy,Ludhiana,False
6997,45,2026-07-08 01:58:00,1314.79,DEBIT,Uber,Mumbai,False
6998,100,2026-04-20 09:54:00,1834.47,DEBIT,Shell,Chandigarh,False
6999,13,2026-02-27 23:54:00,5367.0,CREDIT,Netflix,Delhi,False
7000,89,2026-01-24 11:45:00,2555.63,DEBIT,Local Store,Bangalore,False
7001,50,2026-02-24 18:21:00,3255.89,CREDIT,Shell,Delhi,False
7002,33,2026-02-27 16:39:00,1815.23,DEBIT,Amazon,Ludhiana,False
7003,26,2026-05-01 01:11:00,4761.46,DEBIT,Swiggy,Mumbai,False
7004,28,2026-07-22 11:47:00,5121.89,DEBIT,Swiggy,Pune,False
7005,9,2026-06-17 04:28:00,2872.16,CREDIT,Swiggy,Delhi,False
7006,91,2026-03-24 17:59:00,34479.28,DEBIT,Walmart,Delhi,True
7007,31,2026-06-22 18:23:00,1634.77,DEBIT,Apple,Delhi,False
7008,90,2026-03-21 20:18:00,2030.79,DEBIT,Swiggy,Chandigarh,False
7009,91,2026-06-01 15:18:00,1610.64,CREDIT,Walmart,Hyderabad,False
7010,65,2026-06-25 10:29:00,2434.91,DEBIT,Myntra,Chandigarh,False
7011,92,2026-04-11 16:44:00,1863.7,DEBIT,Flipkart,Ludhiana,False
7012,30,2026-07-06 19:10:00,2246.09,DEBIT,Netflix,Chandigarh,False
7013,38,2026-05-18 09:09:00,2638.33,DEBIT,Amazon,Bangalore,False
7014,17,2026-03-08 09:58:00,1059.87,DEBIT,Flipkart,Hyderabad,False
7015,50,2026-07-08 05:55:00,3054.72,DEBIT,Uber,Ludhiana,False
7016,43,2026-07-18 23:53:00,4248.41,DEBIT,Walmart,Chandigarh,False
7017,98,2026-03-17 20:21:00,1168.28,DEBIT,Uber,Ludhiana,False
7018,38,2026-07-04 22:20:00,513.47,CREDIT,Amazon,Bangalore,False
7019,28,2026-07-19 20:33:00,3042.68,DEBIT,Amazon,Ludhiana,False
7020,94,2026-02-13 17:39:00,2360.23,DEBIT,Amazon,Ludhiana,False
7021,53,2026-01-11 02:12:00,47008.2,DEBIT,Walmart,Delhi,True
7022,93,2026-03-17 05:30:00,4933.06,DEBIT,Walmart,Mumbai,False
7023,17,2026-04-16 22:11:00,4515.23,CREDIT,Uber,Bangalore,False
7024,6,2026-05-16 23:31:00,857.08,CREDIT,Myntra,Bangalore,False
7025,47,2026-07-22 03:47:00,1787.6,DEBIT,Walmart,Delhi,False
7026,88,2026-01-02 03:49:00,5637.98,DEBIT,Flipkart,Chandigarh,False
7027,8,2026-04-14 08:18:00,3920.16,DEBIT,Walmart,Delhi,False
7028,74,2026-06-07 03:17:00,2751.5,CREDIT,Swiggy,Hyderabad,False
7029,15,2026-05-05 20:03:00,3198.73,DEBIT,Netflix,Delhi,False
7030,57,2026-03-01 21:37:00,2067.87,DEBIT,Apple,Bangalore,False
7031,89,2026-01-31 19:26:00,1499.83,DEBIT,Apple,Mumbai,False
7032,30,2026-05-21 22:14:00,3013.84,CREDIT,Local Store,Chandigarh,False
7033,43,2026-01-07 01:56:00,2909.17,DEBIT,Swiggy,Ludhiana,False
7034,25,2026-06-02 03:50:00,1375.59,CREDIT,Amazon,Bangalore,False
7035,25,2026-06-08 11:08:00,1334.19,DEBIT,Local Store,Chandigarh,False
7036,49,2026-02-11 23:38:00,3680.86,DEBIT,Shell,Chandigarh,False
7037,97,2026-01-08 03:42:00,1565.18,DEBIT,Netflix,Chandigarh,False
7038,29,2026-04-05 16:47:00,4384.22,DEBIT,Flipkart,Delhi,False
7039,18,2026-06-13 21:46:00,2377.58,CREDIT,Local Store,Delhi,False
7040,22,2026-03-17 20:02:00,1632.3,DEBIT,Amazon,Ludhiana,False
7041,83,2026-03-01 11:09:00,3002.71,DEBIT,Walmart,Hyderabad,False
7042,26,2026-04-28 19:09:00,2737.23,CREDIT,Flipkart,Hyderabad,False
7043,57,2026-05-05 18:01:00,1740.16,DEBIT,Swiggy,Chandigarh,False
7044,97,2026-04-01 20:31:00,2044.03,DEBIT,Amazon,Chandigarh,False
7045,83,2026-03-14 02:53:00,1100.75,DEBIT,Myntra,Pune,False
7046,10,2026-01-20 03:40:00,3864.95,DEBIT,Apple,Delhi,False
7047,31,2026-05-12 12:50:00,924.83,CREDIT,Local Store,Pune,False
7048,89,2026-02-18 06:40:00,3980.2,DEBIT,Apple,Hyderabad,False
7049,77,2026-04-25 04:20:00,2268.68,DEBIT,Flipkart,Hyderabad,False
7050,58,2026-02-18 03:00:00,3433.25,DEBIT,Amazon,Hyderabad,False
7051,78,2026-04-12 03:43:00,1866.78,DEBIT,Apple,Mumbai,False
7052,72,2026-05-18 06:52:00,4921.6,DEBIT,Local Store,Chandigarh,False
7053,52,2026-06-27 06:38:00,3612.78,DEBIT,Apple,Hyderabad,False
7054,70,2026-05-23 07:16:00,2701.71,CREDIT,Local Store,Hyderabad,False
7055,2,2026-01-29 15:51:00,2098.78,DEBIT,Apple,Delhi,False
7056,70,2026-01-14 21:32:00,3742.52,DEBIT,Local Store,Bangalore,False
7057,79,2026-03-09 19:32:00,708.17,DEBIT,Myntra,Delhi,False
7058,58,2026-05-06 02:19:00,1347.33,DEBIT,Uber,Chandigarh,False
7059,72,2026-03-01 09:16:00,2846.07,DEBIT,Shell,Chandigarh,False
7060,36,2026-02-02 21:38:00,4956.61,DEBIT,Local Store,Mumbai,False
7061,79,2026-07-18 20:13:00,1050.0,DEBIT,Uber,Ludhiana,False
7062,4,2026-02-11 22:11:00,2210.61,DEBIT,Amazon,Ludhiana,False
7063,84,2026-06-21 00:13:00,2458.24,DEBIT,Flipkart,Delhi,False
7064,14,2026-03-20 11:00:00,1276.46,DEBIT,Local Store,Pune,False
7065,23,2026-06-24 02:04:00,2574.22,CREDIT,Apple,Hyderabad,False
7066,87,2026-02-03 11:49:00,5708.16,CREDIT,Myntra,Hyderabad,False
7067,62,2026-07-12 01:32:00,633.7,DEBIT,Swiggy,Delhi,False
7068,52,2026-07-24 12:17:00,5223.92,CREDIT,Swiggy,Mumbai,False
7069,69,2026-05-30 07:17:00,1209.04,DEBIT,Uber,Bangalore,False
7070,88,2026-04-21 09:02:00,4231.86,DEBIT,Amazon,Ludhiana,False
7071,33,2026-06-14 18:04:00,1591.02,DEBIT,Amazon,Hyderabad,False
7072,41,2026-04-01 10:56:00,2038.37,DEBIT,Apple,Ludhiana,False
7073,84,2026-03-04 00:51:00,2206.96,DEBIT,Amazon,Ludhiana,False
7074,84,2026-03-06 07:26:00,687.82,DEBIT,Shell,Ludhiana,False
7075,32,2026-01-09 13:56:00,5124.66,DEBIT,Local Store,Mumbai,False
7076,3,2026-04-27 23:57:00,1944.37,CREDIT,Amazon,Bangalore,False
7077,82,2026-01-14 23:05:00,1377.44,DEBIT,Walmart,Ludhiana,False
7078,22,2026-04-26 02:26:00,4206.51,DEBIT,Uber,Hyderabad,False
7079,39,2026-06-16 02:05:00,516.61,CREDIT,Flipkart,Ludhiana,False
7080,89,2026-06-18 06:29:00,2741.88,CREDIT,Swiggy,Ludhiana,False
7081,54,2026-07-27 18:08:00,6752.28,DEBIT,Netflix,Hyderabad,False
7082,31,2026-06-08 16:51:00,1900.6,CREDIT,Local Store,Bangalore,False
7083,20,2026-05-24 08:32:00,482.03,DEBIT,Swiggy,Delhi,False
7084,54,2026-03-05 19:20:00,4140.21,DEBIT,Local Store,Hyderabad,False
7085,92,2026-03-19 20:15:00,4941.51,DEBIT,Walmart,Ludhiana,False
7086,40,2026-06-27 06:03:00,849.78,DEBIT,Netflix,Pune,False
7087,24,2026-06-05 20:09:00,3058.26,DEBIT,Flipkart,Pune,False
7088,47,2026-02-16 09:53:00,1945.14,DEBIT,Amazon,Mumbai,False
7089,98,2026-03-05 04:16:00,3399.92,DEBIT,Swiggy,Bangalore,False
7090,39,2026-07-06 18:46:00,5947.27,DEBIT,Local Store,Mumbai,False
7091,91,2026-03-18 12:22:00,5423.72,DEBIT,Flipkart,Mumbai,False
7092,44,2026-03-07 14:19:00,4117.06,DEBIT,Flipkart,Pune,False
7093,92,2026-06-03 22:47:00,2781.2,DEBIT,Amazon,Chandigarh,False
7094,89,2026-04-01 07:34:00,5948.48,DEBIT,Shell,Bangalore,False
7095,92,2026-04-04 16:27:00,2422.23,DEBIT,Amazon,Chandigarh,False
7096,87,2026-04-26 12:32:00,1875.34,DEBIT,Amazon,Bangalore,False
7097,90,2026-05-06 21:21:00,4900.84,DEBIT,Flipkart,Hyderabad,False
7098,35,2026-02-17 17:55:00,2164.18,DEBIT,Amazon,Chandigarh,False
7099,79,2026-05-07 23:40:00,492.23,DEBIT,Local Store,Chandigarh,False
7100,28,2026-03-28 19:10:00,2733.48,DEBIT,Amazon,Mumbai,False
7101,16,2026-04-02 02:48:00,1861.02,CREDIT,Apple,Hyderabad,False
7102,98,2026-04-27 15:50:00,1303.5,DEBIT,Apple,Pune,False
7103,3,2026-03-18 17:09:00,1111.74,DEBIT,Walmart,Ludhiana,False
7104,46,2026-06-21 21:54:00,4572.72,DEBIT,Shell,Chandigarh,False
7105,32,2026-01-14 19:34:00,696.84,DEBIT,Netflix,Hyderabad,False
7106,35,2026-03-18 03:44:00,2332.27,CREDIT,Uber,Pune,False
7107,80,2026-05-13 15:20:00,1163.4,DEBIT,Flipkart,Pune,False
7108,45,2026-05-20 06:58:00,4899.05,DEBIT,Uber,Ludhiana,False
7109,39,2026-06-11 03:15:00,2234.77,DEBIT,Shell,Pune,False
7110,29,2026-03-30 10:54:00,5626.16,CREDIT,Local Store,Ludhiana,False
7111,99,2026-07-16 10:11:00,2334.8,DEBIT,Shell,Ludhiana,False
7112,46,2026-07-13 05:48:00,4489.92,DEBIT,Uber,Hyderabad,False
7113,68,2026-03-07 13:49:00,7010.52,DEBIT,Shell,Mumbai,False
7114,78,2026-01-26 22:01:00,2620.72,DEBIT,Shell,Ludhiana,False
7115,72,2026-07-10 06:48:00,1879.46,CREDIT,Apple,Chandigarh,False
7116,97,2026-01-07 10:53:00,5188.68,DEBIT,Myntra,Hyderabad,False
7117,38,2026-05-18 07:55:00,1373.88,DEBIT,Myntra,Delhi,False
7118,27,2026-07-14 12:42:00,5434.17,DEBIT,Shell,Chandigarh,False
7119,46,2026-01-12 14:26:00,2945.48,DEBIT,Uber,Delhi,False
7120,63,2026-02-16 04:38:00,1884.79,CREDIT,Amazon,Bangalore,False
7121,52,2026-04-15 16:28:00,3797.91,DEBIT,Netflix,Ludhiana,False
7122,3,2026-07-14 01:08:00,3214.77,CREDIT,Apple,Chandigarh,False
7123,64,2026-04-03 23:43:00,1450.79,DEBIT,Apple,Delhi,False
7124,88,2026-01-24 16:41:00,73599.65,DEBIT,Local Store,Bangalore,True
7125,84,2026-03-13 07:26:00,3112.61,DEBIT,Swiggy,Chandigarh,False
7126,24,2026-01-27 05:16:00,2882.71,CREDIT,Swiggy,Ludhiana,False
7127,81,2026-05-23 20:01:00,1944.95,CREDIT,Swiggy,Pune,False
7128,54,2026-01-11 15:04:00,2063.44,DEBIT,Myntra,Pune,False
7129,74,2026-01-10 01:55:00,1628.67,DEBIT,Shell,Mumbai,False
7130,14,2026-03-12 04:29:00,5791.19,CREDIT,Amazon,Pune,False
7131,1,2026-03-06 23:31:00,613.59,DEBIT,Walmart,Bangalore,False
7132,21,2026-01-22 15:10:00,6103.86,CREDIT,Myntra,Bangalore,False
7133,9,2026-03-18 17:57:00,3385.95,DEBIT,Amazon,Ludhiana,False
7134,49,2026-07-22 12:19:00,708.19,DEBIT,Netflix,Delhi,False
7135,51,2026-04-02 19:10:00,3018.84,DEBIT,Apple,Chandigarh,False
7136,15,2026-05-24 06:03:00,990.25,DEBIT,Amazon,Chandigarh,False
7137,59,2026-03-01 21:36:00,5033.54,DEBIT,Walmart,Bangalore,False
7138,16,2026-06-17 03:57:00,4547.81,DEBIT,Uber,Hyderabad,False
7139,78,2026-07-14 01:58:00,522.19,CREDIT,Amazon,Pune,False
7140,14,2026-05-06 13:18:00,2625.11,DEBIT,Swiggy,Bangalore,False
7141,60,2026-05-15 20:17:00,2765.19,DEBIT,Myntra,Hyderabad,False
7142,47,2026-03-24 00:28:00,1592.42,DEBIT,Netflix,Chandigarh,False
7143,81,2026-04-12 18:21:00,2450.92,CREDIT,Myntra,Ludhiana,False
7144,11,2026-03-21 04:03:00,2759.55,DEBIT,Myntra,Ludhiana,False
7145,37,2026-01-16 15:35:00,3313.79,DEBIT,Shell,Delhi,False
7146,37,2026-04-07 07:47:00,1588.36,DEBIT,Netflix,Delhi,False
7147,34,2026-01-12 18:02:00,3073.85,DEBIT,Amazon,Delhi,False
7148,20,2026-05-08 06:05:00,2230.94,CREDIT,Flipkart,Bangalore,False
7149,58,2026-04-16 19:25:00,2403.39,DEBIT,Walmart,Chandigarh,False
7150,27,2026-02-07 21:36:00,1729.79,DEBIT,Myntra,Hyderabad,False
7151,19,2026-05-08 01:14:00,3962.33,CREDIT,Shell,Mumbai,False
7152,12,2026-05-22 08:55:00,2473.79,CREDIT,Netflix,Pune,False
7153,32,2026-04-05 00:29:00,2092.18,CREDIT,Shell,Hyderabad,False
7154,82,2026-07-07 16:42:00,4213.23,DEBIT,Swiggy,Pune,False
7155,11,2026-03-03 08:37:00,70343.91,DEBIT,Walmart,Mumbai,True
7156,41,2026-06-26 02:42:00,2523.24,CREDIT,Uber,Delhi,False
7157,13,2026-07-25 14:08:00,1320.22,DEBIT,Shell,Delhi,False
7158,85,2026-06-06 03:52:00,5126.02,CREDIT,Netflix,Bangalore,False
7159,17,2026-06-14 10:08:00,1016.13,DEBIT,Walmart,Delhi,False
7160,2,2026-05-24 19:00:00,3072.84,DEBIT,Shell,Chandigarh,False
7161,68,2026-04-25 16:06:00,41487.33,DEBIT,Apple,Chandigarh,True
7162,31,2026-04-24 04:21:00,3669.98,DEBIT,Swiggy,Ludhiana,False
7163,73,2026-03-04 18:24:00,1736.01,DEBIT,Flipkart,Chandigarh,False
7164,57,2026-07-27 09:36:00,3934.41,DEBIT,Myntra,Pune,False
7165,62,2026-05-22 06:39:00,4503.13,DEBIT,Swiggy,Delhi,False
7166,29,2026-04-01 17:08:00,5504.01,CREDIT,Myntra,Pune,False
7167,4,2026-01-23 11:47:00,929.72,DEBIT,Myntra,Hyderabad,False
7168,83,2026-02-05 12:48:00,3976.54,DEBIT,Local Store,Ludhiana,False
7169,49,2026-04-22 18:13:00,3322.7,DEBIT,Myntra,Chandigarh,False
7170,20,2026-01-28 09:59:00,1753.16,DEBIT,Walmart,Bangalore,False
7171,82,2026-03-25 17:13:00,3372.85,DEBIT,Netflix,Hyderabad,False
7172,100,2026-05-24 06:51:00,2089.57,DEBIT,Uber,Hyderabad,False
7173,88,2026-06-08 03:55:00,3246.99,CREDIT,Uber,Ludhiana,False
7174,95,2026-05-29 18:39:00,1969.36,DEBIT,Swiggy,Delhi,False
7175,85,2026-07-14 20:10:00,4433.99,CREDIT,Amazon,Bangalore,False
7176,11,2026-03-14 19:55:00,3268.38,DEBIT,Apple,Hyderabad,False
7177,73,2026-07-10 03:56:00,1422.51,DEBIT,Myntra,Chandigarh,False
7178,79,2026-04-01 14:17:00,4220.36,CREDIT,Apple,Chandigarh,False
7179,19,2026-05-22 03:15:00,1765.39,DEBIT,Uber,Delhi,False
7180,69,2026-01-08 11:55:00,2421.44,DEBIT,Local Store,Chandigarh,False
7181,37,2026-07-12 08:04:00,3419.56,DEBIT,Netflix,Pune,False
7182,39,2026-03-04 17:07:00,3596.36,DEBIT,Local Store,Hyderabad,False
7183,43,2026-07-22 14:39:00,822.98,DEBIT,Apple,Bangalore,False
7184,34,2026-02-20 22:04:00,2057.14,DEBIT,Myntra,Chandigarh,False
7185,27,2026-02-17 13:30:00,1660.81,DEBIT,Shell,Chandigarh,False
7186,51,2026-01-03 13:20:00,4316.97,DEBIT,Apple,Hyderabad,False
7187,14,2026-06-20 06:03:00,4645.63,DEBIT,Swiggy,Bangalore,False
7188,92,2026-04-21 10:43:00,1233.58,CREDIT,Swiggy,Hyderabad,False
7189,79,2026-03-06 19:12:00,2713.42,DEBIT,Walmart,Chandigarh,False
7190,48,2026-05-16 06:47:00,357.84,DEBIT,Uber,Pune,False
7191,71,2026-04-30 02:09:00,1803.35,DEBIT,Amazon,Pune,False
7192,3,2026-04-05 14:18:00,2670.18,CREDIT,Flipkart,Pune,False
7193,68,2026-07-08 11:21:00,3552.38,DEBIT,Apple,Delhi,False
7194,29,2026-03-07 02:22:00,3029.29,DEBIT,Myntra,Chandigarh,False
7195,6,2026-07-16 20:20:00,2794.38,DEBIT,Uber,Pune,False
7196,17,2026-04-15 11:17:00,3881.31,DEBIT,Shell,Ludhiana,False
7197,16,2026-04-01 09:50:00,2601.99,DEBIT,Apple,Delhi,False
7198,63,2026-04-24 09:04:00,2445.43,CREDIT,Swiggy,Delhi,False
7199,34,2026-02-06 08:12:00,753.54,DEBIT,Apple,Pune,False
7200,100,2026-01-29 22:40:00,1911.62,DEBIT,Uber,Hyderabad,False
7201,74,2026-04-02 04:02:00,1827.63,DEBIT,Apple,Ludhiana,False
7202,91,2026-06-17 00:03:00,276.15,DEBIT,Myntra,Delhi,False
7203,18,2026-05-21 05:43:00,6211.05,CREDIT,Shell,Bangalore,False
7204,25,2026-02-04 23:50:00,4015.91,DEBIT,Myntra,Bangalore,False
7205,35,2026-01-01 17:24:00,3127.3,CREDIT,Netflix,Delhi,False
7206,97,2026-03-02 15:32:00,2622.14,DEBIT,Local Store,Pune,False
7207,6,2026-05-22 15:40:00,4344.51,DEBIT,Flipkart,Ludhiana,False
7208,96,2026-07-25 17:26:00,2035.32,DEBIT,Netflix,Chandigarh,False
7209,54,2026-06-14 19:27:00,1929.36,DEBIT,Uber,Ludhiana,False
7210,2,2026-05-21 02:43:00,5546.9,DEBIT,Flipkart,Chandigarh,False
7211,23,2026-07-17 23:21:00,5153.91,DEBIT,Amazon,Pune,False
7212,16,2026-07-06 05:11:00,4432.36,CREDIT,Amazon,Delhi,False
7213,90,2026-02-25 23:43:00,2538.08,DEBIT,Shell,Chandigarh,False
7214,68,2026-02-26 06:46:00,3819.08,DEBIT,Amazon,Hyderabad,False
7215,25,2026-06-04 09:51:00,902.48,DEBIT,Local Store,Pune,False
7216,22,2026-06-20 04:00:00,6197.13,DEBIT,Swiggy,Pune,False
7217,51,2026-01-25 16:06:00,1173.91,CREDIT,Local Store,Ludhiana,False
7218,8,2026-02-16 04:46:00,2680.46,CREDIT,Myntra,Pune,False
7219,18,2026-02-26 07:38:00,4051.48,DEBIT,Shell,Chandigarh,False
7220,28,2026-03-28 13:09:00,2796.2,CREDIT,Apple,Ludhiana,False
7221,22,2026-07-16 19:54:00,2759.5,CREDIT,Myntra,Pune,False
7222,84,2026-02-02 04:51:00,2060.13,DEBIT,Amazon,Ludhiana,False
7223,19,2026-07-10 22:55:00,3918.44,DEBIT,Shell,Bangalore,False
7224,59,2026-07-07 16:09:00,1750.97,DEBIT,Netflix,Bangalore,False
7225,52,2026-06-08 06:15:00,2495.7,DEBIT,Walmart,Pune,False
7226,77,2026-07-22 02:25:00,391.98,DEBIT,Myntra,Bangalore,False
7227,27,2026-01-21 18:56:00,456.33,DEBIT,Local Store,Bangalore,False
7228,9,2026-04-27 13:23:00,32932.32,DEBIT,Uber,Chandigarh,True
7229,60,2026-02-04 21:48:00,4132.09,DEBIT,Apple,Bangalore,False
7230,34,2026-01-26 20:41:00,3844.46,DEBIT,Shell,Ludhiana,False
7231,16,2026-04-20 12:52:00,2909.74,CREDIT,Shell,Pune,False
7232,62,2026-01-17 01:27:00,2012.54,DEBIT,Local Store,Hyderabad,False
7233,23,2026-05-07 04:35:00,1409.12,CREDIT,Shell,Hyderabad,False
7234,3,2026-03-09 12:02:00,4216.81,DEBIT,Amazon,Hyderabad,False
7235,8,2026-01-30 05:57:00,2638.29,CREDIT,Local Store,Chandigarh,False
7236,37,2026-04-28 03:56:00,3513.21,CREDIT,Myntra,Bangalore,False
7237,88,2026-05-17 00:39:00,1288.34,DEBIT,Swiggy,Ludhiana,False
7238,4,2026-06-04 12:00:00,3396.4,DEBIT,Local Store,Pune,False
7239,2,2026-03-18 20:18:00,408.24,DEBIT,Swiggy,Hyderabad,False
7240,20,2026-04-14 22:14:00,2261.88,DEBIT,Myntra,Pune,False
7241,5,2026-01-15 11:39:00,639.11,DEBIT,Swiggy,Pune,False
7242,58,2026-04-09 01:18:00,4391.89,DEBIT,Swiggy,Delhi,False
7243,80,2026-02-28 00:17:00,5207.3,DEBIT,Apple,Ludhiana,False
7244,62,2026-03-30 09:45:00,1972.66,DEBIT,Amazon,Pune,False
7245,69,2026-02-04 09:40:00,953.68,DEBIT,Amazon,Delhi,False
7246,92,2026-04-08 05:23:00,4106.82,DEBIT,Myntra,Bangalore,False
7247,81,2026-02-19 00:16:00,4113.98,DEBIT,Amazon,Pune,False
7248,20,2026-07-25 05:26:00,1230.84,DEBIT,Myntra,Bangalore,False
7249,59,2026-03-10 04:04:00,2375.78,CREDIT,Shell,Hyderabad,False
7250,62,2026-05-12 01:01:00,2098.89,CREDIT,Flipkart,Bangalore,False
7251,18,2026-07-16 19:53:00,1615.91,DEBIT,Flipkart,Delhi,False
7252,93,2026-04-08 08:20:00,5352.91,CREDIT,Shell,Chandigarh,False
7253,68,2026-02-10 14:53:00,735.62,DEBIT,Netflix,Delhi,False
7254,7,2026-04-06 02:20:00,962.46,DEBIT,Swiggy,Pune,False
7255,34,2026-05-08 02:40:00,2034.34,DEBIT,Uber,Ludhiana,False
7256,34,2026-04-15 04:28:00,4048.42,CREDIT,Apple,Chandigarh,False
7257,1,2026-04-30 18:19:00,2300.63,DEBIT,Swiggy,Mumbai,False
7258,98,2026-05-02 22:04:00,1743.31,DEBIT,Walmart,Hyderabad,False
7259,9,2026-06-10 12:25:00,1983.25,DEBIT,Flipkart,Pune,False
7260,79,2026-03-01 12:57:00,1664.69,DEBIT,Uber,Ludhiana,False
7261,68,2026-02-25 06:05:00,4275.09,CREDIT,Apple,Delhi,False
7262,79,2026-06-18 05:10:00,2937.48,DEBIT,Walmart,Delhi,False
7263,67,2026-06-17 18:23:00,683.66,DEBIT,Apple,Hyderabad,False
7264,25,2026-07-18 14:41:00,2737.66,CREDIT,Local Store,Delhi,False
7265,76,2026-03-23 07:40:00,2232.4,CREDIT,Swiggy,Ludhiana,False
7266,99,2026-03-16 19:38:00,1440.77,DEBIT,Apple,Hyderabad,False
7267,62,2026-07-04 02:23:00,2917.31,DEBIT,Swiggy,Delhi,False
7268,51,2026-07-11 16:08:00,3015.24,DEBIT,Myntra,Hyderabad,False
7269,59,2026-07-16 11:40:00,2698.85,DEBIT,Apple,Mumbai,False
7270,11,2026-04-26 19:18:00,3873.62,DEBIT,Uber,Pune,False
7271,9,2026-01-11 02:01:00,3180.28,DEBIT,Flipkart,Mumbai,False
7272,85,2026-01-08 05:20:00,874.89,CREDIT,Flipkart,Bangalore,False
7273,90,2026-07-13 12:31:00,4126.7,DEBIT,Apple,Bangalore,False
7274,80,2026-06-10 20:43:00,2434.64,CREDIT,Swiggy,Ludhiana,False
7275,42,2026-07-07 19:34:00,2351.74,DEBIT,Walmart,Mumbai,False
7276,5,2026-03-18 08:25:00,2511.94,DEBIT,Walmart,Hyderabad,False
7277,67,2026-03-04 06:39:00,3689.03,DEBIT,Netflix,Hyderabad,False
7278,96,2026-03-04 18:41:00,6582.23,DEBIT,Netflix,Mumbai,False
7279,48,2026-04-27 05:41:00,5031.67,DEBIT,Myntra,Delhi,False
7280,14,2026-06-19 09:14:00,4509.84,CREDIT,Apple,Hyderabad,False
7281,27,2026-05-30 21:05:00,2342.84,DEBIT,Netflix,Mumbai,False
7282,64,2026-02-06 06:36:00,3256.11,DEBIT,Myntra,Bangalore,False
7283,82,2026-05-19 11:27:00,5923.28,DEBIT,Amazon,Hyderabad,False
7284,81,2026-04-19 01:02:00,4614.0,DEBIT,Apple,Mumbai,False
7285,27,2026-05-17 15:57:00,1519.59,CREDIT,Netflix,Mumbai,False
7286,93,2026-05-27 21:29:00,2322.8,DEBIT,Uber,Ludhiana,False
7287,71,2026-02-04 10:57:00,1895.54,DEBIT,Flipkart,Pune,False
7288,93,2026-03-24 22:13:00,4500.98,DEBIT,Flipkart,Hyderabad,False
7289,13,2026-05-14 04:53:00,2059.1,CREDIT,Amazon,Bangalore,False
7290,94,2026-07-15 03:30:00,2694.79,DEBIT,Flipkart,Mumbai,False
7291,50,2026-03-31 11:57:00,806.0,DEBIT,Flipkart,Bangalore,False
7292,84,2026-04-04 09:04:00,2376.03,CREDIT,Amazon,Bangalore,False
7293,93,2026-05-28 16:14:00,5511.95,DEBIT,Walmart,Delhi,False
7294,29,2026-05-14 02:24:00,1617.21,DEBIT,Shell,Ludhiana,False
7295,18,2026-07-04 10:34:00,2853.05,DEBIT,Myntra,Delhi,False
7296,97,2026-03-24 02:08:00,1912.74,DEBIT,Netflix,Bangalore,False
7297,47,2026-01-24 01:10:00,3613.35,DEBIT,Shell,Hyderabad,False
7298,20,2026-07-25 06:49:00,3522.68,CREDIT,Myntra,Bangalore,False
7299,68,2026-05-11 21:59:00,3794.42,CREDIT,Myntra,Pune,False
7300,27,2026-07-11 00:14:00,4066.19,CREDIT,Amazon,Chandigarh,False
7301,80,2026-04-16 04:47:00,6103.91,DEBIT,Amazon,Bangalore,False
7302,33,2026-01-10 13:10:00,2427.56,CREDIT,Walmart,Chandigarh,False
7303,41,2026-04-28 16:31:00,337.89,DEBIT,Shell,Ludhiana,False
7304,98,2026-01-15 04:01:00,4066.79,CREDIT,Swiggy,Bangalore,False
7305,69,2026-02-18 10:46:00,5626.83,CREDIT,Uber,Mumbai,False
7306,22,2026-03-29 11:10:00,1412.0,DEBIT,Amazon,Delhi,False
7307,52,2026-06-06 09:46:00,1746.62,DEBIT,Local Store,Chandigarh,False
7308,13,2026-03-30 04:11:00,4001.98,DEBIT,Flipkart,Ludhiana,False
7309,11,2026-02-23 12:22:00,4052.69,DEBIT,Amazon,Hyderabad,False
7310,20,2026-02-22 13:54:00,2654.59,DEBIT,Netflix,Mumbai,False
7311,71,2026-01-01 17:17:00,3322.21,DEBIT,Uber,Pune,False
7312,37,2026-02-23 00:38:00,2226.87,DEBIT,Apple,Pune,False
7313,77,2026-02-17 21:04:00,1188.07,DEBIT,Amazon,Delhi,False
7314,4,2026-07-11 15:59:00,982.61,DEBIT,Local Store,Mumbai,False
7315,70,2026-06-27 18:53:00,4143.54,DEBIT,Local Store,Delhi,False
7316,92,2026-02-28 21:49:00,6160.54,DEBIT,Local Store,Bangalore,False
7317,49,2026-04-13 04:35:00,1848.86,DEBIT,Shell,Bangalore,False
7318,53,2026-04-15 02:01:00,2617.29,CREDIT,Amazon,Hyderabad,False
7319,69,2026-05-13 03:04:00,4942.47,DEBIT,Netflix,Chandigarh,False
7320,9,2026-03-10 21:25:00,3654.47,DEBIT,Amazon,Pune,False
7321,60,2026-05-18 03:48:00,799.17,CREDIT,Amazon,Mumbai,False
7322,63,2026-05-02 17:40:00,5064.67,CREDIT,Swiggy,Chandigarh,False
7323,93,2026-03-14 00:27:00,1702.27,CREDIT,Swiggy,Mumbai,False
7324,76,2026-07-18 12:07:00,1355.53,DEBIT,Local Store,Chandigarh,False
7325,91,2026-04-20 11:46:00,1767.09,DEBIT,Netflix,Ludhiana,False
7326,20,2026-02-28 05:55:00,857.18,DEBIT,Uber,Mumbai,False
7327,21,2026-01-31 02:46:00,5236.91,DEBIT,Netflix,Ludhiana,False
7328,42,2026-05-04 00:11:00,1124.69,DEBIT,Local Store,Delhi,False
7329,50,2026-04-17 01:08:00,944.67,CREDIT,Amazon,Pune,False
7330,88,2026-01-28 02:12:00,567.78,DEBIT,Uber,Bangalore,False
7331,44,2026-05-15 14:19:00,6017.38,DEBIT,Swiggy,Chandigarh,False
7332,87,2026-07-26 13:08:00,1038.24,DEBIT,Netflix,Ludhiana,False
7333,91,2026-06-01 02:10:00,1905.15,DEBIT,Uber,Pune,False
7334,79,2026-06-17 03:30:00,2691.22,DEBIT,Apple,Delhi,False
7335,46,2026-03-27 07:15:00,5588.42,CREDIT,Netflix,Pune,False
7336,67,2026-05-13 23:15:00,1894.01,DEBIT,Local Store,Delhi,False
7337,94,2026-01-12 17:58:00,4789.39,DEBIT,Local Store,Pune,False
7338,96,2026-05-12 14:02:00,1665.97,DEBIT,Local Store,Bangalore,False
7339,8,2026-02-17 00:11:00,3430.43,CREDIT,Netflix,Mumbai,False
7340,95,2026-01-03 01:36:00,3595.85,DEBIT,Myntra,Delhi,False
7341,72,2026-04-21 12:01:00,2980.94,DEBIT,Shell,Hyderabad,False
7342,39,2026-06-19 19:16:00,1804.46,DEBIT,Flipkart,Mumbai,False
7343,96,2026-05-19 15:41:00,3215.24,DEBIT,Flipkart,Delhi,False
7344,72,2026-02-19 15:41:00,4005.32,DEBIT,Uber,Chandigarh,False
7345,85,2026-05-15 08:13:00,611.53,DEBIT,Apple,Pune,False
7346,14,2026-01-23 14:38:00,5749.93,DEBIT,Flipkart,Bangalore,False
7347,95,2026-05-29 14:31:00,1419.45,DEBIT,Myntra,Chandigarh,False
7348,83,2026-07-27 09:16:00,1200.26,CREDIT,Apple,Delhi,False
7349,95,2026-06-04 11:33:00,1460.2,DEBIT,Apple,Mumbai,False
7350,37,2026-03-14 07:26:00,5001.45,DEBIT,Uber,Delhi,False
7351,56,2026-05-29 12:56:00,2405.27,DEBIT,Walmart,Bangalore,False
7352,29,2026-03-17 15:22:00,1238.39,DEBIT,Myntra,Delhi,False
7353,45,2026-01-16 15:49:00,1298.01,CREDIT,Local Store,Delhi,False
7354,43,2026-07-14 05:45:00,2957.16,CREDIT,Netflix,Pune,False
7355,4,2026-01-29 09:50:00,3899.41,DEBIT,Uber,Mumbai,False
7356,47,2026-05-27 07:25:00,1052.45,CREDIT,Apple,Ludhiana,False
7357,57,2026-05-19 20:09:00,1617.41,DEBIT,Apple,Bangalore,False
7358,21,2026-03-26 17:51:00,2703.01,DEBIT,Amazon,Chandigarh,False
7359,85,2026-01-26 04:33:00,3440.84,DEBIT,Amazon,Delhi,False
7360,18,2026-04-16 14:00:00,1870.36,CREDIT,Shell,Hyderabad,False
7361,2,2026-02-10 22:46:00,1814.71,DEBIT,Shell,Chandigarh,False
7362,40,2026-01-10 06:59:00,3240.83,DEBIT,Apple,Bangalore,False
7363,75,2026-06-09 22:50:00,1317.49,DEBIT,Uber,Pune,False
7364,25,2026-04-17 20:06:00,4391.92,DEBIT,Local Store,Mumbai,False
7365,4,2026-04-16 06:44:00,1709.79,CREDIT,Amazon,Bangalore,False
7366,11,2026-01-15 14:24:00,1056.28,DEBIT,Apple,Pune,False
7367,27,2026-02-02 02:23:00,900.8,DEBIT,Flipkart,Pune,False
7368,67,2026-01-15 03:53:00,2168.98,DEBIT,Swiggy,Chandigarh,False
7369,2,2026-04-08 07:28:00,2268.11,DEBIT,Walmart,Bangalore,False
7370,67,2026-05-01 22:12:00,1761.7,CREDIT,Swiggy,Delhi,False
7371,73,2026-01-19 20:12:00,2052.87,DEBIT,Uber,Delhi,False
7372,44,2026-02-11 19:38:00,4531.94,DEBIT,Walmart,Bangalore,False
7373,16,2026-06-21 10:38:00,1257.88,CREDIT,Walmart,Bangalore,False
7374,27,2026-04-06 20:16:00,3311.01,DEBIT,Walmart,Delhi,False
7375,51,2026-04-03 18:05:00,1362.35,DEBIT,Myntra,Mumbai,False
7376,41,2026-01-14 02:51:00,1025.77,DEBIT,Myntra,Mumbai,False
7377,64,2026-01-12 14:13:00,4586.61,DEBIT,Shell,Pune,False
7378,40,2026-03-06 08:53:00,1996.7,DEBIT,Apple,Delhi,False
7379,71,2026-02-16 17:21:00,2793.0,DEBIT,Flipkart,Hyderabad,False
7380,30,2026-02-06 02:15:00,3886.4,DEBIT,Amazon,Ludhiana,False
7381,95,2026-02-05 19:43:00,2106.93,CREDIT,Apple,Hyderabad,False
7382,8,2026-07-03 21:21:00,493.67,DEBIT,Walmart,Mumbai,False
7383,93,2026-02-19 09:54:00,2739.86,CREDIT,Uber,Ludhiana,False
7384,67,2026-01-28 23:44:00,2808.13,CREDIT,Flipkart,Pune,False
7385,76,2026-03-11 19:15:00,4358.95,DEBIT,Apple,Pune,False
7386,43,2026-06-05 05:42:00,4790.95,DEBIT,Apple,Pune,False
7387,23,2026-05-24 08:19:00,1633.49,DEBIT,Swiggy,Bangalore,False
7388,71,2026-05-02 16:56:00,719.07,DEBIT,Walmart,Hyderabad,False
7389,22,2026-04-09 16:49:00,2894.05,DEBIT,Netflix,Delhi,False
7390,95,2026-07-08 02:35:00,1488.73,DEBIT,Netflix,Pune,False
7391,50,2026-02-19 01:29:00,2452.68,DEBIT,Apple,Delhi,False
7392,65,2026-05-11 12:42:00,3237.65,DEBIT,Walmart,Pune,False
7393,89,2026-05-10 10:06:00,4724.48,DEBIT,Myntra,Ludhiana,False
7394,23,2026-04-01 15:20:00,1047.96,DEBIT,Swiggy,Chandigarh,False
7395,11,2026-02-24 23:42:00,3748.02,DEBIT,Local Store,Hyderabad,False
7396,42,2026-05-19 20:20:00,4170.41,DEBIT,Swiggy,Delhi,False
7397,88,2026-02-10 04:17:00,4247.44,DEBIT,Walmart,Hyderabad,False
7398,3,2026-03-29 03:38:00,1604.02,DEBIT,Local Store,Delhi,False
7399,96,2026-05-23 09:18:00,2434.71,CREDIT,Myntra,Mumbai,False
7400,97,2026-06-01 23:28:00,1617.54,CREDIT,Netflix,Hyderabad,False
7401,27,2026-05-23 09:43:00,1019.02,DEBIT,Swiggy,Pune,False
7402,52,2026-01-04 03:02:00,2780.31,DEBIT,Flipkart,Bangalore,False
7403,3,2026-01-18 17:15:00,3061.48,CREDIT,Local Store,Delhi,False
7404,71,2026-03-10 00:26:00,1498.35,DEBIT,Flipkart,Delhi,False
7405,89,2026-05-15 23:50:00,3820.49,DEBIT,Swiggy,Bangalore,False
7406,40,2026-04-15 19:54:00,2177.28,DEBIT,Walmart,Hyderabad,False
7407,17,2026-03-07 13:22:00,1312.0,DEBIT,Local Store,Pune,False
7408,97,2026-01-16 09:42:00,5376.4,DEBIT,Myntra,Chandigarh,False
7409,12,2026-04-24 01:08:00,3187.1,DEBIT,Local Store,Ludhiana,False
7410,27,2026-01-06 05:22:00,1661.78,DEBIT,Netflix,Mumbai,False
7411,12,2026-02-13 06:57:00,2307.45,DEBIT,Myntra,Chandigarh,False
7412,57,2026-01-15 19:09:00,2927.8,DEBIT,Apple,Mumbai,False
7413,64,2026-06-12 07:14:00,2595.66,DEBIT,Flipkart,Pune,False
7414,86,2026-04-28 07:47:00,3072.0,CREDIT,Amazon,Pune,False
7415,69,2026-01-22 10:34:00,1513.45,DEBIT,Netflix,Chandigarh,False
7416,64,2026-05-12 02:19:00,1765.9,DEBIT,Swiggy,Chandigarh,False
7417,48,2026-04-25 20:41:00,4473.1,DEBIT,Netflix,Bangalore,False
7418,85,2026-04-14 13:36:00,2844.22,CREDIT,Netflix,Ludhiana,False
7419,18,2026-01-17 07:09:00,2318.5,DEBIT,Amazon,Mumbai,False
7420,64,2026-02-12 02:47:00,2878.07,CREDIT,Amazon,Mumbai,False
7421,82,2026-04-04 14:25:00,1369.33,CREDIT,Walmart,Hyderabad,False
7422,99,2026-01-09 22:51:00,1808.94,DEBIT,Local Store,Chandigarh,False
7423,45,2026-05-26 20:03:00,1486.67,DEBIT,Swiggy,Delhi,False
7424,73,2026-04-05 22:18:00,549.6,CREDIT,Apple,Bangalore,False
7425,77,2026-05-26 03:42:00,755.67,DEBIT,Walmart,Chandigarh,False
7426,83,2026-06-19 18:03:00,1509.8,DEBIT,Myntra,Mumbai,False
7427,56,2026-01-14 16:34:00,743.36,CREDIT,Uber,Pune,False
7428,49,2026-07-10 11:59:00,802.34,CREDIT,Apple,Hyderabad,False
7429,53,2026-07-13 02:43:00,1958.83,DEBIT,Local Store,Bangalore,False
7430,50,2026-04-02 02:03:00,3288.75,CREDIT,Local Store,Ludhiana,False
7431,28,2026-03-11 05:55:00,3746.26,DEBIT,Local Store,Delhi,False
7432,69,2026-04-18 01:19:00,526.99,DEBIT,Shell,Chandigarh,False
7433,53,2026-03-23 18:31:00,759.06,DEBIT,Myntra,Mumbai,False
7434,49,2026-01-23 13:12:00,3322.87,DEBIT,Shell,Bangalore,False
7435,57,2026-05-23 20:22:00,2126.87,DEBIT,Netflix,Delhi,False
7436,68,2026-03-07 10:25:00,2690.68,DEBIT,Local Store,Delhi,False
7437,2,2026-05-05 11:30:00,1379.51,DEBIT,Uber,Hyderabad,False
7438,26,2026-01-29 13:15:00,1715.92,DEBIT,Flipkart,Delhi,False
7439,21,2026-07-10 10:24:00,1115.55,DEBIT,Local Store,Chandigarh,False
7440,6,2026-06-05 12:54:00,658.34,DEBIT,Flipkart,Ludhiana,False
7441,80,2026-05-15 12:54:00,2075.89,DEBIT,Swiggy,Bangalore,False
7442,71,2026-07-22 17:19:00,706.14,DEBIT,Flipkart,Bangalore,False
7443,90,2026-05-03 14:33:00,4569.23,DEBIT,Amazon,Pune,False
7444,30,2026-03-12 12:02:00,4888.0,DEBIT,Shell,Mumbai,False
7445,96,2026-01-09 06:02:00,2879.52,DEBIT,Shell,Delhi,False
7446,33,2026-01-16 20:32:00,1651.07,DEBIT,Uber,Ludhiana,False
7447,92,2026-03-23 04:01:00,2118.67,DEBIT,Walmart,Bangalore,False
7448,85,2026-01-07 01:31:00,5445.12,DEBIT,Myntra,Ludhiana,False
7449,14,2026-07-08 00:14:00,3645.83,DEBIT,Swiggy,Delhi,False
7450,10,2026-03-24 05:52:00,1322.52,DEBIT,Netflix,Bangalore,False
7451,41,2026-04-02 13:22:00,725.84,CREDIT,Flipkart,Bangalore,False
7452,97,2026-06-30 15:37:00,813.02,DEBIT,Shell,Ludhiana,False
7453,14,2026-05-08 10:51:00,854.17,DEBIT,Amazon,Chandigarh,False
7454,40,2026-01-17 16:24:00,1544.49,CREDIT,Netflix,Ludhiana,False
7455,46,2026-07-05 02:08:00,5763.53,DEBIT,Swiggy,Chandigarh,False
7456,58,2026-01-13 14:02:00,5036.23,DEBIT,Flipkart,Mumbai,False
7457,96,2026-05-20 17:35:00,2199.41,DEBIT,Amazon,Pune,False
7458,29,2026-03-21 02:35:00,1206.66,DEBIT,Swiggy,Delhi,False
7459,35,2026-02-03 21:59:00,1308.07,CREDIT,Swiggy,Pune,False
7460,29,2026-06-01 08:49:00,1412.56,DEBIT,Walmart,Pune,False
7461,36,2026-04-07 06:35:00,2937.88,DEBIT,Netflix,Chandigarh,False
7462,39,2026-07-12 01:18:00,1648.91,DEBIT,Uber,Pune,False
7463,58,2026-05-21 20:06:00,3530.95,DEBIT,Walmart,Bangalore,False
7464,51,2026-04-03 19:29:00,453.47,DEBIT,Walmart,Ludhiana,False
7465,49,2026-02-26 11:08:00,2012.4,CREDIT,Flipkart,Chandigarh,False
7466,87,2026-05-01 04:01:00,2651.19,DEBIT,Local Store,Pune,False
7467,55,2026-07-22 17:55:00,3474.8,CREDIT,Myntra,Chandigarh,False
7468,62,2026-02-18 19:29:00,2360.62,DEBIT,Netflix,Bangalore,False
7469,61,2026-04-10 05:32:00,3828.52,DEBIT,Amazon,Hyderabad,False
7470,17,2026-06-02 05:51:00,3241.57,CREDIT,Flipkart,Hyderabad,False
7471,83,2026-05-18 01:15:00,4583.09,DEBIT,Myntra,Bangalore,False
7472,50,2026-04-02 16:27:00,1258.3,DEBIT,Flipkart,Pune,False
7473,34,2026-03-31 20:35:00,596.29,CREDIT,Local Store,Chandigarh,False
7474,47,2026-05-26 09:13:00,2219.1,DEBIT,Apple,Pune,False
7475,22,2026-05-01 18:22:00,1727.22,DEBIT,Apple,Bangalore,False
7476,64,2026-03-15 03:22:00,4833.66,DEBIT,Local Store,Pune,False
7477,99,2026-06-20 13:50:00,4024.1,DEBIT,Swiggy,Hyderabad,False
7478,89,2026-06-12 11:36:00,4345.92,DEBIT,Amazon,Bangalore,False
7479,31,2026-07-09 03:10:00,2253.93,CREDIT,Myntra,Delhi,False
7480,46,2026-04-09 19:41:00,5346.44,DEBIT,Apple,Mumbai,False
7481,4,2026-03-29 09:41:00,729.83,DEBIT,Shell,Bangalore,False
7482,40,2026-04-13 01:17:00,1389.61,CREDIT,Amazon,Mumbai,False
7483,79,2026-01-03 16:44:00,4791.85,DEBIT,Apple,Pune,False
7484,55,2026-07-23 03:36:00,1523.82,DEBIT,Local Store,Delhi,False
7485,70,2026-03-05 09:17:00,2131.59,CREDIT,Myntra,Mumbai,False
7486,40,2026-02-10 13:43:00,3234.67,DEBIT,Flipkart,Chandigarh,False
7487,71,2026-05-29 01:14:00,1037.26,DEBIT,Walmart,Hyderabad,False
7488,52,2026-03-19 01:13:00,1294.36,DEBIT,Swiggy,Chandigarh,False
7489,11,2026-01-08 07:13:00,1107.53,DEBIT,Netflix,Delhi,False
7490,73,2026-06-04 19:07:00,3427.13,DEBIT,Swiggy,Hyderabad,False
7491,100,2026-05-25 14:02:00,3017.08,DEBIT,Local Store,Pune,False
7492,70,2026-06-07 03:12:00,3134.27,DEBIT,Myntra,Chandigarh,False
7493,23,2026-07-27 08:20:00,5282.09,DEBIT,Uber,Mumbai,False
7494,33,2026-07-20 23:51:00,2894.07,DEBIT,Swiggy,Chandigarh,False
7495,6,2026-04-08 10:56:00,3755.08,DEBIT,Shell,Pune,False
7496,74,2026-05-02 14:23:00,2261.58,DEBIT,Myntra,Ludhiana,False
7497,48,2026-07-03 01:08:00,3892.36,DEBIT,Amazon,Delhi,False
7498,80,2026-03-23 02:01:00,1625.91,CREDIT,Myntra,Mumbai,False
7499,33,2026-02-04 21:51:00,2323.58,CREDIT,Walmart,Bangalore,False
7500,41,2026-03-07 19:15:00,3250.32,DEBIT,Walmart,Ludhiana,False
7501,15,2026-01-01 16:49:00,3648.4,CREDIT,Myntra,Hyderabad,False
7502,4,2026-06-05 15:00:00,3033.52,DEBIT,Local Store,Mumbai,False
7503,15,2026-04-24 20:32:00,1539.58,CREDIT,Netflix,Ludhiana,False
7504,26,2026-02-28 17:55:00,1040.78,CREDIT,Flipkart,Bangalore,False
7505,2,2026-03-05 15:43:00,5139.01,DEBIT,Walmart,Delhi,False
7506,13,2026-05-27 21:49:00,1166.68,CREDIT,Myntra,Bangalore,False
7507,99,2026-05-11 09:41:00,5650.24,DEBIT,Local Store,Hyderabad,False
7508,97,2026-02-04 16:40:00,2868.91,DEBIT,Myntra,Delhi,False
7509,47,2026-03-09 22:37:00,2256.45,DEBIT,Amazon,Delhi,False
7510,35,2026-04-22 15:15:00,3661.13,DEBIT,Flipkart,Chandigarh,False
7511,25,2026-03-25 21:42:00,5020.95,DEBIT,Swiggy,Ludhiana,False
7512,56,2026-04-20 08:03:00,1176.95,DEBIT,Apple,Pune,False
7513,40,2026-03-12 15:05:00,3974.2,DEBIT,Uber,Hyderabad,False
7514,53,2026-07-25 13:00:00,4340.91,CREDIT,Uber,Pune,False
7515,4,2026-04-18 05:37:00,2166.84,DEBIT,Uber,Ludhiana,False
7516,79,2026-02-02 14:45:00,4157.86,CREDIT,Local Store,Hyderabad,False
7517,23,2026-05-05 05:26:00,1675.31,CREDIT,Amazon,Chandigarh,False
7518,78,2026-03-03 16:58:00,4087.23,DEBIT,Amazon,Ludhiana,False
7519,75,2026-02-20 09:23:00,3307.32,DEBIT,Amazon,Mumbai,False
7520,66,2026-07-03 23:12:00,1176.98,DEBIT,Netflix,Ludhiana,False
7521,97,2026-05-15 09:04:00,2555.3,DEBIT,Amazon,Hyderabad,False
7522,86,2026-05-14 19:42:00,3495.68,DEBIT,Local Store,Bangalore,False
7523,39,2026-01-23 04:14:00,2060.14,CREDIT,Swiggy,Ludhiana,False
7524,5,2026-01-12 05:10:00,5348.04,DEBIT,Amazon,Hyderabad,False
7525,42,2026-01-29 20:27:00,2980.04,DEBIT,Netflix,Delhi,False
7526,36,2026-01-01 08:29:00,758.04,DEBIT,Flipkart,Chandigarh,False
7527,34,2026-05-06 06:12:00,1954.19,DEBIT,Apple,Ludhiana,False
7528,43,2026-02-17 08:25:00,4307.23,DEBIT,Local Store,Delhi,False
7529,98,2026-01-18 04:22:00,1631.03,DEBIT,Local Store,Hyderabad,False
7530,9,2026-06-28 10:36:00,979.91,DEBIT,Swiggy,Bangalore,False
7531,90,2026-04-21 04:24:00,4518.06,DEBIT,Shell,Pune,False
7532,27,2026-07-27 12:55:00,4257.07,DEBIT,Amazon,Delhi,False
7533,54,2026-03-20 21:27:00,5972.54,DEBIT,Swiggy,Delhi,False
7534,80,2026-04-20 00:03:00,2312.51,DEBIT,Flipkart,Pune,False
7535,26,2026-01-02 02:03:00,4241.82,DEBIT,Local Store,Chandigarh,False
7536,5,2026-05-02 21:15:00,3906.3,DEBIT,Netflix,Hyderabad,False
7537,81,2026-05-06 04:56:00,5226.33,DEBIT,Swiggy,Pune,False
7538,23,2026-07-24 02:31:00,3607.04,DEBIT,Shell,Pune,False
7539,72,2026-04-20 09:12:00,2563.17,DEBIT,Local Store,Chandigarh,False
7540,6,2026-05-01 07:37:00,659.39,DEBIT,Flipkart,Bangalore,False
7541,13,2026-01-12 12:02:00,3018.87,DEBIT,Flipkart,Hyderabad,False
7542,82,2026-04-16 07:07:00,4185.69,CREDIT,Walmart,Delhi,False
7543,82,2026-03-27 08:37:00,2373.39,DEBIT,Shell,Pune,False
7544,100,2026-05-26 18:32:00,3840.16,DEBIT,Myntra,Chandigarh,False
7545,88,2026-07-04 17:23:00,918.94,DEBIT,Flipkart,Pune,False
7546,65,2026-01-16 14:21:00,2025.01,DEBIT,Apple,Pune,False
7547,25,2026-07-07 10:11:00,3310.96,CREDIT,Shell,Ludhiana,False
7548,19,2026-07-16 13:06:00,2034.7,CREDIT,Flipkart,Chandigarh,False
7549,66,2026-03-11 19:20:00,2603.84,DEBIT,Myntra,Delhi,False
7550,28,2026-01-31 01:18:00,1795.32,DEBIT,Uber,Delhi,False
7551,48,2026-04-22 08:41:00,5162.73,DEBIT,Shell,Bangalore,False
7552,27,2026-07-09 12:12:00,2715.57,DEBIT,Myntra,Ludhiana,False
7553,10,2026-02-12 19:32:00,4108.28,DEBIT,Apple,Delhi,False
7554,41,2026-02-06 18:21:00,798.14,DEBIT,Netflix,Pune,False
7555,91,2026-04-11 13:02:00,2092.36,DEBIT,Shell,Hyderabad,False
7556,46,2026-02-19 05:04:00,1874.28,DEBIT,Netflix,Pune,False
7557,33,2026-04-29 11:01:00,3905.12,DEBIT,Uber,Bangalore,False
7558,42,2026-05-21 05:48:00,5860.26,DEBIT,Uber,Bangalore,False
7559,47,2026-07-25 08:09:00,2403.06,DEBIT,Shell,Chandigarh,False
7560,8,2026-03-11 10:51:00,871.43,CREDIT,Uber,Delhi,False
7561,43,2026-02-10 07:09:00,1143.21,DEBIT,Walmart,Hyderabad,False
7562,40,2026-04-02 04:51:00,3642.44,DEBIT,Amazon,Ludhiana,False
7563,52,2026-01-28 19:33:00,4342.6,DEBIT,Uber,Delhi,False
7564,50,2026-07-25 04:36:00,3933.84,DEBIT,Apple,Ludhiana,False
7565,12,2026-03-01 23:08:00,4855.94,DEBIT,Netflix,Mumbai,False
7566,90,2026-05-19 21:59:00,559.24,DEBIT,Flipkart,Bangalore,False
7567,81,2026-07-19 15:34:00,3370.76,DEBIT,Netflix,Chandigarh,False
7568,65,2026-04-22 21:04:00,1053.62,DEBIT,Apple,Chandigarh,False
7569,22,2026-05-19 01:46:00,36564.83,DEBIT,Local Store,Chandigarh,True
7570,66,2026-07-28 00:58:00,3483.65,CREDIT,Amazon,Bangalore,False
7571,94,2026-04-09 10:09:00,4644.62,CREDIT,Uber,Ludhiana,False
7572,83,2026-05-25 15:14:00,825.07,DEBIT,Uber,Bangalore,False
7573,58,2026-06-19 23:31:00,3616.79,DEBIT,Apple,Delhi,False
7574,7,2026-01-29 23:16:00,5092.9,DEBIT,Flipkart,Pune,False
7575,59,2026-01-31 14:40:00,2869.64,DEBIT,Flipkart,Bangalore,False
7576,44,2026-05-11 02:02:00,743.62,DEBIT,Flipkart,Mumbai,False
7577,80,2026-06-26 04:30:00,2419.31,DEBIT,Netflix,Mumbai,False
7578,71,2026-07-10 23:05:00,2284.2,DEBIT,Myntra,Pune,False
7579,86,2026-02-26 09:40:00,814.06,DEBIT,Local Store,Delhi,False
7580,83,2026-05-20 19:04:00,4307.42,CREDIT,Flipkart,Hyderabad,False
7581,14,2026-05-03 04:33:00,3467.41,DEBIT,Myntra,Ludhiana,False
7582,97,2026-02-08 20:16:00,1195.59,CREDIT,Apple,Bangalore,False
7583,98,2026-01-23 00:19:00,5074.5,DEBIT,Uber,Bangalore,False
7584,9,2026-02-11 04:28:00,1761.07,DEBIT,Netflix,Delhi,False
7585,37,2026-06-19 06:59:00,2600.87,DEBIT,Myntra,Ludhiana,False
7586,87,2026-05-16 04:32:00,3821.74,DEBIT,Flipkart,Pune,False
7587,79,2026-02-16 04:44:00,1335.75,DEBIT,Swiggy,Delhi,False
7588,95,2026-06-22 05:25:00,2273.21,DEBIT,Local Store,Ludhiana,False
7589,95,2026-06-08 18:08:00,6570.65,DEBIT,Apple,Delhi,False
7590,9,2026-06-13 01:13:00,1235.07,DEBIT,Swiggy,Hyderabad,False
7591,38,2026-05-27 16:24:00,2918.32,DEBIT,Netflix,Mumbai,False
7592,73,2026-01-15 14:02:00,2592.16,DEBIT,Myntra,Delhi,False
7593,14,2026-05-10 16:21:00,3126.97,DEBIT,Uber,Mumbai,False
7594,6,2026-06-26 01:37:00,1125.47,DEBIT,Amazon,Pune,False
7595,37,2026-03-23 08:05:00,1404.29,DEBIT,Netflix,Pune,False
7596,92,2026-07-20 22:38:00,4294.51,DEBIT,Walmart,Hyderabad,False
7597,39,2026-06-07 01:27:00,2171.69,CREDIT,Swiggy,Pune,False
7598,80,2026-04-22 22:04:00,5986.61,DEBIT,Swiggy,Ludhiana,False
7599,63,2026-05-01 07:58:00,852.11,DEBIT,Walmart,Hyderabad,False
7600,15,2026-06-15 04:04:00,1260.39,DEBIT,Uber,Mumbai,False
7601,75,2026-03-15 20:06:00,43536.59,DEBIT,Swiggy,Pune,True
7602,24,2026-05-27 19:16:00,2583.56,DEBIT,Uber,Pune,False
7603,39,2026-05-18 00:23:00,1217.26,DEBIT,Local Store,Hyderabad,False
7604,27,2026-06-18 02:16:00,2447.26,CREDIT,Shell,Chandigarh,False
7605,45,2026-06-17 07:21:00,4154.08,DEBIT,Walmart,Delhi,False
7606,64,2026-04-12 14:45:00,2860.11,DEBIT,Amazon,Delhi,False
7607,20,2026-03-03 21:21:00,4546.24,DEBIT,Apple,Bangalore,False
7608,30,2026-05-28 19:48:00,1532.69,CREDIT,Swiggy,Chandigarh,False
7609,7,2026-06-16 22:45:00,1352.73,CREDIT,Walmart,Delhi,False
7610,69,2026-07-11 12:58:00,2684.86,DEBIT,Uber,Pune,False
7611,63,2026-04-15 22:32:00,3246.17,DEBIT,Local Store,Chandigarh,False
7612,57,2026-05-17 11:54:00,4070.54,DEBIT,Uber,Chandigarh,False
7613,31,2026-07-08 01:07:00,3673.75,DEBIT,Shell,Delhi,False
7614,41,2026-04-14 17:29:00,3208.12,DEBIT,Walmart,Hyderabad,False
7615,28,2026-05-06 01:43:00,3764.35,DEBIT,Myntra,Ludhiana,False
7616,59,2026-06-17 14:00:00,4781.55,DEBIT,Local Store,Hyderabad,False
7617,93,2026-05-16 21:46:00,992.25,CREDIT,Flipkart,Mumbai,False
7618,4,2026-03-13 07:16:00,3856.67,DEBIT,Walmart,Hyderabad,False
7619,34,2026-02-09 11:35:00,361.2,DEBIT,Uber,Ludhiana,False
7620,81,2026-02-16 07:17:00,3343.1,DEBIT,Apple,Delhi,False
7621,47,2026-02-08 02:03:00,2429.93,DEBIT,Myntra,Chandigarh,False
7622,37,2026-04-27 18:28:00,1545.78,DEBIT,Uber,Pune,False
7623,52,2026-06-09 09:15:00,2427.53,DEBIT,Apple,Mumbai,False
7624,65,2026-01-09 14:50:00,5491.28,CREDIT,Uber,Mumbai,False
7625,7,2026-01-16 06:40:00,2099.91,DEBIT,Myntra,Mumbai,False
7626,49,2026-02-08 21:42:00,2041.42,DEBIT,Apple,Ludhiana,False
7627,60,2026-03-03 23:35:00,1918.71,DEBIT,Flipkart,Delhi,False
7628,8,2026-02-12 16:14:00,2492.13,CREDIT,Local Store,Bangalore,False
7629,50,2026-05-17 08:17:00,4358.37,DEBIT,Amazon,Chandigarh,False
7630,94,2026-07-26 22:06:00,2041.81,DEBIT,Swiggy,Pune,False
7631,15,2026-04-03 06:24:00,3618.95,DEBIT,Apple,Pune,False
7632,45,2026-04-07 06:14:00,829.35,DEBIT,Walmart,Delhi,False
7633,96,2026-07-15 19:05:00,941.71,DEBIT,Local Store,Chandigarh,False
7634,63,2026-01-22 06:58:00,2569.37,DEBIT,Swiggy,Mumbai,False
7635,32,2026-06-19 18:08:00,5681.83,DEBIT,Flipkart,Delhi,False
7636,78,2026-03-07 02:39:00,2490.18,DEBIT,Local Store,Chandigarh,False
7637,4,2026-03-19 02:42:00,1683.96,CREDIT,Apple,Mumbai,False
7638,23,2026-04-15 10:06:00,697.73,CREDIT,Netflix,Delhi,False
7639,88,2026-06-19 22:48:00,600.97,DEBIT,Apple,Ludhiana,False
7640,77,2026-07-26 05:22:00,4602.01,CREDIT,Netflix,Pune,False
7641,52,2026-01-30 20:53:00,2465.68,DEBIT,Myntra,Hyderabad,False
7642,51,2026-06-21 13:09:00,6411.83,DEBIT,Shell,Chandigarh,False
7643,28,2026-01-24 04:58:00,4687.25,DEBIT,Netflix,Delhi,False
7644,84,2026-02-24 18:09:00,1452.42,DEBIT,Netflix,Ludhiana,False
7645,29,2026-05-03 02:59:00,2433.76,DEBIT,Amazon,Bangalore,False
7646,37,2026-05-25 17:41:00,3954.72,CREDIT,Netflix,Pune,False
7647,24,2026-05-30 04:33:00,1137.77,DEBIT,Amazon,Bangalore,False
7648,15,2026-06-02 05:35:00,4171.18,DEBIT,Walmart,Chandigarh,False
7649,93,2026-04-01 03:50:00,3469.85,DEBIT,Netflix,Pune,False
7650,76,2026-02-13 23:16:00,3658.84,DEBIT,Apple,Pune,False
7651,49,2026-04-24 13:09:00,548.32,CREDIT,Myntra,Pune,False
7652,49,2026-06-05 13:30:00,1084.25,DEBIT,Flipkart,Bangalore,False
7653,38,2026-06-28 03:24:00,867.37,DEBIT,Myntra,Hyderabad,False
7654,5,2026-06-16 21:34:00,724.69,DEBIT,Amazon,Bangalore,False
7655,2,2026-06-14 05:48:00,853.83,DEBIT,Uber,Hyderabad,False
7656,36,2026-04-29 12:14:00,2839.83,DEBIT,Swiggy,Delhi,False
7657,38,2026-01-12 10:07:00,3465.54,DEBIT,Swiggy,Bangalore,False
7658,97,2026-03-09 18:28:00,1947.23,DEBIT,Swiggy,Chandigarh,False
7659,78,2026-02-11 12:36:00,1102.62,DEBIT,Uber,Bangalore,False
7660,78,2026-03-07 00:09:00,4827.06,DEBIT,Local Store,Delhi,False
7661,52,2026-02-21 17:05:00,4454.48,DEBIT,Flipkart,Mumbai,False
7662,70,2026-05-01 06:38:00,1415.9,DEBIT,Myntra,Chandigarh,False
7663,12,2026-04-05 01:31:00,2156.52,DEBIT,Flipkart,Hyderabad,False
7664,67,2026-03-27 18:17:00,5469.61,DEBIT,Swiggy,Chandigarh,False
7665,2,2026-01-18 08:22:00,2280.5,DEBIT,Shell,Mumbai,False
7666,94,2026-07-06 03:19:00,3882.8,DEBIT,Netflix,Chandigarh,False
7667,82,2026-05-31 23:14:00,1170.26,CREDIT,Shell,Chandigarh,False
7668,49,2026-01-09 01:22:00,2434.86,DEBIT,Myntra,Ludhiana,False
7669,48,2026-06-18 01:42:00,63417.79,DEBIT,Flipkart,Chandigarh,True
7670,2,2026-01-06 17:40:00,3456.09,DEBIT,Apple,Chandigarh,False
7671,1,2026-02-01 16:10:00,2726.36,DEBIT,Apple,Mumbai,False
7672,88,2026-04-16 02:33:00,933.79,CREDIT,Myntra,Hyderabad,False
7673,23,2026-05-29 10:00:00,1925.24,DEBIT,Shell,Ludhiana,False
7674,36,2026-02-27 10:54:00,3823.08,DEBIT,Myntra,Hyderabad,False
7675,54,2026-03-31 18:21:00,4343.43,DEBIT,Swiggy,Pune,False
7676,74,2026-02-21 10:46:00,5016.55,DEBIT,Apple,Delhi,False
7677,87,2026-05-06 20:06:00,2856.12,CREDIT,Local Store,Ludhiana,False
7678,14,2026-01-28 10:01:00,2379.58,DEBIT,Shell,Delhi,False
7679,76,2026-01-23 17:14:00,4204.88,DEBIT,Apple,Delhi,False
7680,80,2026-03-06 10:36:00,1353.85,DEBIT,Myntra,Mumbai,False
7681,35,2026-04-05 07:06:00,3750.59,DEBIT,Uber,Chandigarh,False
7682,63,2026-06-26 08:31:00,1723.59,DEBIT,Uber,Mumbai,False
7683,19,2026-01-19 06:31:00,870.04,DEBIT,Walmart,Chandigarh,False
7684,80,2026-03-09 16:27:00,5324.67,DEBIT,Local Store,Chandigarh,False
7685,33,2026-01-25 22:31:00,2802.75,DEBIT,Swiggy,Delhi,False
7686,70,2026-04-18 19:59:00,2729.07,CREDIT,Local Store,Hyderabad,False
7687,42,2026-01-02 16:39:00,4686.54,DEBIT,Flipkart,Hyderabad,False
7688,60,2026-05-28 20:35:00,2593.84,DEBIT,Swiggy,Pune,False
7689,40,2026-02-01 05:00:00,1477.46,DEBIT,Netflix,Mumbai,False
7690,85,2026-02-13 05:02:00,563.9,DEBIT,Local Store,Pune,False
7691,12,2026-01-20 17:46:00,3561.33,DEBIT,Swiggy,Mumbai,False
7692,56,2026-07-05 04:05:00,2995.52,DEBIT,Flipkart,Hyderabad,False
7693,9,2026-05-12 07:33:00,2944.29,DEBIT,Flipkart,Ludhiana,False
7694,80,2026-05-19 00:33:00,5228.09,DEBIT,Swiggy,Ludhiana,False
7695,57,2026-04-22 12:54:00,2308.25,DEBIT,Local Store,Pune,False
7696,74,2026-02-07 21:59:00,3515.23,DEBIT,Apple,Mumbai,False
7697,58,2026-02-26 11:05:00,3455.99,DEBIT,Apple,Ludhiana,False
7698,14,2026-03-13 22:03:00,3616.47,DEBIT,Walmart,Chandigarh,False
7699,60,2026-02-22 20:07:00,2422.49,DEBIT,Walmart,Hyderabad,False
7700,24,2026-02-09 05:13:00,5453.31,DEBIT,Local Store,Hyderabad,False
7701,62,2026-01-11 06:54:00,858.68,CREDIT,Netflix,Bangalore,False
7702,57,2026-02-06 17:59:00,1374.34,DEBIT,Amazon,Pune,False
7703,23,2026-01-06 08:48:00,2774.57,DEBIT,Shell,Pune,False
7704,27,2026-01-09 21:10:00,1772.37,DEBIT,Apple,Bangalore,False
7705,27,2026-06-05 06:43:00,2723.54,DEBIT,Netflix,Pune,False
7706,91,2026-06-10 00:22:00,2888.96,DEBIT,Walmart,Ludhiana,False
7707,87,2026-03-13 05:08:00,7339.84,DEBIT,Flipkart,Bangalore,False
7708,58,2026-04-05 20:00:00,2956.34,DEBIT,Netflix,Mumbai,False
7709,82,2026-06-26 11:56:00,3827.58,DEBIT,Swiggy,Ludhiana,False
7710,74,2026-02-23 13:31:00,4590.55,DEBIT,Amazon,Chandigarh,False
7711,70,2026-05-05 03:37:00,1445.37,DEBIT,Shell,Pune,False
7712,6,2026-04-21 13:14:00,1140.49,DEBIT,Flipkart,Chandigarh,False
7713,16,2026-07-25 09:57:00,1627.83,CREDIT,Shell,Delhi,False
7714,55,2026-04-17 19:13:00,5027.24,DEBIT,Local Store,Ludhiana,False
7715,26,2026-02-06 08:10:00,920.51,DEBIT,Netflix,Mumbai,False
7716,67,2026-03-23 04:55:00,5716.16,DEBIT,Swiggy,Chandigarh,False
7717,89,2026-01-04 22:47:00,1446.29,DEBIT,Flipkart,Bangalore,False
7718,31,2026-06-26 06:07:00,1784.14,DEBIT,Netflix,Chandigarh,False
7719,61,2026-05-17 11:39:00,686.86,DEBIT,Netflix,Hyderabad,False
7720,10,2026-07-12 11:23:00,1286.24,DEBIT,Local Store,Bangalore,False
7721,1,2026-06-05 04:03:00,2346.69,DEBIT,Myntra,Mumbai,False
7722,7,2026-03-03 18:53:00,2207.21,DEBIT,Local Store,Mumbai,False
7723,9,2026-07-20 23:02:00,4436.69,CREDIT,Myntra,Bangalore,False
7724,96,2026-04-04 21:05:00,3422.12,DEBIT,Myntra,Bangalore,False
7725,2,2026-05-13 09:22:00,5643.25,DEBIT,Flipkart,Mumbai,False
7726,16,2026-01-01 10:34:00,1958.61,DEBIT,Apple,Chandigarh,False
7727,14,2026-04-09 23:29:00,2330.14,CREDIT,Amazon,Mumbai,False
7728,78,2026-05-18 20:34:00,5205.04,DEBIT,Myntra,Bangalore,False
7729,37,2026-04-18 03:23:00,1458.96,DEBIT,Walmart,Bangalore,False
7730,17,2026-01-23 12:05:00,2445.51,DEBIT,Local Store,Bangalore,False
7731,51,2026-04-28 06:47:00,1332.8,DEBIT,Uber,Ludhiana,False
7732,97,2026-03-18 12:05:00,2635.13,DEBIT,Uber,Ludhiana,False
7733,80,2026-04-23 09:16:00,4100.01,CREDIT,Netflix,Bangalore,False
7734,69,2026-02-09 08:20:00,3701.9,DEBIT,Local Store,Chandigarh,False
7735,100,2026-02-23 21:30:00,2608.32,CREDIT,Uber,Bangalore,False
7736,92,2026-03-24 11:54:00,4220.78,CREDIT,Myntra,Pune,False
7737,53,2026-06-18 00:17:00,1044.44,DEBIT,Walmart,Hyderabad,False
7738,56,2026-05-05 16:44:00,2528.52,DEBIT,Local Store,Hyderabad,False
7739,43,2026-01-18 08:25:00,2199.61,DEBIT,Swiggy,Pune,False
7740,73,2026-02-16 18:33:00,3376.88,DEBIT,Local Store,Bangalore,False
7741,69,2026-06-18 02:32:00,2400.09,DEBIT,Uber,Ludhiana,False
7742,43,2026-02-14 04:49:00,1792.8,DEBIT,Myntra,Ludhiana,False
7743,27,2026-04-24 16:19:00,3744.08,DEBIT,Local Store,Pune,False
7744,16,2026-05-10 16:43:00,1332.15,CREDIT,Apple,Bangalore,False
7745,93,2026-05-22 18:25:00,5455.23,DEBIT,Uber,Bangalore,False
7746,19,2026-06-30 02:05:00,2279.83,CREDIT,Apple,Delhi,False
7747,40,2026-06-26 12:59:00,617.15,DEBIT,Myntra,Hyderabad,False
7748,3,2026-06-18 03:59:00,1201.37,DEBIT,Swiggy,Chandigarh,False
7749,30,2026-07-27 15:41:00,276.96,CREDIT,Local Store,Chandigarh,False
7750,42,2026-01-11 06:03:00,1006.0,DEBIT,Swiggy,Pune,False
7751,84,2026-04-14 00:24:00,2560.35,DEBIT,Amazon,Chandigarh,False
7752,22,2026-04-13 02:57:00,2105.88,CREDIT,Swiggy,Delhi,False
7753,47,2026-01-19 03:47:00,3564.37,DEBIT,Shell,Mumbai,False
7754,73,2026-02-22 06:15:00,1643.85,DEBIT,Flipkart,Delhi,False
7755,97,2026-05-10 13:52:00,3587.04,DEBIT,Amazon,Delhi,False
7756,95,2026-06-12 07:10:00,906.92,DEBIT,Uber,Ludhiana,False
7757,74,2026-06-25 08:08:00,643.52,DEBIT,Shell,Mumbai,False
7758,89,2026-06-30 01:19:00,3926.63,DEBIT,Flipkart,Chandigarh,False
7759,90,2026-02-19 15:54:00,3083.52,DEBIT,Swiggy,Mumbai,False
7760,26,2026-07-23 04:46:00,2214.59,CREDIT,Shell,Bangalore,False
7761,94,2026-04-16 22:24:00,3612.89,DEBIT,Shell,Mumbai,False
7762,7,2026-03-17 21:29:00,3835.32,DEBIT,Amazon,Delhi,False
7763,55,2026-04-06 17:39:00,2625.34,DEBIT,Local Store,Delhi,False
7764,26,2026-03-30 12:07:00,2662.95,DEBIT,Apple,Delhi,False
7765,63,2026-04-14 15:47:00,3488.65,DEBIT,Netflix,Hyderabad,False
7766,91,2026-06-15 06:06:00,2170.9,CREDIT,Walmart,Ludhiana,False
7767,93,2026-02-28 02:37:00,4416.27,CREDIT,Walmart,Hyderabad,False
7768,50,2026-03-10 13:49:00,3166.36,CREDIT,Local Store,Mumbai,False
7769,29,2026-07-09 16:48:00,1002.49,DEBIT,Walmart,Pune,False
7770,11,2026-07-18 01:46:00,3057.18,CREDIT,Amazon,Mumbai,False
7771,31,2026-06-24 15:18:00,2366.77,CREDIT,Amazon,Hyderabad,False
7772,87,2026-05-10 13:42:00,924.29,CREDIT,Myntra,Ludhiana,False
7773,41,2026-01-26 07:22:00,1366.17,DEBIT,Local Store,Pune,False
7774,88,2026-06-14 08:01:00,1578.42,DEBIT,Uber,Ludhiana,False
7775,51,2026-01-07 01:34:00,2245.37,DEBIT,Uber,Mumbai,False
7776,65,2026-01-10 20:47:00,36314.3,DEBIT,Walmart,Hyderabad,True
7777,10,2026-01-17 03:54:00,2490.35,DEBIT,Local Store,Pune,False
7778,4,2026-05-13 23:18:00,3729.06,DEBIT,Myntra,Mumbai,False
7779,67,2026-02-02 15:12:00,3359.21,DEBIT,Amazon,Chandigarh,False
7780,92,2026-07-09 05:12:00,2052.28,DEBIT,Uber,Chandigarh,False
7781,50,2026-07-16 16:41:00,4504.34,CREDIT,Amazon,Hyderabad,False
7782,23,2026-05-23 10:26:00,4186.31,DEBIT,Shell,Ludhiana,False
7783,74,2026-05-01 14:04:00,3776.2,DEBIT,Uber,Delhi,False
7784,10,2026-05-13 13:56:00,668.5,CREDIT,Apple,Bangalore,False
7785,100,2026-06-12 14:18:00,2206.95,DEBIT,Apple,Delhi,False
7786,47,2026-07-20 00:26:00,742.48,DEBIT,Myntra,Delhi,False
7787,25,2026-04-30 11:54:00,4238.2,DEBIT,Local Store,Ludhiana,False
7788,7,2026-07-12 19:52:00,1489.72,CREDIT,Netflix,Ludhiana,False
7789,10,2026-02-08 12:43:00,712.81,DEBIT,Amazon,Mumbai,False
7790,82,2026-01-25 14:25:00,2650.93,DEBIT,Amazon,Mumbai,False
7791,97,2026-06-13 03:07:00,3026.57,CREDIT,Flipkart,Bangalore,False
7792,15,2026-01-21 07:55:00,1316.34,DEBIT,Amazon,Chandigarh,False
7793,98,2026-03-17 16:12:00,3468.87,DEBIT,Amazon,Hyderabad,False
7794,24,2026-05-21 22:45:00,515.51,DEBIT,Swiggy,Chandigarh,False
7795,69,2026-06-02 03:36:00,4126.19,DEBIT,Uber,Delhi,False
7796,27,2026-05-07 13:33:00,2170.76,DEBIT,Shell,Mumbai,False
7797,82,2026-02-28 02:46:00,2741.91,DEBIT,Walmart,Ludhiana,False
7798,22,2026-01-12 23:17:00,3784.84,DEBIT,Local Store,Pune,False
7799,73,2026-03-17 17:53:00,1641.29,DEBIT,Myntra,Chandigarh,False
7800,26,2026-03-05 20:26:00,5453.13,CREDIT,Flipkart,Chandigarh,False
7801,38,2026-07-01 05:03:00,3326.86,DEBIT,Swiggy,Chandigarh,False
7802,75,2026-06-30 19:53:00,2554.98,DEBIT,Myntra,Pune,False
7803,1,2026-01-20 00:37:00,1048.65,CREDIT,Swiggy,Chandigarh,False
7804,77,2026-04-12 23:07:00,3083.07,DEBIT,Flipkart,Delhi,False
7805,13,2026-05-01 15:37:00,1884.44,DEBIT,Swiggy,Ludhiana,False
7806,59,2026-06-04 15:31:00,426.44,CREDIT,Apple,Chandigarh,False
7807,79,2026-04-20 00:14:00,1916.56,DEBIT,Swiggy,Chandigarh,False
7808,1,2026-03-22 05:38:00,4989.42,DEBIT,Shell,Pune,False
7809,24,2026-06-19 04:29:00,3338.93,DEBIT,Flipkart,Delhi,False
7810,81,2026-02-27 11:45:00,3516.18,DEBIT,Uber,Bangalore,False
7811,23,2026-03-05 13:18:00,1040.16,DEBIT,Local Store,Hyderabad,False
7812,87,2026-05-20 04:11:00,2038.57,DEBIT,Uber,Chandigarh,False
7813,49,2026-07-06 05:30:00,1768.11,CREDIT,Myntra,Bangalore,False
7814,76,2026-04-25 17:30:00,4206.53,DEBIT,Walmart,Mumbai,False
7815,87,2026-03-29 12:38:00,2824.3,CREDIT,Shell,Bangalore,False
7816,29,2026-03-24 15:59:00,5498.38,CREDIT,Flipkart,Ludhiana,False
7817,85,2026-01-25 05:26:00,1150.17,DEBIT,Swiggy,Ludhiana,False
7818,45,2026-05-04 16:45:00,1050.52,DEBIT,Uber,Mumbai,False
7819,71,2026-01-03 13:17:00,3247.65,DEBIT,Local Store,Pune,False
7820,6,2026-04-20 22:17:00,652.56,DEBIT,Local Store,Chandigarh,False
7821,32,2026-03-28 22:48:00,4530.76,DEBIT,Netflix,Chandigarh,False
7822,4,2026-02-05 01:28:00,3475.59,DEBIT,Amazon,Bangalore,False
7823,86,2026-05-22 19:34:00,413.07,DEBIT,Walmart,Ludhiana,False
7824,84,2026-04-09 00:13:00,1600.57,DEBIT,Amazon,Delhi,False
7825,91,2026-04-16 21:32:00,1209.5,DEBIT,Flipkart,Ludhiana,False
7826,95,2026-04-20 02:42:00,1769.88,DEBIT,Uber,Delhi,False
7827,87,2026-07-18 13:16:00,2706.82,DEBIT,Swiggy,Bangalore,False
7828,35,2026-07-19 05:25:00,3385.91,CREDIT,Myntra,Mumbai,False
7829,42,2026-02-13 23:32:00,1863.91,DEBIT,Local Store,Delhi,False
7830,74,2026-06-13 00:25:00,1127.47,DEBIT,Myntra,Delhi,False
7831,57,2026-05-27 08:03:00,3321.27,CREDIT,Walmart,Pune,False
7832,55,2026-05-13 21:51:00,2775.09,DEBIT,Walmart,Mumbai,False
7833,70,2026-04-25 00:30:00,1866.07,CREDIT,Flipkart,Ludhiana,False
7834,47,2026-06-18 13:56:00,2544.76,DEBIT,Amazon,Pune,False
7835,53,2026-02-10 04:51:00,4051.71,DEBIT,Flipkart,Chandigarh,False
7836,73,2026-01-11 10:06:00,2017.03,CREDIT,Swiggy,Delhi,False
7837,68,2026-03-24 00:50:00,2964.08,DEBIT,Flipkart,Hyderabad,False
7838,10,2026-04-05 05:37:00,3468.58,DEBIT,Flipkart,Ludhiana,False
7839,91,2026-03-16 19:38:00,3218.84,CREDIT,Apple,Ludhiana,False
7840,34,2026-06-04 01:17:00,3959.16,DEBIT,Netflix,Mumbai,False
7841,62,2026-01-31 22:56:00,2657.86,DEBIT,Netflix,Pune,False
7842,70,2026-07-12 12:14:00,2718.41,CREDIT,Myntra,Hyderabad,False
7843,1,2026-02-01 19:46:00,654.78,DEBIT,Walmart,Pune,False
7844,30,2026-04-29 14:53:00,1497.0,DEBIT,Uber,Mumbai,False
7845,26,2026-06-10 23:45:00,939.19,DEBIT,Amazon,Pune,False
7846,60,2026-02-22 15:06:00,5342.02,CREDIT,Myntra,Ludhiana,False
7847,63,2026-01-15 21:41:00,3328.41,DEBIT,Shell,Pune,False
7848,9,2026-03-04 20:52:00,1492.51,CREDIT,Amazon,Hyderabad,False
7849,65,2026-04-17 22:44:00,4887.47,DEBIT,Netflix,Hyderabad,False
7850,41,2026-07-24 12:55:00,1081.08,DEBIT,Walmart,Chandigarh,False
7851,33,2026-04-16 22:01:00,1739.72,DEBIT,Uber,Pune,False
7852,44,2026-01-06 09:50:00,5300.95,DEBIT,Uber,Ludhiana,False
7853,38,2026-02-15 07:02:00,1216.35,DEBIT,Shell,Hyderabad,False
7854,100,2026-03-23 05:54:00,3825.47,CREDIT,Walmart,Mumbai,False
7855,64,2026-01-22 13:59:00,2630.45,DEBIT,Flipkart,Pune,False
7856,86,2026-02-03 02:07:00,3128.85,DEBIT,Myntra,Mumbai,False
7857,29,2026-03-01 10:52:00,1492.48,DEBIT,Uber,Delhi,False
7858,11,2026-02-26 18:46:00,3663.57,DEBIT,Local Store,Pune,False
7859,63,2026-01-30 14:42:00,328.78,DEBIT,Walmart,Chandigarh,False
7860,58,2026-03-01 18:10:00,371.25,DEBIT,Amazon,Ludhiana,False
7861,18,2026-05-18 10:34:00,5170.28,DEBIT,Swiggy,Bangalore,False
7862,93,2026-03-19 13:57:00,2770.41,DEBIT,Swiggy,Mumbai,False
7863,74,2026-01-16 22:58:00,1083.46,DEBIT,Walmart,Delhi,False
7864,31,2026-05-18 06:04:00,1396.79,CREDIT,Shell,Pune,False
7865,75,2026-07-11 17:51:00,1198.58,DEBIT,Apple,Ludhiana,False
7866,75,2026-04-09 21:03:00,3525.53,DEBIT,Local Store,Bangalore,False
7867,95,2026-01-21 01:09:00,3591.96,CREDIT,Apple,Chandigarh,False
7868,33,2026-02-15 17:04:00,4694.18,DEBIT,Walmart,Chandigarh,False
7869,47,2026-05-20 21:50:00,1643.74,CREDIT,Flipkart,Delhi,False
7870,37,2026-05-13 04:51:00,1595.75,DEBIT,Myntra,Bangalore,False
7871,67,2026-07-06 06:35:00,760.5,DEBIT,Shell,Ludhiana,False
7872,86,2026-04-26 18:44:00,4950.27,DEBIT,Amazon,Ludhiana,False
7873,79,2026-07-23 04:47:00,1811.12,DEBIT,Apple,Mumbai,False
7874,10,2026-03-23 11:40:00,1614.25,DEBIT,Swiggy,Pune,False
7875,78,2026-03-20 03:41:00,2641.59,DEBIT,Myntra,Chandigarh,False
7876,62,2026-06-10 16:07:00,4533.71,DEBIT,Walmart,Bangalore,False
7877,33,2026-01-01 13:06:00,4535.15,CREDIT,Netflix,Hyderabad,False
7878,68,2026-02-05 15:49:00,3924.23,DEBIT,Uber,Bangalore,False
7879,61,2026-02-23 05:50:00,1190.09,DEBIT,Amazon,Chandigarh,False
7880,39,2026-05-06 19:21:00,6901.76,DEBIT,Netflix,Hyderabad,False
7881,62,2026-03-27 11:11:00,560.16,DEBIT,Local Store,Ludhiana,False
7882,72,2026-06-28 05:49:00,1959.8,DEBIT,Myntra,Mumbai,False
7883,29,2026-07-12 18:20:00,6821.19,DEBIT,Netflix,Pune,False
7884,59,2026-07-18 19:39:00,3553.45,DEBIT,Uber,Chandigarh,False
7885,29,2026-05-15 13:15:00,1568.51,CREDIT,Walmart,Pune,False
7886,8,2026-07-04 17:43:00,3540.17,DEBIT,Local Store,Pune,False
7887,89,2026-02-06 07:17:00,4238.64,DEBIT,Local Store,Ludhiana,False
7888,35,2026-07-23 23:51:00,1234.28,DEBIT,Netflix,Bangalore,False
7889,18,2026-04-27 04:51:00,4779.66,DEBIT,Flipkart,Mumbai,False
7890,40,2026-06-15 04:52:00,1383.04,DEBIT,Walmart,Hyderabad,False
7891,77,2026-07-25 17:58:00,2151.49,CREDIT,Netflix,Mumbai,False
7892,38,2026-01-12 15:03:00,1003.1,CREDIT,Amazon,Ludhiana,False
7893,83,2026-05-17 23:06:00,842.76,DEBIT,Netflix,Mumbai,False
7894,18,2026-07-07 18:52:00,1049.58,DEBIT,Myntra,Hyderabad,False
7895,22,2026-01-11 08:11:00,1531.99,DEBIT,Myntra,Delhi,False
7896,18,2026-05-14 04:26:00,896.19,CREDIT,Myntra,Ludhiana,False
7897,70,2026-02-23 08:02:00,3281.79,DEBIT,Apple,Hyderabad,False
7898,15,2026-03-07 05:31:00,3491.2,DEBIT,Myntra,Hyderabad,False
7899,21,2026-01-14 14:04:00,4541.37,DEBIT,Myntra,Chandigarh,False
7900,74,2026-05-10 11:49:00,4178.57,CREDIT,Uber,Hyderabad,False
7901,70,2026-07-04 11:53:00,1974.26,DEBIT,Local Store,Bangalore,False
7902,14,2026-01-21 12:21:00,2976.98,DEBIT,Walmart,Ludhiana,False
7903,7,2026-06-19 22:42:00,656.02,CREDIT,Myntra,Chandigarh,False
7904,8,2026-03-22 22:14:00,1709.72,CREDIT,Walmart,Chandigarh,False
7905,18,2026-01-08 01:03:00,1808.51,CREDIT,Netflix,Chandigarh,False
7906,53,2026-04-24 16:31:00,3953.09,DEBIT,Netflix,Ludhiana,False
7907,100,2026-06-14 05:08:00,3028.9,DEBIT,Walmart,Pune,False
7908,89,2026-05-14 07:03:00,3128.1,CREDIT,Shell,Delhi,False
7909,50,2026-01-29 07:43:00,1747.33,DEBIT,Shell,Mumbai,False
7910,25,2026-06-22 18:56:00,2438.4,CREDIT,Uber,Bangalore,False
7911,15,2026-03-16 20:22:00,689.97,DEBIT,Walmart,Delhi,False
7912,20,2026-01-09 23:12:00,1832.85,DEBIT,Flipkart,Delhi,False
7913,50,2026-05-08 14:07:00,3426.71,CREDIT,Uber,Hyderabad,False
7914,20,2026-05-24 04:50:00,2216.89,DEBIT,Flipkart,Hyderabad,False
7915,97,2026-06-07 11:12:00,3508.39,CREDIT,Local Store,Delhi,False
7916,39,2026-01-20 11:59:00,2685.51,CREDIT,Netflix,Chandigarh,False
7917,44,2026-02-27 17:29:00,2376.23,CREDIT,Netflix,Chandigarh,False
7918,21,2026-06-04 10:11:00,4929.74,DEBIT,Myntra,Hyderabad,False
7919,50,2026-05-22 22:28:00,4550.25,DEBIT,Walmart,Chandigarh,False
7920,39,2026-04-12 00:47:00,4017.14,DEBIT,Flipkart,Hyderabad,False
7921,43,2026-01-16 17:47:00,4766.6,CREDIT,Flipkart,Ludhiana,False
7922,55,2026-05-14 08:05:00,1324.29,CREDIT,Apple,Ludhiana,False
7923,58,2026-05-25 23:10:00,2525.21,DEBIT,Amazon,Pune,False
7924,83,2026-07-06 06:13:00,1522.6,CREDIT,Local Store,Chandigarh,False
7925,29,2026-05-05 23:07:00,717.51,DEBIT,Netflix,Ludhiana,False
7926,78,2026-02-04 21:42:00,2288.31,CREDIT,Flipkart,Bangalore,False
7927,24,2026-03-19 19:07:00,1721.67,DEBIT,Myntra,Ludhiana,False
7928,8,2026-07-19 13:00:00,3776.15,DEBIT,Amazon,Ludhiana,False
7929,66,2026-07-03 00:16:00,936.03,CREDIT,Netflix,Chandigarh,False
7930,34,2026-06-13 05:35:00,1805.34,DEBIT,Flipkart,Hyderabad,False
7931,79,2026-02-18 10:02:00,1542.03,DEBIT,Flipkart,Pune,False
7932,38,2026-01-22 01:17:00,3865.94,DEBIT,Apple,Mumbai,False
7933,50,2026-06-30 03:09:00,3073.63,DEBIT,Shell,Bangalore,False
7934,8,2026-06-14 23:27:00,3252.44,CREDIT,Shell,Hyderabad,False
7935,83,2026-04-26 13:48:00,5493.78,DEBIT,Netflix,Delhi,False
7936,98,2026-01-03 01:50:00,2361.09,DEBIT,Shell,Hyderabad,False
7937,52,2026-04-06 05:21:00,2759.7,CREDIT,Flipkart,Delhi,False
7938,14,2026-03-22 23:46:00,4045.09,CREDIT,Uber,Hyderabad,False
7939,37,2026-02-26 04:19:00,3198.27,DEBIT,Myntra,Bangalore,False
7940,22,2026-01-08 09:08:00,1725.18,CREDIT,Amazon,Pune,False
7941,19,2026-05-21 09:52:00,2576.64,CREDIT,Netflix,Bangalore,False
7942,10,2026-06-26 21:24:00,2839.39,DEBIT,Flipkart,Chandigarh,False
7943,8,2026-05-17 23:54:00,2209.89,DEBIT,Walmart,Mumbai,False
7944,88,2026-04-24 12:14:00,3116.91,DEBIT,Swiggy,Bangalore,False
7945,14,2026-04-16 05:05:00,2008.55,CREDIT,Walmart,Pune,False
7946,8,2026-07-13 04:19:00,1514.02,DEBIT,Amazon,Chandigarh,False
7947,73,2026-07-10 21:29:00,4287.58,CREDIT,Local Store,Bangalore,False
7948,6,2026-01-29 06:11:00,1135.6,DEBIT,Netflix,Delhi,False
7949,97,2026-07-12 14:42:00,1592.15,DEBIT,Apple,Chandigarh,False
7950,59,2026-06-23 08:09:00,2978.51,DEBIT,Netflix,Chandigarh,False
7951,28,2026-02-22 03:12:00,5865.12,DEBIT,Myntra,Bangalore,False
7952,79,2026-01-18 05:23:00,1463.86,DEBIT,Walmart,Delhi,False
7953,3,2026-06-21 08:35:00,3118.57,CREDIT,Apple,Delhi,False
7954,1,2026-01-23 22:24:00,1845.53,DEBIT,Shell,Mumbai,False
7955,17,2026-01-26 23:26:00,1740.31,DEBIT,Shell,Delhi,False
7956,49,2026-05-04 07:53:00,562.52,DEBIT,Netflix,Hyderabad,False
7957,59,2026-02-24 11:48:00,362.74,DEBIT,Uber,Mumbai,False
7958,93,2026-07-23 17:53:00,1026.36,DEBIT,Netflix,Hyderabad,False
7959,79,2026-01-28 21:49:00,922.8,DEBIT,Shell,Delhi,False
7960,94,2026-04-08 19:08:00,2720.68,DEBIT,Local Store,Delhi,False
7961,1,2026-06-23 14:49:00,4953.14,DEBIT,Walmart,Delhi,False
7962,15,2026-01-30 16:42:00,1528.71,DEBIT,Swiggy,Mumbai,False
7963,23,2026-04-04 16:14:00,2985.51,DEBIT,Uber,Ludhiana,False
7964,43,2026-06-07 12:26:00,2121.39,DEBIT,Myntra,Mumbai,False
7965,14,2026-04-29 23:16:00,810.65,CREDIT,Apple,Hyderabad,False
7966,39,2026-04-26 02:31:00,3896.84,DEBIT,Flipkart,Delhi,False
7967,21,2026-07-08 16:35:00,4153.48,DEBIT,Uber,Bangalore,False
7968,34,2026-06-19 21:15:00,3137.42,DEBIT,Flipkart,Ludhiana,False
7969,43,2026-02-20 08:38:00,586.39,CREDIT,Swiggy,Mumbai,False
7970,32,2026-02-12 00:06:00,4150.48,DEBIT,Myntra,Pune,False
7971,42,2026-03-12 17:46:00,789.23,CREDIT,Uber,Delhi,False
7972,20,2026-03-17 03:11:00,696.18,DEBIT,Local Store,Hyderabad,False
7973,82,2026-06-04 20:25:00,1130.2,DEBIT,Myntra,Bangalore,False
7974,40,2026-07-05 18:53:00,4054.23,DEBIT,Myntra,Ludhiana,False
7975,2,2026-04-19 23:11:00,2828.09,CREDIT,Local Store,Chandigarh,False
7976,30,2026-05-21 18:58:00,694.67,DEBIT,Swiggy,Chandigarh,False
7977,58,2026-02-27 00:54:00,2741.6,DEBIT,Local Store,Hyderabad,False
7978,56,2026-01-26 12:16:00,5348.23,DEBIT,Amazon,Bangalore,False
7979,92,2026-04-30 07:00:00,3285.77,CREDIT,Apple,Hyderabad,False
7980,42,2026-04-21 22:22:00,3299.59,CREDIT,Swiggy,Bangalore,False
7981,60,2026-06-13 21:56:00,3034.57,CREDIT,Walmart,Bangalore,False
7982,26,2026-03-19 03:35:00,1544.37,DEBIT,Uber,Ludhiana,False
7983,60,2026-06-20 13:17:00,5016.79,DEBIT,Swiggy,Chandigarh,False
7984,42,2026-04-16 09:57:00,2231.69,DEBIT,Uber,Chandigarh,False
7985,40,2026-04-22 04:13:00,4062.99,DEBIT,Flipkart,Pune,False
7986,36,2026-01-11 22:44:00,2714.25,DEBIT,Amazon,Mumbai,False
7987,83,2026-07-25 03:33:00,877.83,DEBIT,Apple,Bangalore,False
7988,26,2026-03-20 07:23:00,3694.74,DEBIT,Uber,Mumbai,False
7989,40,2026-06-01 21:51:00,3674.86,DEBIT,Shell,Hyderabad,False
7990,21,2026-07-10 17:31:00,5738.24,CREDIT,Local Store,Pune,False
7991,98,2026-02-24 03:52:00,1918.99,DEBIT,Amazon,Hyderabad,False
7992,29,2026-01-01 06:19:00,5211.44,DEBIT,Walmart,Mumbai,False
7993,30,2026-01-29 09:28:00,3124.1,CREDIT,Flipkart,Pune,False
7994,59,2026-04-24 02:59:00,2807.38,DEBIT,Walmart,Delhi,False
7995,11,2026-02-25 23:36:00,2137.28,DEBIT,Netflix,Delhi,False
7996,46,2026-07-19 19:36:00,1406.29,DEBIT,Walmart,Delhi,False
7997,46,2026-01-24 09:02:00,4128.48,DEBIT,Swiggy,Mumbai,False
7998,77,2026-01-09 06:10:00,1520.95,DEBIT,Flipkart,Chandigarh,False
7999,96,2026-05-15 22:43:00,3321.79,CREDIT,Walmart,Delhi,False
8000,84,2026-02-03 16:04:00,4098.1,DEBIT,Amazon,Delhi,False
8001,83,2026-06-17 06:33:00,3051.22,DEBIT,Myntra,Mumbai,False
8002,18,2026-05-03 07:07:00,4556.71,DEBIT,Swiggy,Ludhiana,False
8003,38,2026-07-11 13:30:00,904.1,DEBIT,Uber,Chandigarh,False
8004,26,2026-06-12 02:45:00,3407.65,CREDIT,Swiggy,Pune,False
8005,29,2026-01-23 08:33:00,4257.35,DEBIT,Myntra,Bangalore,False
8006,30,2026-06-23 05:04:00,4922.43,DEBIT,Walmart,Bangalore,False
8007,14,2026-04-17 06:07:00,1966.95,DEBIT,Uber,Ludhiana,False
8008,29,2026-04-04 16:07:00,623.43,DEBIT,Swiggy,Delhi,False
8009,37,2026-07-04 07:45:00,3938.58,CREDIT,Walmart,Chandigarh,False
8010,64,2026-07-16 16:28:00,1839.96,DEBIT,Local Store,Hyderabad,False
8011,41,2026-06-22 18:53:00,5333.59,DEBIT,Apple,Mumbai,False
8012,72,2026-05-03 08:26:00,3372.39,DEBIT,Uber,Hyderabad,False
8013,66,2026-05-02 12:10:00,2558.81,DEBIT,Local Store,Chandigarh,False
8014,73,2026-03-06 23:49:00,3138.8,DEBIT,Uber,Hyderabad,False
8015,37,2026-04-12 18:53:00,1987.54,DEBIT,Uber,Delhi,False
8016,3,2026-05-26 10:29:00,513.12,DEBIT,Walmart,Delhi,False
8017,98,2026-05-16 08:31:00,2957.11,CREDIT,Netflix,Ludhiana,False
8018,95,2026-05-07 02:50:00,4481.27,DEBIT,Myntra,Pune,False
8019,80,2026-03-06 08:15:00,2669.37,DEBIT,Netflix,Mumbai,False
8020,73,2026-01-04 01:20:00,2198.72,DEBIT,Amazon,Pune,False
8021,86,2026-03-13 02:49:00,3862.81,DEBIT,Local Store,Bangalore,False
8022,85,2026-05-26 17:58:00,1544.69,DEBIT,Netflix,Chandigarh,False
8023,63,2026-04-24 09:32:00,3615.06,DEBIT,Flipkart,Ludhiana,False
8024,93,2026-02-14 18:54:00,4933.35,CREDIT,Netflix,Delhi,False
8025,95,2026-03-17 02:08:00,5057.89,DEBIT,Flipkart,Ludhiana,False
8026,26,2026-07-25 00:32:00,2559.82,CREDIT,Uber,Delhi,False
8027,44,2026-06-30 09:30:00,717.1,DEBIT,Shell,Chandigarh,False
8028,9,2026-04-28 20:09:00,2797.41,DEBIT,Local Store,Mumbai,False
8029,45,2026-01-21 12:52:00,3698.26,DEBIT,Flipkart,Hyderabad,False
8030,36,2026-03-05 09:21:00,1958.6,CREDIT,Flipkart,Chandigarh,False
8031,21,2026-03-14 11:49:00,2466.56,CREDIT,Netflix,Hyderabad,False
8032,16,2026-01-01 01:43:00,2521.56,CREDIT,Local Store,Ludhiana,False
8033,19,2026-06-23 04:14:00,3425.36,DEBIT,Shell,Bangalore,False
8034,20,2026-05-01 08:04:00,4016.29,DEBIT,Walmart,Bangalore,False
8035,29,2026-06-10 01:08:00,1998.5,DEBIT,Flipkart,Delhi,False
8036,50,2026-02-16 18:15:00,2299.5,DEBIT,Shell,Bangalore,False
8037,95,2026-06-03 01:15:00,1737.36,DEBIT,Apple,Hyderabad,False
8038,74,2026-01-31 12:12:00,2246.65,DEBIT,Walmart,Bangalore,False
8039,49,2026-03-03 22:46:00,3680.3,CREDIT,Swiggy,Pune,False
8040,17,2026-01-04 13:28:00,747.5,DEBIT,Netflix,Hyderabad,False
8041,53,2026-04-29 10:50:00,1670.89,DEBIT,Uber,Mumbai,False
8042,77,2026-05-09 22:12:00,4292.36,DEBIT,Swiggy,Delhi,False
8043,26,2026-07-07 17:02:00,4533.02,CREDIT,Myntra,Delhi,False
8044,83,2026-04-27 23:40:00,3874.37,DEBIT,Apple,Bangalore,False
8045,26,2026-06-14 02:31:00,505.09,DEBIT,Myntra,Chandigarh,False
8046,38,2026-06-02 22:57:00,1093.42,CREDIT,Flipkart,Hyderabad,False
8047,13,2026-05-14 13:54:00,3179.35,CREDIT,Netflix,Hyderabad,False
8048,32,2026-05-02 01:35:00,4070.31,DEBIT,Myntra,Pune,False
8049,46,2026-06-15 00:14:00,1953.77,CREDIT,Amazon,Mumbai,False
8050,44,2026-05-20 00:08:00,599.29,DEBIT,Swiggy,Chandigarh,False
8051,6,2026-05-12 10:41:00,3144.91,DEBIT,Uber,Chandigarh,False
8052,11,2026-05-30 04:30:00,3952.7,DEBIT,Flipkart,Bangalore,False
8053,95,2026-02-09 01:33:00,692.79,DEBIT,Apple,Delhi,False
8054,24,2026-04-05 15:52:00,5130.68,DEBIT,Netflix,Ludhiana,False
8055,56,2026-05-22 04:26:00,2355.59,DEBIT,Amazon,Delhi,False
8056,1,2026-02-26 13:44:00,4397.12,DEBIT,Amazon,Ludhiana,False
8057,63,2026-03-20 11:16:00,773.06,DEBIT,Local Store,Pune,False
8058,83,2026-02-04 14:54:00,891.01,DEBIT,Shell,Ludhiana,False
8059,74,2026-07-14 12:39:00,2235.8,CREDIT,Myntra,Ludhiana,False
8060,17,2026-02-05 10:27:00,766.93,DEBIT,Shell,Delhi,False
8061,60,2026-01-12 15:29:00,2298.67,DEBIT,Shell,Chandigarh,False
8062,92,2026-02-15 13:21:00,2753.52,CREDIT,Uber,Chandigarh,False
8063,17,2026-03-23 20:43:00,1964.23,DEBIT,Uber,Ludhiana,False
8064,14,2026-05-27 23:36:00,3570.8,CREDIT,Swiggy,Bangalore,False
8065,96,2026-06-17 19:19:00,998.63,DEBIT,Apple,Ludhiana,False
8066,32,2026-06-28 00:09:00,966.01,DEBIT,Swiggy,Hyderabad,False
8067,24,2026-06-04 00:52:00,3244.55,CREDIT,Flipkart,Delhi,False
8068,12,2026-04-27 16:28:00,5631.49,CREDIT,Swiggy,Hyderabad,False
8069,55,2026-06-15 22:30:00,2890.83,DEBIT,Uber,Chandigarh,False
8070,13,2026-03-12 17:45:00,4781.04,DEBIT,Swiggy,Mumbai,False
8071,69,2026-03-27 07:06:00,877.06,DEBIT,Flipkart,Delhi,False
8072,25,2026-06-22 08:32:00,562.27,DEBIT,Apple,Ludhiana,False
8073,54,2026-04-18 16:30:00,5431.41,DEBIT,Swiggy,Pune,False
8074,41,2026-02-21 20:23:00,1748.82,DEBIT,Walmart,Ludhiana,False
8075,63,2026-02-16 06:34:00,2018.44,DEBIT,Flipkart,Bangalore,False
8076,66,2026-06-21 12:17:00,2813.36,DEBIT,Apple,Hyderabad,False
8077,6,2026-01-25 03:13:00,4075.15,DEBIT,Netflix,Bangalore,False
8078,98,2026-07-18 14:19:00,3986.43,DEBIT,Swiggy,Bangalore,False
8079,89,2026-07-18 14:45:00,1799.62,DEBIT,Myntra,Hyderabad,False
8080,35,2026-01-29 11:25:00,1634.56,CREDIT,Netflix,Bangalore,False
8081,12,2026-04-01 14:57:00,1227.99,DEBIT,Apple,Hyderabad,False
8082,12,2026-06-17 00:24:00,394.88,DEBIT,Uber,Ludhiana,False
8083,94,2026-05-20 05:50:00,5993.42,DEBIT,Flipkart,Chandigarh,False
8084,98,2026-01-16 12:28:00,1090.21,DEBIT,Swiggy,Hyderabad,False
8085,64,2026-05-17 20:17:00,4525.57,DEBIT,Myntra,Hyderabad,False
8086,88,2026-02-04 13:45:00,1638.61,DEBIT,Amazon,Hyderabad,False
8087,95,2026-02-14 10:05:00,4182.68,DEBIT,Walmart,Ludhiana,False
8088,24,2026-01-05 10:58:00,4077.97,DEBIT,Netflix,Pune,False
8089,36,2026-03-08 16:37:00,644.97,CREDIT,Myntra,Pune,False
8090,88,2026-03-14 03:00:00,782.77,CREDIT,Uber,Hyderabad,False
8091,7,2026-06-08 14:12:00,1250.93,DEBIT,Flipkart,Delhi,False
8092,65,2026-07-05 00:49:00,3614.17,DEBIT,Myntra,Pune,False
8093,83,2026-07-02 06:03:00,2324.79,DEBIT,Myntra,Ludhiana,False
8094,94,2026-06-23 16:52:00,4240.52,DEBIT,Walmart,Delhi,False
8095,38,2026-04-17 22:27:00,6549.12,DEBIT,Swiggy,Delhi,False
8096,83,2026-05-17 17:49:00,5676.7,DEBIT,Local Store,Pune,False
8097,23,2026-01-08 13:19:00,3240.71,DEBIT,Shell,Hyderabad,False
8098,84,2026-03-16 08:29:00,3629.95,DEBIT,Uber,Hyderabad,False
8099,64,2026-07-17 08:03:00,4371.05,CREDIT,Local Store,Ludhiana,False
8100,68,2026-03-25 08:49:00,1748.32,DEBIT,Uber,Chandigarh,False
8101,43,2026-02-20 21:40:00,780.49,DEBIT,Apple,Delhi,False
8102,13,2026-06-11 06:49:00,1863.17,DEBIT,Swiggy,Bangalore,False
8103,13,2026-04-13 18:11:00,5184.53,CREDIT,Local Store,Bangalore,False
8104,61,2026-07-27 10:15:00,3019.14,DEBIT,Swiggy,Hyderabad,False
8105,89,2026-07-26 12:33:00,977.42,CREDIT,Uber,Hyderabad,False
8106,92,2026-04-26 12:57:00,3276.19,DEBIT,Netflix,Ludhiana,False
8107,55,2026-06-13 08:18:00,2613.54,CREDIT,Swiggy,Chandigarh,False
8108,49,2026-03-13 10:04:00,1283.79,CREDIT,Flipkart,Bangalore,False
8109,81,2026-02-13 20:52:00,1949.84,DEBIT,Flipkart,Pune,False
8110,26,2026-03-11 14:27:00,999.43,CREDIT,Apple,Ludhiana,False
8111,83,2026-01-25 04:05:00,1763.81,DEBIT,Uber,Hyderabad,False
8112,7,2026-01-16 11:45:00,477.44,CREDIT,Apple,Delhi,False
8113,100,2026-01-12 15:43:00,666.43,DEBIT,Netflix,Chandigarh,False
8114,92,2026-06-28 17:44:00,1802.44,CREDIT,Netflix,Mumbai,False
8115,10,2026-04-19 19:54:00,47336.74,DEBIT,Walmart,Mumbai,True
8116,66,2026-05-24 06:42:00,2677.04,DEBIT,Uber,Hyderabad,False
8117,10,2026-04-18 03:52:00,4149.82,CREDIT,Uber,Pune,False
8118,79,2026-02-07 17:24:00,942.05,DEBIT,Myntra,Mumbai,False
8119,64,2026-02-01 15:17:00,3932.38,DEBIT,Myntra,Hyderabad,False
8120,44,2026-06-28 12:37:00,4758.56,DEBIT,Local Store,Chandigarh,False
8121,31,2026-04-10 22:06:00,1063.95,DEBIT,Local Store,Chandigarh,False
8122,11,2026-04-27 03:20:00,4288.73,DEBIT,Walmart,Ludhiana,False
8123,51,2026-06-10 01:32:00,42789.94,DEBIT,Flipkart,Chandigarh,True
8124,69,2026-07-04 18:05:00,4664.55,DEBIT,Swiggy,Mumbai,False
8125,99,2026-06-13 07:32:00,4964.68,DEBIT,Myntra,Delhi,False
8126,87,2026-03-06 18:49:00,5785.79,DEBIT,Walmart,Ludhiana,False
8127,76,2026-02-01 10:52:00,3468.46,CREDIT,Myntra,Chandigarh,False
8128,93,2026-06-28 04:56:00,5234.17,DEBIT,Amazon,Delhi,False
8129,17,2026-04-11 17:23:00,685.19,CREDIT,Apple,Bangalore,False
8130,24,2026-04-16 15:59:00,2957.6,CREDIT,Netflix,Delhi,False
8131,90,2026-01-15 13:25:00,5153.48,DEBIT,Swiggy,Hyderabad,False
8132,37,2026-07-25 08:36:00,3147.52,CREDIT,Apple,Pune,False
8133,77,2026-04-21 16:38:00,916.96,DEBIT,Local Store,Pune,False
8134,66,2026-03-12 10:02:00,1853.71,DEBIT,Uber,Delhi,False
8135,27,2026-05-27 14:29:00,4324.29,CREDIT,Shell,Chandigarh,False
8136,4,2026-05-14 15:19:00,4062.3,DEBIT,Flipkart,Pune,False
8137,63,2026-05-21 17:28:00,3024.61,DEBIT,Flipkart,Mumbai,False
8138,1,2026-06-02 09:20:00,2486.92,DEBIT,Apple,Mumbai,False
8139,3,2026-06-17 15:51:00,5061.22,DEBIT,Flipkart,Delhi,False
8140,34,2026-05-24 04:08:00,913.5,DEBIT,Apple,Hyderabad,False
8141,31,2026-04-25 18:15:00,2545.31,DEBIT,Flipkart,Pune,False
8142,83,2026-04-15 07:12:00,4424.96,DEBIT,Local Store,Mumbai,False
8143,85,2026-06-28 21:09:00,4213.07,DEBIT,Myntra,Chandigarh,False
8144,1,2026-07-02 21:17:00,1499.39,DEBIT,Amazon,Chandigarh,False
8145,9,2026-07-12 07:17:00,877.68,CREDIT,Swiggy,Bangalore,False
8146,15,2026-03-29 02:56:00,3902.39,DEBIT,Local Store,Ludhiana,False
8147,50,2026-03-23 11:57:00,2305.38,CREDIT,Local Store,Hyderabad,False
8148,26,2026-03-13 07:57:00,1251.21,DEBIT,Shell,Chandigarh,False
8149,55,2026-07-12 17:16:00,3287.56,DEBIT,Uber,Bangalore,False
8150,66,2026-07-22 21:39:00,1459.05,DEBIT,Swiggy,Ludhiana,False
8151,14,2026-05-02 02:29:00,4074.22,DEBIT,Amazon,Chandigarh,False
8152,82,2026-03-27 18:56:00,3564.15,DEBIT,Myntra,Ludhiana,False
8153,63,2026-07-10 08:01:00,1407.96,DEBIT,Amazon,Chandigarh,False
8154,67,2026-05-28 01:06:00,1487.99,CREDIT,Amazon,Pune,False
8155,26,2026-05-08 17:56:00,5341.58,CREDIT,Amazon,Ludhiana,False
8156,51,2026-02-26 03:57:00,2413.14,CREDIT,Swiggy,Pune,False
8157,81,2026-06-10 07:59:00,1172.62,DEBIT,Myntra,Pune,False
8158,57,2026-05-31 11:33:00,3653.29,DEBIT,Myntra,Pune,False
8159,92,2026-01-17 12:46:00,1408.73,CREDIT,Flipkart,Pune,False
8160,74,2026-07-02 13:06:00,2324.57,CREDIT,Local Store,Ludhiana,False
8161,30,2026-06-04 13:02:00,1111.79,DEBIT,Uber,Bangalore,False
8162,18,2026-03-27 16:49:00,2904.23,DEBIT,Netflix,Mumbai,False
8163,36,2026-02-09 13:37:00,4419.94,DEBIT,Shell,Ludhiana,False
8164,36,2026-07-15 08:11:00,2907.54,DEBIT,Swiggy,Hyderabad,False
8165,51,2026-05-13 15:33:00,980.34,DEBIT,Myntra,Mumbai,False
8166,34,2026-07-20 12:22:00,3028.98,CREDIT,Flipkart,Chandigarh,False
8167,98,2026-01-05 02:15:00,803.97,DEBIT,Myntra,Mumbai,False
8168,71,2026-03-24 12:14:00,5775.68,DEBIT,Shell,Pune,False
8169,92,2026-07-06 00:50:00,1805.99,DEBIT,Swiggy,Chandigarh,False
8170,88,2026-04-08 11:35:00,4329.38,DEBIT,Flipkart,Pune,False
8171,3,2026-07-03 05:12:00,5532.03,DEBIT,Myntra,Pune,False
8172,29,2026-05-17 10:14:00,2211.48,DEBIT,Apple,Mumbai,False
8173,37,2026-07-25 19:58:00,3178.09,CREDIT,Swiggy,Delhi,False
8174,92,2026-06-11 21:13:00,1316.05,DEBIT,Myntra,Mumbai,False
8175,20,2026-01-31 19:00:00,1138.46,CREDIT,Flipkart,Mumbai,False
8176,31,2026-06-30 20:54:00,3805.88,DEBIT,Amazon,Mumbai,False
8177,59,2026-06-02 17:25:00,3891.46,DEBIT,Local Store,Chandigarh,False
8178,98,2026-07-24 23:35:00,2296.69,DEBIT,Netflix,Hyderabad,False
8179,69,2026-07-21 17:42:00,3958.68,DEBIT,Swiggy,Pune,False
8180,77,2026-06-08 07:40:00,3292.89,DEBIT,Shell,Hyderabad,False
8181,10,2026-01-03 07:53:00,1276.92,DEBIT,Amazon,Delhi,False
8182,52,2026-01-30 10:43:00,3192.81,CREDIT,Flipkart,Bangalore,False
8183,68,2026-02-27 01:55:00,3654.11,CREDIT,Uber,Hyderabad,False
8184,34,2026-06-08 18:57:00,2092.94,DEBIT,Flipkart,Mumbai,False
8185,28,2026-04-23 13:18:00,1763.83,DEBIT,Apple,Hyderabad,False
8186,11,2026-07-28 04:33:00,1668.98,CREDIT,Local Store,Bangalore,False
8187,84,2026-01-19 20:35:00,614.94,DEBIT,Netflix,Ludhiana,False
8188,11,2026-01-16 03:26:00,2127.71,DEBIT,Myntra,Delhi,False
8189,45,2026-01-24 17:25:00,3350.57,DEBIT,Amazon,Hyderabad,False
8190,56,2026-02-10 18:26:00,3203.57,DEBIT,Walmart,Hyderabad,False
8191,18,2026-02-11 04:03:00,2630.8,CREDIT,Walmart,Chandigarh,False
8192,25,2026-03-25 10:47:00,4950.95,DEBIT,Shell,Mumbai,False
8193,9,2026-07-09 02:58:00,2055.16,CREDIT,Local Store,Ludhiana,False
8194,97,2026-02-19 03:16:00,3731.55,DEBIT,Shell,Ludhiana,False
8195,31,2026-02-22 14:43:00,427.13,DEBIT,Walmart,Ludhiana,False
8196,46,2026-01-20 00:01:00,537.26,DEBIT,Shell,Mumbai,False
8197,96,2026-07-18 21:39:00,1274.45,DEBIT,Flipkart,Pune,False
8198,68,2026-07-20 20:08:00,3681.9,DEBIT,Walmart,Ludhiana,False
8199,35,2026-06-05 18:46:00,2599.26,DEBIT,Flipkart,Bangalore,False
8200,59,2026-07-01 21:23:00,852.28,CREDIT,Amazon,Pune,False
8201,48,2026-05-26 07:28:00,1154.99,DEBIT,Swiggy,Mumbai,False
8202,29,2026-01-18 05:17:00,674.19,CREDIT,Flipkart,Chandigarh,False
8203,1,2026-07-14 22:01:00,31176.73,DEBIT,Flipkart,Chandigarh,True
8204,13,2026-03-22 12:36:00,1122.35,CREDIT,Flipkart,Delhi,False
8205,54,2026-05-12 02:25:00,1885.46,CREDIT,Amazon,Bangalore,False
8206,80,2026-05-12 08:30:00,695.66,DEBIT,Flipkart,Pune,False
8207,59,2026-06-23 09:56:00,1154.56,DEBIT,Local Store,Pune,False
8208,32,2026-04-23 06:41:00,3284.42,CREDIT,Myntra,Bangalore,False
8209,29,2026-03-11 10:18:00,3462.18,DEBIT,Flipkart,Hyderabad,False
8210,20,2026-07-26 06:20:00,577.66,CREDIT,Swiggy,Hyderabad,False
8211,3,2026-04-10 00:41:00,4026.63,CREDIT,Myntra,Delhi,False
8212,98,2026-04-02 10:42:00,4145.57,DEBIT,Netflix,Mumbai,False
8213,11,2026-06-01 15:42:00,1075.12,DEBIT,Uber,Mumbai,False
8214,63,2026-07-21 01:19:00,1757.76,CREDIT,Walmart,Hyderabad,False
8215,29,2026-07-15 14:29:00,4802.91,CREDIT,Netflix,Delhi,False
8216,34,2026-06-28 16:24:00,2100.81,DEBIT,Shell,Hyderabad,False
8217,2,2026-03-07 18:44:00,948.24,DEBIT,Shell,Chandigarh,False
8218,34,2026-06-01 18:27:00,4336.25,CREDIT,Flipkart,Chandigarh,False
8219,71,2026-05-02 11:35:00,2276.84,DEBIT,Shell,Delhi,False
8220,5,2026-07-22 11:50:00,675.78,DEBIT,Local Store,Pune,False
8221,45,2026-06-20 19:13:00,4391.45,DEBIT,Flipkart,Hyderabad,False
8222,7,2026-04-09 03:26:00,3845.84,CREDIT,Netflix,Pune,False
8223,70,2026-02-08 18:55:00,4867.53,DEBIT,Shell,Pune,False
8224,7,2026-04-10 15:58:00,1599.64,DEBIT,Local Store,Pune,False
8225,14,2026-02-11 16:09:00,6181.15,CREDIT,Flipkart,Pune,False
8226,97,2026-02-11 13:27:00,2238.52,CREDIT,Apple,Bangalore,False
8227,55,2026-02-10 05:45:00,2980.65,DEBIT,Myntra,Delhi,False
8228,5,2026-05-13 07:48:00,394.9,CREDIT,Swiggy,Hyderabad,False
8229,19,2026-04-25 05:10:00,3494.94,DEBIT,Flipkart,Mumbai,False
8230,100,2026-03-22 00:55:00,5301.7,DEBIT,Myntra,Hyderabad,False
8231,64,2026-01-17 14:01:00,1876.78,DEBIT,Uber,Pune,False
8232,30,2026-02-18 08:12:00,2205.18,CREDIT,Netflix,Hyderabad,False
8233,72,2026-04-09 01:51:00,822.4,DEBIT,Shell,Hyderabad,False
8234,40,2026-05-23 18:02:00,3490.66,DEBIT,Walmart,Bangalore,False
8235,50,2026-05-03 00:35:00,3708.35,DEBIT,Shell,Delhi,False
8236,85,2026-02-01 13:37:00,2063.34,DEBIT,Flipkart,Delhi,False
8237,81,2026-02-09 18:51:00,1296.67,DEBIT,Myntra,Delhi,False
8238,21,2026-03-10 07:47:00,2284.09,DEBIT,Apple,Bangalore,False
8239,59,2026-03-05 23:23:00,4195.53,DEBIT,Netflix,Hyderabad,False
8240,80,2026-06-25 16:54:00,4156.24,DEBIT,Swiggy,Delhi,False
8241,79,2026-05-07 01:31:00,4429.64,CREDIT,Shell,Ludhiana,False
8242,44,2026-04-10 12:41:00,2673.22,DEBIT,Netflix,Delhi,False
8243,28,2026-04-21 19:59:00,3366.04,DEBIT,Amazon,Ludhiana,False
8244,58,2026-06-14 10:20:00,1156.65,DEBIT,Netflix,Ludhiana,False
8245,62,2026-05-29 07:16:00,1085.75,DEBIT,Flipkart,Chandigarh,False
8246,63,2026-01-21 05:34:00,2886.57,CREDIT,Swiggy,Delhi,False
8247,65,2026-02-01 10:21:00,4490.61,DEBIT,Shell,Delhi,False
8248,77,2026-01-29 08:56:00,1548.56,DEBIT,Local Store,Pune,False
8249,17,2026-03-28 06:00:00,1640.87,CREDIT,Apple,Ludhiana,False
8250,33,2026-02-01 17:20:00,578.13,CREDIT,Myntra,Delhi,False
8251,84,2026-04-29 11:36:00,3480.56,DEBIT,Netflix,Mumbai,False
8252,64,2026-03-07 06:00:00,5576.91,DEBIT,Amazon,Delhi,False
8253,47,2026-05-19 04:59:00,2703.7,DEBIT,Apple,Delhi,False
8254,45,2026-06-23 00:06:00,5139.63,DEBIT,Swiggy,Ludhiana,False
8255,35,2026-06-28 21:53:00,466.97,DEBIT,Shell,Delhi,False
8256,2,2026-05-17 07:01:00,2909.08,DEBIT,Myntra,Pune,False
8257,14,2026-05-11 12:02:00,3215.2,DEBIT,Walmart,Bangalore,False
8258,75,2026-04-30 00:25:00,5311.63,DEBIT,Shell,Hyderabad,False
8259,25,2026-06-20 00:42:00,3394.18,DEBIT,Uber,Ludhiana,False
8260,51,2026-07-08 09:38:00,1954.23,DEBIT,Amazon,Ludhiana,False
8261,33,2026-07-16 22:16:00,768.12,DEBIT,Apple,Ludhiana,False
8262,18,2026-03-13 03:13:00,4068.65,DEBIT,Amazon,Hyderabad,False
8263,77,2026-05-21 05:38:00,3073.32,DEBIT,Apple,Bangalore,False
8264,44,2026-01-03 11:53:00,521.07,DEBIT,Swiggy,Pune,False
8265,1,2026-01-18 07:44:00,1628.19,DEBIT,Shell,Delhi,False
8266,66,2026-01-11 09:15:00,2324.05,DEBIT,Uber,Chandigarh,False
8267,82,2026-06-16 09:08:00,4440.39,CREDIT,Uber,Mumbai,False
8268,27,2026-06-05 08:44:00,7264.68,DEBIT,Local Store,Hyderabad,False
8269,42,2026-01-17 07:51:00,819.21,DEBIT,Flipkart,Ludhiana,False
8270,7,2026-03-18 18:23:00,1466.61,DEBIT,Flipkart,Hyderabad,False
8271,19,2026-03-17 00:19:00,1261.07,DEBIT,Amazon,Hyderabad,False
8272,98,2026-07-25 02:29:00,1299.89,DEBIT,Myntra,Mumbai,False
8273,99,2026-06-08 03:21:00,1663.7,DEBIT,Apple,Mumbai,False
8274,54,2026-01-23 13:11:00,858.97,DEBIT,Amazon,Ludhiana,False
8275,72,2026-04-25 10:00:00,2405.65,CREDIT,Walmart,Bangalore,False
8276,84,2026-05-21 19:29:00,3910.82,DEBIT,Apple,Delhi,False
8277,9,2026-06-02 21:02:00,4004.4,DEBIT,Apple,Pune,False
8278,7,2026-02-26 22:33:00,3379.27,CREDIT,Flipkart,Bangalore,False
8279,23,2026-03-08 16:24:00,2731.38,CREDIT,Uber,Mumbai,False
8280,67,2026-06-18 09:22:00,1725.84,DEBIT,Local Store,Ludhiana,False
8281,25,2026-07-24 17:23:00,1561.24,DEBIT,Local Store,Mumbai,False
8282,20,2026-01-04 01:07:00,62302.38,DEBIT,Flipkart,Ludhiana,True
8283,23,2026-04-25 13:45:00,2551.74,DEBIT,Walmart,Mumbai,False
8284,66,2026-05-02 06:55:00,3476.21,CREDIT,Swiggy,Mumbai,False
8285,69,2026-05-11 14:10:00,56522.28,DEBIT,Myntra,Mumbai,True
8286,95,2026-01-26 23:47:00,522.73,DEBIT,Netflix,Mumbai,False
8287,83,2026-03-18 12:54:00,3554.71,DEBIT,Apple,Mumbai,False
8288,10,2026-03-20 02:10:00,1324.59,DEBIT,Flipkart,Bangalore,False
8289,87,2026-07-04 09:41:00,3133.51,DEBIT,Shell,Pune,False
8290,81,2026-07-09 10:48:00,2127.33,DEBIT,Netflix,Ludhiana,False
8291,89,2026-03-12 00:16:00,1387.36,DEBIT,Flipkart,Pune,False
8292,32,2026-01-24 07:48:00,6608.92,DEBIT,Flipkart,Delhi,False
8293,63,2026-01-08 17:42:00,1987.47,DEBIT,Swiggy,Ludhiana,False
8294,93,2026-02-25 05:00:00,2954.88,DEBIT,Apple,Chandigarh,False
8295,14,2026-01-07 06:09:00,3780.87,CREDIT,Shell,Delhi,False
8296,86,2026-03-19 16:10:00,4747.94,DEBIT,Amazon,Mumbai,False
8297,23,2026-05-13 07:20:00,4340.65,DEBIT,Walmart,Mumbai,False
8298,13,2026-07-06 10:08:00,3638.49,DEBIT,Netflix,Mumbai,False
8299,25,2026-02-16 01:56:00,1048.43,DEBIT,Uber,Chandigarh,False
8300,30,2026-02-16 11:06:00,3834.43,DEBIT,Walmart,Bangalore,False
8301,34,2026-04-08 02:12:00,2130.24,DEBIT,Flipkart,Delhi,False
8302,80,2026-06-10 09:56:00,2121.23,DEBIT,Myntra,Ludhiana,False
8303,65,2026-05-09 12:08:00,4404.36,DEBIT,Local Store,Delhi,False
8304,27,2026-03-09 19:03:00,480.8,DEBIT,Netflix,Mumbai,False
8305,91,2026-01-15 18:58:00,3896.15,DEBIT,Netflix,Mumbai,False
8306,92,2026-06-09 19:29:00,52593.06,DEBIT,Uber,Bangalore,True
8307,44,2026-07-19 14:11:00,2070.63,DEBIT,Walmart,Bangalore,False
8308,38,2026-07-23 14:14:00,1875.45,DEBIT,Myntra,Chandigarh,False
8309,82,2026-03-20 09:02:00,3923.08,DEBIT,Flipkart,Chandigarh,False
8310,37,2026-03-26 17:33:00,586.0,DEBIT,Amazon,Ludhiana,False
8311,79,2026-05-16 19:59:00,2777.6,CREDIT,Amazon,Chandigarh,False
8312,90,2026-07-27 03:50:00,2831.6,DEBIT,Swiggy,Ludhiana,False
8313,74,2026-05-17 19:18:00,68570.45,DEBIT,Walmart,Ludhiana,True
8314,73,2026-06-17 12:37:00,2346.04,CREDIT,Apple,Chandigarh,False
8315,16,2026-01-04 04:42:00,1410.02,DEBIT,Amazon,Mumbai,False
8316,38,2026-06-30 00:28:00,887.95,DEBIT,Flipkart,Ludhiana,False
8317,98,2026-05-02 07:51:00,2543.66,DEBIT,Netflix,Mumbai,False
8318,22,2026-07-03 18:05:00,6923.93,DEBIT,Local Store,Ludhiana,False
8319,52,2026-07-14 01:46:00,1767.43,CREDIT,Flipkart,Hyderabad,False
8320,70,2026-01-26 08:09:00,4702.69,DEBIT,Walmart,Chandigarh,False
8321,21,2026-01-31 16:00:00,6213.54,DEBIT,Apple,Pune,False
8322,79,2026-05-27 13:44:00,1861.48,DEBIT,Flipkart,Pune,False
8323,38,2026-01-25 04:09:00,4648.47,DEBIT,Amazon,Mumbai,False
8324,88,2026-02-22 09:24:00,828.0,DEBIT,Myntra,Bangalore,False
8325,74,2026-05-01 09:27:00,1584.67,CREDIT,Shell,Chandigarh,False
8326,79,2026-05-01 18:47:00,2217.33,DEBIT,Shell,Bangalore,False
8327,27,2026-05-02 09:29:00,1751.66,DEBIT,Uber,Pune,False
8328,13,2026-07-19 14:21:00,1382.19,DEBIT,Swiggy,Delhi,False
8329,55,2026-07-06 11:29:00,1152.6,DEBIT,Walmart,Ludhiana,False
8330,6,2026-02-12 00:41:00,3552.43,DEBIT,Flipkart,Delhi,False
8331,39,2026-05-07 22:37:00,3617.57,DEBIT,Amazon,Pune,False
8332,11,2026-06-24 11:18:00,4502.29,DEBIT,Apple,Pune,False
8333,21,2026-04-03 17:14:00,3855.7,CREDIT,Walmart,Mumbai,False
8334,22,2026-02-19 09:23:00,2032.6,DEBIT,Flipkart,Pune,False
8335,35,2026-05-04 23:57:00,3139.68,DEBIT,Netflix,Ludhiana,False
8336,93,2026-02-16 01:18:00,1397.89,CREDIT,Apple,Delhi,False
8337,69,2026-05-14 18:29:00,2993.78,DEBIT,Netflix,Ludhiana,False
8338,90,2026-05-26 16:41:00,4070.92,DEBIT,Shell,Pune,False
8339,44,2026-06-07 11:19:00,4558.73,CREDIT,Shell,Hyderabad,False
8340,23,2026-07-19 20:35:00,825.6,DEBIT,Walmart,Mumbai,False
8341,20,2026-04-05 12:56:00,2338.91,DEBIT,Uber,Hyderabad,False
8342,99,2026-06-27 18:06:00,2823.61,DEBIT,Amazon,Mumbai,False
8343,2,2026-06-08 11:53:00,3824.05,DEBIT,Netflix,Bangalore,False
8344,13,2026-01-29 04:24:00,3059.49,DEBIT,Walmart,Chandigarh,False
8345,44,2026-05-08 12:50:00,3504.72,DEBIT,Netflix,Mumbai,False
8346,64,2026-05-22 17:32:00,4049.62,DEBIT,Amazon,Bangalore,False
8347,83,2026-03-07 13:29:00,1634.13,DEBIT,Flipkart,Mumbai,False
8348,60,2026-01-26 21:12:00,45350.55,DEBIT,Apple,Delhi,True
8349,31,2026-05-20 08:56:00,2387.39,DEBIT,Local Store,Hyderabad,False
8350,54,2026-01-25 10:45:00,1767.74,CREDIT,Netflix,Mumbai,False
8351,9,2026-04-16 19:59:00,3681.12,DEBIT,Shell,Hyderabad,False
8352,89,2026-06-07 09:59:00,2343.41,DEBIT,Netflix,Delhi,False
8353,48,2026-01-11 16:29:00,2008.44,CREDIT,Netflix,Pune,False
8354,84,2026-02-12 18:43:00,6293.46,DEBIT,Netflix,Delhi,False
8355,46,2026-05-19 01:10:00,3754.83,CREDIT,Swiggy,Chandigarh,False
8356,12,2026-03-13 06:29:00,1249.42,DEBIT,Flipkart,Delhi,False
8357,96,2026-02-19 09:31:00,4337.65,CREDIT,Netflix,Mumbai,False
8358,42,2026-07-06 05:40:00,4101.28,CREDIT,Flipkart,Pune,False
8359,24,2026-04-04 01:58:00,2736.51,DEBIT,Local Store,Hyderabad,False
8360,53,2026-04-25 18:59:00,1596.18,DEBIT,Shell,Mumbai,False
8361,83,2026-05-22 02:34:00,1743.82,DEBIT,Apple,Delhi,False
8362,56,2026-01-28 18:41:00,2395.9,DEBIT,Flipkart,Bangalore,False
8363,6,2026-06-14 18:24:00,1176.43,DEBIT,Flipkart,Delhi,False
8364,14,2026-01-08 14:55:00,2936.23,DEBIT,Netflix,Pune,False
8365,35,2026-02-15 15:29:00,3044.04,DEBIT,Swiggy,Ludhiana,False
8366,81,2026-05-31 12:26:00,3430.78,CREDIT,Apple,Mumbai,False
8367,60,2026-04-06 05:01:00,4603.38,CREDIT,Flipkart,Bangalore,False
8368,26,2026-06-25 03:34:00,1885.1,DEBIT,Local Store,Chandigarh,False
8369,62,2026-05-21 16:25:00,2525.71,CREDIT,Local Store,Ludhiana,False
8370,53,2026-02-02 09:39:00,4521.56,DEBIT,Netflix,Mumbai,False
8371,29,2026-07-20 07:16:00,832.87,CREDIT,Uber,Hyderabad,False
8372,13,2026-06-01 20:05:00,3335.84,DEBIT,Myntra,Delhi,False
8373,78,2026-02-04 05:34:00,4408.03,DEBIT,Shell,Bangalore,False
8374,16,2026-06-03 19:35:00,2285.51,DEBIT,Walmart,Chandigarh,False
8375,95,2026-02-24 16:45:00,723.11,CREDIT,Swiggy,Delhi,False
8376,54,2026-02-27 09:55:00,3375.5,DEBIT,Shell,Chandigarh,False
8377,73,2026-01-04 22:08:00,1573.56,DEBIT,Local Store,Chandigarh,False
8378,49,2026-03-03 19:03:00,913.65,CREDIT,Local Store,Mumbai,False
8379,21,2026-07-19 05:10:00,4787.72,DEBIT,Shell,Bangalore,False
8380,6,2026-01-20 23:15:00,2214.8,DEBIT,Netflix,Bangalore,False
8381,95,2026-01-26 22:04:00,2037.22,DEBIT,Walmart,Mumbai,False
8382,7,2026-02-20 14:22:00,1175.89,DEBIT,Netflix,Hyderabad,False
8383,68,2026-02-05 10:47:00,4457.91,CREDIT,Uber,Ludhiana,False
8384,81,2026-06-19 04:35:00,1086.49,CREDIT,Uber,Mumbai,False
8385,26,2026-03-23 01:00:00,753.5,DEBIT,Netflix,Ludhiana,False
8386,70,2026-02-08 10:25:00,4035.96,DEBIT,Walmart,Mumbai,False
8387,81,2026-03-30 17:00:00,3098.65,DEBIT,Shell,Hyderabad,False
8388,85,2026-07-20 17:17:00,2045.98,DEBIT,Myntra,Chandigarh,False
8389,57,2026-07-20 17:51:00,5127.07,DEBIT,Apple,Mumbai,False
8390,17,2026-05-29 14:02:00,2633.26,DEBIT,Flipkart,Delhi,False
8391,39,2026-04-09 13:52:00,1619.21,DEBIT,Netflix,Delhi,False
8392,52,2026-07-12 04:18:00,1555.14,DEBIT,Walmart,Bangalore,False
8393,87,2026-02-14 21:56:00,4246.74,CREDIT,Local Store,Ludhiana,False
8394,90,2026-07-07 02:48:00,1746.0,DEBIT,Walmart,Delhi,False
8395,27,2026-03-21 12:51:00,653.97,CREDIT,Local Store,Delhi,False
8396,38,2026-07-20 03:27:00,4569.67,DEBIT,Walmart,Hyderabad,False
8397,10,2026-03-13 00:06:00,2834.24,DEBIT,Amazon,Pune,False
8398,44,2026-04-12 18:52:00,3746.04,CREDIT,Local Store,Bangalore,False
8399,7,2026-02-05 06:00:00,3968.4,DEBIT,Local Store,Mumbai,False
8400,74,2026-01-03 04:11:00,4441.34,DEBIT,Uber,Pune,False
8401,67,2026-05-30 01:01:00,2093.66,CREDIT,Walmart,Pune,False
8402,49,2026-05-29 17:16:00,2978.22,CREDIT,Uber,Bangalore,False
8403,8,2026-06-05 18:33:00,2211.36,CREDIT,Netflix,Mumbai,False
8404,31,2026-01-06 01:52:00,2674.69,DEBIT,Flipkart,Chandigarh,False
8405,92,2026-02-27 19:03:00,4068.71,DEBIT,Uber,Chandigarh,False
8406,94,2026-04-29 19:16:00,2178.58,DEBIT,Uber,Bangalore,False
8407,69,2026-06-29 12:29:00,1063.93,DEBIT,Shell,Delhi,False
8408,16,2026-04-12 05:32:00,3207.91,CREDIT,Swiggy,Chandigarh,False
8409,65,2026-01-22 08:55:00,935.4,DEBIT,Walmart,Hyderabad,False
8410,8,2026-02-06 18:33:00,4770.0,CREDIT,Flipkart,Ludhiana,False
8411,99,2026-02-05 20:12:00,5719.5,DEBIT,Shell,Bangalore,False
8412,68,2026-01-20 08:41:00,528.6,DEBIT,Walmart,Bangalore,False
8413,50,2026-05-04 00:09:00,810.54,DEBIT,Local Store,Chandigarh,False
8414,66,2026-02-05 10:52:00,1709.46,DEBIT,Apple,Delhi,False
8415,69,2026-01-30 16:51:00,1131.16,DEBIT,Swiggy,Chandigarh,False
8416,49,2026-02-04 14:49:00,2606.42,DEBIT,Swiggy,Ludhiana,False
8417,75,2026-06-20 14:06:00,854.07,DEBIT,Shell,Hyderabad,False
8418,88,2026-07-18 12:44:00,3799.31,CREDIT,Walmart,Hyderabad,False
8419,79,2026-06-11 12:27:00,1635.88,DEBIT,Amazon,Bangalore,False
8420,12,2026-04-04 00:43:00,528.37,CREDIT,Myntra,Mumbai,False
8421,1,2026-02-04 08:34:00,4209.08,DEBIT,Netflix,Delhi,False
8422,91,2026-07-06 02:42:00,807.81,DEBIT,Uber,Bangalore,False
8423,81,2026-01-08 14:42:00,6025.35,DEBIT,Apple,Hyderabad,False
8424,38,2026-07-13 21:16:00,2316.23,DEBIT,Local Store,Bangalore,False
8425,19,2026-01-06 17:11:00,3417.3,DEBIT,Amazon,Delhi,False
8426,76,2026-03-09 15:13:00,42300.5,DEBIT,Myntra,Delhi,True
8427,47,2026-02-01 13:09:00,522.89,DEBIT,Netflix,Pune,False
8428,6,2026-05-22 14:34:00,1972.92,DEBIT,Swiggy,Delhi,False
8429,62,2026-05-27 08:10:00,500.75,DEBIT,Shell,Pune,False
8430,35,2026-07-16 01:12:00,3853.97,DEBIT,Uber,Hyderabad,False
8431,83,2026-04-23 16:38:00,6229.22,DEBIT,Shell,Hyderabad,False
8432,10,2026-05-24 03:47:00,2446.29,DEBIT,Local Store,Mumbai,False
8433,29,2026-06-10 04:11:00,3991.95,DEBIT,Uber,Hyderabad,False
8434,40,2026-01-31 04:45:00,3270.39,DEBIT,Netflix,Hyderabad,False
8435,74,2026-01-28 01:56:00,2849.68,DEBIT,Swiggy,Delhi,False
8436,85,2026-04-18 05:46:00,7825.28,DEBIT,Walmart,Chandigarh,False
8437,95,2026-01-23 18:26:00,3879.69,DEBIT,Myntra,Delhi,False
8438,90,2026-07-11 21:14:00,3817.45,DEBIT,Swiggy,Mumbai,False
8439,57,2026-03-20 10:43:00,945.12,CREDIT,Flipkart,Ludhiana,False
8440,33,2026-01-19 13:39:00,2185.29,CREDIT,Apple,Chandigarh,False
8441,6,2026-02-27 20:47:00,5392.15,DEBIT,Swiggy,Bangalore,False
8442,50,2026-04-12 07:29:00,4016.98,DEBIT,Walmart,Pune,False
8443,55,2026-02-10 19:46:00,1511.35,DEBIT,Walmart,Hyderabad,False
8444,16,2026-01-07 12:50:00,1331.38,CREDIT,Walmart,Ludhiana,False
8445,89,2026-03-11 19:39:00,3029.27,CREDIT,Flipkart,Ludhiana,False
8446,55,2026-03-09 15:13:00,1819.21,DEBIT,Swiggy,Mumbai,False
8447,47,2026-05-08 05:26:00,3288.88,DEBIT,Amazon,Pune,False
8448,92,2026-03-28 12:34:00,5521.29,CREDIT,Netflix,Bangalore,False
8449,78,2026-07-07 18:26:00,3303.71,DEBIT,Swiggy,Delhi,False
8450,65,2026-07-08 01:31:00,2400.77,CREDIT,Netflix,Hyderabad,False
8451,2,2026-06-30 13:58:00,4923.16,DEBIT,Shell,Bangalore,False
8452,28,2026-01-02 05:14:00,1735.39,CREDIT,Walmart,Pune,False
8453,31,2026-07-25 17:55:00,1069.79,DEBIT,Amazon,Bangalore,False
8454,1,2026-06-03 01:14:00,598.86,DEBIT,Flipkart,Ludhiana,False
8455,40,2026-01-06 18:54:00,5612.42,DEBIT,Walmart,Bangalore,False
8456,6,2026-01-01 03:32:00,3657.61,DEBIT,Uber,Hyderabad,False
8457,46,2026-01-17 21:49:00,1584.49,CREDIT,Local Store,Bangalore,False
8458,79,2026-06-17 19:51:00,773.8,DEBIT,Local Store,Ludhiana,False
8459,1,2026-02-10 13:35:00,1926.29,DEBIT,Shell,Hyderabad,False
8460,25,2026-04-08 02:39:00,5219.7,DEBIT,Shell,Hyderabad,False
8461,70,2026-01-29 22:53:00,1644.14,CREDIT,Swiggy,Pune,False
8462,25,2026-06-22 22:44:00,2804.73,DEBIT,Walmart,Chandigarh,False
8463,91,2026-07-27 17:29:00,2820.31,CREDIT,Apple,Pune,False
8464,24,2026-05-11 04:01:00,4450.69,DEBIT,Apple,Pune,False
8465,70,2026-04-07 09:42:00,2333.31,DEBIT,Walmart,Pune,False
8466,18,2026-06-11 21:27:00,1782.07,CREDIT,Myntra,Delhi,False
8467,47,2026-05-04 01:12:00,226.71,DEBIT,Amazon,Bangalore,False
8468,56,2026-07-14 12:33:00,1060.54,DEBIT,Walmart,Ludhiana,False
8469,96,2026-07-14 00:12:00,6443.63,CREDIT,Swiggy,Chandigarh,False
8470,67,2026-01-10 02:17:00,3020.5,DEBIT,Walmart,Mumbai,False
8471,74,2026-04-12 08:31:00,735.61,DEBIT,Walmart,Bangalore,False
8472,22,2026-07-15 20:46:00,513.75,DEBIT,Apple,Mumbai,False
8473,71,2026-01-28 08:45:00,4904.23,CREDIT,Apple,Delhi,False
8474,38,2026-07-14 00:58:00,1548.08,DEBIT,Swiggy,Pune,False
8475,94,2026-03-20 12:29:00,1149.04,CREDIT,Swiggy,Pune,False
8476,21,2026-01-18 06:23:00,3226.6,DEBIT,Shell,Pune,False
8477,74,2026-07-02 01:09:00,469.75,DEBIT,Apple,Hyderabad,False
8478,32,2026-01-23 21:06:00,6805.79,DEBIT,Amazon,Hyderabad,False
8479,77,2026-06-27 09:00:00,2413.96,DEBIT,Myntra,Hyderabad,False
8480,92,2026-06-21 22:36:00,3270.07,DEBIT,Local Store,Delhi,False
8481,74,2026-07-02 09:27:00,2846.9,DEBIT,Apple,Chandigarh,False
8482,58,2026-05-16 12:33:00,1489.62,DEBIT,Walmart,Delhi,False
8483,97,2026-03-01 08:13:00,643.71,DEBIT,Flipkart,Chandigarh,False
8484,89,2026-01-13 06:13:00,1770.77,DEBIT,Uber,Ludhiana,False
8485,4,2026-05-06 00:56:00,2111.06,CREDIT,Flipkart,Delhi,False
8486,4,2026-04-19 10:21:00,2076.52,CREDIT,Apple,Delhi,False
8487,45,2026-01-16 00:33:00,2988.67,DEBIT,Flipkart,Pune,False
8488,58,2026-06-07 22:38:00,2914.35,DEBIT,Uber,Hyderabad,False
8489,24,2026-07-24 09:15:00,696.93,DEBIT,Netflix,Ludhiana,False
8490,90,2026-01-11 15:29:00,684.41,DEBIT,Walmart,Pune,False
8491,30,2026-06-16 04:02:00,3052.11,DEBIT,Uber,Delhi,False
8492,86,2026-04-12 15:59:00,2651.02,DEBIT,Shell,Ludhiana,False
8493,25,2026-06-25 08:31:00,5209.42,CREDIT,Flipkart,Chandigarh,False
8494,63,2026-05-17 20:35:00,3379.62,CREDIT,Swiggy,Hyderabad,False
8495,70,2026-04-17 20:58:00,2155.55,CREDIT,Shell,Bangalore,False
8496,20,2026-07-05 01:31:00,1963.84,CREDIT,Shell,Pune,False
8497,5,2026-04-15 01:08:00,3301.97,DEBIT,Swiggy,Hyderabad,False
8498,45,2026-06-09 19:56:00,3178.98,DEBIT,Shell,Bangalore,False
8499,51,2026-04-11 20:47:00,2982.94,DEBIT,Uber,Chandigarh,False
8500,73,2026-02-16 09:35:00,2099.85,DEBIT,Local Store,Pune,False
8501,72,2026-07-09 19:48:00,5713.57,DEBIT,Myntra,Mumbai,False
8502,42,2026-06-24 23:02:00,1108.46,DEBIT,Shell,Chandigarh,False
8503,31,2026-06-24 04:42:00,1435.37,DEBIT,Myntra,Chandigarh,False
8504,39,2026-03-13 15:59:00,2143.91,DEBIT,Local Store,Chandigarh,False
8505,85,2026-07-10 17:40:00,6868.33,DEBIT,Shell,Chandigarh,False
8506,100,2026-03-07 04:36:00,3753.27,CREDIT,Myntra,Chandigarh,False
8507,73,2026-07-04 01:16:00,7154.76,DEBIT,Shell,Pune,False
8508,49,2026-04-13 22:29:00,2224.75,DEBIT,Uber,Delhi,False
8509,43,2026-07-17 11:03:00,48974.6,DEBIT,Netflix,Bangalore,True
8510,23,2026-03-18 04:23:00,1250.21,DEBIT,Apple,Hyderabad,False
8511,53,2026-02-11 05:54:00,1490.84,DEBIT,Flipkart,Mumbai,False
8512,11,2026-01-27 02:55:00,1042.35,DEBIT,Netflix,Pune,False
8513,67,2026-01-18 01:47:00,779.43,DEBIT,Shell,Pune,False
8514,94,2026-04-25 15:52:00,1855.74,DEBIT,Walmart,Pune,False
8515,33,2026-06-29 21:54:00,2293.42,CREDIT,Amazon,Hyderabad,False
8516,99,2026-06-01 00:25:00,3990.1,DEBIT,Myntra,Delhi,False
8517,14,2026-03-02 01:26:00,5426.29,DEBIT,Uber,Chandigarh,False
8518,40,2026-05-21 11:32:00,674.08,DEBIT,Flipkart,Bangalore,False
8519,20,2026-07-24 08:08:00,4716.76,DEBIT,Myntra,Hyderabad,False
8520,26,2026-07-17 16:47:00,4015.38,DEBIT,Netflix,Mumbai,False
8521,1,2026-02-15 06:29:00,5635.51,DEBIT,Walmart,Mumbai,False
8522,84,2026-02-22 02:39:00,1212.51,DEBIT,Walmart,Pune,False
8523,36,2026-04-03 11:37:00,4414.64,CREDIT,Myntra,Pune,False
8524,41,2026-06-12 14:52:00,4698.65,DEBIT,Myntra,Mumbai,False
8525,38,2026-01-25 20:44:00,3829.65,DEBIT,Netflix,Mumbai,False
8526,85,2026-03-29 18:16:00,4830.47,DEBIT,Swiggy,Chandigarh,False
8527,75,2026-07-06 18:21:00,5602.87,DEBIT,Amazon,Ludhiana,False
8528,35,2026-07-01 01:02:00,2217.71,DEBIT,Netflix,Mumbai,False
8529,74,2026-05-02 22:25:00,3888.66,DEBIT,Swiggy,Mumbai,False
8530,61,2026-06-19 18:03:00,1043.63,DEBIT,Amazon,Pune,False
8531,19,2026-05-07 14:11:00,1422.32,DEBIT,Local Store,Ludhiana,False
8532,79,2026-05-19 05:00:00,5515.36,DEBIT,Swiggy,Hyderabad,False
8533,4,2026-06-01 16:56:00,2579.85,DEBIT,Uber,Hyderabad,False
8534,55,2026-05-01 17:33:00,1870.82,DEBIT,Shell,Ludhiana,False
8535,73,2026-04-20 10:04:00,851.58,DEBIT,Swiggy,Mumbai,False
8536,11,2026-04-12 23:59:00,1141.96,DEBIT,Uber,Pune,False
8537,6,2026-07-26 11:34:00,3415.98,DEBIT,Amazon,Ludhiana,False
8538,67,2026-02-20 09:15:00,1086.91,DEBIT,Amazon,Mumbai,False
8539,97,2026-07-04 21:18:00,488.38,DEBIT,Flipkart,Delhi,False
8540,27,2026-04-29 05:19:00,855.37,DEBIT,Apple,Hyderabad,False
8541,14,2026-01-03 20:36:00,3446.39,DEBIT,Amazon,Hyderabad,False
8542,69,2026-06-23 08:16:00,3794.79,DEBIT,Flipkart,Delhi,False
8543,79,2026-06-06 21:21:00,853.41,CREDIT,Amazon,Chandigarh,False
8544,31,2026-07-05 11:52:00,1871.02,CREDIT,Apple,Mumbai,False
8545,21,2026-04-10 02:12:00,3614.77,DEBIT,Netflix,Delhi,False
8546,100,2026-03-18 01:03:00,666.77,CREDIT,Uber,Mumbai,False
8547,30,2026-06-12 14:22:00,2596.62,DEBIT,Swiggy,Chandigarh,False
8548,31,2026-05-05 19:54:00,598.14,DEBIT,Shell,Mumbai,False
8549,10,2026-06-02 18:13:00,3793.84,DEBIT,Shell,Mumbai,False
8550,18,2026-02-19 14:03:00,1492.66,DEBIT,Walmart,Mumbai,False
8551,46,2026-03-13 03:51:00,3848.63,DEBIT,Local Store,Mumbai,False
8552,89,2026-02-13 12:05:00,1741.52,DEBIT,Apple,Delhi,False
8553,17,2026-06-14 00:48:00,4804.43,DEBIT,Amazon,Chandigarh,False
8554,64,2026-03-09 21:18:00,3059.77,DEBIT,Apple,Bangalore,False
8555,92,2026-06-09 12:15:00,3572.49,DEBIT,Walmart,Delhi,False
8556,30,2026-06-01 04:12:00,6178.22,DEBIT,Shell,Hyderabad,False
8557,63,2026-04-18 15:38:00,1360.72,DEBIT,Flipkart,Ludhiana,False
8558,93,2026-07-28 05:15:00,3628.34,CREDIT,Apple,Chandigarh,False
8559,68,2026-01-06 07:15:00,1089.78,CREDIT,Netflix,Hyderabad,False
8560,45,2026-06-23 09:22:00,2896.5,DEBIT,Uber,Chandigarh,False
8561,25,2026-03-10 04:46:00,3223.95,DEBIT,Myntra,Pune,False
8562,10,2026-03-09 02:04:00,2366.86,DEBIT,Walmart,Pune,False
8563,1,2026-07-07 23:26:00,951.57,DEBIT,Shell,Delhi,False
8564,63,2026-04-22 23:32:00,1488.18,CREDIT,Local Store,Chandigarh,False
8565,6,2026-01-01 23:04:00,1866.79,DEBIT,Walmart,Ludhiana,False
8566,52,2026-03-22 07:53:00,2950.15,CREDIT,Netflix,Bangalore,False
8567,53,2026-01-29 03:31:00,705.4,DEBIT,Walmart,Ludhiana,False
8568,61,2026-01-02 12:02:00,411.48,DEBIT,Amazon,Ludhiana,False
8569,18,2026-03-02 17:36:00,1611.21,DEBIT,Amazon,Ludhiana,False
8570,76,2026-05-20 14:54:00,1530.33,DEBIT,Amazon,Ludhiana,False
8571,74,2026-02-12 10:18:00,2695.42,CREDIT,Amazon,Hyderabad,False
8572,12,2026-03-08 00:40:00,2211.25,CREDIT,Apple,Hyderabad,False
8573,60,2026-02-14 08:05:00,5367.93,DEBIT,Myntra,Mumbai,False
8574,73,2026-04-29 00:51:00,552.7,DEBIT,Amazon,Pune,False
8575,52,2026-06-06 09:58:00,2245.66,DEBIT,Amazon,Mumbai,False
8576,60,2026-06-04 15:14:00,3742.45,DEBIT,Amazon,Mumbai,False
8577,45,2026-05-24 10:07:00,590.51,DEBIT,Netflix,Mumbai,False
8578,95,2026-01-23 03:16:00,1299.8,CREDIT,Flipkart,Mumbai,False
8579,36,2026-04-04 15:07:00,3148.53,DEBIT,Flipkart,Chandigarh,False
8580,39,2026-06-19 23:02:00,1089.81,DEBIT,Swiggy,Hyderabad,False
8581,82,2026-02-13 17:30:00,4594.36,DEBIT,Apple,Mumbai,False
8582,92,2026-01-02 20:06:00,2244.95,DEBIT,Amazon,Hyderabad,False
8583,90,2026-06-12 20:58:00,1034.1,DEBIT,Shell,Bangalore,False
8584,63,2026-06-22 20:00:00,1360.37,DEBIT,Netflix,Ludhiana,False
8585,23,2026-07-17 09:42:00,1484.5,DEBIT,Netflix,Mumbai,False
8586,62,2026-03-01 20:50:00,2910.59,CREDIT,Uber,Hyderabad,False
8587,27,2026-02-13 04:24:00,3710.22,DEBIT,Myntra,Chandigarh,False
8588,52,2026-06-03 11:28:00,2322.56,DEBIT,Swiggy,Delhi,False
8589,6,2026-02-01 09:58:00,3811.87,DEBIT,Walmart,Ludhiana,False
8590,49,2026-07-01 21:22:00,1250.86,DEBIT,Local Store,Hyderabad,False
8591,31,2026-02-01 00:51:00,2908.55,DEBIT,Apple,Delhi,False
8592,17,2026-05-22 14:21:00,2002.15,DEBIT,Netflix,Delhi,False
8593,41,2026-01-07 20:50:00,4214.45,DEBIT,Shell,Chandigarh,False
8594,48,2026-04-30 14:25:00,3263.45,DEBIT,Walmart,Pune,False
8595,28,2026-02-19 10:44:00,1152.71,DEBIT,Netflix,Chandigarh,False
8596,7,2026-04-10 23:37:00,3225.79,DEBIT,Apple,Chandigarh,False
8597,69,2026-06-14 12:51:00,74595.36,DEBIT,Myntra,Pune,True
8598,65,2026-04-19 14:53:00,2380.77,CREDIT,Walmart,Ludhiana,False
8599,40,2026-02-08 20:11:00,62418.94,DEBIT,Apple,Delhi,True
8600,9,2026-06-13 09:39:00,4202.1,CREDIT,Netflix,Mumbai,False
8601,63,2026-01-17 02:25:00,4306.02,DEBIT,Flipkart,Bangalore,False
8602,93,2026-03-08 22:26:00,4667.96,DEBIT,Myntra,Ludhiana,False
8603,30,2026-06-24 22:38:00,976.5,DEBIT,Myntra,Bangalore,False
8604,54,2026-01-01 02:18:00,4470.89,CREDIT,Swiggy,Pune,False
8605,3,2026-05-11 20:39:00,1212.27,DEBIT,Swiggy,Chandigarh,False
8606,13,2026-07-22 11:29:00,871.82,DEBIT,Uber,Ludhiana,False
8607,74,2026-07-03 00:19:00,1126.85,DEBIT,Swiggy,Bangalore,False
8608,29,2026-01-09 03:23:00,2176.42,CREDIT,Local Store,Chandigarh,False
8609,42,2026-04-06 08:05:00,1621.54,DEBIT,Local Store,Hyderabad,False
8610,18,2026-02-04 09:16:00,3393.0,DEBIT,Shell,Pune,False
8611,52,2026-03-21 08:26:00,669.79,DEBIT,Apple,Bangalore,False
8612,85,2026-05-20 02:22:00,1835.39,DEBIT,Apple,Pune,False
8613,88,2026-02-25 18:25:00,1828.61,CREDIT,Flipkart,Hyderabad,False
8614,44,2026-01-04 22:45:00,3113.77,DEBIT,Netflix,Hyderabad,False
8615,45,2026-05-15 01:43:00,2318.9,CREDIT,Swiggy,Pune,False
8616,32,2026-02-05 06:27:00,1090.51,DEBIT,Amazon,Ludhiana,False
8617,67,2026-03-29 09:07:00,2225.44,CREDIT,Walmart,Ludhiana,False
8618,97,2026-03-01 13:25:00,7757.14,DEBIT,Myntra,Hyderabad,False
8619,57,2026-03-10 09:59:00,2831.34,DEBIT,Uber,Ludhiana,False
8620,11,2026-06-22 12:22:00,5080.06,DEBIT,Walmart,Chandigarh,False
8621,58,2026-01-20 09:28:00,3952.5,DEBIT,Myntra,Hyderabad,False
8622,29,2026-04-27 06:29:00,2765.72,DEBIT,Myntra,Hyderabad,False
8623,34,2026-07-12 09:47:00,911.49,DEBIT,Amazon,Delhi,False
8624,8,2026-02-02 20:24:00,585.71,DEBIT,Netflix,Mumbai,False
8625,8,2026-07-19 08:35:00,4002.82,DEBIT,Local Store,Delhi,False
8626,33,2026-04-01 00:22:00,3972.75,DEBIT,Local Store,Mumbai,False
8627,14,2026-02-24 14:40:00,1411.1,CREDIT,Myntra,Hyderabad,False
8628,63,2026-04-01 22:49:00,2942.04,DEBIT,Myntra,Pune,False
8629,54,2026-04-23 23:00:00,4569.89,DEBIT,Swiggy,Ludhiana,False
8630,74,2026-07-18 13:13:00,4903.49,DEBIT,Netflix,Mumbai,False
8631,51,2026-01-17 04:48:00,3817.51,DEBIT,Local Store,Delhi,False
8632,38,2026-02-13 05:13:00,2293.4,DEBIT,Local Store,Mumbai,False
8633,90,2026-03-23 02:41:00,3572.95,CREDIT,Shell,Mumbai,False
8634,96,2026-07-26 06:42:00,1093.93,DEBIT,Myntra,Ludhiana,False
8635,82,2026-05-18 06:14:00,2988.48,DEBIT,Swiggy,Chandigarh,False
8636,88,2026-07-26 06:24:00,2778.56,DEBIT,Uber,Pune,False
8637,92,2026-07-02 21:43:00,6151.41,DEBIT,Swiggy,Pune,False
8638,49,2026-04-18 22:23:00,1523.03,CREDIT,Shell,Pune,False
8639,55,2026-06-18 22:18:00,1689.74,CREDIT,Myntra,Chandigarh,False
8640,62,2026-07-04 13:53:00,1236.22,DEBIT,Amazon,Delhi,False
8641,60,2026-04-01 08:41:00,1876.49,DEBIT,Myntra,Mumbai,False
8642,29,2026-04-13 20:45:00,2267.21,DEBIT,Walmart,Pune,False
8643,93,2026-06-13 09:39:00,910.74,CREDIT,Amazon,Chandigarh,False
8644,32,2026-05-15 00:20:00,3409.3,DEBIT,Apple,Hyderabad,False
8645,52,2026-06-17 10:45:00,508.59,DEBIT,Netflix,Mumbai,False
8646,9,2026-05-01 23:25:00,1236.91,DEBIT,Shell,Hyderabad,False
8647,57,2026-01-06 11:33:00,2182.97,DEBIT,Uber,Pune,False
8648,100,2026-05-07 03:54:00,2745.72,DEBIT,Flipkart,Hyderabad,False
8649,97,2026-07-06 10:30:00,2884.58,DEBIT,Shell,Ludhiana,False
8650,28,2026-06-09 16:52:00,2742.2,DEBIT,Local Store,Pune,False
8651,75,2026-01-04 16:43:00,4462.21,CREDIT,Swiggy,Mumbai,False
8652,25,2026-05-06 21:36:00,2420.5,DEBIT,Apple,Mumbai,False
8653,99,2026-06-15 08:14:00,1451.1,DEBIT,Amazon,Pune,False
8654,70,2026-05-25 13:02:00,3766.35,DEBIT,Myntra,Delhi,False
8655,15,2026-04-26 02:58:00,3679.81,DEBIT,Local Store,Chandigarh,False
8656,31,2026-01-18 02:49:00,1409.97,DEBIT,Local Store,Bangalore,False
8657,14,2026-05-23 15:34:00,2958.27,DEBIT,Myntra,Mumbai,False
8658,35,2026-03-01 16:38:00,712.95,DEBIT,Shell,Pune,False
8659,64,2026-05-16 12:12:00,865.4,CREDIT,Swiggy,Chandigarh,False
8660,58,2026-01-28 21:32:00,685.34,DEBIT,Shell,Chandigarh,False
8661,16,2026-02-27 18:43:00,3727.98,DEBIT,Amazon,Chandigarh,False
8662,11,2026-07-20 08:46:00,4687.22,CREDIT,Amazon,Mumbai,False
8663,23,2026-01-12 18:43:00,1069.71,DEBIT,Flipkart,Delhi,False
8664,25,2026-02-02 17:23:00,5536.15,DEBIT,Myntra,Mumbai,False
8665,38,2026-02-02 00:52:00,1383.64,DEBIT,Apple,Chandigarh,False
8666,45,2026-03-08 17:36:00,1970.71,DEBIT,Netflix,Hyderabad,False
8667,27,2026-04-20 20:14:00,3861.5,DEBIT,Local Store,Delhi,False
8668,45,2026-01-09 13:24:00,4419.32,DEBIT,Netflix,Chandigarh,False
8669,26,2026-01-07 22:41:00,1264.76,DEBIT,Amazon,Chandigarh,False
8670,38,2026-04-26 10:37:00,1867.48,DEBIT,Amazon,Delhi,False
8671,73,2026-05-24 00:37:00,744.53,DEBIT,Swiggy,Ludhiana,False
8672,55,2026-06-24 17:17:00,5106.42,DEBIT,Myntra,Ludhiana,False
8673,81,2026-05-05 13:58:00,1051.11,DEBIT,Uber,Bangalore,False
8674,36,2026-01-24 14:28:00,2485.48,DEBIT,Flipkart,Mumbai,False
8675,45,2026-05-08 20:29:00,3075.53,DEBIT,Walmart,Hyderabad,False
8676,67,2026-05-18 20:24:00,1468.54,CREDIT,Netflix,Ludhiana,False
8677,20,2026-03-16 10:33:00,3143.53,DEBIT,Uber,Chandigarh,False
8678,11,2026-02-07 18:12:00,1013.45,DEBIT,Uber,Chandigarh,False
8679,99,2026-07-08 00:46:00,5591.71,CREDIT,Apple,Hyderabad,False
8680,61,2026-07-24 05:21:00,3275.96,DEBIT,Walmart,Ludhiana,False
8681,21,2026-05-20 12:22:00,2136.24,DEBIT,Netflix,Mumbai,False
8682,73,2026-03-30 19:00:00,5096.07,CREDIT,Swiggy,Mumbai,False
8683,41,2026-06-28 06:10:00,3417.15,DEBIT,Walmart,Delhi,False
8684,89,2026-04-17 16:57:00,6561.7,DEBIT,Local Store,Pune,False
8685,14,2026-01-10 16:23:00,1205.01,DEBIT,Swiggy,Mumbai,False
8686,31,2026-03-19 03:09:00,1780.83,DEBIT,Local Store,Mumbai,False
8687,35,2026-05-26 15:05:00,1541.28,DEBIT,Walmart,Pune,False
8688,92,2026-02-01 02:04:00,3591.36,DEBIT,Walmart,Chandigarh,False
8689,19,2026-04-29 18:59:00,3657.93,DEBIT,Local Store,Delhi,False
8690,32,2026-01-30 23:18:00,3519.81,DEBIT,Flipkart,Mumbai,False
8691,46,2026-02-19 23:37:00,2261.4,DEBIT,Apple,Bangalore,False
8692,90,2026-04-10 06:32:00,2943.97,DEBIT,Amazon,Ludhiana,False
8693,33,2026-06-06 05:36:00,1062.03,DEBIT,Shell,Mumbai,False
8694,69,2026-01-29 05:22:00,2252.1,DEBIT,Shell,Pune,False
8695,17,2026-05-26 16:48:00,1604.01,CREDIT,Netflix,Chandigarh,False
8696,17,2026-07-10 11:39:00,3500.51,DEBIT,Swiggy,Hyderabad,False
8697,83,2026-06-09 21:51:00,2539.7,CREDIT,Netflix,Mumbai,False
8698,92,2026-02-20 07:20:00,648.73,CREDIT,Apple,Mumbai,False
8699,56,2026-07-06 13:48:00,1843.86,DEBIT,Walmart,Mumbai,False
8700,44,2026-02-19 15:37:00,1582.08,DEBIT,Shell,Hyderabad,False
8701,63,2026-04-12 01:03:00,3434.06,DEBIT,Apple,Chandigarh,False
8702,37,2026-04-24 15:55:00,3368.03,DEBIT,Netflix,Bangalore,False
8703,35,2026-01-13 05:51:00,693.19,DEBIT,Swiggy,Pune,False
8704,42,2026-03-06 07:05:00,1685.48,DEBIT,Local Store,Mumbai,False
8705,81,2026-03-26 10:42:00,1012.48,DEBIT,Apple,Pune,False
8706,48,2026-05-15 08:45:00,1229.08,CREDIT,Flipkart,Delhi,False
8707,97,2026-04-07 01:26:00,2711.63,DEBIT,Myntra,Mumbai,False
8708,92,2026-04-28 07:48:00,2185.43,DEBIT,Myntra,Delhi,False
8709,55,2026-06-06 02:54:00,1865.21,DEBIT,Uber,Mumbai,False
8710,4,2026-06-13 07:53:00,2455.77,DEBIT,Myntra,Delhi,False
8711,34,2026-07-08 14:17:00,2848.56,DEBIT,Apple,Ludhiana,False
8712,17,2026-07-08 21:45:00,3787.84,DEBIT,Netflix,Delhi,False
8713,42,2026-07-23 18:30:00,2390.7,CREDIT,Amazon,Ludhiana,False
8714,23,2026-07-02 20:32:00,522.33,DEBIT,Amazon,Ludhiana,False
8715,65,2026-02-17 02:29:00,3844.2,DEBIT,Flipkart,Mumbai,False
8716,81,2026-04-10 16:00:00,1840.99,DEBIT,Uber,Mumbai,False
8717,82,2026-02-27 02:17:00,2016.38,DEBIT,Myntra,Hyderabad,False
8718,100,2026-01-05 02:09:00,4117.59,DEBIT,Uber,Bangalore,False
8719,12,2026-07-24 09:51:00,695.91,DEBIT,Uber,Hyderabad,False
8720,47,2026-07-27 18:13:00,2001.68,DEBIT,Shell,Ludhiana,False
8721,32,2026-03-19 01:39:00,1306.2,DEBIT,Uber,Chandigarh,False
8722,5,2026-04-20 02:22:00,1088.2,CREDIT,Amazon,Ludhiana,False
8723,1,2026-06-25 04:31:00,2823.77,DEBIT,Shell,Delhi,False
8724,63,2026-05-19 06:39:00,1046.41,DEBIT,Shell,Bangalore,False
8725,19,2026-05-15 09:55:00,2363.65,CREDIT,Local Store,Mumbai,False
8726,87,2026-05-11 09:30:00,743.28,DEBIT,Walmart,Hyderabad,False
8727,24,2026-01-17 13:00:00,1318.64,DEBIT,Amazon,Ludhiana,False
8728,75,2026-04-16 11:54:00,2643.9,DEBIT,Local Store,Bangalore,False
8729,15,2026-01-23 17:38:00,745.22,DEBIT,Netflix,Chandigarh,False
8730,38,2026-06-27 19:15:00,4613.35,DEBIT,Netflix,Chandigarh,False
8731,17,2026-02-08 11:23:00,2400.35,CREDIT,Uber,Bangalore,False
8732,78,2026-07-09 17:46:00,2180.51,DEBIT,Netflix,Bangalore,False
8733,98,2026-06-10 18:38:00,1857.39,DEBIT,Shell,Pune,False
8734,55,2026-04-24 16:23:00,4135.4,DEBIT,Uber,Hyderabad,False
8735,94,2026-04-28 23:21:00,3372.28,DEBIT,Myntra,Delhi,False
8736,75,2026-06-30 20:04:00,937.32,DEBIT,Amazon,Delhi,False
8737,60,2026-01-18 03:26:00,4515.89,DEBIT,Netflix,Bangalore,False
8738,25,2026-05-08 04:30:00,1393.99,CREDIT,Local Store,Mumbai,False
8739,15,2026-05-04 05:03:00,2767.84,DEBIT,Walmart,Bangalore,False
8740,42,2026-07-17 19:22:00,2989.47,DEBIT,Swiggy,Chandigarh,False
8741,32,2026-03-22 13:17:00,5360.51,DEBIT,Shell,Chandigarh,False
8742,8,2026-04-21 15:30:00,2701.53,DEBIT,Uber,Hyderabad,False
8743,15,2026-05-04 01:31:00,1253.02,DEBIT,Local Store,Bangalore,False
8744,77,2026-02-23 20:46:00,3033.03,DEBIT,Swiggy,Bangalore,False
8745,86,2026-05-22 23:46:00,3502.96,DEBIT,Swiggy,Bangalore,False
8746,71,2026-03-21 08:56:00,1158.62,DEBIT,Myntra,Bangalore,False
8747,3,2026-01-22 03:37:00,4893.63,DEBIT,Walmart,Hyderabad,False
8748,14,2026-07-22 03:40:00,319.39,DEBIT,Uber,Mumbai,False
8749,36,2026-07-27 00:08:00,4367.48,CREDIT,Flipkart,Delhi,False
8750,86,2026-07-02 10:36:00,3501.9,DEBIT,Walmart,Pune,False
8751,75,2026-06-13 21:19:00,2349.91,DEBIT,Local Store,Delhi,False
8752,45,2026-07-23 04:19:00,1453.95,DEBIT,Amazon,Pune,False
8753,28,2026-03-16 14:37:00,1449.85,CREDIT,Amazon,Bangalore,False
8754,79,2026-01-26 07:02:00,1527.98,DEBIT,Amazon,Delhi,False
8755,54,2026-03-20 14:57:00,2344.53,DEBIT,Netflix,Mumbai,False
8756,11,2026-03-03 07:53:00,2706.14,DEBIT,Swiggy,Hyderabad,False
8757,50,2026-01-18 13:02:00,1861.95,DEBIT,Myntra,Bangalore,False
8758,1,2026-07-26 09:29:00,1060.24,CREDIT,Amazon,Pune,False
8759,56,2026-01-21 21:27:00,1597.9,DEBIT,Local Store,Delhi,False
8760,57,2026-01-07 10:18:00,3278.27,DEBIT,Flipkart,Ludhiana,False
8761,21,2026-07-01 14:29:00,5259.35,DEBIT,Apple,Ludhiana,False
8762,35,2026-07-14 01:16:00,2174.27,DEBIT,Netflix,Ludhiana,False
8763,25,2026-05-01 23:22:00,603.76,DEBIT,Apple,Ludhiana,False
8764,32,2026-07-05 16:49:00,2248.15,DEBIT,Walmart,Hyderabad,False
8765,19,2026-01-03 15:08:00,2905.04,DEBIT,Myntra,Pune,False
8766,81,2026-03-28 18:15:00,4482.49,CREDIT,Uber,Delhi,False
8767,11,2026-07-11 05:37:00,4613.41,DEBIT,Walmart,Chandigarh,False
8768,95,2026-03-04 21:58:00,2681.1,DEBIT,Flipkart,Bangalore,False
8769,68,2026-02-12 08:30:00,3992.35,CREDIT,Uber,Pune,False
8770,57,2026-05-13 00:28:00,3124.8,DEBIT,Walmart,Ludhiana,False
8771,4,2026-05-22 15:25:00,2027.98,DEBIT,Myntra,Chandigarh,False
8772,90,2026-04-03 11:08:00,4069.64,DEBIT,Uber,Hyderabad,False
8773,45,2026-05-04 06:48:00,3756.05,DEBIT,Apple,Bangalore,False
8774,45,2026-06-10 08:38:00,2517.75,CREDIT,Local Store,Pune,False
8775,46,2026-01-07 11:52:00,762.08,CREDIT,Walmart,Hyderabad,False
8776,85,2026-01-08 19:35:00,4110.85,DEBIT,Flipkart,Bangalore,False
8777,83,2026-05-17 05:19:00,2153.26,DEBIT,Uber,Hyderabad,False
8778,15,2026-06-16 07:09:00,1901.08,DEBIT,Netflix,Hyderabad,False
8779,75,2026-05-27 23:34:00,5389.24,DEBIT,Swiggy,Pune,False
8780,52,2026-04-04 11:36:00,1720.56,DEBIT,Apple,Mumbai,False
8781,2,2026-06-25 01:26:00,4989.58,CREDIT,Local Store,Ludhiana,False
8782,64,2026-05-07 09:35:00,798.13,CREDIT,Shell,Delhi,False
8783,14,2026-06-09 08:21:00,4630.55,CREDIT,Shell,Mumbai,False
8784,56,2026-06-03 11:12:00,2131.16,DEBIT,Shell,Delhi,False
8785,14,2026-06-02 08:27:00,3907.11,CREDIT,Swiggy,Mumbai,False
8786,27,2026-03-25 08:27:00,4292.22,DEBIT,Flipkart,Mumbai,False
8787,54,2026-06-01 16:48:00,332.77,DEBIT,Flipkart,Bangalore,False
8788,65,2026-02-16 07:15:00,871.42,CREDIT,Swiggy,Delhi,False
8789,25,2026-01-02 23:33:00,2334.08,CREDIT,Walmart,Pune,False
8790,71,2026-02-18 06:49:00,466.38,DEBIT,Amazon,Delhi,False
8791,22,2026-05-26 07:00:00,2261.43,DEBIT,Myntra,Pune,False
8792,40,2026-07-18 06:17:00,526.12,DEBIT,Flipkart,Mumbai,False
8793,30,2026-03-22 01:41:00,1236.09,DEBIT,Flipkart,Hyderabad,False
8794,54,2026-07-22 06:27:00,1454.29,CREDIT,Myntra,Bangalore,False
8795,25,2026-03-28 05:10:00,3704.66,CREDIT,Netflix,Chandigarh,False
8796,37,2026-02-24 15:41:00,2453.94,DEBIT,Local Store,Chandigarh,False
8797,33,2026-03-12 16:07:00,1253.13,DEBIT,Local Store,Mumbai,False
8798,92,2026-02-28 14:41:00,673.21,CREDIT,Walmart,Chandigarh,False
8799,98,2026-02-04 19:49:00,4578.75,DEBIT,Shell,Mumbai,False
8800,11,2026-05-02 18:06:00,3004.19,CREDIT,Flipkart,Chandigarh,False
8801,34,2026-05-14 20:48:00,5091.47,DEBIT,Walmart,Mumbai,False
8802,14,2026-03-13 00:12:00,2668.34,DEBIT,Apple,Delhi,False
8803,84,2026-04-07 21:40:00,777.33,CREDIT,Flipkart,Pune,False
8804,47,2026-05-22 08:19:00,4275.61,CREDIT,Local Store,Hyderabad,False
8805,92,2026-02-07 06:56:00,1881.7,CREDIT,Myntra,Delhi,False
8806,96,2026-05-14 13:03:00,1351.59,DEBIT,Myntra,Pune,False
8807,35,2026-03-04 21:15:00,1331.76,DEBIT,Netflix,Delhi,False
8808,7,2026-03-06 21:41:00,4543.64,DEBIT,Uber,Mumbai,False
8809,58,2026-03-12 03:05:00,1108.58,CREDIT,Flipkart,Delhi,False
8810,77,2026-02-28 04:47:00,3262.77,DEBIT,Walmart,Delhi,False
8811,9,2026-01-04 04:09:00,2566.71,DEBIT,Local Store,Pune,False
8812,75,2026-06-21 13:03:00,1326.28,DEBIT,Swiggy,Pune,False
8813,33,2026-02-04 00:25:00,785.58,CREDIT,Myntra,Hyderabad,False
8814,89,2026-01-15 14:29:00,3087.6,DEBIT,Walmart,Delhi,False
8815,79,2026-01-14 01:24:00,6042.4,DEBIT,Amazon,Hyderabad,False
8816,43,2026-04-24 08:31:00,1434.14,CREDIT,Local Store,Bangalore,False
8817,50,2026-01-08 14:21:00,3421.63,DEBIT,Netflix,Ludhiana,False
8818,77,2026-03-08 02:41:00,1996.4,DEBIT,Uber,Chandigarh,False
8819,99,2026-01-03 23:18:00,1986.92,CREDIT,Uber,Bangalore,False
8820,28,2026-07-17 23:45:00,1203.58,DEBIT,Shell,Hyderabad,False
8821,3,2026-06-08 15:18:00,3628.88,DEBIT,Flipkart,Chandigarh,False
8822,61,2026-03-19 16:10:00,4051.69,DEBIT,Local Store,Bangalore,False
8823,77,2026-01-27 13:13:00,4278.32,DEBIT,Uber,Hyderabad,False
8824,84,2026-03-28 02:12:00,3818.42,DEBIT,Apple,Chandigarh,False
8825,34,2026-01-28 18:00:00,2450.61,DEBIT,Swiggy,Delhi,False
8826,94,2026-06-19 11:31:00,1511.72,DEBIT,Shell,Pune,False
8827,16,2026-04-09 16:14:00,3330.82,DEBIT,Local Store,Hyderabad,False
8828,38,2026-04-20 23:34:00,1992.94,CREDIT,Shell,Bangalore,False
8829,68,2026-04-24 00:13:00,1633.81,CREDIT,Apple,Bangalore,False
8830,11,2026-05-14 23:27:00,2286.44,DEBIT,Myntra,Mumbai,False
8831,80,2026-06-24 15:14:00,4270.43,DEBIT,Walmart,Mumbai,False
8832,26,2026-03-27 07:24:00,4349.94,DEBIT,Shell,Mumbai,False
8833,57,2026-02-18 04:06:00,2199.69,CREDIT,Netflix,Pune,False
8834,77,2026-02-23 15:04:00,2595.09,DEBIT,Flipkart,Pune,False
8835,74,2026-01-04 19:42:00,4557.62,CREDIT,Swiggy,Hyderabad,False
8836,60,2026-03-21 06:38:00,1910.92,CREDIT,Amazon,Ludhiana,False
8837,87,2026-03-19 20:42:00,3816.51,DEBIT,Apple,Chandigarh,False
8838,72,2026-06-24 08:29:00,2462.17,DEBIT,Flipkart,Mumbai,False
8839,73,2026-03-11 06:53:00,670.67,CREDIT,Shell,Mumbai,False
8840,67,2026-01-31 12:44:00,3543.35,DEBIT,Shell,Hyderabad,False
8841,93,2026-07-02 04:14:00,1725.59,DEBIT,Apple,Ludhiana,False
8842,82,2026-05-13 06:05:00,4216.07,DEBIT,Amazon,Chandigarh,False
8843,66,2026-06-17 16:50:00,1126.91,DEBIT,Shell,Bangalore,False
8844,51,2026-02-28 15:11:00,4197.74,DEBIT,Walmart,Chandigarh,False
8845,91,2026-03-06 11:58:00,5194.23,CREDIT,Apple,Mumbai,False
8846,65,2026-04-22 01:18:00,3516.33,CREDIT,Apple,Hyderabad,False
8847,47,2026-04-08 18:36:00,2591.93,DEBIT,Local Store,Ludhiana,False
8848,58,2026-01-26 08:57:00,1620.94,DEBIT,Apple,Bangalore,False
8849,50,2026-05-02 11:25:00,3901.06,DEBIT,Amazon,Delhi,False
8850,17,2026-07-09 18:37:00,4120.65,DEBIT,Shell,Bangalore,False
8851,72,2026-03-31 05:14:00,1509.32,CREDIT,Amazon,Ludhiana,False
8852,74,2026-01-09 15:58:00,3745.12,DEBIT,Local Store,Pune,False
8853,20,2026-04-23 09:58:00,3978.52,DEBIT,Walmart,Hyderabad,False
8854,64,2026-06-09 17:08:00,3297.53,CREDIT,Amazon,Hyderabad,False
8855,88,2026-03-01 22:35:00,1438.79,DEBIT,Swiggy,Pune,False
8856,53,2026-01-07 16:41:00,2332.47,DEBIT,Amazon,Ludhiana,False
8857,85,2026-05-30 02:19:00,2846.33,DEBIT,Uber,Bangalore,False
8858,86,2026-01-07 15:13:00,5825.69,DEBIT,Walmart,Mumbai,False
8859,12,2026-05-04 02:21:00,1359.86,DEBIT,Netflix,Bangalore,False
8860,88,2026-04-05 02:23:00,5681.64,DEBIT,Swiggy,Chandigarh,False
8861,75,2026-06-08 06:16:00,1897.06,DEBIT,Apple,Bangalore,False
8862,3,2026-07-07 12:19:00,1602.41,DEBIT,Uber,Mumbai,False
8863,16,2026-06-29 18:44:00,767.78,DEBIT,Uber,Delhi,False
8864,45,2026-03-01 05:54:00,1000.43,CREDIT,Walmart,Chandigarh,False
8865,95,2026-04-29 02:24:00,5195.52,DEBIT,Flipkart,Bangalore,False
8866,1,2026-04-14 19:36:00,905.88,CREDIT,Flipkart,Delhi,False
8867,46,2026-02-27 21:10:00,5643.68,DEBIT,Uber,Ludhiana,False
8868,65,2026-03-14 13:31:00,1117.03,DEBIT,Local Store,Mumbai,False
8869,94,2026-05-28 22:24:00,3321.41,DEBIT,Swiggy,Ludhiana,False
8870,75,2026-05-26 14:31:00,2190.07,DEBIT,Flipkart,Hyderabad,False
8871,93,2026-01-12 15:31:00,853.74,DEBIT,Flipkart,Mumbai,False
8872,85,2026-02-07 13:56:00,2199.81,CREDIT,Apple,Hyderabad,False
8873,98,2026-06-12 01:55:00,1187.44,DEBIT,Amazon,Chandigarh,False
8874,82,2026-02-20 17:14:00,600.81,CREDIT,Amazon,Delhi,False
8875,85,2026-04-17 23:17:00,3812.36,DEBIT,Amazon,Chandigarh,False
8876,73,2026-06-11 05:37:00,2687.5,DEBIT,Myntra,Pune,False
8877,72,2026-02-06 12:25:00,4212.16,DEBIT,Flipkart,Hyderabad,False
8878,77,2026-04-07 13:40:00,787.95,DEBIT,Uber,Hyderabad,False
8879,38,2026-02-08 03:18:00,2424.28,DEBIT,Apple,Chandigarh,False
8880,14,2026-07-08 16:01:00,1782.32,DEBIT,Myntra,Chandigarh,False
8881,74,2026-05-26 20:20:00,4142.71,DEBIT,Local Store,Ludhiana,False
8882,21,2026-03-14 15:30:00,1011.39,DEBIT,Myntra,Pune,False
8883,99,2026-01-06 00:30:00,2577.27,DEBIT,Apple,Pune,False
8884,62,2026-03-25 15:39:00,3525.94,DEBIT,Amazon,Hyderabad,False
8885,80,2026-02-06 10:19:00,4316.75,CREDIT,Apple,Delhi,False
8886,41,2026-03-09 17:03:00,3131.13,CREDIT,Shell,Bangalore,False
8887,18,2026-06-16 06:54:00,3200.83,CREDIT,Apple,Delhi,False
8888,56,2026-04-12 22:01:00,1844.73,CREDIT,Swiggy,Pune,False
8889,49,2026-06-11 09:24:00,3094.19,DEBIT,Walmart,Chandigarh,False
8890,38,2026-02-11 08:03:00,1694.99,DEBIT,Walmart,Chandigarh,False
8891,67,2026-01-26 19:14:00,2776.4,DEBIT,Myntra,Delhi,False
8892,56,2026-07-19 09:20:00,830.96,DEBIT,Uber,Bangalore,False
8893,53,2026-02-01 23:14:00,3173.35,DEBIT,Amazon,Delhi,False
8894,11,2026-07-22 16:17:00,874.2,DEBIT,Shell,Mumbai,False
8895,89,2026-01-28 21:01:00,984.67,DEBIT,Amazon,Delhi,False
8896,12,2026-01-30 17:36:00,5250.25,DEBIT,Myntra,Hyderabad,False
8897,40,2026-06-22 23:15:00,2514.85,DEBIT,Local Store,Chandigarh,False
8898,13,2026-04-10 19:02:00,4449.73,CREDIT,Uber,Mumbai,False
8899,100,2026-07-16 06:04:00,2853.66,DEBIT,Uber,Bangalore,False
8900,100,2026-01-10 03:06:00,2878.69,DEBIT,Myntra,Delhi,False
8901,75,2026-03-12 07:07:00,739.05,DEBIT,Swiggy,Pune,False
8902,37,2026-04-23 17:14:00,1176.88,DEBIT,Myntra,Delhi,False
8903,23,2026-04-17 09:28:00,2805.25,CREDIT,Swiggy,Chandigarh,False
8904,56,2026-01-01 13:07:00,2440.2,DEBIT,Myntra,Hyderabad,False
8905,90,2026-03-27 17:46:00,1119.24,CREDIT,Walmart,Pune,False
8906,67,2026-07-05 05:43:00,3531.02,CREDIT,Swiggy,Pune,False
8907,31,2026-03-25 22:50:00,2030.56,DEBIT,Local Store,Chandigarh,False
8908,47,2026-03-04 18:21:00,4131.17,DEBIT,Local Store,Pune,False
8909,3,2026-07-02 15:09:00,4971.9,DEBIT,Amazon,Mumbai,False
8910,72,2026-02-25 22:29:00,1654.3,DEBIT,Myntra,Ludhiana,False
8911,26,2026-04-11 11:03:00,2783.37,CREDIT,Local Store,Bangalore,False
8912,14,2026-04-17 19:04:00,4224.47,DEBIT,Myntra,Ludhiana,False
8913,8,2026-06-28 14:30:00,1520.11,DEBIT,Local Store,Mumbai,False
8914,52,2026-06-07 00:40:00,4651.27,DEBIT,Amazon,Ludhiana,False
8915,99,2026-01-06 22:15:00,5167.14,DEBIT,Amazon,Pune,False
8916,82,2026-01-04 02:49:00,1626.09,DEBIT,Swiggy,Pune,False
8917,62,2026-04-25 03:32:00,2531.29,DEBIT,Netflix,Delhi,False
8918,79,2026-03-03 21:49:00,1031.94,DEBIT,Walmart,Mumbai,False
8919,66,2026-04-27 14:22:00,2841.76,CREDIT,Shell,Hyderabad,False
8920,28,2026-02-24 10:09:00,4102.64,CREDIT,Netflix,Mumbai,False
8921,64,2026-05-23 16:49:00,1093.45,DEBIT,Amazon,Ludhiana,False
8922,28,2026-01-30 15:58:00,3388.13,CREDIT,Apple,Hyderabad,False
8923,70,2026-03-01 17:45:00,2319.68,DEBIT,Netflix,Pune,False
8924,25,2026-04-20 15:01:00,883.22,DEBIT,Swiggy,Hyderabad,False
8925,51,2026-02-04 03:40:00,794.24,DEBIT,Shell,Chandigarh,False
8926,26,2026-02-10 09:17:00,1002.25,CREDIT,Netflix,Pune,False
8927,30,2026-03-07 00:23:00,2516.86,CREDIT,Walmart,Hyderabad,False
8928,34,2026-04-20 22:13:00,1602.71,DEBIT,Apple,Chandigarh,False
8929,17,2026-07-07 20:15:00,1289.9,DEBIT,Local Store,Pune,False
8930,82,2026-04-06 21:20:00,3328.15,DEBIT,Apple,Mumbai,False
8931,23,2026-03-21 12:13:00,2160.28,DEBIT,Myntra,Bangalore,False
8932,66,2026-01-20 00:11:00,2952.85,DEBIT,Shell,Mumbai,False
8933,57,2026-01-20 00:14:00,4620.95,DEBIT,Swiggy,Pune,False
8934,1,2026-03-31 18:08:00,3751.05,CREDIT,Amazon,Pune,False
8935,59,2026-05-13 07:41:00,3765.34,DEBIT,Shell,Bangalore,False
8936,75,2026-02-04 02:07:00,2506.48,CREDIT,Flipkart,Chandigarh,False
8937,30,2026-01-14 13:42:00,1385.05,DEBIT,Uber,Mumbai,False
8938,69,2026-04-16 22:59:00,4333.74,CREDIT,Amazon,Bangalore,False
8939,56,2026-02-08 03:20:00,2806.29,DEBIT,Local Store,Mumbai,False
8940,60,2026-02-13 14:49:00,6887.84,CREDIT,Uber,Pune,False
8941,87,2026-07-16 22:59:00,2993.04,DEBIT,Amazon,Ludhiana,False
8942,79,2026-02-18 08:41:00,2266.57,DEBIT,Myntra,Bangalore,False
8943,55,2026-02-25 01:26:00,839.09,CREDIT,Amazon,Delhi,False
8944,61,2026-01-09 06:44:00,4581.56,DEBIT,Walmart,Delhi,False
8945,58,2026-04-18 03:30:00,1584.53,DEBIT,Myntra,Mumbai,False
8946,48,2026-06-15 00:58:00,1341.44,CREDIT,Apple,Hyderabad,False
8947,39,2026-01-16 10:59:00,1221.12,DEBIT,Myntra,Delhi,False
8948,90,2026-07-09 02:17:00,1814.79,DEBIT,Shell,Delhi,False
8949,31,2026-02-19 08:26:00,642.02,CREDIT,Netflix,Pune,False
8950,87,2026-01-04 12:49:00,4458.1,CREDIT,Shell,Mumbai,False
8951,29,2026-04-27 13:28:00,2289.08,CREDIT,Flipkart,Hyderabad,False
8952,88,2026-03-12 16:14:00,482.91,CREDIT,Amazon,Hyderabad,False
8953,30,2026-04-09 02:41:00,2853.45,CREDIT,Netflix,Delhi,False
8954,32,2026-02-24 23:31:00,2416.19,DEBIT,Local Store,Bangalore,False
8955,89,2026-07-18 14:17:00,660.83,DEBIT,Walmart,Hyderabad,False
8956,79,2026-07-25 18:22:00,2018.04,DEBIT,Local Store,Chandigarh,False
8957,30,2026-06-25 02:50:00,1284.97,CREDIT,Shell,Delhi,False
8958,80,2026-03-27 15:57:00,4094.54,CREDIT,Local Store,Hyderabad,False
8959,70,2026-03-06 23:55:00,2461.02,DEBIT,Amazon,Bangalore,False
8960,55,2026-03-13 13:13:00,3902.47,DEBIT,Amazon,Hyderabad,False
8961,29,2026-04-04 17:30:00,3519.3,CREDIT,Shell,Chandigarh,False
8962,62,2026-07-15 19:20:00,497.38,DEBIT,Swiggy,Hyderabad,False
8963,33,2026-01-30 19:16:00,1702.83,DEBIT,Amazon,Delhi,False
8964,44,2026-03-05 19:40:00,1833.78,DEBIT,Flipkart,Bangalore,False
8965,59,2026-07-11 07:15:00,1428.36,DEBIT,Myntra,Mumbai,False
8966,44,2026-03-23 15:33:00,627.45,DEBIT,Amazon,Mumbai,False
8967,21,2026-06-26 12:12:00,1098.92,CREDIT,Flipkart,Mumbai,False
8968,15,2026-03-03 04:17:00,3970.62,CREDIT,Myntra,Hyderabad,False
8969,94,2026-02-13 21:29:00,5401.44,DEBIT,Apple,Mumbai,False
8970,37,2026-03-27 03:28:00,733.03,DEBIT,Shell,Mumbai,False
8971,54,2026-06-19 08:18:00,2630.17,DEBIT,Myntra,Chandigarh,False
8972,15,2026-04-11 03:57:00,1911.73,DEBIT,Swiggy,Delhi,False
8973,46,2026-05-01 15:28:00,2090.99,CREDIT,Myntra,Bangalore,False
8974,98,2026-07-15 23:11:00,2792.72,DEBIT,Netflix,Bangalore,False
8975,89,2026-06-28 07:26:00,4836.33,DEBIT,Walmart,Chandigarh,False
8976,89,2026-02-27 15:08:00,1583.95,CREDIT,Local Store,Mumbai,False
8977,73,2026-01-08 01:53:00,536.1,DEBIT,Flipkart,Mumbai,False
8978,97,2026-07-17 23:06:00,4249.01,DEBIT,Walmart,Delhi,False
8979,2,2026-02-12 13:36:00,370.84,DEBIT,Shell,Hyderabad,False
8980,21,2026-04-02 01:46:00,3961.65,DEBIT,Walmart,Ludhiana,False
8981,70,2026-04-26 16:15:00,2666.95,DEBIT,Amazon,Pune,False
8982,66,2026-02-24 15:29:00,744.89,DEBIT,Uber,Chandigarh,False
8983,34,2026-04-14 06:04:00,3888.26,DEBIT,Apple,Chandigarh,False
8984,21,2026-03-05 14:30:00,2147.26,CREDIT,Apple,Bangalore,False
8985,57,2026-06-15 21:07:00,4020.94,CREDIT,Apple,Delhi,False
8986,53,2026-06-13 14:31:00,3381.75,DEBIT,Local Store,Hyderabad,False
8987,74,2026-02-13 21:53:00,3928.46,CREDIT,Netflix,Chandigarh,False
8988,55,2026-03-02 04:25:00,3303.5,DEBIT,Netflix,Chandigarh,False
8989,49,2026-03-16 09:14:00,705.12,DEBIT,Amazon,Ludhiana,False
8990,64,2026-07-25 05:53:00,2599.67,CREDIT,Amazon,Ludhiana,False
8991,9,2026-02-28 17:56:00,1496.01,DEBIT,Swiggy,Mumbai,False
8992,41,2026-07-22 04:58:00,4022.27,CREDIT,Walmart,Bangalore,False
8993,56,2026-03-04 01:35:00,4297.51,DEBIT,Flipkart,Hyderabad,False
8994,95,2026-04-26 09:17:00,1087.36,DEBIT,Swiggy,Mumbai,False
8995,99,2026-07-17 00:17:00,2664.33,DEBIT,Uber,Ludhiana,False
8996,33,2026-03-03 02:04:00,736.2,CREDIT,Flipkart,Pune,False
8997,17,2026-01-26 07:53:00,750.86,DEBIT,Shell,Mumbai,False
8998,65,2026-04-17 04:18:00,4556.18,DEBIT,Myntra,Ludhiana,False
8999,51,2026-03-17 02:03:00,2056.41,DEBIT,Amazon,Mumbai,False
9000,13,2026-04-08 00:37:00,3214.33,DEBIT,Amazon,Ludhiana,False
9001,79,2026-06-01 09:55:00,1813.61,DEBIT,Shell,Hyderabad,False
9002,34,2026-02-07 00:44:00,2853.16,DEBIT,Local Store,Pune,False
9003,49,2026-04-16 19:01:00,798.69,DEBIT,Flipkart,Delhi,False
9004,80,2026-04-09 23:09:00,451.11,DEBIT,Local Store,Pune,False
9005,55,2026-04-06 12:38:00,2191.19,CREDIT,Amazon,Bangalore,False
9006,52,2026-05-07 08:00:00,2285.79,CREDIT,Local Store,Hyderabad,False
9007,28,2026-06-18 03:15:00,5376.73,DEBIT,Flipkart,Hyderabad,False
9008,23,2026-06-22 12:30:00,3482.06,DEBIT,Uber,Mumbai,False
9009,44,2026-03-05 14:33:00,2489.09,DEBIT,Flipkart,Ludhiana,False
9010,32,2026-02-26 23:34:00,2768.67,CREDIT,Uber,Chandigarh,False
9011,22,2026-05-14 03:46:00,2775.58,DEBIT,Flipkart,Pune,False
9012,2,2026-04-26 11:43:00,1198.24,DEBIT,Shell,Mumbai,False
9013,43,2026-05-17 14:13:00,674.28,DEBIT,Myntra,Pune,False
9014,63,2026-06-11 14:02:00,3651.32,DEBIT,Flipkart,Delhi,False
9015,53,2026-06-25 19:02:00,1777.64,DEBIT,Local Store,Bangalore,False
9016,2,2026-01-15 00:00:00,3263.98,DEBIT,Myntra,Mumbai,False
9017,60,2026-05-23 01:21:00,4899.68,DEBIT,Apple,Ludhiana,False
9018,2,2026-05-10 13:20:00,2309.63,DEBIT,Apple,Bangalore,False
9019,4,2026-05-12 19:47:00,3704.32,CREDIT,Swiggy,Bangalore,False
9020,3,2026-07-10 06:26:00,3818.39,DEBIT,Apple,Ludhiana,False
9021,39,2026-07-15 18:52:00,648.45,CREDIT,Netflix,Hyderabad,False
9022,42,2026-02-18 16:51:00,2783.84,DEBIT,Uber,Hyderabad,False
9023,76,2026-04-20 05:59:00,1465.79,DEBIT,Shell,Pune,False
9024,52,2026-07-16 17:25:00,1448.69,DEBIT,Amazon,Bangalore,False
9025,69,2026-04-06 16:53:00,2092.18,DEBIT,Netflix,Bangalore,False
9026,86,2026-03-11 17:00:00,3406.82,DEBIT,Walmart,Chandigarh,False
9027,21,2026-04-06 16:02:00,3242.73,DEBIT,Flipkart,Chandigarh,False
9028,26,2026-04-02 08:49:00,2906.17,DEBIT,Myntra,Pune,False
9029,76,2026-07-12 01:57:00,5490.11,DEBIT,Shell,Pune,False
9030,78,2026-05-02 23:21:00,3532.6,DEBIT,Shell,Hyderabad,False
9031,41,2026-07-16 04:45:00,916.01,DEBIT,Shell,Hyderabad,False
9032,11,2026-01-16 17:00:00,2555.91,DEBIT,Local Store,Chandigarh,False
9033,43,2026-07-21 14:11:00,373.46,CREDIT,Myntra,Bangalore,False
9034,83,2026-03-07 18:54:00,1334.98,DEBIT,Walmart,Chandigarh,False
9035,82,2026-04-14 19:53:00,1977.45,DEBIT,Myntra,Pune,False
9036,60,2026-05-05 11:18:00,597.63,DEBIT,Flipkart,Ludhiana,False
9037,93,2026-05-31 19:14:00,3099.12,DEBIT,Apple,Hyderabad,False
9038,93,2026-06-19 19:31:00,1990.26,DEBIT,Flipkart,Bangalore,False
9039,11,2026-02-24 17:39:00,6938.14,DEBIT,Myntra,Chandigarh,False
9040,7,2026-05-06 08:23:00,5537.81,CREDIT,Swiggy,Mumbai,False
9041,50,2026-01-21 16:39:00,2334.21,DEBIT,Flipkart,Mumbai,False
9042,58,2026-01-10 15:40:00,3350.21,DEBIT,Amazon,Ludhiana,False
9043,42,2026-04-12 01:34:00,1660.98,DEBIT,Swiggy,Delhi,False
9044,52,2026-04-23 12:39:00,5454.8,DEBIT,Local Store,Hyderabad,False
9045,26,2026-07-16 03:28:00,4449.15,DEBIT,Netflix,Ludhiana,False
9046,67,2026-03-24 13:14:00,1724.29,CREDIT,Walmart,Bangalore,False
9047,75,2026-03-01 22:11:00,2066.14,DEBIT,Shell,Hyderabad,False
9048,81,2026-05-24 09:10:00,1798.97,DEBIT,Swiggy,Chandigarh,False
9049,42,2026-02-01 22:02:00,1043.19,DEBIT,Amazon,Ludhiana,False
9050,3,2026-01-31 00:14:00,596.49,CREDIT,Amazon,Delhi,False
9051,3,2026-02-02 18:44:00,1606.39,DEBIT,Myntra,Ludhiana,False
9052,2,2026-05-28 20:02:00,3417.02,DEBIT,Apple,Bangalore,False
9053,89,2026-02-22 07:11:00,2815.15,DEBIT,Myntra,Pune,False
9054,63,2026-02-23 18:46:00,1974.57,DEBIT,Local Store,Hyderabad,False
9055,38,2026-02-18 11:08:00,4924.33,DEBIT,Local Store,Delhi,False
9056,47,2026-06-16 05:00:00,5171.62,DEBIT,Flipkart,Ludhiana,False
9057,21,2026-05-24 14:06:00,6362.11,CREDIT,Walmart,Chandigarh,False
9058,22,2026-03-11 03:41:00,2065.68,DEBIT,Netflix,Ludhiana,False
9059,4,2026-01-17 04:17:00,786.98,DEBIT,Walmart,Chandigarh,False
9060,60,2026-04-23 07:47:00,2450.39,CREDIT,Swiggy,Delhi,False
9061,70,2026-02-12 15:05:00,2313.66,DEBIT,Myntra,Pune,False
9062,42,2026-03-15 14:54:00,525.3,DEBIT,Walmart,Mumbai,False
9063,27,2026-07-01 13:23:00,1959.61,DEBIT,Swiggy,Mumbai,False
9064,14,2026-01-11 20:34:00,2628.48,DEBIT,Netflix,Chandigarh,False
9065,45,2026-05-29 16:14:00,1125.02,DEBIT,Swiggy,Ludhiana,False
9066,88,2026-03-11 00:44:00,3489.26,DEBIT,Local Store,Pune,False
9067,59,2026-07-12 15:58:00,5108.45,DEBIT,Swiggy,Delhi,False
9068,21,2026-05-31 09:57:00,2372.33,DEBIT,Netflix,Bangalore,False
9069,47,2026-01-25 04:04:00,2787.51,DEBIT,Local Store,Pune,False
9070,73,2026-05-07 17:00:00,1685.58,DEBIT,Uber,Bangalore,False
9071,25,2026-01-31 13:51:00,3927.95,CREDIT,Local Store,Chandigarh,False
9072,47,2026-01-22 03:33:00,2072.96,DEBIT,Flipkart,Hyderabad,False
9073,80,2026-07-26 15:44:00,5385.29,DEBIT,Walmart,Bangalore,False
9074,41,2026-01-02 15:31:00,1114.65,CREDIT,Uber,Delhi,False
9075,82,2026-06-14 13:59:00,2472.16,DEBIT,Walmart,Mumbai,False
9076,96,2026-04-15 20:52:00,3323.98,DEBIT,Uber,Delhi,False
9077,19,2026-05-29 06:35:00,6802.17,DEBIT,Shell,Chandigarh,False
9078,78,2026-01-15 17:23:00,3407.72,DEBIT,Amazon,Ludhiana,False
9079,37,2026-05-01 13:37:00,2800.24,DEBIT,Swiggy,Pune,False
9080,67,2026-03-02 05:14:00,2545.28,DEBIT,Local Store,Delhi,False
9081,96,2026-02-02 05:23:00,3637.14,DEBIT,Amazon,Bangalore,False
9082,49,2026-02-22 06:29:00,2216.61,DEBIT,Local Store,Mumbai,False
9083,90,2026-03-25 01:19:00,69660.1,DEBIT,Amazon,Hyderabad,True
9084,49,2026-06-29 07:17:00,1091.9,DEBIT,Uber,Pune,False
9085,31,2026-03-10 09:59:00,1146.15,CREDIT,Shell,Pune,False
9086,74,2026-05-02 12:38:00,3268.82,DEBIT,Walmart,Chandigarh,False
9087,47,2026-04-22 11:20:00,4245.42,DEBIT,Shell,Mumbai,False
9088,90,2026-05-23 06:18:00,582.69,CREDIT,Uber,Chandigarh,False
9089,32,2026-04-22 18:20:00,3951.14,DEBIT,Netflix,Ludhiana,False
9090,30,2026-02-28 17:23:00,1360.67,CREDIT,Uber,Bangalore,False
9091,8,2026-03-27 18:59:00,2525.43,DEBIT,Uber,Mumbai,False
9092,1,2026-05-30 13:59:00,650.2,CREDIT,Apple,Chandigarh,False
9093,62,2026-04-29 22:58:00,2159.24,DEBIT,Apple,Delhi,False
9094,70,2026-03-19 05:17:00,1802.9,DEBIT,Local Store,Chandigarh,False
9095,14,2026-04-11 13:54:00,4515.42,CREDIT,Apple,Mumbai,False
9096,28,2026-07-16 09:22:00,584.11,CREDIT,Amazon,Hyderabad,False
9097,75,2026-05-29 20:51:00,3616.9,DEBIT,Amazon,Delhi,False
9098,94,2026-05-28 03:44:00,1619.57,DEBIT,Shell,Bangalore,False
9099,86,2026-03-01 06:12:00,2259.97,DEBIT,Flipkart,Mumbai,False
9100,60,2026-06-20 05:36:00,3016.25,DEBIT,Flipkart,Bangalore,False
9101,89,2026-03-05 20:43:00,2514.53,CREDIT,Myntra,Chandigarh,False
9102,44,2026-02-23 07:30:00,478.81,DEBIT,Flipkart,Mumbai,False
9103,91,2026-03-10 02:15:00,1588.26,DEBIT,Uber,Delhi,False
9104,55,2026-05-10 08:36:00,2510.8,DEBIT,Uber,Mumbai,False
9105,66,2026-04-15 18:22:00,5440.25,DEBIT,Uber,Pune,False
9106,3,2026-04-26 19:45:00,3591.29,DEBIT,Myntra,Chandigarh,False
9107,58,2026-03-31 08:11:00,3762.33,DEBIT,Shell,Chandigarh,False
9108,92,2026-03-25 09:22:00,5478.59,DEBIT,Walmart,Chandigarh,False
9109,44,2026-04-19 08:01:00,3766.3,DEBIT,Myntra,Chandigarh,False
9110,84,2026-06-08 04:05:00,3392.11,DEBIT,Flipkart,Ludhiana,False
9111,46,2026-04-20 05:38:00,1584.18,CREDIT,Swiggy,Hyderabad,False
9112,80,2026-07-21 18:53:00,3544.08,DEBIT,Local Store,Chandigarh,False
9113,29,2026-04-27 18:17:00,2515.6,CREDIT,Shell,Delhi,False
9114,35,2026-04-24 13:58:00,2442.52,DEBIT,Uber,Ludhiana,False
9115,68,2026-01-08 16:19:00,4762.31,DEBIT,Myntra,Bangalore,False
9116,4,2026-05-07 09:21:00,2489.48,DEBIT,Flipkart,Bangalore,False
9117,13,2026-02-14 15:29:00,980.91,DEBIT,Shell,Ludhiana,False
9118,52,2026-01-19 17:48:00,52272.09,DEBIT,Uber,Bangalore,True
9119,48,2026-07-03 01:30:00,2784.49,DEBIT,Myntra,Hyderabad,False
9120,17,2026-01-30 05:29:00,65463.46,DEBIT,Shell,Chandigarh,True
9121,65,2026-04-05 23:02:00,1919.37,DEBIT,Uber,Delhi,False
9122,50,2026-01-26 04:18:00,921.41,DEBIT,Walmart,Chandigarh,False
9123,80,2026-03-31 20:18:00,2608.54,DEBIT,Flipkart,Hyderabad,False
9124,20,2026-02-15 15:34:00,4517.93,CREDIT,Walmart,Ludhiana,False
9125,39,2026-04-01 00:47:00,4998.26,DEBIT,Uber,Chandigarh,False
9126,91,2026-06-22 12:31:00,1172.89,CREDIT,Netflix,Mumbai,False
9127,44,2026-03-07 21:05:00,3279.98,DEBIT,Netflix,Hyderabad,False
9128,5,2026-04-19 23:21:00,5590.16,DEBIT,Shell,Ludhiana,False
9129,73,2026-03-16 09:37:00,3363.16,DEBIT,Walmart,Chandigarh,False
9130,18,2026-01-21 21:42:00,3319.99,DEBIT,Apple,Hyderabad,False
9131,51,2026-05-21 15:22:00,1688.84,DEBIT,Myntra,Hyderabad,False
9132,3,2026-06-30 04:48:00,2033.5,DEBIT,Shell,Hyderabad,False
9133,27,2026-03-11 00:22:00,1893.8,DEBIT,Walmart,Ludhiana,False
9134,14,2026-05-11 17:05:00,1211.19,DEBIT,Apple,Chandigarh,False
9135,1,2026-02-07 14:54:00,3562.78,DEBIT,Netflix,Bangalore,False
9136,84,2026-05-05 12:37:00,3717.12,DEBIT,Apple,Pune,False
9137,1,2026-02-09 21:25:00,2817.29,CREDIT,Shell,Hyderabad,False
9138,88,2026-04-09 07:27:00,1891.91,DEBIT,Netflix,Chandigarh,False
9139,71,2026-03-27 03:52:00,3884.91,DEBIT,Local Store,Bangalore,False
9140,71,2026-02-18 16:45:00,4090.86,CREDIT,Amazon,Hyderabad,False
9141,57,2026-07-08 14:38:00,4878.18,DEBIT,Apple,Bangalore,False
9142,69,2026-02-28 20:13:00,1249.61,DEBIT,Myntra,Pune,False
9143,62,2026-01-20 19:09:00,4654.17,DEBIT,Swiggy,Hyderabad,False
9144,56,2026-03-06 09:14:00,3896.6,DEBIT,Myntra,Ludhiana,False
9145,25,2026-05-08 18:01:00,3781.29,CREDIT,Walmart,Pune,False
9146,76,2026-04-19 04:22:00,535.89,DEBIT,Uber,Delhi,False
9147,94,2026-06-01 10:02:00,5894.47,DEBIT,Netflix,Pune,False
9148,36,2026-06-28 09:16:00,868.06,CREDIT,Walmart,Delhi,False
9149,88,2026-05-06 22:11:00,3485.36,CREDIT,Apple,Mumbai,False
9150,30,2026-03-18 17:35:00,3147.47,DEBIT,Apple,Ludhiana,False
9151,59,2026-07-05 13:47:00,943.17,DEBIT,Netflix,Mumbai,False
9152,21,2026-03-22 12:25:00,5816.9,CREDIT,Flipkart,Delhi,False
9153,24,2026-05-25 00:18:00,5969.28,DEBIT,Local Store,Delhi,False
9154,25,2026-02-10 07:10:00,2349.82,DEBIT,Netflix,Chandigarh,False
9155,2,2026-05-02 22:59:00,2796.14,DEBIT,Uber,Mumbai,False
9156,24,2026-02-28 07:28:00,2639.13,CREDIT,Amazon,Delhi,False
9157,94,2026-02-18 08:57:00,1657.06,CREDIT,Amazon,Mumbai,False
9158,29,2026-03-18 18:06:00,3090.34,DEBIT,Shell,Bangalore,False
9159,48,2026-01-20 18:45:00,5242.5,DEBIT,Uber,Delhi,False
9160,41,2026-07-17 17:08:00,2800.94,DEBIT,Netflix,Chandigarh,False
9161,49,2026-05-04 08:43:00,2184.53,DEBIT,Shell,Chandigarh,False
9162,94,2026-01-26 19:33:00,4664.17,DEBIT,Local Store,Ludhiana,False
9163,62,2026-03-22 01:06:00,3955.18,DEBIT,Apple,Bangalore,False
9164,41,2026-02-28 20:10:00,2465.2,DEBIT,Local Store,Chandigarh,False
9165,64,2026-02-26 20:35:00,2143.09,DEBIT,Shell,Mumbai,False
9166,12,2026-05-24 09:54:00,2797.39,DEBIT,Walmart,Chandigarh,False
9167,54,2026-01-13 15:06:00,2318.96,CREDIT,Local Store,Delhi,False
9168,13,2026-05-19 00:49:00,2453.28,DEBIT,Shell,Mumbai,False
9169,38,2026-04-05 08:31:00,3141.16,DEBIT,Local Store,Delhi,False
9170,10,2026-04-05 21:38:00,4687.09,CREDIT,Amazon,Hyderabad,False
9171,55,2026-03-08 01:57:00,2090.16,DEBIT,Swiggy,Chandigarh,False
9172,88,2026-04-10 13:57:00,4361.37,DEBIT,Local Store,Delhi,False
9173,59,2026-04-05 22:02:00,2141.17,DEBIT,Flipkart,Chandigarh,False
9174,22,2026-04-20 22:43:00,4676.33,DEBIT,Local Store,Bangalore,False
9175,55,2026-03-19 18:58:00,5589.06,DEBIT,Amazon,Ludhiana,False
9176,39,2026-07-26 15:30:00,3342.69,DEBIT,Swiggy,Chandigarh,False
9177,53,2026-03-03 02:01:00,5681.07,DEBIT,Apple,Ludhiana,False
9178,71,2026-04-19 16:36:00,2367.74,DEBIT,Apple,Delhi,False
9179,40,2026-03-16 12:36:00,2540.81,DEBIT,Shell,Ludhiana,False
9180,20,2026-02-06 17:52:00,1175.44,DEBIT,Apple,Pune,False
9181,77,2026-02-28 02:14:00,1249.53,DEBIT,Local Store,Delhi,False
9182,67,2026-01-30 05:22:00,4840.0,DEBIT,Swiggy,Pune,False
9183,85,2026-06-13 02:48:00,2294.44,CREDIT,Shell,Chandigarh,False
9184,68,2026-01-02 04:22:00,4918.05,DEBIT,Myntra,Delhi,False
9185,69,2026-02-11 17:44:00,1142.62,DEBIT,Shell,Mumbai,False
9186,51,2026-01-30 21:31:00,4660.03,DEBIT,Shell,Pune,False
9187,98,2026-07-28 01:44:00,2900.83,DEBIT,Shell,Pune,False
9188,60,2026-05-08 16:49:00,1779.99,CREDIT,Apple,Delhi,False
9189,74,2026-07-14 11:58:00,906.08,DEBIT,Flipkart,Pune,False
9190,16,2026-04-16 02:19:00,2596.19,CREDIT,Uber,Chandigarh,False
9191,11,2026-05-11 07:09:00,2225.42,DEBIT,Walmart,Mumbai,False
9192,22,2026-07-02 13:44:00,3459.33,DEBIT,Local Store,Pune,False
9193,100,2026-03-27 21:18:00,4423.68,DEBIT,Flipkart,Chandigarh,False
9194,88,2026-07-22 15:20:00,1655.59,CREDIT,Local Store,Delhi,False
9195,5,2026-05-27 08:53:00,505.94,DEBIT,Amazon,Hyderabad,False
9196,98,2026-02-24 20:48:00,768.93,CREDIT,Shell,Pune,False
9197,46,2026-06-16 14:17:00,1360.77,CREDIT,Uber,Chandigarh,False
9198,100,2026-05-02 22:48:00,3228.26,DEBIT,Amazon,Ludhiana,False
9199,10,2026-05-13 04:41:00,51581.14,DEBIT,Amazon,Mumbai,True
9200,88,2026-03-19 12:34:00,2791.46,DEBIT,Flipkart,Bangalore,False
9201,86,2026-07-12 07:49:00,778.48,DEBIT,Uber,Mumbai,False
9202,47,2026-07-13 23:39:00,2534.16,DEBIT,Shell,Chandigarh,False
9203,51,2026-04-13 21:12:00,3995.24,CREDIT,Shell,Pune,False
9204,37,2026-02-24 02:37:00,618.31,DEBIT,Netflix,Bangalore,False
9205,73,2026-07-01 22:55:00,1518.22,DEBIT,Amazon,Pune,False
9206,51,2026-05-02 15:13:00,1654.82,DEBIT,Uber,Chandigarh,False
9207,35,2026-07-08 16:43:00,3934.02,DEBIT,Shell,Chandigarh,False
9208,8,2026-06-07 10:49:00,2810.06,DEBIT,Uber,Hyderabad,False
9209,80,2026-06-29 10:54:00,2108.53,DEBIT,Amazon,Pune,False
9210,7,2026-02-12 21:52:00,3070.87,DEBIT,Apple,Chandigarh,False
9211,74,2026-05-09 07:52:00,921.99,CREDIT,Swiggy,Pune,False
9212,6,2026-07-03 03:49:00,982.2,CREDIT,Flipkart,Ludhiana,False
9213,98,2026-03-26 00:54:00,2991.47,DEBIT,Uber,Bangalore,False
9214,80,2026-03-20 09:57:00,2440.36,DEBIT,Local Store,Mumbai,False
9215,6,2026-07-25 00:49:00,1404.48,DEBIT,Netflix,Mumbai,False
9216,49,2026-07-17 05:54:00,4030.48,DEBIT,Swiggy,Delhi,False
9217,81,2026-02-18 05:32:00,1449.97,CREDIT,Netflix,Hyderabad,False
9218,51,2026-07-10 23:00:00,3301.23,DEBIT,Amazon,Pune,False
9219,28,2026-07-18 05:53:00,1750.78,DEBIT,Amazon,Chandigarh,False
9220,37,2026-02-23 08:54:00,5111.53,CREDIT,Amazon,Bangalore,False
9221,53,2026-05-21 08:19:00,1816.0,DEBIT,Netflix,Chandigarh,False
9222,25,2026-02-11 06:31:00,5836.16,DEBIT,Netflix,Ludhiana,False
9223,19,2026-01-22 03:50:00,4875.39,DEBIT,Apple,Hyderabad,False
9224,24,2026-07-27 19:08:00,484.83,DEBIT,Shell,Hyderabad,False
9225,24,2026-03-20 05:54:00,4109.95,DEBIT,Myntra,Pune,False
9226,6,2026-03-26 09:03:00,5976.41,DEBIT,Netflix,Bangalore,False
9227,99,2026-06-29 23:26:00,2169.24,DEBIT,Myntra,Pune,False
9228,95,2026-03-07 01:44:00,1162.77,DEBIT,Local Store,Mumbai,False
9229,76,2026-01-25 17:33:00,3178.86,CREDIT,Netflix,Mumbai,False
9230,57,2026-06-22 16:29:00,429.9,DEBIT,Apple,Pune,False
9231,1,2026-06-22 00:46:00,3691.31,DEBIT,Apple,Ludhiana,False
9232,82,2026-03-24 05:31:00,808.69,CREDIT,Local Store,Mumbai,False
9233,69,2026-04-24 15:33:00,1303.96,DEBIT,Local Store,Mumbai,False
9234,70,2026-07-24 05:47:00,3492.13,CREDIT,Netflix,Delhi,False
9235,31,2026-04-01 22:17:00,2521.39,DEBIT,Shell,Mumbai,False
9236,31,2026-03-14 08:29:00,2936.57,DEBIT,Swiggy,Delhi,False
9237,39,2026-04-16 01:23:00,4752.28,DEBIT,Flipkart,Chandigarh,False
9238,12,2026-07-04 09:33:00,48315.62,DEBIT,Walmart,Ludhiana,True
9239,15,2026-04-16 00:34:00,4719.22,DEBIT,Uber,Hyderabad,False
9240,75,2026-01-24 02:48:00,1367.57,CREDIT,Local Store,Chandigarh,False
9241,96,2026-07-10 06:45:00,2439.54,DEBIT,Local Store,Mumbai,False
9242,83,2026-01-15 02:44:00,1741.45,DEBIT,Shell,Ludhiana,False
9243,67,2026-02-21 13:56:00,4495.83,DEBIT,Myntra,Bangalore,False
9244,95,2026-01-13 14:29:00,2131.67,DEBIT,Walmart,Ludhiana,False
9245,98,2026-04-22 18:58:00,2292.42,DEBIT,Apple,Bangalore,False
9246,20,2026-02-20 11:38:00,2450.41,DEBIT,Apple,Ludhiana,False
9247,98,2026-06-23 03:23:00,2042.85,DEBIT,Myntra,Delhi,False
9248,20,2026-03-11 02:35:00,1063.1,DEBIT,Walmart,Delhi,False
9249,78,2026-01-04 20:38:00,726.33,CREDIT,Apple,Pune,False
9250,31,2026-03-05 16:48:00,3959.64,DEBIT,Netflix,Bangalore,False
9251,12,2026-02-22 13:15:00,625.22,CREDIT,Flipkart,Delhi,False
9252,42,2026-02-08 17:36:00,2766.47,DEBIT,Amazon,Chandigarh,False
9253,98,2026-07-19 13:56:00,1343.95,CREDIT,Myntra,Hyderabad,False
9254,60,2026-07-16 14:34:00,3331.3,CREDIT,Local Store,Chandigarh,False
9255,12,2026-03-10 01:46:00,4746.46,DEBIT,Local Store,Chandigarh,False
9256,17,2026-03-03 22:43:00,3162.5,DEBIT,Local Store,Chandigarh,False
9257,47,2026-04-23 08:33:00,3650.19,CREDIT,Walmart,Delhi,False
9258,93,2026-02-24 15:07:00,611.44,DEBIT,Flipkart,Ludhiana,False
9259,82,2026-05-31 13:49:00,1592.27,DEBIT,Shell,Mumbai,False
9260,42,2026-02-25 08:05:00,4837.63,DEBIT,Shell,Ludhiana,False
9261,4,2026-05-13 18:46:00,3938.57,CREDIT,Apple,Chandigarh,False
9262,73,2026-07-04 05:22:00,918.13,CREDIT,Apple,Pune,False
9263,83,2026-01-06 05:33:00,1446.96,DEBIT,Apple,Mumbai,False
9264,7,2026-01-08 22:59:00,7532.31,DEBIT,Shell,Hyderabad,False
9265,57,2026-03-23 16:24:00,3310.37,DEBIT,Uber,Mumbai,False
9266,96,2026-02-12 02:39:00,2274.71,DEBIT,Netflix,Mumbai,False
9267,87,2026-01-27 21:47:00,1255.95,DEBIT,Amazon,Mumbai,False
9268,62,2026-02-21 16:25:00,3763.05,DEBIT,Netflix,Hyderabad,False
9269,28,2026-01-09 13:11:00,2206.23,CREDIT,Swiggy,Mumbai,False
9270,60,2026-05-15 17:13:00,2222.15,DEBIT,Myntra,Delhi,False
9271,66,2026-05-24 03:27:00,5749.98,DEBIT,Amazon,Bangalore,False
9272,13,2026-05-05 09:45:00,1730.36,DEBIT,Apple,Mumbai,False
9273,92,2026-07-03 03:16:00,2495.35,DEBIT,Local Store,Mumbai,False
9274,40,2026-06-14 18:58:00,3316.84,DEBIT,Apple,Pune,False
9275,54,2026-04-10 02:45:00,3226.77,DEBIT,Amazon,Mumbai,False
9276,6,2026-05-04 09:28:00,2929.22,CREDIT,Shell,Hyderabad,False
9277,11,2026-05-05 22:49:00,2225.85,DEBIT,Amazon,Hyderabad,False
9278,56,2026-07-14 22:12:00,1310.17,DEBIT,Amazon,Pune,False
9279,96,2026-04-02 13:23:00,2285.8,CREDIT,Netflix,Chandigarh,False
9280,26,2026-03-16 12:33:00,1262.32,DEBIT,Shell,Chandigarh,False
9281,95,2026-01-22 14:06:00,3701.38,DEBIT,Uber,Mumbai,False
9282,2,2026-03-11 04:10:00,4057.02,DEBIT,Shell,Pune,False
9283,39,2026-02-25 16:45:00,5298.06,DEBIT,Myntra,Ludhiana,False
9284,48,2026-04-12 22:33:00,708.55,CREDIT,Swiggy,Bangalore,False
9285,10,2026-04-03 20:19:00,2339.71,DEBIT,Swiggy,Delhi,False
9286,81,2026-04-07 14:45:00,665.37,DEBIT,Amazon,Pune,False
9287,59,2026-06-13 17:39:00,2589.69,DEBIT,Myntra,Hyderabad,False
9288,10,2026-01-22 19:28:00,4077.34,DEBIT,Walmart,Pune,False
9289,4,2026-06-10 16:00:00,3206.33,DEBIT,Netflix,Bangalore,False
9290,78,2026-03-05 18:03:00,3141.77,DEBIT,Walmart,Bangalore,False
9291,47,2026-04-27 16:12:00,1548.13,CREDIT,Netflix,Delhi,False
9292,64,2026-07-18 21:45:00,2530.53,DEBIT,Swiggy,Delhi,False
9293,24,2026-01-18 03:09:00,7118.82,CREDIT,Amazon,Mumbai,False
9294,41,2026-05-02 15:32:00,5519.24,DEBIT,Shell,Delhi,False
9295,69,2026-06-22 04:40:00,1638.43,DEBIT,Apple,Delhi,False
9296,86,2026-06-27 18:32:00,2939.61,DEBIT,Shell,Pune,False
9297,34,2026-01-14 20:22:00,5290.81,DEBIT,Uber,Hyderabad,False
9298,56,2026-04-20 19:13:00,1676.4,DEBIT,Local Store,Mumbai,False
9299,69,2026-04-12 09:00:00,3425.26,DEBIT,Apple,Chandigarh,False
9300,60,2026-06-26 13:17:00,4236.22,CREDIT,Local Store,Chandigarh,False
9301,79,2026-02-24 20:57:00,4802.95,DEBIT,Amazon,Bangalore,False
9302,48,2026-05-14 13:24:00,2326.24,CREDIT,Myntra,Delhi,False
9303,33,2026-01-05 01:03:00,4610.46,DEBIT,Apple,Mumbai,False
9304,33,2026-05-12 16:17:00,2910.32,DEBIT,Local Store,Ludhiana,False
9305,66,2026-03-22 06:40:00,3768.85,DEBIT,Netflix,Pune,False
9306,64,2026-04-06 19:31:00,3294.08,DEBIT,Amazon,Mumbai,False
9307,78,2026-01-03 16:50:00,642.51,DEBIT,Netflix,Ludhiana,False
9308,12,2026-01-05 12:54:00,807.93,DEBIT,Myntra,Bangalore,False
9309,48,2026-06-01 13:48:00,2761.5,DEBIT,Netflix,Bangalore,False
9310,65,2026-04-15 20:00:00,2040.57,DEBIT,Netflix,Delhi,False
9311,43,2026-06-24 07:31:00,2215.93,DEBIT,Flipkart,Bangalore,False
9312,3,2026-03-25 10:45:00,3019.9,DEBIT,Shell,Mumbai,False
9313,68,2026-06-16 10:49:00,1577.8,DEBIT,Walmart,Ludhiana,False
9314,42,2026-01-11 12:03:00,2850.47,DEBIT,Myntra,Mumbai,False
9315,19,2026-04-18 02:55:00,5402.45,DEBIT,Uber,Ludhiana,False
9316,40,2026-05-31 18:30:00,2873.81,DEBIT,Netflix,Hyderabad,False
9317,81,2026-03-18 04:42:00,3900.9,DEBIT,Uber,Mumbai,False
9318,68,2026-02-16 04:06:00,1038.99,DEBIT,Myntra,Delhi,False
9319,40,2026-04-17 11:55:00,3358.12,DEBIT,Amazon,Mumbai,False
9320,49,2026-03-07 17:43:00,3161.25,DEBIT,Apple,Bangalore,False
9321,72,2026-01-11 14:32:00,5616.26,DEBIT,Shell,Delhi,False
9322,65,2026-07-15 06:40:00,2815.73,DEBIT,Amazon,Hyderabad,False
9323,42,2026-07-10 01:00:00,4028.38,DEBIT,Uber,Chandigarh,False
9324,29,2026-04-08 01:20:00,2195.2,CREDIT,Local Store,Delhi,False
9325,76,2026-01-25 00:35:00,2579.81,DEBIT,Netflix,Hyderabad,False
9326,19,2026-02-24 12:51:00,1385.17,DEBIT,Walmart,Pune,False
9327,37,2026-03-10 20:41:00,5565.96,DEBIT,Netflix,Chandigarh,False
9328,8,2026-04-28 06:20:00,1383.07,CREDIT,Flipkart,Hyderabad,False
9329,97,2026-04-07 12:51:00,4064.04,DEBIT,Walmart,Hyderabad,False
9330,83,2026-02-10 07:45:00,2778.05,CREDIT,Shell,Delhi,False
9331,96,2026-03-10 15:08:00,2521.75,CREDIT,Local Store,Hyderabad,False
9332,55,2026-05-14 03:16:00,2681.57,DEBIT,Walmart,Pune,False
9333,34,2026-06-13 00:53:00,1390.24,CREDIT,Apple,Bangalore,False
9334,85,2026-05-08 01:22:00,2537.5,DEBIT,Local Store,Pune,False
9335,97,2026-03-11 06:58:00,3370.92,DEBIT,Netflix,Chandigarh,False
9336,89,2026-03-15 06:07:00,4085.7,DEBIT,Flipkart,Hyderabad,False
9337,30,2026-07-01 16:44:00,2968.54,DEBIT,Amazon,Pune,False
9338,8,2026-03-17 01:08:00,3844.42,DEBIT,Amazon,Bangalore,False
9339,22,2026-02-24 07:46:00,5659.74,DEBIT,Netflix,Delhi,False
9340,7,2026-04-27 10:26:00,811.15,DEBIT,Myntra,Bangalore,False
9341,62,2026-03-24 22:58:00,1616.58,DEBIT,Flipkart,Mumbai,False
9342,13,2026-04-19 10:57:00,2671.64,DEBIT,Amazon,Mumbai,False
9343,65,2026-03-16 02:28:00,3629.21,DEBIT,Apple,Ludhiana,False
9344,89,2026-06-23 02:34:00,2620.59,DEBIT,Local Store,Mumbai,False
9345,47,2026-03-01 15:32:00,1303.16,CREDIT,Walmart,Pune,False
9346,42,2026-06-01 17:37:00,928.25,DEBIT,Uber,Hyderabad,False
9347,53,2026-02-27 12:32:00,3224.01,DEBIT,Swiggy,Pune,False
9348,62,2026-01-24 18:41:00,892.45,DEBIT,Local Store,Delhi,False
9349,53,2026-06-16 14:29:00,2437.12,DEBIT,Myntra,Bangalore,False
9350,76,2026-04-07 14:34:00,2505.16,DEBIT,Myntra,Chandigarh,False
9351,95,2026-06-11 01:56:00,1336.0,CREDIT,Swiggy,Ludhiana,False
9352,59,2026-02-20 02:41:00,2466.99,DEBIT,Myntra,Chandigarh,False
9353,20,2026-01-19 04:56:00,3871.02,DEBIT,Swiggy,Mumbai,False
9354,5,2026-07-13 04:50:00,891.96,DEBIT,Uber,Mumbai,False
9355,91,2026-01-28 18:05:00,1552.09,DEBIT,Myntra,Ludhiana,False
9356,63,2026-05-13 21:18:00,2340.11,DEBIT,Swiggy,Mumbai,False
9357,80,2026-02-07 16:21:00,1965.36,DEBIT,Swiggy,Mumbai,False
9358,50,2026-07-11 11:49:00,4697.22,CREDIT,Myntra,Chandigarh,False
9359,29,2026-06-18 07:18:00,1444.1,DEBIT,Netflix,Bangalore,False
9360,39,2026-05-05 22:44:00,1977.7,DEBIT,Amazon,Delhi,False
9361,80,2026-03-01 14:22:00,1560.12,CREDIT,Local Store,Mumbai,False
9362,83,2026-02-06 02:36:00,1995.61,CREDIT,Swiggy,Hyderabad,False
9363,53,2026-01-15 18:32:00,5818.92,DEBIT,Shell,Chandigarh,False
9364,74,2026-05-24 08:03:00,3535.23,DEBIT,Shell,Chandigarh,False
9365,30,2026-06-05 17:05:00,4435.81,DEBIT,Netflix,Ludhiana,False
9366,49,2026-02-16 15:13:00,1623.23,CREDIT,Myntra,Mumbai,False
9367,52,2026-04-04 12:14:00,589.66,DEBIT,Amazon,Pune,False
9368,72,2026-07-05 19:38:00,1278.09,DEBIT,Netflix,Hyderabad,False
9369,65,2026-07-18 01:50:00,3780.14,CREDIT,Uber,Delhi,False
9370,83,2026-07-01 01:17:00,3028.3,DEBIT,Myntra,Hyderabad,False
9371,83,2026-05-27 08:38:00,3606.49,DEBIT,Walmart,Ludhiana,False
9372,23,2026-05-31 19:24:00,1450.2,DEBIT,Swiggy,Bangalore,False
9373,6,2026-07-24 06:00:00,4402.83,CREDIT,Amazon,Mumbai,False
9374,22,2026-04-20 13:16:00,4544.48,DEBIT,Apple,Hyderabad,False
9375,50,2026-05-11 20:31:00,3071.82,DEBIT,Shell,Chandigarh,False
9376,51,2026-05-27 21:10:00,2237.37,DEBIT,Flipkart,Chandigarh,False
9377,7,2026-07-27 20:29:00,2010.61,DEBIT,Uber,Mumbai,False
9378,87,2026-02-13 02:39:00,5482.63,DEBIT,Uber,Hyderabad,False
9379,51,2026-01-18 18:41:00,54717.34,DEBIT,Shell,Chandigarh,True
9380,57,2026-06-11 17:49:00,5474.05,DEBIT,Netflix,Hyderabad,False
9381,41,2026-06-16 09:27:00,4858.28,DEBIT,Amazon,Pune,False
9382,42,2026-02-18 13:45:00,1533.03,DEBIT,Swiggy,Bangalore,False
9383,50,2026-04-02 11:05:00,4010.77,DEBIT,Myntra,Delhi,False
9384,65,2026-06-06 08:17:00,2215.09,CREDIT,Swiggy,Ludhiana,False
9385,6,2026-01-11 11:05:00,2948.25,CREDIT,Walmart,Chandigarh,False
9386,73,2026-01-17 22:09:00,2398.02,DEBIT,Amazon,Mumbai,False
9387,21,2026-04-23 02:57:00,498.27,DEBIT,Uber,Mumbai,False
9388,66,2026-04-27 08:29:00,1060.03,DEBIT,Uber,Mumbai,False
9389,4,2026-05-27 03:39:00,5224.52,CREDIT,Uber,Pune,False
9390,81,2026-01-09 10:37:00,1447.83,DEBIT,Uber,Bangalore,False
9391,34,2026-01-30 00:36:00,4824.96,DEBIT,Netflix,Ludhiana,False
9392,52,2026-04-30 21:50:00,1907.82,DEBIT,Flipkart,Delhi,False
9393,57,2026-06-03 13:52:00,3323.39,DEBIT,Apple,Hyderabad,False
9394,78,2026-03-06 08:30:00,6431.14,DEBIT,Swiggy,Mumbai,False
9395,66,2026-02-25 13:30:00,5081.58,CREDIT,Amazon,Pune,False
9396,85,2026-02-06 03:57:00,2922.99,DEBIT,Apple,Pune,False
9397,26,2026-07-05 18:11:00,3588.73,CREDIT,Shell,Bangalore,False
9398,68,2026-01-15 05:35:00,3464.95,DEBIT,Local Store,Pune,False
9399,75,2026-07-19 05:13:00,5550.68,DEBIT,Walmart,Ludhiana,False
9400,73,2026-06-21 23:59:00,1127.32,CREDIT,Walmart,Delhi,False
9401,34,2026-06-03 17:21:00,2060.34,DEBIT,Apple,Chandigarh,False
9402,70,2026-05-21 04:08:00,4998.65,DEBIT,Shell,Ludhiana,False
9403,60,2026-02-21 18:54:00,2660.53,DEBIT,Myntra,Hyderabad,False
9404,62,2026-03-11 13:51:00,3235.22,DEBIT,Shell,Pune,False
9405,64,2026-05-05 02:34:00,1882.69,CREDIT,Netflix,Pune,False
9406,98,2026-06-14 09:29:00,1156.41,DEBIT,Amazon,Mumbai,False
9407,73,2026-03-26 11:26:00,2263.65,DEBIT,Shell,Delhi,False
9408,4,2026-03-12 12:34:00,1799.19,DEBIT,Uber,Pune,False
9409,100,2026-04-24 17:58:00,3448.08,DEBIT,Apple,Delhi,False
9410,2,2026-03-16 17:26:00,2702.79,CREDIT,Uber,Delhi,False
9411,5,2026-05-13 15:02:00,3956.61,CREDIT,Shell,Chandigarh,False
9412,23,2026-03-23 06:20:00,2333.42,DEBIT,Apple,Ludhiana,False
9413,63,2026-02-03 22:54:00,2407.59,DEBIT,Walmart,Bangalore,False
9414,57,2026-04-25 15:09:00,2926.36,DEBIT,Myntra,Mumbai,False
9415,22,2026-06-02 19:53:00,4766.73,DEBIT,Walmart,Chandigarh,False
9416,25,2026-03-24 07:56:00,5172.81,DEBIT,Uber,Delhi,False
9417,94,2026-05-26 02:12:00,2711.02,CREDIT,Walmart,Chandigarh,False
9418,36,2026-03-16 09:11:00,672.67,DEBIT,Amazon,Delhi,False
9419,99,2026-06-13 10:57:00,913.54,DEBIT,Uber,Chandigarh,False
9420,27,2026-06-28 13:06:00,2556.37,DEBIT,Flipkart,Bangalore,False
9421,15,2026-01-03 00:49:00,1577.44,DEBIT,Walmart,Hyderabad,False
9422,41,2026-07-20 18:50:00,3539.05,CREDIT,Local Store,Mumbai,False
9423,17,2026-03-23 17:42:00,3582.57,DEBIT,Netflix,Chandigarh,False
9424,4,2026-01-16 02:48:00,2161.51,DEBIT,Netflix,Pune,False
9425,66,2026-01-13 16:46:00,2692.77,DEBIT,Swiggy,Mumbai,False
9426,65,2026-05-02 23:05:00,2597.27,CREDIT,Walmart,Mumbai,False
9427,74,2026-02-23 02:51:00,2594.23,DEBIT,Shell,Pune,False
9428,43,2026-03-30 02:43:00,2360.66,DEBIT,Walmart,Chandigarh,False
9429,6,2026-04-18 17:54:00,3981.12,DEBIT,Shell,Chandigarh,False
9430,54,2026-05-23 17:33:00,4992.06,DEBIT,Walmart,Mumbai,False
9431,68,2026-05-07 22:09:00,6776.8,DEBIT,Flipkart,Hyderabad,False
9432,100,2026-01-13 23:10:00,1176.15,DEBIT,Local Store,Hyderabad,False
9433,43,2026-05-23 05:26:00,1313.77,DEBIT,Myntra,Pune,False
9434,71,2026-02-08 01:36:00,3840.99,DEBIT,Netflix,Bangalore,False
9435,10,2026-07-15 07:07:00,1136.46,DEBIT,Shell,Delhi,False
9436,2,2026-07-20 14:19:00,1639.79,CREDIT,Flipkart,Pune,False
9437,24,2026-04-16 14:07:00,1378.4,CREDIT,Flipkart,Delhi,False
9438,65,2026-07-08 11:23:00,1662.2,DEBIT,Flipkart,Ludhiana,False
9439,66,2026-01-16 23:34:00,6836.06,CREDIT,Swiggy,Ludhiana,False
9440,7,2026-07-19 18:13:00,1532.14,DEBIT,Myntra,Ludhiana,False
9441,68,2026-07-18 07:49:00,2173.29,DEBIT,Apple,Hyderabad,False
9442,36,2026-02-23 04:18:00,3428.55,DEBIT,Swiggy,Ludhiana,False
9443,97,2026-05-06 17:56:00,3680.68,DEBIT,Uber,Delhi,False
9444,73,2026-03-10 04:52:00,2573.06,DEBIT,Amazon,Hyderabad,False
9445,99,2026-07-03 02:57:00,2515.16,CREDIT,Walmart,Bangalore,False
9446,30,2026-03-22 05:58:00,590.32,CREDIT,Netflix,Mumbai,False
9447,50,2026-06-29 13:30:00,3736.13,DEBIT,Local Store,Mumbai,False
9448,46,2026-02-22 12:07:00,1583.33,DEBIT,Myntra,Ludhiana,False
9449,81,2026-02-20 22:29:00,1005.36,CREDIT,Flipkart,Ludhiana,False
9450,97,2026-01-07 07:50:00,3744.36,CREDIT,Apple,Hyderabad,False
9451,11,2026-02-10 19:22:00,2027.33,DEBIT,Walmart,Pune,False
9452,98,2026-04-09 20:54:00,4316.62,DEBIT,Apple,Pune,False
9453,66,2026-01-27 15:29:00,5341.2,CREDIT,Amazon,Pune,False
9454,89,2026-02-04 01:58:00,847.12,CREDIT,Amazon,Chandigarh,False
9455,14,2026-06-28 07:16:00,1008.01,CREDIT,Netflix,Delhi,False
9456,80,2026-02-04 17:02:00,3496.05,DEBIT,Apple,Pune,False
9457,51,2026-01-15 11:07:00,605.25,DEBIT,Netflix,Pune,False
9458,23,2026-01-04 06:59:00,6017.62,CREDIT,Apple,Bangalore,False
9459,3,2026-03-16 17:23:00,1234.27,CREDIT,Apple,Mumbai,False
9460,52,2026-01-12 21:11:00,929.95,DEBIT,Walmart,Mumbai,False
9461,77,2026-06-08 06:59:00,593.38,DEBIT,Shell,Hyderabad,False
9462,55,2026-05-20 14:15:00,3759.63,DEBIT,Apple,Chandigarh,False
9463,79,2026-03-30 03:18:00,5692.21,DEBIT,Netflix,Hyderabad,False
9464,20,2026-02-04 10:41:00,398.43,DEBIT,Swiggy,Ludhiana,False
9465,46,2026-01-01 14:40:00,1899.22,DEBIT,Shell,Chandigarh,False
9466,5,2026-02-11 03:38:00,516.56,DEBIT,Shell,Chandigarh,False
9467,8,2026-02-17 02:42:00,3711.79,CREDIT,Apple,Hyderabad,False
9468,50,2026-02-02 11:01:00,1872.66,CREDIT,Apple,Pune,False
9469,50,2026-03-05 23:44:00,1707.32,CREDIT,Netflix,Mumbai,False
9470,100,2026-05-30 14:34:00,1780.03,DEBIT,Local Store,Chandigarh,False
9471,81,2026-06-28 15:09:00,5132.56,DEBIT,Netflix,Mumbai,False
9472,32,2026-03-01 23:00:00,2552.74,DEBIT,Local Store,Mumbai,False
9473,84,2026-05-24 05:50:00,913.57,DEBIT,Walmart,Ludhiana,False
9474,52,2026-05-28 03:56:00,4342.97,DEBIT,Amazon,Bangalore,False
9475,51,2026-05-16 01:06:00,4618.34,DEBIT,Amazon,Bangalore,False
9476,93,2026-07-10 17:24:00,2593.5,DEBIT,Uber,Chandigarh,False
9477,11,2026-04-11 16:18:00,5981.79,DEBIT,Netflix,Pune,False
9478,98,2026-02-26 20:24:00,2080.46,CREDIT,Flipkart,Ludhiana,False
9479,7,2026-04-09 08:42:00,1468.37,DEBIT,Myntra,Chandigarh,False
9480,7,2026-04-19 06:00:00,1637.33,DEBIT,Uber,Bangalore,False
9481,14,2026-06-03 19:00:00,1634.97,DEBIT,Walmart,Hyderabad,False
9482,51,2026-03-31 15:59:00,565.2,DEBIT,Amazon,Pune,False
9483,4,2026-01-04 17:18:00,2020.16,CREDIT,Flipkart,Hyderabad,False
9484,92,2026-06-25 00:05:00,2226.56,CREDIT,Shell,Mumbai,False
9485,60,2026-03-23 15:37:00,1215.29,DEBIT,Myntra,Chandigarh,False
9486,94,2026-04-22 02:15:00,3497.23,CREDIT,Uber,Bangalore,False
9487,22,2026-07-16 04:12:00,2283.45,DEBIT,Myntra,Pune,False
9488,53,2026-02-08 14:04:00,5374.64,CREDIT,Uber,Hyderabad,False
9489,95,2026-07-21 14:22:00,2477.84,DEBIT,Myntra,Chandigarh,False
9490,78,2026-07-03 20:51:00,3212.91,CREDIT,Walmart,Ludhiana,False
9491,40,2026-06-16 18:58:00,4997.26,DEBIT,Flipkart,Chandigarh,False
9492,12,2026-01-14 09:42:00,4095.57,DEBIT,Shell,Chandigarh,False
9493,61,2026-05-23 23:57:00,4608.5,DEBIT,Shell,Bangalore,False
9494,67,2026-02-28 03:37:00,990.86,DEBIT,Apple,Chandigarh,False
9495,10,2026-07-14 22:58:00,2737.75,DEBIT,Swiggy,Bangalore,False
9496,9,2026-04-06 16:41:00,6381.55,DEBIT,Walmart,Bangalore,False
9497,17,2026-04-20 00:03:00,2654.63,CREDIT,Myntra,Hyderabad,False
9498,62,2026-05-17 15:39:00,378.52,DEBIT,Uber,Delhi,False
9499,96,2026-01-12 00:51:00,1198.5,DEBIT,Swiggy,Bangalore,False
9500,99,2026-03-17 21:12:00,1988.59,DEBIT,Myntra,Ludhiana,False
9501,76,2026-04-18 06:27:00,1784.34,DEBIT,Netflix,Bangalore,False
9502,84,2026-01-07 23:12:00,5105.55,DEBIT,Apple,Bangalore,False
9503,70,2026-05-13 11:41:00,4374.11,DEBIT,Uber,Bangalore,False
9504,7,2026-04-12 01:18:00,1698.42,DEBIT,Flipkart,Hyderabad,False
9505,12,2026-05-29 08:09:00,5346.2,DEBIT,Amazon,Bangalore,False
9506,72,2026-07-27 01:58:00,2448.54,DEBIT,Uber,Pune,False
9507,34,2026-07-11 16:55:00,1113.17,DEBIT,Shell,Mumbai,False
9508,21,2026-06-28 01:56:00,863.31,DEBIT,Amazon,Mumbai,False
9509,15,2026-01-16 18:39:00,747.21,CREDIT,Uber,Hyderabad,False
9510,69,2026-03-08 05:51:00,3026.93,CREDIT,Shell,Hyderabad,False
9511,12,2026-06-08 04:43:00,1243.43,DEBIT,Local Store,Pune,False
9512,13,2026-02-10 04:35:00,4180.73,DEBIT,Flipkart,Bangalore,False
9513,87,2026-01-26 02:26:00,3075.98,CREDIT,Flipkart,Mumbai,False
9514,72,2026-05-22 11:49:00,571.02,CREDIT,Apple,Bangalore,False
9515,76,2026-04-18 04:56:00,1109.65,DEBIT,Uber,Chandigarh,False
9516,60,2026-05-05 05:10:00,3089.22,CREDIT,Swiggy,Chandigarh,False
9517,94,2026-05-26 06:04:00,6760.71,CREDIT,Shell,Pune,False
9518,10,2026-05-20 09:44:00,5284.69,CREDIT,Apple,Pune,False
9519,8,2026-01-28 17:19:00,1114.8,DEBIT,Myntra,Ludhiana,False
9520,21,2026-02-04 22:14:00,3419.05,DEBIT,Apple,Pune,False
9521,81,2026-01-11 08:53:00,3161.4,DEBIT,Uber,Chandigarh,False
9522,77,2026-02-18 17:35:00,2802.02,DEBIT,Myntra,Mumbai,False
9523,2,2026-04-21 23:13:00,707.98,DEBIT,Swiggy,Hyderabad,False
9524,48,2026-02-08 11:35:00,3343.44,CREDIT,Myntra,Bangalore,False
9525,48,2026-07-15 00:08:00,2989.73,DEBIT,Apple,Mumbai,False
9526,71,2026-04-21 10:29:00,3137.46,DEBIT,Netflix,Pune,False
9527,72,2026-04-21 13:24:00,459.32,DEBIT,Flipkart,Chandigarh,False
9528,74,2026-07-01 06:41:00,34355.82,DEBIT,Amazon,Ludhiana,True
9529,9,2026-06-20 16:37:00,1543.34,CREDIT,Uber,Ludhiana,False
9530,11,2026-03-10 11:43:00,2304.48,DEBIT,Amazon,Mumbai,False
9531,81,2026-03-20 12:04:00,1750.6,CREDIT,Local Store,Delhi,False
9532,51,2026-04-14 10:10:00,4599.18,CREDIT,Local Store,Chandigarh,False
9533,27,2026-05-20 14:02:00,5458.46,DEBIT,Flipkart,Ludhiana,False
9534,53,2026-02-09 19:40:00,1379.51,CREDIT,Shell,Hyderabad,False
9535,11,2026-06-07 09:11:00,1201.73,DEBIT,Walmart,Pune,False
9536,74,2026-05-06 07:46:00,4907.96,DEBIT,Walmart,Delhi,False
9537,63,2026-04-12 16:53:00,2772.2,DEBIT,Amazon,Chandigarh,False
9538,7,2026-02-06 21:11:00,1017.57,DEBIT,Swiggy,Hyderabad,False
9539,24,2026-03-01 04:27:00,1103.33,CREDIT,Myntra,Hyderabad,False
9540,65,2026-03-28 23:32:00,4811.54,CREDIT,Netflix,Mumbai,False
9541,23,2026-05-31 09:16:00,2374.38,DEBIT,Shell,Mumbai,False
9542,39,2026-01-26 23:00:00,1755.61,DEBIT,Uber,Delhi,False
9543,6,2026-06-16 23:52:00,1647.49,DEBIT,Walmart,Bangalore,False
9544,55,2026-06-20 15:25:00,2756.89,DEBIT,Amazon,Delhi,False
9545,21,2026-04-04 00:54:00,3818.59,DEBIT,Flipkart,Bangalore,False
9546,11,2026-05-21 18:21:00,4201.98,DEBIT,Amazon,Chandigarh,False
9547,88,2026-05-24 04:55:00,1236.08,DEBIT,Flipkart,Mumbai,False
9548,71,2026-01-12 11:45:00,2130.97,DEBIT,Apple,Bangalore,False
9549,48,2026-05-03 04:21:00,1840.42,DEBIT,Local Store,Mumbai,False
9550,20,2026-02-03 00:00:00,54860.35,DEBIT,Apple,Chandigarh,True
9551,50,2026-06-14 11:43:00,3668.13,CREDIT,Apple,Pune,False
9552,15,2026-01-21 11:09:00,2404.74,DEBIT,Walmart,Ludhiana,False
9553,85,2026-05-18 19:57:00,4968.08,DEBIT,Shell,Chandigarh,False
9554,23,2026-04-13 03:44:00,964.42,DEBIT,Swiggy,Chandigarh,False
9555,68,2026-07-23 04:10:00,4790.11,DEBIT,Walmart,Hyderabad,False
9556,63,2026-01-30 08:02:00,3098.35,DEBIT,Swiggy,Chandigarh,False
9557,14,2026-03-24 06:28:00,1439.71,DEBIT,Swiggy,Hyderabad,False
9558,47,2026-02-04 23:18:00,3419.67,DEBIT,Swiggy,Pune,False
9559,54,2026-05-29 10:37:00,2209.88,DEBIT,Uber,Mumbai,False
9560,98,2026-01-15 00:38:00,4308.83,CREDIT,Shell,Chandigarh,False
9561,9,2026-05-13 08:22:00,4004.3,DEBIT,Amazon,Hyderabad,False
9562,74,2026-04-05 17:59:00,5330.27,CREDIT,Myntra,Ludhiana,False
9563,25,2026-01-03 07:05:00,4089.71,DEBIT,Shell,Mumbai,False
9564,34,2026-06-20 13:05:00,3568.14,DEBIT,Local Store,Pune,False
9565,39,2026-06-20 01:33:00,4308.71,DEBIT,Flipkart,Chandigarh,False
9566,55,2026-05-26 01:32:00,5135.28,DEBIT,Uber,Delhi,False
9567,29,2026-05-16 23:43:00,1680.96,DEBIT,Amazon,Delhi,False
9568,87,2026-05-21 00:27:00,4557.31,DEBIT,Walmart,Delhi,False
9569,98,2026-07-02 21:00:00,1486.36,CREDIT,Amazon,Ludhiana,False
9570,59,2026-01-13 08:09:00,898.12,DEBIT,Flipkart,Pune,False
9571,10,2026-01-23 12:08:00,2451.24,DEBIT,Local Store,Delhi,False
9572,35,2026-05-24 16:32:00,1364.05,DEBIT,Myntra,Hyderabad,False
9573,24,2026-02-17 00:02:00,4865.04,DEBIT,Amazon,Delhi,False
9574,72,2026-05-08 08:37:00,2779.13,DEBIT,Uber,Chandigarh,False
9575,30,2026-05-30 16:31:00,1024.99,DEBIT,Myntra,Mumbai,False
9576,24,2026-05-22 20:09:00,1271.6,DEBIT,Flipkart,Pune,False
9577,4,2026-02-04 22:18:00,4713.34,DEBIT,Local Store,Bangalore,False
9578,75,2026-03-09 23:57:00,4591.18,DEBIT,Uber,Mumbai,False
9579,34,2026-04-06 23:52:00,2906.57,CREDIT,Amazon,Pune,False
9580,96,2026-02-01 05:06:00,1873.88,CREDIT,Flipkart,Ludhiana,False
9581,81,2026-03-21 17:09:00,55649.07,DEBIT,Netflix,Delhi,True
9582,70,2026-07-24 04:27:00,2372.62,DEBIT,Uber,Bangalore,False
9583,44,2026-02-11 15:21:00,4063.73,CREDIT,Myntra,Mumbai,False
9584,36,2026-05-06 06:31:00,2323.2,DEBIT,Walmart,Ludhiana,False
9585,23,2026-06-14 12:36:00,596.34,DEBIT,Shell,Delhi,False
9586,68,2026-05-04 20:09:00,2064.7,DEBIT,Netflix,Ludhiana,False
9587,92,2026-01-22 15:57:00,2054.48,DEBIT,Flipkart,Chandigarh,False
9588,8,2026-07-27 01:28:00,3441.94,DEBIT,Flipkart,Ludhiana,False
9589,24,2026-06-24 13:44:00,2686.53,CREDIT,Local Store,Mumbai,False
9590,77,2026-06-06 17:26:00,541.26,DEBIT,Local Store,Pune,False
9591,79,2026-01-26 07:20:00,4109.1,CREDIT,Myntra,Mumbai,False
9592,11,2026-01-19 15:20:00,2179.69,DEBIT,Uber,Pune,False
9593,56,2026-06-22 22:59:00,3451.27,CREDIT,Uber,Hyderabad,False
9594,64,2026-04-17 11:38:00,795.38,DEBIT,Walmart,Delhi,False
9595,22,2026-03-17 04:25:00,2982.18,DEBIT,Uber,Delhi,False
9596,98,2026-02-01 13:12:00,4749.07,CREDIT,Apple,Pune,False
9597,29,2026-04-03 22:00:00,3691.26,CREDIT,Walmart,Hyderabad,False
9598,43,2026-02-02 21:50:00,3459.75,DEBIT,Walmart,Pune,False
9599,67,2026-03-25 20:55:00,3288.68,DEBIT,Local Store,Chandigarh,False
9600,19,2026-03-07 09:13:00,3924.0,DEBIT,Shell,Chandigarh,False
9601,60,2026-02-21 05:29:00,1306.0,DEBIT,Netflix,Ludhiana,False
9602,61,2026-01-09 04:36:00,2307.15,DEBIT,Local Store,Delhi,False
9603,2,2026-06-05 10:19:00,2406.9,DEBIT,Apple,Mumbai,False
9604,92,2026-01-13 12:59:00,2668.39,DEBIT,Local Store,Chandigarh,False
9605,68,2026-01-24 21:33:00,4470.49,CREDIT,Netflix,Ludhiana,False
9606,42,2026-03-24 04:56:00,4987.79,CREDIT,Walmart,Hyderabad,False
9607,92,2026-05-03 00:20:00,2282.3,DEBIT,Walmart,Hyderabad,False
9608,75,2026-03-04 01:23:00,1791.35,DEBIT,Netflix,Mumbai,False
9609,34,2026-05-13 00:08:00,1946.84,DEBIT,Flipkart,Delhi,False
9610,2,2026-02-07 15:46:00,3880.4,DEBIT,Myntra,Delhi,False
9611,1,2026-01-30 04:44:00,4052.14,DEBIT,Flipkart,Ludhiana,False
9612,81,2026-06-07 18:42:00,3344.23,CREDIT,Apple,Pune,False
9613,51,2026-05-04 07:41:00,2715.66,DEBIT,Apple,Chandigarh,False
9614,64,2026-07-06 04:53:00,4396.71,DEBIT,Shell,Delhi,False
9615,96,2026-04-11 06:12:00,2111.61,DEBIT,Myntra,Ludhiana,False
9616,11,2026-01-05 04:59:00,4428.23,DEBIT,Walmart,Hyderabad,False
9617,55,2026-06-24 21:15:00,1533.19,CREDIT,Apple,Hyderabad,False
9618,37,2026-03-15 09:00:00,2280.5,CREDIT,Walmart,Chandigarh,False
9619,72,2026-05-06 14:17:00,4252.66,CREDIT,Walmart,Chandigarh,False
9620,37,2026-01-07 21:04:00,1717.23,DEBIT,Myntra,Delhi,False
9621,81,2026-04-16 01:48:00,1681.56,DEBIT,Local Store,Hyderabad,False
9622,24,2026-06-05 00:25:00,1766.75,DEBIT,Walmart,Hyderabad,False
9623,79,2026-04-17 19:39:00,450.75,DEBIT,Uber,Bangalore,False
9624,21,2026-06-18 22:50:00,1754.59,DEBIT,Walmart,Ludhiana,False
9625,28,2026-06-27 12:47:00,666.63,CREDIT,Netflix,Pune,False
9626,75,2026-05-09 09:56:00,214.63,DEBIT,Netflix,Bangalore,False
9627,69,2026-03-17 21:47:00,2967.04,DEBIT,Flipkart,Pune,False
9628,78,2026-05-12 13:12:00,4419.58,DEBIT,Walmart,Mumbai,False
9629,25,2026-05-16 16:48:00,2243.81,DEBIT,Apple,Mumbai,False
9630,18,2026-07-26 10:09:00,1069.84,DEBIT,Netflix,Bangalore,False
9631,46,2026-06-30 20:56:00,807.3,CREDIT,Myntra,Chandigarh,False
9632,21,2026-07-24 20:29:00,3087.04,DEBIT,Myntra,Hyderabad,False
9633,16,2026-02-10 11:10:00,2234.02,DEBIT,Swiggy,Pune,False
9634,80,2026-05-10 08:08:00,2269.21,DEBIT,Flipkart,Pune,False
9635,28,2026-03-15 23:23:00,4434.96,DEBIT,Apple,Chandigarh,False
9636,56,2026-05-16 01:34:00,4166.64,DEBIT,Apple,Hyderabad,False
9637,40,2026-04-20 03:56:00,257.11,DEBIT,Uber,Bangalore,False
9638,28,2026-03-26 13:05:00,1702.93,DEBIT,Amazon,Hyderabad,False
9639,81,2026-07-16 22:28:00,5301.98,DEBIT,Myntra,Mumbai,False
9640,15,2026-03-10 20:19:00,3501.81,DEBIT,Amazon,Mumbai,False
9641,5,2026-05-05 07:34:00,4499.61,DEBIT,Myntra,Hyderabad,False
9642,22,2026-02-14 19:34:00,1381.3,DEBIT,Swiggy,Pune,False
9643,7,2026-03-30 19:19:00,877.81,DEBIT,Swiggy,Pune,False
9644,35,2026-05-02 02:32:00,4472.89,DEBIT,Shell,Delhi,False
9645,47,2026-06-29 20:33:00,5438.16,DEBIT,Myntra,Mumbai,False
9646,46,2026-07-06 15:06:00,800.5,CREDIT,Shell,Bangalore,False
9647,76,2026-07-11 15:34:00,2398.96,DEBIT,Flipkart,Bangalore,False
9648,53,2026-03-25 19:11:00,5397.36,CREDIT,Swiggy,Chandigarh,False
9649,85,2026-02-03 18:26:00,554.29,DEBIT,Myntra,Pune,False
9650,74,2026-02-08 10:53:00,2951.32,CREDIT,Walmart,Hyderabad,False
9651,72,2026-04-28 10:20:00,1165.53,DEBIT,Walmart,Delhi,False
9652,20,2026-05-09 00:32:00,2488.28,DEBIT,Shell,Delhi,False
9653,34,2026-05-02 04:16:00,3133.29,DEBIT,Swiggy,Mumbai,False
9654,32,2026-04-04 01:19:00,3710.39,DEBIT,Myntra,Ludhiana,False
9655,95,2026-05-03 14:34:00,5754.55,DEBIT,Apple,Mumbai,False
9656,34,2026-04-10 16:37:00,3843.96,DEBIT,Flipkart,Ludhiana,False
9657,20,2026-06-23 14:46:00,3162.44,CREDIT,Netflix,Mumbai,False
9658,29,2026-01-03 12:15:00,6969.5,DEBIT,Apple,Chandigarh,False
9659,13,2026-03-06 07:07:00,1269.07,DEBIT,Flipkart,Mumbai,False
9660,96,2026-02-14 00:12:00,4392.56,DEBIT,Uber,Pune,False
9661,68,2026-01-02 10:02:00,4592.67,DEBIT,Walmart,Delhi,False
9662,18,2026-06-27 17:06:00,2150.04,DEBIT,Shell,Delhi,False
9663,69,2026-06-01 11:58:00,2556.43,DEBIT,Swiggy,Pune,False
9664,31,2026-04-05 22:08:00,2289.01,DEBIT,Netflix,Pune,False
9665,85,2026-04-03 22:15:00,2707.32,DEBIT,Netflix,Bangalore,False
9666,31,2026-04-06 15:52:00,3170.42,DEBIT,Swiggy,Pune,False
9667,22,2026-05-28 06:56:00,834.35,DEBIT,Swiggy,Delhi,False
9668,8,2026-01-01 12:42:00,1718.25,DEBIT,Local Store,Delhi,False
9669,83,2026-05-15 06:33:00,1360.17,DEBIT,Walmart,Bangalore,False
9670,13,2026-04-19 05:33:00,3279.5,CREDIT,Amazon,Delhi,False
9671,40,2026-01-03 20:02:00,6949.95,DEBIT,Shell,Bangalore,False
9672,50,2026-04-10 01:57:00,3011.3,DEBIT,Local Store,Hyderabad,False
9673,41,2026-06-18 08:22:00,4488.63,CREDIT,Flipkart,Bangalore,False
9674,55,2026-02-28 09:56:00,2112.28,CREDIT,Netflix,Bangalore,False
9675,3,2026-01-10 13:47:00,941.38,DEBIT,Apple,Delhi,False
9676,81,2026-06-06 17:21:00,1074.63,DEBIT,Uber,Ludhiana,False
9677,92,2026-06-17 02:54:00,4371.97,DEBIT,Uber,Hyderabad,False
9678,24,2026-04-04 02:52:00,758.43,DEBIT,Uber,Mumbai,False
9679,4,2026-07-19 08:34:00,4020.31,CREDIT,Flipkart,Chandigarh,False
9680,59,2026-04-16 03:40:00,5629.96,DEBIT,Walmart,Pune,False
9681,92,2026-06-16 08:59:00,1323.65,DEBIT,Netflix,Bangalore,False
9682,64,2026-01-26 00:15:00,1001.96,DEBIT,Shell,Chandigarh,False
9683,60,2026-03-18 01:04:00,742.06,DEBIT,Flipkart,Mumbai,False
9684,42,2026-04-26 22:03:00,2927.06,CREDIT,Flipkart,Pune,False
9685,95,2026-04-17 03:16:00,2898.06,DEBIT,Netflix,Chandigarh,False
9686,7,2026-02-16 07:05:00,2129.93,DEBIT,Apple,Mumbai,False
9687,1,2026-01-12 20:40:00,3360.0,DEBIT,Swiggy,Hyderabad,False
9688,34,2026-04-19 15:33:00,3339.43,CREDIT,Apple,Pune,False
9689,20,2026-05-19 23:22:00,2424.71,DEBIT,Local Store,Mumbai,False
9690,32,2026-06-26 20:48:00,2580.09,DEBIT,Local Store,Pune,False
9691,7,2026-01-01 08:43:00,1530.4,DEBIT,Swiggy,Mumbai,False
9692,74,2026-04-09 20:50:00,1684.1,DEBIT,Flipkart,Delhi,False
9693,81,2026-05-22 14:52:00,1754.03,CREDIT,Flipkart,Mumbai,False
9694,62,2026-04-03 13:33:00,461.71,CREDIT,Myntra,Chandigarh,False
9695,93,2026-05-25 07:39:00,3571.55,CREDIT,Shell,Mumbai,False
9696,41,2026-07-11 10:54:00,832.89,DEBIT,Netflix,Bangalore,False
9697,40,2026-06-28 12:58:00,5484.88,DEBIT,Amazon,Delhi,False
9698,36,2026-05-04 15:08:00,1578.81,CREDIT,Amazon,Mumbai,False
9699,81,2026-01-13 22:14:00,1099.75,DEBIT,Uber,Delhi,False
9700,16,2026-07-27 17:50:00,559.03,DEBIT,Shell,Delhi,False
9701,81,2026-05-24 16:13:00,4418.98,DEBIT,Flipkart,Mumbai,False
9702,40,2026-06-04 00:06:00,2940.86,DEBIT,Swiggy,Hyderabad,False
9703,56,2026-01-20 14:39:00,5111.55,DEBIT,Flipkart,Pune,False
9704,42,2026-01-15 12:51:00,3592.57,CREDIT,Apple,Bangalore,False
9705,44,2026-03-12 05:58:00,4570.48,CREDIT,Walmart,Ludhiana,False
9706,81,2026-02-26 15:01:00,9581.25,DEBIT,Walmart,Pune,False
9707,6,2026-07-17 14:13:00,4429.72,DEBIT,Myntra,Chandigarh,False
9708,25,2026-07-19 13:35:00,6711.25,CREDIT,Amazon,Delhi,False
9709,58,2026-07-08 01:25:00,4082.0,CREDIT,Walmart,Hyderabad,False
9710,74,2026-06-14 21:22:00,2479.72,DEBIT,Amazon,Pune,False
9711,54,2026-03-14 19:01:00,5599.17,DEBIT,Netflix,Delhi,False
9712,56,2026-03-19 20:14:00,1733.63,DEBIT,Netflix,Ludhiana,False
9713,9,2026-01-17 05:37:00,1953.35,DEBIT,Walmart,Hyderabad,False
9714,35,2026-03-25 19:36:00,764.93,DEBIT,Apple,Chandigarh,False
9715,80,2026-04-13 15:06:00,2026.26,DEBIT,Netflix,Ludhiana,False
9716,41,2026-01-14 04:19:00,49603.67,DEBIT,Myntra,Chandigarh,True
9717,67,2026-05-15 05:54:00,610.2,DEBIT,Shell,Bangalore,False
9718,74,2026-02-01 15:08:00,47001.1,DEBIT,Apple,Bangalore,True
9719,29,2026-05-19 05:13:00,1021.82,DEBIT,Shell,Hyderabad,False
9720,52,2026-03-25 10:02:00,801.66,DEBIT,Shell,Bangalore,False
9721,42,2026-07-18 00:33:00,3415.98,DEBIT,Walmart,Hyderabad,False
9722,91,2026-05-18 05:24:00,4978.13,DEBIT,Walmart,Bangalore,False
9723,21,2026-06-30 00:47:00,1828.23,DEBIT,Myntra,Hyderabad,False
9724,91,2026-02-17 23:24:00,71620.32,DEBIT,Shell,Pune,True
9725,65,2026-04-11 07:39:00,608.89,CREDIT,Local Store,Delhi,False
9726,26,2026-06-23 12:17:00,4132.28,DEBIT,Apple,Hyderabad,False
9727,68,2026-06-29 00:09:00,3751.22,DEBIT,Flipkart,Pune,False
9728,28,2026-01-26 13:13:00,844.6,DEBIT,Amazon,Bangalore,False
9729,100,2026-03-23 13:16:00,1703.7,DEBIT,Netflix,Chandigarh,False
9730,26,2026-04-22 22:01:00,5804.78,DEBIT,Shell,Ludhiana,False
9731,78,2026-01-12 06:42:00,1160.83,CREDIT,Amazon,Mumbai,False
9732,33,2026-01-27 07:26:00,1499.59,CREDIT,Uber,Chandigarh,False
9733,60,2026-02-18 08:51:00,3565.35,CREDIT,Flipkart,Pune,False
9734,75,2026-07-18 01:53:00,2409.72,CREDIT,Myntra,Bangalore,False
9735,39,2026-03-05 14:06:00,1203.63,DEBIT,Walmart,Chandigarh,False
9736,95,2026-04-03 07:07:00,1566.11,CREDIT,Uber,Delhi,False
9737,91,2026-06-22 03:49:00,4575.61,DEBIT,Shell,Pune,False
9738,73,2026-03-15 18:15:00,4923.44,DEBIT,Swiggy,Chandigarh,False
9739,15,2026-07-03 09:35:00,1952.31,DEBIT,Local Store,Ludhiana,False
9740,83,2026-03-27 18:00:00,651.85,DEBIT,Shell,Pune,False
9741,17,2026-05-06 07:18:00,2308.07,DEBIT,Amazon,Ludhiana,False
9742,60,2026-03-13 06:07:00,1482.82,CREDIT,Amazon,Ludhiana,False
9743,67,2026-04-10 17:45:00,2907.38,DEBIT,Uber,Ludhiana,False
9744,70,2026-01-22 15:54:00,3297.7,DEBIT,Apple,Ludhiana,False
9745,58,2026-05-22 22:49:00,3404.51,DEBIT,Netflix,Hyderabad,False
9746,85,2026-04-04 18:01:00,2212.92,DEBIT,Local Store,Chandigarh,False
9747,44,2026-05-16 13:31:00,3055.65,DEBIT,Uber,Hyderabad,False
9748,22,2026-07-13 09:09:00,4125.83,CREDIT,Walmart,Bangalore,False
9749,97,2026-06-04 23:19:00,4024.5,DEBIT,Shell,Ludhiana,False
9750,53,2026-07-21 05:12:00,1966.6,DEBIT,Uber,Mumbai,False
9751,19,2026-04-30 16:01:00,1462.96,DEBIT,Uber,Mumbai,False
9752,42,2026-04-15 04:35:00,4000.72,DEBIT,Flipkart,Chandigarh,False
9753,3,2026-02-01 12:58:00,996.33,DEBIT,Netflix,Hyderabad,False
9754,21,2026-06-25 02:13:00,1856.21,DEBIT,Netflix,Delhi,False
9755,66,2026-05-11 09:05:00,1076.35,DEBIT,Myntra,Bangalore,False
9756,91,2026-05-17 04:55:00,2198.13,DEBIT,Walmart,Chandigarh,False
9757,98,2026-05-04 07:33:00,4799.88,DEBIT,Apple,Hyderabad,False
9758,65,2026-07-13 05:12:00,2132.07,DEBIT,Walmart,Hyderabad,False
9759,48,2026-05-09 13:55:00,4665.2,CREDIT,Flipkart,Pune,False
9760,87,2026-02-22 19:27:00,5197.03,CREDIT,Shell,Chandigarh,False
9761,33,2026-06-24 19:47:00,1230.42,CREDIT,Walmart,Bangalore,False
9762,62,2026-03-05 04:30:00,3381.08,DEBIT,Uber,Ludhiana,False
9763,89,2026-04-26 13:17:00,2894.59,DEBIT,Walmart,Chandigarh,False
9764,37,2026-02-05 20:33:00,6216.02,CREDIT,Shell,Pune,False
9765,2,2026-03-23 19:49:00,4001.71,DEBIT,Shell,Pune,False
9766,2,2026-02-28 01:45:00,3617.26,DEBIT,Amazon,Hyderabad,False
9767,60,2026-01-14 13:53:00,3550.28,DEBIT,Local Store,Chandigarh,False
9768,76,2026-04-30 20:05:00,3147.93,DEBIT,Local Store,Pune,False
9769,11,2026-07-10 13:29:00,2139.76,DEBIT,Myntra,Ludhiana,False
9770,95,2026-04-05 23:59:00,1113.66,DEBIT,Local Store,Pune,False
9771,16,2026-06-21 21:27:00,1772.76,DEBIT,Amazon,Pune,False
9772,74,2026-06-29 05:26:00,2932.94,DEBIT,Shell,Ludhiana,False
9773,43,2026-07-22 16:16:00,888.0,DEBIT,Flipkart,Mumbai,False
9774,84,2026-04-19 19:56:00,3020.77,DEBIT,Amazon,Delhi,False
9775,44,2026-01-07 14:22:00,4323.57,DEBIT,Swiggy,Ludhiana,False
9776,75,2026-07-17 18:42:00,4141.7,DEBIT,Shell,Pune,False
9777,12,2026-07-14 19:40:00,701.78,DEBIT,Myntra,Mumbai,False
9778,35,2026-04-27 15:32:00,1721.87,DEBIT,Walmart,Pune,False
9779,33,2026-02-06 10:56:00,2574.97,DEBIT,Swiggy,Ludhiana,False
9780,41,2026-02-04 04:09:00,2071.24,DEBIT,Netflix,Hyderabad,False
9781,94,2026-05-20 07:26:00,1969.66,DEBIT,Local Store,Ludhiana,False
9782,45,2026-05-09 14:19:00,3160.8,CREDIT,Myntra,Delhi,False
9783,6,2026-02-23 02:28:00,783.87,DEBIT,Uber,Pune,False
9784,35,2026-03-05 09:43:00,4209.24,CREDIT,Netflix,Ludhiana,False
9785,98,2026-01-17 02:34:00,3293.9,CREDIT,Netflix,Ludhiana,False
9786,15,2026-05-23 21:23:00,3927.81,DEBIT,Amazon,Bangalore,False
9787,1,2026-06-03 19:49:00,4192.66,DEBIT,Uber,Ludhiana,False
9788,21,2026-07-26 17:50:00,750.2,CREDIT,Flipkart,Mumbai,False
9789,57,2026-05-11 22:50:00,2463.02,DEBIT,Netflix,Mumbai,False
9790,92,2026-02-19 10:41:00,2546.75,DEBIT,Amazon,Chandigarh,False
9791,51,2026-05-13 11:04:00,3891.69,DEBIT,Local Store,Chandigarh,False
9792,28,2026-04-28 20:05:00,4370.21,DEBIT,Netflix,Chandigarh,False
9793,100,2026-07-04 10:50:00,2416.06,CREDIT,Shell,Mumbai,False
9794,1,2026-02-20 12:23:00,3542.33,DEBIT,Local Store,Bangalore,False
9795,67,2026-06-02 19:47:00,539.63,DEBIT,Myntra,Mumbai,False
9796,75,2026-01-31 16:47:00,2185.71,DEBIT,Local Store,Delhi,False
9797,55,2026-07-10 10:17:00,5129.66,DEBIT,Amazon,Delhi,False
9798,35,2026-01-01 13:25:00,3409.92,DEBIT,Uber,Pune,False
9799,94,2026-06-11 04:20:00,1782.89,CREDIT,Local Store,Hyderabad,False
9800,63,2026-06-10 07:43:00,464.95,DEBIT,Myntra,Delhi,False
9801,9,2026-04-08 09:19:00,2312.13,DEBIT,Apple,Mumbai,False
9802,12,2026-03-21 01:18:00,951.55,CREDIT,Uber,Delhi,False
9803,3,2026-01-13 19:47:00,5807.83,CREDIT,Amazon,Ludhiana,False
9804,24,2026-04-06 22:37:00,4964.85,DEBIT,Uber,Chandigarh,False
9805,4,2026-02-14 09:37:00,3586.34,CREDIT,Shell,Delhi,False
9806,31,2026-06-16 08:40:00,3949.04,DEBIT,Walmart,Bangalore,False
9807,70,2026-04-22 20:13:00,2720.13,CREDIT,Flipkart,Delhi,False
9808,71,2026-05-11 09:23:00,654.1,DEBIT,Local Store,Ludhiana,False
9809,91,2026-06-29 13:53:00,1791.66,DEBIT,Apple,Ludhiana,False
9810,71,2026-06-01 13:39:00,4389.84,CREDIT,Myntra,Bangalore,False
9811,70,2026-04-03 11:12:00,4786.52,DEBIT,Uber,Hyderabad,False
9812,43,2026-06-18 02:52:00,609.72,DEBIT,Walmart,Pune,False
9813,95,2026-07-18 03:32:00,3154.99,DEBIT,Shell,Hyderabad,False
9814,39,2026-05-29 06:33:00,4673.39,CREDIT,Swiggy,Hyderabad,False
9815,11,2026-01-14 18:16:00,4572.74,DEBIT,Walmart,Mumbai,False
9816,82,2026-02-11 18:12:00,1813.99,CREDIT,Shell,Delhi,False
9817,13,2026-01-09 08:45:00,4466.1,DEBIT,Local Store,Hyderabad,False
9818,52,2026-03-01 08:12:00,3512.79,CREDIT,Swiggy,Pune,False
9819,24,2026-02-26 23:17:00,676.77,DEBIT,Amazon,Chandigarh,False
9820,25,2026-01-13 15:51:00,726.98,DEBIT,Local Store,Mumbai,False
9821,36,2026-04-19 04:05:00,1817.16,CREDIT,Amazon,Pune,False
9822,45,2026-05-23 04:51:00,4962.85,CREDIT,Apple,Mumbai,False
9823,74,2026-04-11 21:08:00,4088.01,DEBIT,Myntra,Hyderabad,False
9824,18,2026-01-25 20:43:00,2502.83,DEBIT,Shell,Hyderabad,False
9825,72,2026-05-22 17:46:00,4714.09,DEBIT,Uber,Delhi,False
9826,27,2026-05-09 19:57:00,2812.22,CREDIT,Myntra,Delhi,False
9827,74,2026-02-23 22:41:00,2688.5,DEBIT,Walmart,Bangalore,False
9828,19,2026-01-10 00:09:00,3219.78,DEBIT,Myntra,Pune,False
9829,72,2026-04-24 17:50:00,5669.87,DEBIT,Local Store,Mumbai,False
9830,76,2026-07-08 10:59:00,277.37,DEBIT,Netflix,Hyderabad,False
9831,73,2026-04-07 11:35:00,954.44,DEBIT,Uber,Bangalore,False
9832,63,2026-04-19 06:00:00,841.83,DEBIT,Local Store,Mumbai,False
9833,17,2026-02-05 09:55:00,3785.65,CREDIT,Swiggy,Pune,False
9834,38,2026-07-02 09:42:00,903.29,DEBIT,Local Store,Bangalore,False
9835,21,2026-05-13 10:26:00,1625.63,CREDIT,Swiggy,Bangalore,False
9836,53,2026-06-25 03:49:00,6262.07,DEBIT,Walmart,Hyderabad,False
9837,65,2026-03-17 11:50:00,925.23,DEBIT,Netflix,Bangalore,False
9838,64,2026-06-23 18:13:00,2562.8,DEBIT,Local Store,Bangalore,False
9839,77,2026-05-18 21:00:00,3174.64,DEBIT,Swiggy,Chandigarh,False
9840,49,2026-04-04 01:14:00,1895.18,DEBIT,Local Store,Pune,False
9841,12,2026-04-12 08:06:00,1437.88,CREDIT,Amazon,Mumbai,False
9842,22,2026-02-10 06:29:00,1650.66,DEBIT,Swiggy,Pune,False
9843,33,2026-04-15 10:58:00,4004.71,DEBIT,Uber,Delhi,False
9844,40,2026-04-14 10:06:00,2590.69,DEBIT,Local Store,Ludhiana,False
9845,25,2026-07-02 20:22:00,1256.97,DEBIT,Walmart,Hyderabad,False
9846,80,2026-05-14 03:44:00,3230.16,DEBIT,Walmart,Hyderabad,False
9847,38,2026-03-24 14:40:00,3025.79,DEBIT,Myntra,Chandigarh,False
9848,46,2026-01-13 01:48:00,1588.58,DEBIT,Amazon,Bangalore,False
9849,59,2026-01-24 00:26:00,59366.15,DEBIT,Netflix,Ludhiana,True
9850,5,2026-01-22 10:48:00,5771.13,DEBIT,Netflix,Bangalore,False
9851,35,2026-04-11 05:05:00,4018.99,DEBIT,Amazon,Mumbai,False
9852,93,2026-03-05 19:25:00,4091.78,CREDIT,Uber,Pune,False
9853,6,2026-03-11 14:45:00,2418.16,DEBIT,Walmart,Mumbai,False
9854,97,2026-05-03 15:53:00,3190.04,DEBIT,Local Store,Bangalore,False
9855,74,2026-04-08 13:44:00,3932.66,CREDIT,Walmart,Ludhiana,False
9856,89,2026-05-04 02:06:00,2169.36,DEBIT,Flipkart,Hyderabad,False
9857,28,2026-06-21 06:22:00,2869.94,DEBIT,Amazon,Mumbai,False
9858,17,2026-02-25 00:47:00,3231.63,DEBIT,Flipkart,Mumbai,False
9859,69,2026-02-14 02:20:00,1658.6,CREDIT,Myntra,Ludhiana,False
9860,20,2026-05-04 00:53:00,4576.49,DEBIT,Walmart,Bangalore,False
9861,70,2026-05-29 16:49:00,1523.61,CREDIT,Shell,Chandigarh,False
9862,23,2026-03-27 09:28:00,2633.83,DEBIT,Myntra,Delhi,False
9863,23,2026-05-08 11:10:00,1175.99,CREDIT,Amazon,Hyderabad,False
9864,27,2026-05-25 15:25:00,3105.65,DEBIT,Myntra,Mumbai,False
9865,12,2026-01-28 03:00:00,1530.8,CREDIT,Uber,Bangalore,False
9866,26,2026-05-19 04:46:00,1776.57,DEBIT,Swiggy,Mumbai,False
9867,78,2026-03-06 22:18:00,1116.65,DEBIT,Walmart,Bangalore,False
9868,30,2026-04-04 21:17:00,4328.49,CREDIT,Amazon,Hyderabad,False
9869,50,2026-02-17 17:44:00,566.42,DEBIT,Amazon,Bangalore,False
9870,92,2026-07-23 02:53:00,4068.26,DEBIT,Apple,Bangalore,False
9871,58,2026-06-24 14:13:00,1755.5,DEBIT,Apple,Ludhiana,False
9872,14,2026-03-10 18:13:00,3814.16,CREDIT,Flipkart,Mumbai,False
9873,28,2026-01-23 22:35:00,4866.74,DEBIT,Myntra,Bangalore,False
9874,15,2026-06-13 05:49:00,3485.01,DEBIT,Flipkart,Chandigarh,False
9875,48,2026-03-28 22:18:00,2574.95,DEBIT,Shell,Chandigarh,False
9876,72,2026-05-17 18:59:00,4594.07,CREDIT,Walmart,Mumbai,False
9877,26,2026-01-01 18:36:00,3690.64,DEBIT,Flipkart,Delhi,False
9878,62,2026-01-23 12:20:00,2550.43,DEBIT,Myntra,Hyderabad,False
9879,17,2026-04-01 09:53:00,4139.59,DEBIT,Swiggy,Chandigarh,False
9880,52,2026-03-19 19:27:00,2233.46,DEBIT,Local Store,Pune,False
9881,52,2026-06-17 01:48:00,3510.08,DEBIT,Flipkart,Bangalore,False
9882,63,2026-03-08 02:41:00,462.94,DEBIT,Walmart,Bangalore,False
9883,26,2026-03-24 18:31:00,3044.87,DEBIT,Local Store,Bangalore,False
9884,21,2026-07-06 07:39:00,6191.58,CREDIT,Uber,Hyderabad,False
9885,69,2026-05-20 01:24:00,5250.52,DEBIT,Amazon,Bangalore,False
9886,7,2026-04-13 12:37:00,1496.43,DEBIT,Apple,Chandigarh,False
9887,60,2026-05-03 18:39:00,3534.14,DEBIT,Myntra,Ludhiana,False
9888,21,2026-02-26 12:40:00,3961.19,DEBIT,Apple,Hyderabad,False
9889,96,2026-05-28 19:08:00,2414.65,CREDIT,Shell,Ludhiana,False
9890,40,2026-03-23 03:49:00,2033.84,DEBIT,Local Store,Chandigarh,False
9891,4,2026-02-23 17:52:00,2627.61,DEBIT,Netflix,Ludhiana,False
9892,15,2026-06-21 05:10:00,3859.71,DEBIT,Shell,Pune,False
9893,85,2026-01-06 09:49:00,2309.82,DEBIT,Netflix,Pune,False
9894,16,2026-07-17 12:20:00,3941.13,CREDIT,Swiggy,Ludhiana,False
9895,50,2026-04-24 01:48:00,2415.32,DEBIT,Shell,Delhi,False
9896,81,2026-04-18 08:20:00,1693.08,DEBIT,Flipkart,Bangalore,False
9897,67,2026-05-07 13:32:00,5178.87,DEBIT,Local Store,Delhi,False
9898,82,2026-04-06 20:41:00,866.33,DEBIT,Walmart,Hyderabad,False
9899,93,2026-02-05 02:55:00,1354.09,DEBIT,Walmart,Ludhiana,False
9900,65,2026-01-16 18:58:00,6785.79,CREDIT,Walmart,Hyderabad,False
9901,33,2026-02-02 01:12:00,2250.12,CREDIT,Local Store,Hyderabad,False
9902,49,2026-05-09 11:31:00,696.07,DEBIT,Shell,Hyderabad,False
9903,70,2026-03-04 02:48:00,989.83,DEBIT,Myntra,Delhi,False
9904,82,2026-04-07 08:23:00,3448.84,CREDIT,Flipkart,Bangalore,False
9905,79,2026-07-25 20:41:00,7366.46,CREDIT,Flipkart,Delhi,False
9906,21,2026-06-23 19:35:00,907.61,CREDIT,Apple,Hyderabad,False
9907,82,2026-03-25 10:25:00,5591.11,CREDIT,Swiggy,Bangalore,False
9908,16,2026-07-24 17:06:00,33710.62,DEBIT,Swiggy,Hyderabad,True
9909,59,2026-03-01 09:02:00,867.01,CREDIT,Flipkart,Delhi,False
9910,49,2026-02-19 23:45:00,5764.85,DEBIT,Amazon,Mumbai,False
9911,48,2026-06-11 20:18:00,3176.01,CREDIT,Local Store,Pune,False
9912,43,2026-06-07 11:41:00,296.32,CREDIT,Uber,Pune,False
9913,34,2026-06-19 15:06:00,2136.59,DEBIT,Uber,Mumbai,False
9914,98,2026-07-26 21:54:00,2642.01,DEBIT,Local Store,Ludhiana,False
9915,67,2026-02-26 17:55:00,5035.3,CREDIT,Local Store,Chandigarh,False
9916,62,2026-07-20 17:53:00,3101.32,DEBIT,Apple,Bangalore,False
9917,72,2026-01-14 20:23:00,5839.7,DEBIT,Flipkart,Bangalore,False
9918,94,2026-06-14 15:10:00,3678.18,DEBIT,Uber,Hyderabad,False
9919,74,2026-07-25 01:34:00,703.22,CREDIT,Swiggy,Chandigarh,False
9920,31,2026-03-27 19:35:00,1269.13,DEBIT,Myntra,Delhi,False
9921,81,2026-01-28 01:02:00,2516.73,DEBIT,Myntra,Delhi,False
9922,78,2026-05-10 15:19:00,5698.64,DEBIT,Myntra,Hyderabad,False
9923,56,2026-05-24 01:57:00,1080.33,CREDIT,Swiggy,Mumbai,False
9924,10,2026-06-22 02:57:00,3833.81,DEBIT,Apple,Hyderabad,False
9925,72,2026-03-28 04:53:00,4042.54,DEBIT,Amazon,Mumbai,False
9926,53,2026-07-08 01:22:00,2713.47,CREDIT,Swiggy,Pune,False
9927,91,2026-06-16 03:54:00,575.01,CREDIT,Flipkart,Ludhiana,False
9928,34,2026-03-24 10:08:00,5486.31,DEBIT,Walmart,Ludhiana,False
9929,81,2026-07-07 05:28:00,2656.34,DEBIT,Myntra,Chandigarh,False
9930,94,2026-04-10 06:29:00,1257.8,DEBIT,Swiggy,Delhi,False
9931,2,2026-07-24 05:00:00,1605.44,DEBIT,Shell,Mumbai,False
9932,68,2026-05-16 19:29:00,2535.64,CREDIT,Walmart,Chandigarh,False
9933,12,2026-04-04 22:26:00,2991.97,DEBIT,Flipkart,Delhi,False
9934,3,2026-04-08 08:08:00,4545.26,DEBIT,Apple,Delhi,False
9935,89,2026-03-25 06:48:00,3565.88,DEBIT,Apple,Chandigarh,False
9936,14,2026-04-30 15:26:00,924.9,CREDIT,Flipkart,Mumbai,False
9937,34,2026-03-09 04:13:00,3849.15,DEBIT,Amazon,Delhi,False
9938,47,2026-01-11 22:49:00,1233.11,DEBIT,Shell,Pune,False
9939,30,2026-04-28 16:54:00,3289.31,DEBIT,Walmart,Bangalore,False
9940,17,2026-03-16 16:12:00,1267.36,CREDIT,Apple,Bangalore,False
9941,99,2026-06-24 20:23:00,841.61,DEBIT,Walmart,Pune,False
9942,28,2026-05-20 14:21:00,1898.18,CREDIT,Swiggy,Hyderabad,False
9943,60,2026-01-04 15:04:00,753.48,DEBIT,Swiggy,Delhi,False
9944,44,2026-06-02 20:03:00,2376.42,DEBIT,Apple,Delhi,False
9945,46,2026-01-09 00:12:00,788.84,DEBIT,Walmart,Pune,False
9946,38,2026-01-08 09:12:00,3615.25,DEBIT,Apple,Mumbai,False
9947,67,2026-02-06 20:47:00,6712.43,DEBIT,Myntra,Mumbai,False
9948,95,2026-02-09 17:37:00,813.21,DEBIT,Flipkart,Pune,False
9949,46,2026-04-05 20:22:00,1084.87,DEBIT,Walmart,Bangalore,False
9950,71,2026-06-01 00:38:00,5806.83,DEBIT,Shell,Ludhiana,False
9951,18,2026-03-05 12:47:00,3396.4,DEBIT,Myntra,Mumbai,False
9952,69,2026-05-30 06:26:00,1714.18,CREDIT,Shell,Ludhiana,False
9953,42,2026-04-08 17:06:00,2207.98,CREDIT,Flipkart,Hyderabad,False
9954,52,2026-06-09 20:42:00,2096.92,CREDIT,Amazon,Ludhiana,False
9955,28,2026-06-06 04:14:00,3505.25,DEBIT,Flipkart,Ludhiana,False
9956,14,2026-04-03 01:49:00,1051.61,DEBIT,Apple,Hyderabad,False
9957,83,2026-07-21 08:09:00,2909.29,DEBIT,Apple,Bangalore,False
9958,59,2026-04-02 04:26:00,3412.55,DEBIT,Local Store,Pune,False
9959,93,2026-06-24 21:02:00,900.19,DEBIT,Myntra,Delhi,False
9960,40,2026-01-12 12:16:00,1975.57,CREDIT,Uber,Ludhiana,False
9961,55,2026-05-29 18:17:00,608.5,DEBIT,Local Store,Delhi,False
9962,5,2026-07-19 02:16:00,2924.66,CREDIT,Local Store,Ludhiana,False
9963,13,2026-02-10 08:17:00,3664.65,DEBIT,Amazon,Bangalore,False
9964,59,2026-04-08 11:06:00,369.2,DEBIT,Apple,Pune,False
9965,33,2026-02-18 20:10:00,1834.75,CREDIT,Flipkart,Chandigarh,False
9966,61,2026-01-24 09:51:00,946.58,CREDIT,Local Store,Pune,False
9967,43,2026-02-18 00:10:00,860.4,DEBIT,Swiggy,Bangalore,False
9968,97,2026-01-26 19:08:00,2804.04,CREDIT,Swiggy,Bangalore,False
9969,46,2026-01-04 23:40:00,945.55,CREDIT,Amazon,Delhi,False
9970,69,2026-07-09 17:12:00,4276.17,DEBIT,Myntra,Pune,False
9971,54,2026-06-12 03:04:00,1934.38,DEBIT,Uber,Mumbai,False
9972,23,2026-06-06 10:02:00,2200.97,DEBIT,Local Store,Pune,False
9973,88,2026-04-15 14:49:00,1502.13,DEBIT,Shell,Ludhiana,False
9974,10,2026-06-29 05:21:00,3111.29,DEBIT,Netflix,Mumbai,False
9975,60,2026-01-15 20:19:00,3204.7,DEBIT,Netflix,Chandigarh,False
9976,61,2026-01-04 09:43:00,2074.78,DEBIT,Uber,Hyderabad,False
9977,41,2026-03-21 20:08:00,3953.43,DEBIT,Netflix,Bangalore,False
9978,70,2026-05-07 07:42:00,2404.64,DEBIT,Walmart,Pune,False
9979,38,2026-06-07 03:12:00,3236.08,DEBIT,Myntra,Mumbai,False
9980,30,2026-07-09 22:56:00,3183.04,CREDIT,Shell,Delhi,False
9981,14,2026-01-18 02:26:00,2539.83,CREDIT,Myntra,Chandigarh,False
9982,99,2026-05-13 08:08:00,3921.39,DEBIT,Flipkart,Ludhiana,False
9983,85,2026-02-22 11:08:00,2268.24,DEBIT,Flipkart,Mumbai,False
9984,89,2026-05-28 23:48:00,659.7,DEBIT,Myntra,Pune,False
9985,32,2026-01-11 23:02:00,937.92,DEBIT,Myntra,Hyderabad,False
9986,1,2026-03-20 04:09:00,1475.75,DEBIT,Myntra,Hyderabad,False
9987,17,2026-02-12 04:28:00,1833.06,CREDIT,Swiggy,Hyderabad,False
9988,95,2026-06-08 16:39:00,5107.24,CREDIT,Uber,Ludhiana,False
9989,50,2026-06-23 21:11:00,2586.03,DEBIT,Netflix,Bangalore,False
9990,22,2026-04-07 16:22:00,3517.24,CREDIT,Uber,Chandigarh,False
9991,70,2026-05-27 19:22:00,1802.21,CREDIT,Shell,Ludhiana,False
9992,74,2026-03-29 02:19:00,1612.97,DEBIT,Uber,Delhi,False
9993,80,2026-01-12 11:47:00,1010.42,DEBIT,Apple,Bangalore,False
9994,17,2026-03-18 12:55:00,591.02,DEBIT,Apple,Pune,False
9995,69,2026-04-14 02:45:00,2255.87,DEBIT,Apple,Chandigarh,False
9996,22,2026-04-23 14:04:00,2083.26,CREDIT,Apple,Delhi,False
9997,52,2026-05-21 18:03:00,6272.93,DEBIT,Apple,Hyderabad,False
9998,13,2026-03-22 08:58:00,3280.08,DEBIT,Netflix,Chandigarh,False
9999,76,2026-02-15 12:26:00,863.93,DEBIT,Walmart,Mumbai,False
10000,96,2026-05-24 16:33:00,4243.44,DEBIT,Amazon,Bangalore,False
